representation,layer,cap,group,n,shift_mean,shift_median,shift_p05,shift_p95,fraction_negative,fraction_positive,positive_contribution,negative_contribution,top_abs5_contribution,remainder_contribution,top_abs5_share,own_first10,own_next10,radius20_over10_median
finals,0,1,C,129.0,-0.7545394851132551,-0.4918476768914051,-19.352722053363234,16.111147449201066,0.5409560723514212,0.45904392764857876,3.6679966129391484,-4.4225360980524036,-0.991879348300829,0.23733986318757397,0.3356095824129829,0.0,0.0,1.031972307905969
finals,0,1,I,129.0,-1.054398147134345,1.59061068253335,-19.52838370701661,9.731283450357406,0.3905038759689923,0.6094961240310078,2.7435761908859644,-3.7979743380203095,-1.82352036991157,0.769122222777225,0.31992878190118007,0.0,0.0,1.0319380590638114
finals,0,3,C,278.0,-0.9326670421446984,-0.2227157038251755,-14.072891048891105,12.394811300367998,0.5163669064748201,0.4836330935251798,2.8833462053593673,-3.816013247504066,-0.8186476024063887,-0.1140194397383097,0.3360158711239126,0.02654376498800957,0.006363908872901709,1.0473079796130305
finals,0,3,I,278.0,-0.534124605683559,1.508814710602778,-16.90693713005591,9.635196349206678,0.34742206235011985,0.65257793764988,2.6967286227074037,-3.230853228390963,-1.4975560406398336,0.9634314349562748,0.31837733346224295,0.011594724220623518,0.007365107913669093,1.0351706802187943
finals,0,10,C,397.0,-0.7807095106919694,0.6996044041146033,-13.589005462818884,9.271637311211775,0.427350965575147,0.572649034424853,2.169779208007237,-2.950488718699206,-0.9323236966504452,0.15161418595847578,0.3308612778951345,0.06160159529806885,0.01035054575986555,1.0563074962995982
finals,0,10,I,397.0,-0.7715155183203144,1.1563640994684332,-17.244282729790022,9.456845435471843,0.37434928631402187,0.6256507136859782,2.4806986521180527,-3.252214170438367,-1.4496888768154785,0.678173358495164,0.3170014981331484,0.023480268681780037,0.015329554995801842,1.0425417421074792
finals,1,1,C,129.0,-1.4453865475486571,-0.05882259124296626,-20.555470547248493,20.738577457361806,0.49961240310077515,0.5003875968992249,4.470346814526591,-5.9157333620752475,-2.297054477492518,0.8516679299438614,0.38204504409066115,0.0,0.0,1.0289276792335396
finals,1,1,I,129.0,-0.22554219840158243,1.7959708934556207,-17.18474758904433,10.092555253886912,0.3549095607235142,0.6450904392764858,2.994230530903536,-3.219772729305119,-1.5140482297716875,1.2885060313701049,0.2977671641640437,0.0,0.0,1.0296624776920855
finals,1,3,C,278.0,-0.7371888338096374,-0.05476933347654321,-16.658566584414068,14.043964302871446,0.5028776978417266,0.49712230215827335,3.378113900925449,-4.115302734735086,-0.651751341243689,-0.08543749256594822,0.337983805904181,0.02581534772182256,0.007607913669064792,1.0489849966197553
finals,1,3,I,278.0,0.08275782618425928,1.6827779912981353,-14.65718894424689,9.986812825837479,0.3479916067146283,0.6520083932853716,2.8428608772618293,-2.7601030510775706,-1.175479828783884,1.2582376549681429,0.29417542031150745,0.011291966426858518,0.007700839328537217,1.0343520917283882
finals,1,10,C,397.0,-0.5501100034193415,0.7629230786035,-15.29483523045385,11.269826461076248,0.43348026868178013,0.56651973131822,2.5268738975415417,-3.076983900960883,-0.633234555766866,0.0831245523475245,0.27937439665818314,0.061807304785894294,0.010719983207388683,1.0601059878244585
finals,1,10,I,397.0,-0.08783282292846603,1.4519325275747752,-14.2457494270483,9.685930905098434,0.33717464315701096,0.6628253568429892,2.660331186245879,-2.7481640091743453,-1.206962364750578,1.119129541822112,0.3142567342859932,0.02281486146095717,0.016526028547439134,1.0409022548730495
finals,2,1,C,129.0,-2.442619269203507,-0.427232497704735,-21.976527511132037,16.671449222233726,0.546124031007752,0.4538759689922481,3.58749860431731,-6.030117873520817,-2.6288244646055645,0.18620519540205704,0.3930444692188861,0.0,0.0,1.0373301984383698
finals,2,1,I,129.0,0.03893100812005363,1.5802880824030876,-15.75158639024749,9.767712124144486,0.3543927648578811,0.6456072351421189,2.930215419143786,-2.8912844110237326,-1.266718568897955,1.3056495770180088,0.2925081402818529,0.0,0.0,1.0299963127695846
finals,2,3,C,278.0,-0.13265992867573234,0.30106581640548835,-13.34025852490942,13.470452718891226,0.46993405275779376,0.5300659472422063,3.1583589108967454,-3.291018839572478,-0.6483548143172594,0.5156948856415269,0.34230162005681236,0.024085731414868135,0.0072811750599521005,1.0491118265561594
finals,2,3,I,278.0,0.08556862092961873,1.727421345787826,-14.013458560160545,9.821956490470729,0.3536870503597122,0.6463129496402877,2.836119168837558,-2.75055054790794,-1.188254019755942,1.2738226406855608,0.3028882138038966,0.011378896882494025,0.007437050359712234,1.035325895086674
finals,2,10,C,397.0,-0.51145544772648,0.6365542364736322,-12.862255769104271,10.129019785658407,0.4339840470193116,0.5660159529806885,2.4244016829612707,-2.935857130687751,-0.8649108699176085,0.35345542219112847,0.327578154754666,0.05648194794290513,0.013975650713685967,1.062266897731585
finals,2,10,I,397.0,0.05951012869426006,1.5056269614095992,-13.244315952729009,9.3466924337855,0.3489504617968094,0.6510495382031908,2.6061996606401414,-2.5466895319458813,-1.1054035260796709,1.1649136547739307,0.3088440272291047,0.023484466834592745,0.013669185558354351,1.0410090164380252
finals,3,1,C,129.0,-5.214182249507857,-1.1297604345886485,-28.554355606685466,10.793986094526472,0.6075581395348838,0.39244186046511637,2.3642571587465167,-7.578439408254373,-4.189497345352383,-1.024684904155474,0.44176207064521694,0.0,0.0,1.0442365643253266
finals,3,1,I,129.0,-0.09361599870514546,1.4806255607432959,-16.10042912056793,9.37644675073338,0.34321705426356597,0.6567829457364343,2.8099065853543714,-2.903522584059517,-1.331774879983178,1.2381588812780322,0.2798962949114621,0.0,0.0,1.0297559867733415
finals,3,3,C,278.0,0.28824764645568485,0.5118833664019741,-14.66737848649481,12.911067743567225,0.4549760191846523,0.5450239808153478,3.588136833361707,-3.299889186906022,-0.3007282726826312,0.588975919138316,0.36712782372397973,0.02252697841726616,0.008237410071942492,1.049364604176198
finals,3,3,I,278.0,-0.0699715034655861,1.7151247665976064,-14.107072526530706,9.44199970460458,0.3616906474820144,0.6383093525179856,2.774320443834235,-2.8442919472998214,-1.27641517889208,1.206443675426494,0.29634438552318787,0.011402877697841735,0.008060551558752993,1.0338262534223204
finals,3,10,C,397.0,-0.2732162351999647,0.7971487658613303,-14.921428415320912,10.149223112508878,0.4165197313182201,0.58348026868178,2.6219706930564164,-2.895186928256381,-0.5824074402465457,0.3091912050465811,0.33137400119076177,0.0503484466834593,0.01578715365239301,1.0632682418864838
finals,3,10,I,397.0,-0.2746021288238488,1.4921091252442549,-14.014557109090472,9.028596827896594,0.3665617128463477,0.6334382871536525,2.5441839470111787,-2.8187860758350274,-1.3039033552513848,1.029301226427536,0.3083509646110899,0.023329135180520592,0.0137426532325777,1.0381056891584504
finals,4,1,C,129.0,-4.61811327164273,-1.3758534918993028,-22.95050277575335,11.157820864208714,0.6174418604651163,0.3825581395348837,2.2206936061251445,-6.838806877767874,-3.2751312696575976,-1.3429820019851322,0.4004349507958349,0.0,0.0,1.046605583416808
finals,4,1,I,129.0,-0.17351379056370841,1.481483467954537,-15.516004303264621,9.070346698939034,0.34263565891472864,0.6573643410852714,2.7078805599280296,-2.881394350491738,-1.2843315986299115,1.110817808066203,0.2765289394741527,0.0,0.0,1.030137479782085
finals,4,3,C,278.0,0.17046861351441603,0.6967865834116935,-13.297980047521268,13.818677747461974,0.4351019184652279,0.5648980815347723,3.2355754043866654,-3.065106790872249,-0.46781270971418176,0.6382813232285977,0.3186569214380891,0.02234112709832136,0.009181654676259058,1.0483539352641398
finals,4,3,I,278.0,-0.06811977282161986,1.5788722370394899,-14.081469355377335,9.021504324109692,0.3712529976019185,0.6287470023980816,2.6582305894531033,-2.726350362274723,-1.1321971607076355,1.0640773878860155,0.2696003820127008,0.01193645083932856,0.008096522781774676,1.033376296757729
finals,4,10,C,397.0,-0.025187548703220142,0.6669547439784659,-11.548446800407753,10.686477076953413,0.43455079764903454,0.5654492023509655,2.502627411943387,-2.5278149606466074,-0.41844466139517367,0.3932571126919535,0.3070325779738064,0.05155331654072211,0.013463476070528951,1.0649108286654656
finals,4,10,I,397.0,0.018244156897739176,1.5198419361536883,-12.909611991052673,9.05943035254723,0.3689966414777498,0.6310033585222502,2.592420600850396,-2.574176443952657,-1.027333652841276,1.0455778097390152,0.2780884048767271,0.023553736356003444,0.015094458438287177,1.0358796762774074
finals,5,1,C,129.0,-4.260748854547548,-1.6649824007528449,-21.9543657253131,10.481495667451538,0.6234496124031008,0.37655038759689924,2.039663703555475,-6.300412558103023,-2.7351726913982555,-1.5255761631492923,0.36671320188288553,0.0,0.0,1.0511779692383376
finals,5,1,I,129.0,-0.16951060673780144,1.4515765087667443,-15.320356123781698,8.83415515519533,0.34179586563307496,0.658204134366925,2.648653837240882,-2.8181644439786835,-1.208238066178143,1.0387274594403417,0.26796038742034506,0.0,0.0,1.0304484368107814
finals,5,3,C,278.0,-0.46144150749686996,0.3823849137431777,-14.988064231518997,13.508890795406108,0.4700539568345324,0.5299460431654677,2.978308294959641,-3.439749802456511,-0.8551232992603105,0.39368179176344054,0.3144745781311036,0.02328237410071942,0.007655875299760226,1.0479590372161893
finals,5,3,I,278.0,-0.2593863773815443,1.5025493943656374,-13.99110491539437,8.706594276395665,0.3775179856115108,0.6224820143884892,2.5871905522434604,-2.8465769296250043,-1.1942009135589366,0.9348145361773924,0.27230394537055325,0.012637889688249377,0.008465227817745826,1.0334070734858833
finals,5,10,C,397.0,-0.16679436879254725,0.6829231220415424,-14.44299698296131,10.640110400427565,0.4389168765743074,0.5610831234256927,2.4809214362407213,-2.6477158050332688,-0.5363786387514596,0.3695842699589124,0.2816367316300446,0.05324727120067174,0.015048278757346817,1.0644524277464193
finals,5,10,I,397.0,6.415788136934589e-05,1.5261506502300293,-12.766244812500826,8.688711043759907,0.3695004198152813,0.6304995801847187,2.5686678505595006,-2.5686036926781313,-0.947375581469639,0.9474397393510082,0.27157499136511765,0.025382031905961385,0.015354743912678452,1.0355772214635244
finals,6,1,C,129.0,-4.50432058664017,-1.7369239491360668,-20.167997429719524,8.915320935222448,0.6247416020671835,0.3752583979328166,1.807031618152305,-6.311352204792474,-2.9215884465154005,-1.582732140124769,0.3851478274143146,0.0,0.0,1.0519467740820903
finals,6,1,I,129.0,-0.280224960901533,1.4622143069515743,-15.43631031918507,8.445002889660616,0.34560723514211883,0.6543927648578812,2.580789585906944,-2.8610145468084776,-1.2703935986708814,0.9901686377693484,0.2759206146311387,0.0,0.0,1.0305905902148178
finals,6,3,C,278.0,-0.977716368745931,0.18676902625832004,-17.212208041831957,12.11686206536944,0.4851019184652278,0.5148980815347721,2.672597728417036,-3.6503140971629673,-1.2110759217914686,0.23335955304553746,0.31728857433969454,0.023405275779376518,0.008812949640287827,1.0486949281800197
finals,6,3,I,278.0,-0.2576770576817465,1.4661831787671589,-13.656054463770475,8.555055944236926,0.37886690647482013,0.6211330935251798,2.543463333767949,-2.8011403914496955,-1.1532777800762806,0.8956007223945343,0.26664076802738984,0.013339328537170285,0.0085761390887291,1.0333299878811668
finals,6,10,C,397.0,-0.5264738739190051,0.7563848929427768,-13.394867831637217,9.66928463264134,0.4241393786733838,0.5758606213266162,2.2793889416015225,-2.8058628155205274,-1.2400177406249333,0.7135438667059283,0.3503905804400101,0.054498320738874964,0.0164966414777499,1.0597612209584064
finals,6,10,I,397.0,-0.1462763806584632,1.5315263249191207,-12.91634261634606,8.408853506696563,0.3662678421494542,0.6337321578505458,2.5003460322393707,-2.646622412897834,-1.1105695596958376,0.9642931790373745,0.27775880989827273,0.027157850545759882,0.015965575146935425,1.0352793097513346
finals,7,1,C,129.0,-3.8088925967481617,-1.6445145282806632,-17.39298540380681,9.531610811976508,0.6215116279069767,0.3784883720930233,1.9266332403062563,-5.735525837054419,-2.360240417447515,-1.4486521793006473,0.36731802624606746,0.0,0.0,1.0549877482865204
finals,7,1,I,129.0,-0.25006222324259697,1.4666164151496928,-14.917304334493727,8.393244195083012,0.34961240310077524,0.6503875968992249,2.540322042751775,-2.7903842659943723,-1.1913354484092273,0.9412732251666305,0.2693402095066396,0.0,0.0,1.030325923816846
finals,7,3,C,278.0,-1.1986951974727853,0.020000757317059234,-16.13403016655928,9.653200883683184,0.4994604316546763,0.5005395683453238,2.329821611263521,-3.5285168087363066,-1.0279594447564524,-0.17073575271633318,0.3205942617646946,0.0246702637889688,0.008249400479616384,1.0504538624871311
finals,7,3,I,278.0,-0.36487948012717525,1.4051088221354955,-13.929719692668415,8.415696719340618,0.3819244604316547,0.6180755395683453,2.479793135181443,-2.844672615308618,-1.2113457194771535,0.8464662393499783,0.27006507263236296,0.01383992805755396,0.008570143884892141,1.033861344984041
finals,7,10,C,397.0,-1.131799087156442,0.502871556168109,-15.534928552283983,7.968813493245744,0.4349286314021832,0.5650713685978169,1.986188813112118,-3.1179879002685595,-1.5472350556789736,0.4154359685225314,0.3731568672754296,0.056870277078085604,0.01635810243492871,1.0594869057740302
finals,7,10,I,397.0,-0.09639248497276494,1.532439065736993,-12.745018315639957,8.309223453317173,0.36945843828715375,0.6305415617128464,2.4822018659241296,-2.5785943508968945,-1.071969476354773,0.9755769913820079,0.2703937779308384,0.028299748110831236,0.016402183039462736,1.0350291029219238
finals,8,1,C,129.0,-4.184729001827753,-1.7970460388374265,-18.331342843563103,8.500845677633631,0.6267441860465117,0.3732558139534884,1.7317477021246914,-5.916476703952444,-2.6280086503878946,-1.556720351439859,0.38224367210336535,0.0,0.0,1.058432380256337
finals,8,1,I,129.0,-0.30512551311171715,1.4181814373496402,-15.047348215235298,8.166291812133217,0.35684754521963824,0.6431524547803619,2.4832546427576787,-2.7883801558693957,-1.172295240489619,0.8671697273779019,0.2645369051536769,0.0,0.0,1.0294487440228275
finals,8,3,C,278.0,-1.4212546957330572,-0.012174866154000302,-14.010766394537162,8.890170723913311,0.5004796163069545,0.4995203836930455,2.214834256249305,-3.6360889519823627,-1.1921503756549052,-0.22910432007815193,0.34564938393469713,0.024838129496402926,0.007511990407673933,1.0503283909166463
finals,8,3,I,278.0,-0.33796700028187676,1.3973671572370425,-13.77228355108955,8.343509440987729,0.3837230215827338,0.6162769784172663,2.4707686598505756,-2.8087356601324527,-1.1616457229513697,0.8236787226694929,0.26306246808748035,0.014661270983213459,0.0081384892086331,1.0338139832143478
finals,8,10,C,397.0,-0.5546652668968923,0.5771435880927638,-10.15180391740371,7.82272160520201,0.4382451721242654,0.5617548278757347,1.8485025803103639,-2.403167847207256,-0.8567723703086475,0.3021071034117552,0.3221801744563223,0.05772670025188918,0.015827036104114234,1.0606458606152442
finals,8,10,I,397.0,-0.063343266026034,1.4819611217214843,-12.532148284742581,8.34140200915236,0.3716624685138539,0.6283375314861461,2.4654253481083868,-2.5287686141344206,-1.0240876217471309,0.9607443557210968,0.2657154838880127,0.030264483627204013,0.016156591099916066,1.0350417002935555
finals,9,1,C,129.0,-4.050052585034506,-1.9598580890944355,-18.182953343647004,8.282884669791914,0.6355943152454782,0.36440568475452195,1.6914268365601572,-5.741479421594663,-2.2192099427151573,-1.8308426423193496,0.3512701212803548,0.0,0.0,1.0591058426806712
finals,9,1,I,129.0,-0.37580669131554995,1.350085280978218,-14.42664435649845,8.148664856546056,0.3656976744186046,0.6343023255813953,2.4609372281808586,-2.836743919496408,-1.1907123870115024,0.8149056956959525,0.26759127799610316,0.0,0.0,1.0292380348108443
finals,9,3,C,278.0,-1.1648815005332207,-0.10846052126574773,-13.946665434868843,8.559635519229031,0.5087230215827337,0.4912769784172662,2.109573681452389,-3.2744551819856094,-0.7380896063120136,-0.4267918942212071,0.3024766222650405,0.025206834532374118,0.0064688249400479585,1.0505861226818216
finals,9,3,I,278.0,-0.2737098550617567,1.400116359725849,-13.744047515632632,8.330941017123962,0.3836630695443645,0.6163369304556354,2.4553483688662547,-2.729058223928012,-1.0989951188268494,0.8252852637650928,0.2568962823999303,0.014763189448441242,0.008258393285371741,1.0335615291186404
finals,9,10,C,397.0,-0.3827255939014975,0.7561548456550258,-8.873033719339116,7.984854530778735,0.4288413098236777,0.5711586901763224,1.9115346748166944,-2.2942602687181917,-0.5921715557950111,0.20944596189351367,0.30930577975554335,0.06052267002518888,0.012718303946263583,1.0551920695752475
finals,9,10,I,397.0,-0.014695414750000226,1.5061731107376013,-12.332273317538277,8.294856595643518,0.36780016792611253,0.6321998320738875,2.4648175957902003,-2.4795130105402006,-1.0030532294368348,0.9883578146868346,0.2634597658402403,0.030468094038622984,0.015690596137699443,1.0349330788608926
finals,10,1,C,129.0,-4.2072898898948115,-2.1645323914098284,-17.658559130401557,8.542773493048193,0.6464470284237727,0.35355297157622745,1.6405685488000943,-5.847858438694905,-2.353629714037271,-1.8536601758575404,0.3472133842238062,0.0,0.0,1.05745967693984
finals,10,1,I,129.0,-0.4443896189744,1.2585091124281689,-15.146114791277501,8.139114211289733,0.3687338501291989,0.6312661498708011,2.4209460116313304,-2.8653356306057303,-1.2098038539144396,0.7654142349400395,0.2646402837184799,0.0,0.0,1.0291022005360622
finals,10,3,C,278.0,-1.1566007523315343,-0.1562793245950457,-14.762689696826298,8.821015194313825,0.512589928057554,0.48741007194244607,2.1842320175946646,-3.340832769926199,-0.8430343569666306,-0.3135663953649035,0.29838967535120936,0.025827338129496377,0.006250000000000025,1.0503229990532748
finals,10,3,I,278.0,-0.2886962489383361,1.363238646174873,-13.826620520118233,8.266556668176209,0.38582134292565945,0.6141786570743406,2.4517878395334156,-2.740484088471752,-1.0946902791941278,0.8059940302557915,0.2586879674812127,0.014922062350119943,0.00871702637889694,1.0330748600438049
finals,10,10,C,397.0,-0.6579130540941901,0.6380408751112323,-11.637054433714106,8.236632988664915,0.44120486985726287,0.5587951301427372,1.9975042407482426,-2.655417294842432,-0.9088332408937816,0.2509201867995915,0.3219442642805968,0.06171704450041984,0.012982787573467642,1.0562532543749428
finals,10,10,I,397.0,-0.08679870628494034,1.4721103575962715,-12.636173897958146,8.260493400292221,0.37092779177162055,0.6290722082283796,2.458113330218713,-2.544912036503653,-1.0870313964130098,1.0002326901280694,0.2645503604414138,0.0313958858102435,0.015476490344248616,1.0343855147243552
finals,11,1,C,129.0,-4.047275638486555,-2.191856907976407,-16.463130070380252,8.758006060699014,0.6375322997416021,0.3624677002583979,1.7203046383278904,-5.767580276814445,-2.2282257972546513,-1.8190498412319036,0.35129583999628816,0.0,0.0,1.0560431315116043
finals,11,1,I,129.0,-0.4502749908308586,1.2658428214556905,-15.126851979373754,8.027439887007846,0.37183462532299744,0.6281653746770026,2.4071246258367385,-2.857399616667597,-1.1856508210109136,0.7353758301800551,0.25951380622827175,0.0,0.0,1.0286223500985074
finals,11,3,C,278.0,-1.2543316213197258,-0.3476592784976514,-14.96948839173329,9.091107276964681,0.5283573141486811,0.47164268585131897,2.184051503085606,-3.438383124405332,-0.7258258556852772,-0.5285057656344486,0.30435031003519925,0.02601618705035975,0.007338129496402926,1.0515026497441524
finals,11,3,I,278.0,-0.25739914722997775,1.3643066257068635,-13.597669227188865,8.346762985102012,0.38579136690647486,0.6142086330935252,2.460659693080783,-2.7180588403107606,-1.0921808771228083,0.8347817298928306,0.254986336084419,0.015365707434052769,0.009238609112709833,1.0327753652676217
finals,11,10,C,397.0,-0.7373549487131894,0.4268180030506798,-12.073593858182353,8.499165407155164,0.4541771620486987,0.5458228379513014,1.9061888081098928,-2.643543756823082,-0.7374689823613312,0.0001140336481417828,0.2901529373858157,0.0614588581024349,0.0138308144416457,1.0589559173454546
finals,11,10,I,397.0,0.00325172977237542,1.4656242498253038,-12.676825120785985,8.420256103731269,0.37027707808564236,0.6297229219143577,2.4938854725471336,-2.4906337427747576,-0.9905531805430797,0.9938049103154553,0.2561285953074002,0.03232577665827033,0.014890848026868209,1.0341640816261715
finals,12,1,C,129.0,-3.665975231095497,-2.2657783000773932,-16.658130565955677,8.324758304906558,0.6414082687338502,0.35859173126614985,1.6117209018143082,-5.2776961329098055,-1.850457226711367,-1.8155180043841301,0.309299869300211,0.0,0.0,1.0542953374890454
finals,12,1,I,129.0,-0.4593635883624779,1.2622224849426982,-14.875657301691621,8.20232529763323,0.3738372093023256,0.6261627906976746,2.4385153739247563,-2.8978789622872343,-1.2181580975946231,0.758794509232145,0.26270099834152916,0.0,0.0,1.0282365378576885
finals,12,3,C,278.0,-1.29049010884199,-0.4909344436037421,-13.287750611096723,8.315724171787405,0.5437050359712231,0.45629496402877706,1.973957708076657,-3.264447816918647,-0.6496462375644693,-0.6408438712775208,0.28728571389318336,0.02671163069544362,0.006693645083932909,1.0524900476380954
finals,12,3,I,278.0,-0.21992561337667846,1.3781747231491464,-13.508363761299446,8.371282229838902,0.3850719424460432,0.6149280575539569,2.481671966659766,-2.7015975800364442,-1.0767404199540305,0.8568148065773521,0.2546513872530145,0.015722422062350118,0.009532374100719443,1.0324394269709272
finals,12,10,C,397.0,-0.630944422136191,0.4207793291913971,-10.924778535604275,7.691538988359876,0.46303526448362725,0.5369647355163728,1.7651508484559897,-2.396095270592181,-0.5388487603988099,-0.09209566173738112,0.2737013526918289,0.06220612930310663,0.014865659109991576,1.0572948051878608
finals,12,10,I,397.0,0.0809709003560519,1.4484227973891988,-12.457488365639206,8.430785399177951,0.3731738035264484,0.6268261964735518,2.5163862392906586,-2.4354153389346065,-0.9085755769024224,0.9895464772584744,0.24905260153309847,0.03257556675062971,0.015812342569269576,1.033761683981824
finals,13,1,C,129.0,-3.470589537261178,-2.2818720657186913,-16.569713596766995,8.107326429142104,0.637984496124031,0.362015503875969,1.633619055922099,-5.1042085931832775,-1.6418015600409468,-1.8287879772202316,0.29323642570957664,0.0,0.0,1.0564899038395283
finals,13,1,I,129.0,-0.48790611830560165,1.3095665255730837,-14.969340229977487,8.281280325928108,0.3755813953488372,0.6244186046511628,2.473683712207956,-2.961589830513558,-1.2673586410704551,0.7794525227648536,0.2659363103913403,0.0,0.0,1.0279089703077657
finals,13,3,C,278.0,-0.9597747933990112,-0.4741303109335952,-11.854969530839051,8.170584700772691,0.5436750599520385,0.45632494004796165,1.8989824212205084,-2.8587572146195197,-0.4211868140110953,-0.5385879793879158,0.2534209649478428,0.026561750599520376,0.007356115107913692,1.0536194604132993
finals,13,3,I,278.0,-0.17184616178926784,1.4080098623715718,-13.491038133678106,8.405491535285513,0.38426258992805756,0.6157374100719424,2.506333036094257,-2.678179197883525,-1.0444514273226373,0.8726052655333694,0.25199987602639307,0.01605815347721822,0.00984412470023981,1.032169635395544
finals,13,10,C,397.0,-0.5563900423494222,0.37670123151395063,-11.671053777589151,7.049281744881524,0.450902602854744,0.5490973971452561,1.733107742514709,-2.2894977848641314,-0.5187819344254029,-0.03760810792401944,0.2521113642673864,0.06253148614609573,0.014695633921074777,1.0582283051779329
finals,13,10,I,397.0,0.1391532636397478,1.4435589467429506,-12.54648714040032,8.498396866129609,0.3720193115029387,0.6279806884970613,2.5406987946278297,-2.401545530988082,-0.8635185672799064,1.002671830919654,0.24619345300357773,0.03279806884970612,0.016347607052896725,1.033251007085211
finals,14,1,C,129.0,-3.2918968140701588,-2.2227254364998172,-16.016885935635187,7.981186186994844,0.6363695090439276,0.3636304909560724,1.589090770414375,-4.880987584484534,-1.4745048312570144,-1.8173919828131446,0.277274238445932,0.0,0.0,1.0594476908409276
finals,14,1,I,129.0,-0.4713095318524884,1.294988001554608,-14.912408247487734,8.169704170183566,0.3756459948320413,0.6243540051679587,2.4475680973491687,-2.918877629201657,-1.2586222037491477,0.7873126718966592,0.25965421814160405,0.0,0.0,1.027848693550281
finals,14,3,C,278.0,-1.1636030530710502,-0.5749387544135973,-12.249362477172182,7.967309974766092,0.5544064748201439,0.4455935251798561,1.8622119997681557,-3.0258150528392056,-0.5172413512183105,-0.6463617018527397,0.25993445748887695,0.027293165467625877,0.006193045563549184,1.0543382322547314
finals,14,3,I,278.0,-0.1826561098243529,1.4294785256649027,-13.509653329625628,8.28810288532006,0.3839928057553957,0.6160071942446044,2.479960598027895,-2.6626167078522482,-1.0542518453322471,0.8715957355078943,0.2478464149371683,0.01657374100719431,0.009940047961630692,1.0319176980029061
finals,14,10,C,397.0,-0.4479300172797576,0.3809912323488642,-10.535408711807712,7.7478048720870705,0.45264483627204033,0.5473551637279598,1.704130054182781,-2.1520600714625386,-0.40448873253451495,-0.04344128474524271,0.23892369729590418,0.06295969773299755,0.014777497900923675,1.057821214040308
finals,14,10,I,397.0,0.07335941779017592,1.3625021487961655,-12.235600680941454,8.203557981808885,0.3778757346767423,0.6221242653232578,2.441574900108613,-2.3682154823184374,-0.8693285112912683,0.9426879290814442,0.24087776000485048,0.034072208228379544,0.016807304785894275,1.0333436127954874
finals,15,1,C,129.0,-2.88680955803789,-2.1799396288743753,-14.796647363876179,7.937671131435253,0.6286821705426356,0.37131782945736436,1.6510312635418396,-4.53784082157973,-1.1016387025007686,-1.7851708555371215,0.2551539970760369,0.0,0.0,1.0588303124190381
finals,15,1,I,129.0,-0.42895341364068273,1.3737930935150517,-15.11914026103189,8.207820906475844,0.3710594315245478,0.6289405684754522,2.5026276330415125,-2.931581046682195,-1.2366387761545967,0.807685362513914,0.257163587253227,0.0,0.0,1.02734294882119
finals,15,3,C,278.0,-1.152819012178071,-0.510608322013831,-12.367050613486308,7.675341048238504,0.5449340527577938,0.45506594724220634,1.8230845171585084,-2.975903529336579,-0.5847621227855431,-0.5680568893925279,0.24995339246573517,0.028003597122302177,0.0059232613908872835,1.0552415993992017
finals,15,3,I,278.0,-0.2043135422644648,1.4232863128541848,-13.55646124021552,8.271195237394146,0.38866906474820145,0.6113309352517986,2.48624821578796,-2.690561758052425,-1.0591572080440435,0.8548436657795786,0.24521136294003157,0.017185251798561185,0.010131894484412542,1.0314491368159953
finals,15,10,C,397.0,-0.8063414003374685,0.29385728848469966,-11.979288680021849,8.146185834986596,0.4711376994122587,0.5288623005877413,1.6997914568343337,-2.506132857171802,-0.7587996001332058,-0.047541800204262824,0.2711461221472903,0.06508396305625527,0.012730898404701901,1.0591135128733629
finals,15,10,I,397.0,0.07673804674607893,1.3816346655779264,-12.259152044237315,8.204059630409587,0.3756507136859782,0.6243492863140219,2.4691660953710275,-2.3924280486249487,-0.8867317160622613,0.9634697628083403,0.24340341832914997,0.03443324937027708,0.01847607052896729,1.0328441508437718
finals,16,1,C,129.0,-3.0759373001730705,-2.2000924599612053,-15.855358767251058,7.74266576872111,0.6286821705426356,0.37131782945736436,1.594310986145124,-4.670248286318195,-1.304999516854886,-1.7709377833181845,0.2619083414669344,0.0,0.0,1.0590663236070703
finals,16,1,I,129.0,-0.4274237784867512,1.4115145590053781,-15.486899948429722,8.25896368304649,0.36841085271317825,0.6315891472868217,2.543908639959855,-2.971332418446606,-1.2837565474809725,0.8563327689942213,0.2567929606161693,0.0,0.0,1.0271908282918873
finals,16,3,C,278.0,-1.3661052408946932,-0.556049843119704,-13.00464898308882,7.422027162490409,0.5507494004796164,0.4492505995203837,1.683344205847151,-3.049449446741844,-0.7627004418082527,-0.6034047990864406,0.26050228163629213,0.028081534772182278,0.005752398081534784,1.0556880907021962
finals,16,3,I,278.0,-0.2200934461889005,1.4011720811906132,-14.036230636195352,8.365676164778078,0.38821942446043173,0.6117805755395683,2.507681666099851,-2.727775112288752,-1.1011413800085967,0.8810479338196963,0.24592326489305263,0.017194244604316553,0.010281774580335742,1.0311595562061109
finals,16,10,C,397.0,-0.6591516066537415,0.674023844987533,-10.555301772502947,7.43378037060479,0.4400503778337532,0.5599496221662469,1.7288384751253008,-2.3879900817790425,-0.7385547872503888,0.07940318059664735,0.25785692021732404,0.06552686817800167,0.012277497900923518,1.0598242374053823
finals,16,10,I,397.0,0.1347664800952016,1.4401514213692725,-12.325615241345188,8.373624123628552,0.373887489504618,0.6261125104953821,2.5169044813720176,-2.3821380012768163,-0.8763933932747732,1.0111598733699747,0.2403935615526124,0.034284214945424,0.01819479429051221,1.032315930503026
finals,17,1,C,129.0,-2.9393468368229154,-2.2278408719244664,-15.264022766737964,7.427981143220678,0.6290697674418605,0.37093023255813956,1.539826822743551,-4.479173659566467,-1.165851467517001,-1.7734953693059146,0.24249110391397452,0.0,0.0,1.0592863725306154
finals,17,1,I,129.0,-0.3945468918951386,1.3388072002856883,-14.969007067663556,8.362107779980546,0.37603359173126616,0.623966408268734,2.5268858888503747,-2.9214327807455134,-1.2185463005166666,0.8239994086215278,0.252052663986163,0.0,0.0,1.0273094422422089
finals,17,3,C,278.0,-1.4593460351553025,-0.7751083749307575,-12.677993990671782,7.381266367514134,0.5689448441247005,0.4310551558752998,1.6062171425283347,-3.065563177683637,-0.7385497470904127,-0.7207962880648897,0.25173163600738246,0.028261390887290187,0.0059982014388489085,1.0566402054401998
finals,17,3,I,278.0,-0.20396163060356842,1.4519101519134805,-13.887253167724916,8.369732890227228,0.3870803357314149,0.6129196642685851,2.5208598122500083,-2.7248214428535764,-1.1066363158387214,0.9026746852351529,0.24852579677479705,0.017592925659472416,0.010350719424460475,1.0309027488192894
finals,17,10,C,397.0,-0.6304946755970922,0.568215111144651,-10.487483104299603,7.735333425751788,0.4469353484466836,0.5530646515533165,1.7188018808719925,-2.3492965564690844,-0.7070782423663595,0.07658356676926742,0.2471096570245683,0.06633081444164562,0.012712006717044458,1.0584735935112861
finals,17,10,I,397.0,0.10616411759060547,1.4206167427250582,-12.537859431029279,8.318884204622446,0.3739924433249371,0.626007556675063,2.500847097688798,-2.3946829800981932,-0.912680271786265,1.0188443893768706,0.24005240694698465,0.03496221662468517,0.01873005877413941,1.032387227445138
finals,18,1,C,129.0,-2.916317576086521,-2.1515063592405634,-15.127605269379622,7.629905308690161,0.6244186046511628,0.3755813953488372,1.5274894820092098,-4.4438070580957305,-1.2179379088834954,-1.6983796672030256,0.24032925276553668,0.0,0.0,1.0582914237777814
finals,18,1,I,129.0,-0.4066678643423768,1.2946595865226045,-15.469795748339639,8.527577954101925,0.374031007751938,0.625968992248062,2.5446650144881153,-2.9513328788304922,-1.2323593975661922,0.8256915332238156,0.25233846830392215,0.0,0.0,1.0274221109615356
finals,18,3,C,278.0,-1.346626351986737,-0.6465397589036498,-12.685786173643068,7.444398042508123,0.563459232613909,0.4365407673860912,1.5953486594154351,-2.9419750114021723,-0.7281381600454364,-0.6184881919413008,0.24816253711142205,0.028324340527577985,0.0064508393285372,1.055986189958101
finals,18,3,I,278.0,-0.15610394410563963,1.4624444253610143,-13.822563940559792,8.399693317018732,0.3860611510791367,0.6139388489208634,2.5347689868467373,-2.6908729309523776,-1.1000412286885957,0.9439372845829561,0.250643467697105,0.01752098321342931,0.01021582733812956,1.0309473318034748
finals,18,10,C,397.0,-0.5833728481539947,0.5958473068535863,-11.707824122655174,7.672245406387441,0.4332283795130144,0.5667716204869857,1.6984230110180414,-2.281795859172036,-0.8620838271441185,0.27871097899012376,0.23002112734436336,0.06498530646515532,0.013490764063811876,1.0591376657111424
finals,18,10,I,397.0,0.08216349404580624,1.421089879801162,-12.6515290592678,8.32668074200991,0.370654911838791,0.629345088161209,2.5103538632226092,-2.4281903691768028,-0.9699296335009341,1.0520931275467404,0.2489089682819781,0.03456549118387913,0.01882871536523934,1.0324345952773326
finals,19,1,C,129.0,-3.0343983908531933,-2.2347989870258473,-15.36737789653979,6.996807132093823,0.6308139534883722,0.36918604651162784,1.4301677088998388,-4.464566099753032,-1.2542007185966115,-1.7801976722565818,0.24241157780783076,0.0,0.0,1.0595012769548964
finals,19,1,I,129.0,-0.4378689950727559,1.232733176994121,-15.138032169373718,8.30363971199557,0.379780361757106,0.6202196382428941,2.5120552932525912,-2.949924288325347,-1.2113479287119764,0.7734789336392206,0.24915312925318311,0.0,0.0,1.0276897382180175
finals,19,3,C,278.0,-1.4329162660407169,-0.7142981560284006,-12.835094862571996,7.764205551511461,0.5679556354916069,0.43204436450839334,1.6082568521157434,-3.04117311815646,-0.7743169542886809,-0.658599311752036,0.2474865375722907,0.028714028776978394,0.006199040767386108,1.0572071107955285
finals,19,3,I,278.0,-0.1451265680936747,1.4471546137960316,-13.822489702996224,8.49588102283079,0.38576139088729017,0.6142386091127098,2.551133647355683,-2.6962602154493576,-1.0795429308565183,0.9344163627628437,0.2476271601740748,0.017425059952038417,0.010083932853717042,1.0309282977008423
finals,19,10,C,397.0,-0.74693448937047,0.32064191119099866,-12.459067547647985,7.459534072059936,0.4614609571788414,0.5385390428211586,1.6797362827881401,-2.4266707721586096,-0.7549592004968361,0.0080247111263662,0.25018589868969265,0.0673026868178002,0.011929051217464275,1.059224148340746
finals,19,10,I,397.0,0.036530203026371125,1.4046395173048658,-12.635248376919035,8.30292705706709,0.3729009235936188,0.6270990764063813,2.495320625924791,-2.45879042289842,-0.9673716338425973,1.0039018368689683,0.2504529084578694,0.03400713685978168,0.019292611251049526,1.0324485203326417
finals,20,1,C,129.0,-2.9479130729470757,-2.2407401994316776,-15.58069832664673,7.383639131700012,0.6260981912144703,0.37390180878552975,1.5082203541833283,-4.456133427130404,-1.1465783206025517,-1.801334752344524,0.23601630156480968,0.0,0.0,1.058163272200976
finals,20,1,I,129.0,-0.4786560389059678,1.2519289950139867,-15.678433398846035,8.536299316319232,0.3795219638242894,0.6204780361757106,2.5405185090572213,-3.019174547963189,-1.2263733233587344,0.7477172844527665,0.25191329414799307,0.0,0.0,1.027697326473101
finals,20,3,C,278.0,-1.6928347651340583,-0.6862936663170475,-13.610764017415732,7.641782406548162,0.5658573141486811,0.434142685851319,1.6469618030321556,-3.339796568166214,-0.9564652996285578,-0.7363694655055006,0.2676210797081824,0.029388489208633076,0.006534772182254259,1.0574484918177898
finals,20,3,I,278.0,-0.17099700910003576,1.4512362192124797,-14.070606157638915,8.50867808695787,0.38642086330935255,0.6135791366906475,2.5637350038890316,-2.7347320129890678,-1.089736479042169,0.9187394699421332,0.24910226365292248,0.01739808153477217,0.010128896882493993,1.030877082074925
finals,20,10,C,397.0,-0.6971797319368028,0.3549144295261045,-11.092322711218511,7.393995479986189,0.45952980688497064,0.5404701931150294,1.6807198920057849,-2.3778996239425876,-0.6287840385499497,-0.06839569338685313,0.2461024765013451,0.06977120067170445,0.010929890848026784,1.0573846492862073
finals,20,10,I,397.0,0.07137148513337989,1.4034542125036031,-12.543105911044169,8.403887333089449,0.3758606213266163,0.6241393786733838,2.5002374657291284,-2.428865980595748,-0.9219991068201346,0.9933705919535146,0.2424373879676166,0.034370277078085675,0.0195885810243493,1.0323364960435915
finals,21,1,C,129.0,-3.0376808253446037,-2.2109604157812033,-15.296820679893914,7.095645688572156,0.6315245478036177,0.36847545219638245,1.4741847171691247,-4.511865542513729,-1.1877410084838258,-1.8499398168607781,0.24863879842155745,0.0,0.0,1.0566712178166022
finals,21,1,I,129.0,-0.6012736775792739,1.1305498817530661,-15.520213911489718,8.317533503597051,0.3921834625322997,0.6078165374677004,2.4691902996798545,-3.070463977259129,-1.2263609396067119,0.6250872620274383,0.25750681537286385,0.0,0.0,1.0278466996800713
finals,21,3,C,278.0,-1.5763652382144664,-0.6432356294081653,-13.10911377179824,7.448985911224527,0.5549760191846523,0.4450239808153478,1.6823066659934716,-3.2586719042079375,-0.7856396189571552,-0.7907256192573112,0.24906995550853214,0.029925059952038344,0.007431055155875351,1.0571247149111624
finals,21,3,I,278.0,-0.2337824702185525,1.402816445458058,-14.084807111856666,8.365512985368069,0.39223621103117506,0.607763788968825,2.521983007106229,-2.7557654773247813,-1.0810057744962023,0.8472233042776497,0.24274216531852255,0.01715527577937652,0.010155875299760142,1.030837482511729
finals,21,10,C,397.0,-0.9499553934009968,0.47024459107790195,-11.962509173857809,7.168551758432288,0.45205709487825363,0.5479429051217465,1.7059060451220711,-2.655861438523068,-0.8905800855691604,-0.05937530783183644,0.2528496103972147,0.06946683459277915,0.011853484466834584,1.057683231814806
finals,21,10,I,397.0,-0.0035305904445355227,1.348143997968233,-12.944474242660599,8.374668776776737,0.38362720403022676,0.6163727959697733,2.4845651361944743,-2.4880957266390094,-0.9070015258369204,0.9034709353923849,0.24420167429964776,0.03370906801007557,0.02056884970612927,1.0324964351741326
finals,22,1,C,129.0,-2.595728527215314,-1.9951674024240547,-14.191447638831852,7.4678411690870155,0.6166020671834626,0.38339793281653745,1.6184960761868272,-4.214224603402141,-0.9977341776776174,-1.5979943495376965,0.2402374436767949,0.0,0.0,1.0545519996378965
finals,22,1,I,129.0,-0.7449467019777585,1.113811958717445,-16.279675986147243,8.442494050429756,0.39444444444444443,0.6055555555555556,2.4767264684367514,-3.22167317041451,-1.357195588847903,0.6122488868701446,0.26307818984307335,0.0,0.0,1.0277805672648266
finals,22,3,C,278.0,-1.6644907368418644,-0.654161960688285,-13.709024175423473,7.263889483926622,0.5571342925659474,0.4428657074340528,1.6734892307544866,-3.3379799675963513,-0.8979286202892777,-0.766562116552587,0.2686340401559598,0.030059952038369333,0.007461031175059975,1.0563603752109314
finals,22,3,I,278.0,-0.29121612366397737,1.364577305315032,-14.383603327357086,8.413347149359781,0.39601318944844127,0.6039868105515588,2.522904171672495,-2.8141202953364726,-1.0955174279791033,0.804301304315126,0.24439863102654064,0.01666366906474825,0.0101918465227818,1.0307064349542185
finals,22,10,C,397.0,-1.022636601627922,0.37773418042883616,-11.883233585191741,7.240121033720425,0.47615449202350973,0.5238455079764903,1.6913000680032835,-2.7139366696312055,-0.8737964277009496,-0.14884017392697232,0.2594073095516408,0.06758396305625526,0.015075566750629743,1.0569043154130777
finals,22,10,I,397.0,0.022264966635453423,1.3725301562194907,-12.803053809889143,8.48003083583808,0.384487825356843,0.6155121746431571,2.5295551668565257,-2.5072902002210724,-0.882471497658726,0.9047364642941795,0.24169670523713574,0.03276238455079769,0.020188916876574276,1.0322298354990262
finals,23,1,C,129.0,-2.5102876991086998,-2.00482175364809,-13.731180371615446,7.517370723703495,0.6246770025839793,0.3753229974160207,1.5906894945481482,-4.100977193656848,-1.0228192573432617,-1.487468441765438,0.2281319189409325,0.0,0.0,1.0535236475620413
finals,23,1,I,129.0,-0.7447168446300367,1.1236119618112035,-16.00767084993486,8.696189475370227,0.39573643410852716,0.6042635658914729,2.5155788482509367,-3.260295692880973,-1.3741423631995204,0.6294255185694837,0.26590741546270746,0.0,0.0,1.0280481552153524
finals,23,3,C,278.0,-1.5201965909758035,-0.6337139250704849,-13.417317326046522,7.593579009360586,0.5600719424460433,0.4399280575539569,1.6445418724727192,-3.1647384634485225,-0.8379121512323559,-0.6822844397434478,0.24974718549089117,0.030065947242206185,0.007880695443645117,1.056671870904638
finals,23,3,I,278.0,-0.44684811160203536,1.301957425084963,-14.399869478728368,8.311188884298312,0.4053057553956835,0.5946942446043165,2.497918807787178,-2.9447669193892136,-1.0942867696655734,0.647438658063538,0.24300335796697764,0.016247002398081533,0.010308752997601943,1.030609952287866
finals,23,10,C,397.0,-1.013664940460278,0.12389756408003486,-12.639996416532107,6.6840578354979625,0.4901133501259446,0.5098866498740554,1.5659313774502346,-2.579596317910513,-0.7601339583509057,-0.2535309821093723,0.2187409310094621,0.06486565910999166,0.016544920235096686,1.0597323043427331
finals,23,10,I,397.0,-0.025270392498033357,1.3406855077583202,-12.94843033204764,8.494399829537928,0.389399664147775,0.6106003358522252,2.534648309488733,-2.5599187019867666,-0.8653828663872306,0.8401124738891972,0.2401901019931007,0.032090680100755685,0.018539042821158726,1.0320598114998822
finals,24,1,C,129.0,-2.46301685570945,-1.9402773520890164,-13.701682512100648,7.591747641467203,0.6127906976744186,0.38720930232558143,1.659656699195565,-4.122673554905015,-0.9922264333053092,-1.4707904224041408,0.22707151130685868,0.0,0.0,1.050797681559046
finals,24,1,I,129.0,-0.8727285962665491,1.1180455851162625,-17.265348928446265,8.91950072777549,0.40478036175710597,0.5952196382428941,2.5814731672269913,-3.4542017634935407,-1.3911782054270827,0.5184496091605337,0.25554369127708143,0.0,0.0,1.0276945196397937
finals,24,3,C,278.0,-1.3663569789566057,-0.4483561056168132,-13.303660886374002,7.302582668644684,0.543884892086331,0.4561151079136691,1.6281037122589668,-2.9944606912155725,-0.7491194531417968,-0.6172375258148087,0.24417240426145137,0.03113309352517985,0.0074760191846523,1.055285497481038
finals,24,3,I,278.0,-0.49302504739519076,1.2926167029495461,-15.15640161286122,8.59327084131998,0.4063249400479617,0.5936750599520385,2.5566504540828663,-3.049675501478057,-1.1520269509099124,0.6590019035147214,0.2451143659276556,0.01622302158273387,0.010017985611510774,1.0299595322543347
finals,24,10,C,397.0,-1.1731879168289427,0.25290157016521175,-13.326930438524164,6.249259782010125,0.47472712006717044,0.5252728799328296,1.4912729018256363,-2.6644608186545793,-1.0011208286970372,-0.17206708813190558,0.244391565820451,0.06678841309823674,0.01605373635600346,1.0578590623511792
finals,24,10,I,397.0,-0.04153410958194219,1.3591942179575986,-13.317647511798613,8.594987566838743,0.3909109991603695,0.6090890008396305,2.5661907360994696,-2.6077248456814113,-0.9003654030691463,0.8588312934872042,0.2408805711188662,0.030913098236775835,0.01906171284634762,1.0313091393985616
finals,25,1,C,129.0,-2.2609523369283893,-1.6946924363723521,-14.372845348805585,7.873896795209037,0.5996770025839794,0.40032299741602073,1.765694973518729,-4.026647310447118,-0.9292727325301237,-1.3316796043982657,0.23103005940387641,0.0,0.0,1.0481733075876714
finals,25,1,I,129.0,-1.0434203863386802,0.9964522573401892,-17.26056481795497,8.746328537745132,0.41608527131782946,0.5839147286821705,2.50104680908951,-3.5444671954281906,-1.401178194022934,0.357757807684254,0.2573095746350436,0.0,0.0,1.028406354663469
finals,25,3,C,278.0,-1.399898093936376,-0.2865752355122512,-12.283497715529718,7.687176131068472,0.5295563549160671,0.4704436450839328,1.6673838787607744,-3.0672819726971507,-1.006584733699052,-0.39331336023732416,0.27881908234634734,0.030887290167865736,0.007296163069544459,1.0551720250314716
finals,25,3,I,278.0,-0.6302045568622056,1.2055293552454416,-15.62682532675305,8.673584488768277,0.4148381294964029,0.5851618705035971,2.5415410616824756,-3.1717456185446813,-1.1866727130762162,0.5564681562140106,0.24473352750267002,0.01578537170263791,0.00980515587529976,1.0302082593720452
finals,25,10,C,397.0,-1.0037275684039533,0.21171772590902285,-10.338555141545985,6.119233174918424,0.4780016792611252,0.521998320738875,1.5768262586715713,-2.5805538270755246,-0.8782237050174556,-0.12550386338649777,0.2671768253119297,0.0681213266162888,0.0150818639798489,1.0568130147845982
finals,25,10,I,397.0,-0.2879347159186375,1.2175025704467533,-14.000059883770087,8.511207318558439,0.4026028547439127,0.5973971452560872,2.499926711170561,-2.7878614270891986,-1.0362713695642356,0.748336653645598,0.24849530427186528,0.030197313182199852,0.018058354324097418,1.0314426492908306
finals,26,1,C,129.0,-2.04047975444244,-1.175744993192068,-15.433503025790628,8.97434324115438,0.5666020671834625,0.4333979328165375,2.0898825897200064,-4.130362344162447,-1.004145379128311,-1.0363343753141292,0.23747307148573615,0.0,0.0,1.046152155373199
finals,26,1,I,129.0,-0.768109723327937,1.1888674037718063,-16.80895925925354,8.982758623805887,0.40122739018087855,0.5987726098191215,2.6274468073024733,-3.39555653063041,-1.345897675517691,0.577787952189754,0.2539930237385969,0.0,0.0,1.0278977410696337
finals,26,3,C,278.0,-1.2982452677009482,-0.22750686948200458,-13.202983662731553,7.833763663133422,0.5209532374100719,0.47904676258992807,1.7260626819897278,-3.0243079496906757,-0.9267031135699603,-0.37154215413098785,0.2544961385569026,0.03054256594724216,0.0076109112709832425,1.0537614606077326
finals,26,3,I,278.0,-0.5067288091456964,1.305297537425845,-15.299792185565202,8.806568256110642,0.4101618705035971,0.589838129496403,2.5904361522173267,-3.0971649613630228,-1.1501421874948545,0.6434133783491582,0.241247125847505,0.01557254196642686,0.010281774580335768,1.0300499021115255
finals,26,10,C,397.0,-0.7937400794262656,0.5490059339895017,-10.843696459175938,7.233136919997335,0.4569689336691856,0.5430310663308144,1.7876833432238155,-2.581423422650081,-0.8643295632027488,0.07058948377648347,0.2743998878818518,0.06846137699412261,0.015077665827036159,1.054481329488296
finals,26,10,I,397.0,-0.2209778066882704,1.272161290387504,-14.204365239024666,8.817275369569005,0.39964315701091524,0.6003568429890848,2.568772998178753,-2.789750804867024,-0.9648829694269849,0.7439051627387147,0.24270643822482427,0.029172963895885785,0.018253568429890878,1.0316504550699874
finals,27,1,C,129.0,-1.794461423263588,-1.3389828252255067,-16.405222736288504,9.893178868799719,0.5656330749354005,0.4343669250645995,2.3595421009196524,-4.15400352418324,-0.5775921863597414,-1.2168692369038467,0.24184130165323936,0.0,0.0,1.045735672582716
finals,27,1,I,129.0,-1.1979519311368017,0.9126178901632561,-17.39162320422067,8.62059854106275,0.4312015503875969,0.5687984496124032,2.4281778688041173,-3.626129799940919,-1.3892793435820994,0.19132741244529775,0.2546020953021824,0.0,0.0,1.0292226340018562
finals,27,3,C,278.0,-1.3634010694930156,-0.23439360678271798,-14.321556638358407,8.153225220226135,0.5241906474820144,0.4758093525179856,1.7837388445232532,-3.147139914016269,-1.0907003338157766,-0.272700735677239,0.24874357959175733,0.030359712230215843,0.00877697841726625,1.051530703710039
finals,27,3,I,278.0,-0.7706092736971506,1.0916362051399517,-15.706545617662194,8.756779106857776,0.4296462829736212,0.5703537170263788,2.5098063243489204,-3.2804155980460705,-1.1612165327230601,0.3906072590259096,0.23972665358773385,0.015218824940047976,0.009826139088729051,1.0303695655670142
finals,27,10,C,397.0,-1.0017955856759078,0.5161787131454557,-13.482833351027192,7.230456831415013,0.4560243492863141,0.5439756507136859,1.74555654146636,-2.747352127142268,-1.195819571087869,0.1940239854119611,0.26914927356727747,0.0681591099916037,0.014846767422334184,1.0539636110171067
finals,27,10,I,397.0,-0.38027015163331335,1.2282382364474478,-14.735360657729455,8.776764307133057,0.4080184718723762,0.5919815281276238,2.564666715969663,-2.944936867602976,-0.9779398527544958,0.5976697011211825,0.24774801751368358,0.02781066330814442,0.018012174643157026,1.0311145356341702
finals,28,1,C,129.0,-3.4169488794218186,-2.396835983544391,-12.699793776441089,3.2903594120863326,0.7335917312661501,0.2664082687338501,0.6009989753894917,-4.01794785481131,-1.21136778676577,-2.2055810926560486,0.27289320631890807,0.0,0.0,1.0986717565848823
finals,28,1,I,129.0,-4.054318635491319,-2.2519727415256012,-16.849372495906987,3.0921080967019,0.7121447028423773,0.28785529715762276,0.5967589198172557,-4.651077555308575,-1.4369828943949288,-2.6173357410963907,0.28042167248425265,0.0,0.0,1.068503131942305
finals,28,3,C,278.0,-2.2217549450267873,-1.1796688500599295,-12.803351124041454,4.855576795271006,0.6357014388489208,0.36429856115107917,0.9127440686114034,-3.134499013638191,-0.8592365409346965,-1.3625184040920908,0.24689813802290142,0.0253537170263789,0.006366906474820176,1.0811100241640175
finals,28,3,I,278.0,-3.5510566175862732,-1.847663153203573,-17.159428263678258,5.093487945949884,0.6593824940047962,0.34061750599520385,0.9582788532771757,-4.509335470863449,-1.3417770469689205,-2.2092795706173525,0.25733936605602525,0.011190047961630683,0.006744604316546767,1.0534899738567083
finals,28,10,C,397.0,-1.9579422575909762,-0.5497383281188541,-12.913366540579586,4.347732272789182,0.5639798488664988,0.43602015113350134,0.9892730359798111,-2.947215293570787,-0.9646878360780791,-0.9932544215128972,0.27611374006647016,0.05860621326616289,0.014941225860621358,1.0785339432938723
finals,28,10,I,397.0,-3.242991634336044,-1.501280584321155,-17.675413093421273,5.990079642179083,0.6133711167086483,0.3866288832913518,1.1958740472743254,-4.43886568161037,-1.4069426512156618,-1.8360489831203823,0.26491518462711,0.01863350125944585,0.01202350965575141,1.0478062081893658
finals,29,1,C,129.0,-3.028958539991356,-2.4454101565699187,-13.06951900290076,4.8427913539656,0.7025839793281655,0.29741602067183465,0.8972938896182038,-3.9262524296095593,-0.9992449215716079,-2.0297136184197475,0.2345672743470508,0.0,0.0,1.0723657193568163
finals,29,1,I,129.0,-3.4244534290321287,-1.5884607853843526,-16.808265295353273,4.395913736310387,0.6242894056847546,0.3757105943152455,0.9187301861336882,-4.343183615165817,-1.3360963587474335,-2.0883570702846956,0.2619521451220555,0.0,0.0,1.050063728276451
finals,29,3,C,278.0,-2.1190745109959055,-0.7509993093636705,-13.834741577031792,5.1732237598223225,0.5822541966426859,0.41774580335731415,1.0423199567814019,-3.161394467777307,-1.0241328377526044,-1.094941673243301,0.25338468817629317,0.025929256594724226,0.008672062350119967,1.0662606690246956
finals,29,3,I,278.0,-2.8143216314180264,-1.028309314151891,-17.287715379269432,5.729179588396089,0.5795263788968825,0.4204736211031176,1.3063491660665356,-4.120670797484562,-1.322059679284414,-1.4922619521336127,0.2599337189936479,0.011732613908872893,0.007380095923261458,1.042112936186026
finals,29,10,C,397.0,-1.920015205627208,-0.1238622330001148,-15.26540250686517,4.690110450917999,0.5158690176322419,0.4841309823677582,1.1366531193112928,-3.0566683249385003,-1.0877006257758557,-0.8323145798513525,0.28129765646440535,0.05793450881612087,0.015751469353484544,1.0658741428397855
finals,29,10,I,397.0,-2.4656322030374764,-0.5972174467793482,-16.907044517141298,6.202045882754135,0.5448362720403023,0.45516372795969773,1.4932737558694782,-3.9589059589069544,-1.354396191981628,-1.1112360110558481,0.2752543619543026,0.020463895885810202,0.012974391267842176,1.0397573052700715
finals,30,1,C,129.0,-3.744041004644997,-2.132163054106568,-17.125177132811483,4.471468773521546,0.678294573643411,0.32170542635658916,0.8774929754541874,-4.621533980099184,-1.4243720816565726,-2.3196689229884244,0.2785459522826939,0.0,0.0,1.0721182295850353
finals,30,1,I,129.0,-4.927127375256487,-2.5653846421180453,-21.122870339506914,4.346635821183536,0.6593023255813953,0.34069767441860466,0.8443775557758388,-5.771504931032325,-1.7486362987162196,-3.178491076540267,0.2642812280513258,0.0,0.0,1.0458789235394597
finals,30,3,C,278.0,-2.4114379616638884,-0.5659926346853629,-15.627135113934559,5.638516603994457,0.566037170263789,0.4339628297362111,1.2848345163311352,-3.6962724779950236,-1.110015315736921,-1.3014226459269673,0.290615539370249,0.026552757793765,0.005476618705036001,1.059514521278904
finals,30,3,I,278.0,-2.888169353945801,-0.5575067060767865,-19.433960372275383,6.398798870383973,0.534562350119904,0.465437649880096,1.5701979436011615,-4.458367297546962,-1.576798015925807,-1.3113713380199943,0.2694183240391642,0.013381294964028793,0.007793764988009642,1.0352786828814304
finals,30,10,C,397.0,-2.443717823845674,-0.6408965605784644,-15.267931358896325,5.649265487109787,0.5698992443324936,0.43010075566750644,1.2400435255177122,-3.683761349363386,-1.354570175435483,-1.0891476484101905,0.29899653214068994,0.056097816960537325,0.015004198152812802,1.0631436480472045
finals,30,10,I,397.0,-2.2856699074512092,0.18968783498285025,-18.69869884343684,6.996966716540446,0.4867548278757347,0.5132451721242653,1.8718332338755639,-4.157503141326773,-1.5573464963035557,-0.7283234111476534,0.2802083253238826,0.022793870696893384,0.014857262804366084,1.0334943827099625
finals,31,1,C,129.0,-4.193785032765281,-2.7417989081216914,-18.55063141334586,5.957853126482632,0.6660852713178295,0.33391472868217054,1.2361665768280414,-5.429951609593323,-1.7355974597521628,-2.4581875730131193,0.2892014762059961,0.0,0.0,1.050845334675603
finals,31,1,I,129.0,-3.234415120362927,-0.6934256829951557,-20.82638768508428,6.888598966607438,0.5438630490956072,0.45613695090439277,1.589099250047608,-4.823514370410535,-1.7980463503709978,-1.4363687699919296,0.28432849341125266,0.0,0.0,1.0348545383516565
finals,31,3,C,278.0,-1.5445510442615236,0.02506952506600801,-14.347225036339495,7.044399003307919,0.4964928057553956,0.5035071942446043,1.6565271374786061,-3.20107818174013,-1.093662658371719,-0.45088838588980445,0.26108426749654207,0.02972721822541965,0.008609112709832174,1.0469778011424848
finals,31,3,I,278.0,-1.456017702721533,0.5214747017304897,-17.435137455137724,8.402721111292701,0.46789568345323745,0.5321043165467626,2.2762635602153183,-3.732281262936851,-1.3593616911993651,-0.09665601152216799,0.2546617543139403,0.015929256594724227,0.008582134292565975,1.031417887552164
finals,31,10,C,397.0,-0.8525825032122598,0.48216452651294933,-14.960570931651437,7.61215278910586,0.4492863140218305,0.5507136859781696,1.794939383706875,-2.647521886919135,-0.972907076282258,0.12032457306999826,0.2733360185923539,0.06551847187237621,0.018154911838791025,1.0506437916573081
finals,31,10,I,397.0,-1.0482036293421184,0.9799412007187147,-16.779299018406633,8.589629791138348,0.43499160369437456,0.5650083963056255,2.431620431701762,-3.4798240610438804,-1.2132952409627882,0.16509161162066957,0.2541685537227013,0.029099496221662476,0.01644626364399671,1.0314366325671376
pre_last,0,1,C,129.0,-2.6336760138599766,-0.0026961895092409726,-20.03127621333603,8.418365839736403,0.49593023255813945,0.5040697674418605,1.88402519333052,-4.5177012071904965,-2.4208620847017213,-0.21281392915825578,0.4345979200804338,0.0,0.0,1.0698311518237305
pre_last,0,1,I,129.0,-2.550440244081036,0.6876224600652291,-19.75652773607677,7.02717634368763,0.4306847545219639,0.5693152454780361,1.8799298312423205,-4.4303700753233555,-1.824031387797246,-0.7264088562837896,0.3183469226919372,0.0,0.0,1.0630393901427182
pre_last,0,3,C,278.0,-0.8880852556262526,0.5850434978497171,-14.55564749683384,8.112136549196778,0.42200239808153484,0.5779976019184653,2.094640274585296,-2.9827255302115483,-0.9331412881089475,0.04505603248269483,0.32972041623674303,0.07094424460431653,0.004769184652278167,1.0661354282402131
pre_last,0,3,I,278.0,-1.7811905657563647,0.4931682477371886,-15.104408565620567,7.15557499184766,0.43983812949640294,0.5601618705035971,1.8653475139988467,-3.6465380797552114,-1.525700046885498,-0.25549051887086666,0.3398969848083574,0.024520383693045527,0.008123501199040777,1.0667130581051938
pre_last,0,10,C,397.0,-1.5342285376814404,1.099971457333813,-13.751490198716763,6.653635796757465,0.3521410579345087,0.6478589420654912,1.9114605902078923,-3.4456891278893327,-1.8720739740813825,0.337845436399942,0.443441508250142,0.17049538203190598,0.009330394626364367,1.0623865715468488
pre_last,0,10,I,397.0,-2.2747920207506898,-0.08054718401865066,-16.260563220816795,7.008219506810567,0.5056675062972292,0.4943324937027708,1.761241768710463,-4.036033789461153,-1.4865598942224112,-0.7882321265282783,0.31441368855147794,0.05020151133501262,0.015033585222502142,1.0778849154164685
pre_last,1,1,C,129.0,-1.917707333803278,0.2815442339273284,-17.157707116340298,6.538003966432657,0.4463824289405685,0.5536175710594315,1.5457441053756256,-3.4634514391789035,-1.7007198473713576,-0.21698748643192037,0.3865458026161809,0.0,0.0,1.0797874983100328
pre_last,1,1,I,129.0,-1.7067065950578082,0.8783275683694802,-15.769352129068334,6.533113137923136,0.4237080103359173,0.5762919896640828,1.8513480934246132,-3.558054688482421,-1.4003200944170253,-0.3063865006407829,0.29741282865544866,0.0,0.0,1.0573732976203225
pre_last,1,3,C,278.0,-1.5312981693067158,0.4028743774687368,-15.263462398855033,6.184419558884509,0.4292266187050359,0.5707733812949641,1.6937490051834436,-3.225047174490159,-1.16770197534492,-0.3635961939617957,0.3592135984578368,0.06577038369304555,0.0061061151079136585,1.0867199383542032
pre_last,1,3,I,278.0,-1.5080056752368578,0.5961470836200695,-13.726993730834893,6.3704397442091185,0.4341726618705036,0.5658273381294965,1.7175590025007201,-3.225564677737578,-1.4344669256017475,-0.07353874963510999,0.33447658306176636,0.02284472422062351,0.008237410071942475,1.07089113930239
pre_last,1,10,C,397.0,-1.4929789072596429,0.739770834954279,-15.186639295277661,5.83461644505863,0.38963056255247697,0.6103694374475231,1.7036343482879455,-3.1966132555475886,-1.4868883662115422,-0.006090541048100776,0.42021595378194176,0.16429261125104955,0.010734676742233301,1.0829190702874532
pre_last,1,10,I,397.0,-2.260374473641734,-0.3318083056513803,-15.044739064578609,6.499093704246027,0.5281066330814442,0.4718933669185559,1.583926377711713,-3.844300851353447,-1.5625915421389787,-0.6977829315027556,0.3265349916997057,0.047088581024349326,0.015715785054576034,1.089674274811343
pre_last,2,1,C,129.0,-1.6735654522022019,0.32437282501169745,-16.936461839656044,6.834482606555426,0.44386304909560725,0.5561369509043927,1.4565498011235714,-3.1301152533257732,-1.5447307504832204,-0.12883470171898168,0.36150414957098626,0.0,0.0,1.0826510427347198
pre_last,2,1,I,129.0,-1.5860949251264385,0.8076247329746208,-14.614585365898412,6.185223954608648,0.4324289405684755,0.5675710594315245,1.7578616270423872,-3.3439565521688257,-1.306326251435242,-0.27976867369119623,0.2880487424096396,0.0,0.0,1.0567140993965194
pre_last,2,3,C,278.0,-1.688905636216168,0.39992589117554816,-13.474437740662585,6.438481086544729,0.4304856115107914,0.5695143884892087,1.5610950139153752,-3.2500006501315437,-1.4039346088920488,-0.2849710273241192,0.3456734801865165,0.06413968824940051,0.0075509592326139,1.0862433477528632
pre_last,2,3,I,278.0,-1.260723607662432,0.6742198823311775,-13.16287565787454,6.189896671258224,0.42206235011990406,0.5779376498800961,1.6683168671675306,-2.9290404748299625,-1.3652299049050074,0.10450629724257537,0.333695746227667,0.022032374100719444,0.007904676258992818,1.0704378172994893
pre_last,2,10,C,397.0,-1.3093580209505755,0.5142055984353493,-13.212910561905614,5.763678636661429,0.4238455079764904,0.5761544920235097,1.508631965931354,-2.8179899868819294,-1.3031303230646516,-0.006227697885923816,0.38820147405842736,0.1614924433249371,0.01274769101595296,1.0901176446488816
pre_last,2,10,I,397.0,-1.8055394865605592,0.0476773194128756,-13.91448096852017,6.631992919956081,0.4964105793450882,0.5035894206549119,1.5780630583533397,-3.3836025449138987,-1.414194903183346,-0.3913445833772132,0.31968661148363975,0.04634550797649031,0.015747271200671768,1.0922043208556507
pre_last,3,1,C,129.0,-1.5494137263666452,0.1803004696650678,-15.243636903900105,7.559031573711028,0.46828165374677005,0.53171834625323,1.439724662467548,-2.9891383888341934,-1.3619545231776038,-0.18745920318904152,0.3442907379381341,0.0,0.0,1.0856743058773577
pre_last,3,1,I,129.0,-1.576475067517386,0.7491336989814085,-14.360565808992247,6.3790678753835985,0.4394702842377261,0.560529715762274,1.7418298591805672,-3.3183049266979534,-1.2717649249624416,-0.30471014255494416,0.27240869660014283,0.0,0.0,1.0574373901762708
pre_last,3,3,C,278.0,-1.2492640723563606,0.5217224685282866,-12.362710464470123,6.2298453954252455,0.4239208633093526,0.5760791366906476,1.5730468966644888,-2.822310969020849,-1.1209765019012645,-0.12828757045509606,0.3304526830394529,0.06278776978417268,0.00838729016786576,1.0797433516369197
pre_last,3,3,I,278.0,-1.0900479826322014,0.7299788616244409,-12.514842104638484,6.119685973867159,0.4218824940047962,0.5781175059952038,1.6534544878720572,-2.7435024705042586,-1.2478286261665918,0.15778064353439045,0.3183503064433711,0.022161270983213504,0.00799760191846525,1.0698114504037615
pre_last,3,10,C,397.0,-0.7865358033358665,0.5488980076499138,-10.40775661326437,5.668573593135466,0.4079974811083124,0.5920025188916876,1.5479430743196363,-2.334478877655503,-1.0235646952829798,0.23702889194711343,0.3566153613712565,0.16088790931989927,0.011826196473551608,1.087071325140972
pre_last,3,10,I,397.0,-1.5669875767240684,0.2286745627179574,-12.98848879100992,6.593168213670801,0.4760705289672545,0.5239294710327456,1.5706347016804019,-3.1376222784044705,-1.334320264613805,-0.23266731211026365,0.3168986409718338,0.04573677581863977,0.01633711167086485,1.0875269483879564
pre_last,4,1,C,129.0,-1.4651210381335042,0.061278876505258255,-14.371664656589548,7.631571232611005,0.4895348837209302,0.5104651162790698,1.419619729553447,-2.884740767686951,-1.1106185672139268,-0.3545024709195774,0.322699672834952,0.0,0.0,1.0874284035261426
pre_last,4,1,I,129.0,-1.555640072814716,0.570352437897447,-14.178206611285342,6.192463491558706,0.4448320413436692,0.5551679586563307,1.6848308139715287,-3.240470886786244,-1.1845128151316764,-0.3711272576830396,0.26144064780042864,0.0,0.0,1.059069932109254
pre_last,4,3,C,278.0,-0.992643200953061,0.5496805874355559,-12.369700601457405,6.160451808036636,0.4162470023980816,0.5837529976019185,1.6295071973712354,-2.622150398324296,-1.020402345128206,0.027759144175144978,0.3217309312335452,0.06169064748201444,0.008860911270983285,1.076816922540805
pre_last,4,3,I,278.0,-1.0044913921865786,0.698248853203337,-12.228336347646932,6.058454039645491,0.42634892086330933,0.5736510791366907,1.627412702489994,-2.6319040946765724,-1.145800356440877,0.14130896425429845,0.3061199679767281,0.0222901678657074,0.008210431654676317,1.0664486294957398
pre_last,4,10,C,397.0,-0.6255855471823697,0.6397889577211284,-10.912537986721919,5.571382310657995,0.40812342569269533,0.5918765743073047,1.5542000563001415,-2.1797856034825114,-0.8459223608278734,0.2203368136455037,0.3091541702329047,0.1574622166246851,0.017183039462636492,1.086112890919003
pre_last,4,10,I,397.0,-1.4344739565280542,0.19721514437331614,-12.597201659030521,6.372762133475204,0.47915617128463484,0.5208438287153653,1.5409606120732788,-2.9754345686013326,-1.2160276584733762,-0.21844629805467783,0.3054325452567932,0.04622795969773297,0.01618597816960545,1.0812305474462118
pre_last,5,1,C,129.0,-1.307200003847175,0.038509470787951125,-13.361437806409729,8.062370084245917,0.49231266149870806,0.507687338501292,1.4968494764263685,-2.804049480273543,-0.9023964347707206,-0.40480356907645443,0.28959662517397544,0.0,0.0,1.0804108785802038
pre_last,5,1,I,129.0,-1.4578766576836764,0.5253052611311249,-14.057244671669748,6.383158310327891,0.4450904392764858,0.5549095607235143,1.7226829845620206,-3.1805596422456968,-1.1097982091100362,-0.34807844857364,0.2526491974447342,0.0,0.0,1.0581964031685365
pre_last,5,3,C,278.0,-0.8852632133736418,0.6576293043037977,-12.987030871260124,6.574968099413827,0.4024880095923262,0.5975119904076739,1.6903955363585323,-2.5756587497321743,-1.0729460762088188,0.18768286283517704,0.3094203791305238,0.06312649880095925,0.0096492805755396,1.0711099846674204
pre_last,5,3,I,278.0,-0.7502191850278468,0.8524129893808665,-11.543123455691646,6.126124734453273,0.4160671462829736,0.5839328537170264,1.7017728062123263,-2.451991991240173,-0.9994603444734171,0.2492411594455703,0.28120804990114584,0.02287470023980809,0.008369304556354892,1.061127220217428
pre_last,5,10,C,397.0,-0.45726134176964056,0.7953974724530215,-11.203222334925954,6.005946678629625,0.3864189756507137,0.6135810243492863,1.6966799019071213,-2.1539412436767615,-0.8783186225952553,0.4210572808256147,0.33018787281807455,0.15983837111670868,0.017879932829555054,1.0742718141136425
pre_last,5,10,I,397.0,-1.1475222983283595,0.27041346334899863,-11.558228937282449,6.293575851223729,0.4735936188077246,0.5264063811922755,1.5478080725784962,-2.695330370906856,-1.0260603623498292,-0.12146193597853035,0.2786963539586757,0.04691015952980686,0.016431570109152003,1.0752972724848056
pre_last,6,1,C,129.0,-1.5039830287703373,-0.02404401603441388,-13.301543320679354,8.166414462894146,0.5036175710594315,0.4963824289405684,1.4364140301208377,-2.940397058891175,-1.0663092230729527,-0.4376738056973845,0.30920436400531487,0.0,0.0,1.0818499941035968
pre_last,6,1,I,129.0,-1.3106922944311066,0.5446520184459703,-13.457147262376575,6.639077973532122,0.44496124031007755,0.5550387596899226,1.7742210069893045,-3.084913301420411,-1.0667286323515746,-0.2439636620795317,0.2515750221621259,0.0,0.0,1.0559450753362614
pre_last,6,3,C,278.0,-0.7178489513615257,0.6263817920012646,-11.852627641054987,6.635451124318714,0.4093225419664269,0.5906774580335732,1.7029050867925115,-2.420754038154037,-0.9710251767454925,0.25317622538396684,0.2948878278286491,0.06421163069544365,0.009313549160671526,1.0730376160681716
pre_last,6,3,I,278.0,-0.6303535387544692,0.8136367921924749,-11.08857221552807,6.243944215618342,0.4216726618705036,0.5783273381294964,1.740708628341374,-2.371062167095843,-0.9156338249349734,0.2852802861805043,0.2670842476248873,0.02333633093525182,0.00860911270983215,1.0586625572085835
pre_last,6,10,C,397.0,-0.4024279855762959,0.7139516761621073,-10.190687805890697,6.328499885774179,0.3867968094038623,0.6132031905961377,1.6015796753661815,-2.0040076609424777,-0.9056953356195757,0.5032673500432798,0.3089893397966038,0.15924223341729637,0.01921914357682617,1.078861596494558
pre_last,6,10,I,397.0,-0.9563058627494624,0.3361792694503999,-11.070631696236712,6.014114133677562,0.47107472712006726,0.5289252728799327,1.5525464633899395,-2.508852326139402,-0.8630070304445837,-0.09329883230487862,0.2593106388742064,0.047638539042821136,0.017571368597817008,1.0698051698259312
pre_last,7,1,C,129.0,-1.6574272803464825,-0.0668009938479855,-13.227936391043606,7.87785887963704,0.5066537467700258,0.4933462532299741,1.432735965756414,-3.0901632461028967,-1.1657786745690057,-0.4916486057774767,0.31305223715837277,0.0,0.0,1.0794471785264306
pre_last,7,1,I,129.0,-1.4442992082240382,0.3824181494534392,-13.795213350925641,6.621310103954903,0.460077519379845,0.5399224806201551,1.7324713078579472,-3.1767705160819855,-1.090974854008914,-0.3533243542151242,0.24991313782072874,0.0,0.0,1.0557326124026245
pre_last,7,3,C,278.0,-0.5589731257097562,0.6729826381070614,-11.127005738415244,6.701297259366558,0.4018285371702639,0.5981714628297362,1.7034329438955078,-2.262406069605264,-0.9562767991555791,0.3973036734458228,0.29787325726626057,0.06697242206235016,0.01119004796163066,1.0684307561461037
pre_last,7,3,I,278.0,-0.6143169688178802,0.8031761881690973,-11.183775758199593,6.335372851735681,0.42377098321342926,0.5762290167865708,1.760920869140797,-2.375237837958677,-0.8968356014750231,0.2825186326571428,0.2610639496475247,0.0235791366906475,0.008639088729016817,1.0559649781232325
pre_last,7,10,C,397.0,-0.2238297191894398,0.7477911142595043,-8.38509307599845,6.638879647120092,0.37741393786733834,0.6225860621326617,1.6990036127602393,-1.922833331949679,-0.7473416016177507,0.5235118824283109,0.327377183272973,0.16595088161209065,0.015898404701931202,1.0772124066549371
pre_last,7,10,I,397.0,-1.0019948798855147,0.42306804579339224,-11.404736176840531,6.026676029973497,0.46330814441645685,0.5366918555835433,1.5751787417760048,-2.5771736216615198,-0.9381869368943787,-0.06380794299113603,0.26392816281708503,0.0483879093198992,0.01661418975650721,1.0656943291216525
pre_last,8,1,C,129.0,-1.5591594055711864,-0.01403491639552059,-13.569955410474412,7.546650997792005,0.4994186046511628,0.5005813953488372,1.4290069664538614,-2.9881663720250478,-1.156081339530311,-0.40307806604087537,0.3147863830403449,0.0,0.0,1.07570822569795
pre_last,8,1,I,129.0,-1.459374655415501,0.34126036876053184,-13.701781960782153,6.556754209132831,0.4695736434108527,0.5304263565891473,1.721387723883161,-3.1807623792986615,-1.0451630333452735,-0.4142116220702274,0.25542768280424355,0.0,0.0,1.0543490198274792
pre_last,8,3,C,278.0,-0.5440281122867425,0.6047556316523789,-11.538759304808588,6.712188277331259,0.4225719424460433,0.577428057553957,1.7190793910135165,-2.263107503300259,-0.9353588736410862,0.39133076135434364,0.28217103308176916,0.06815347721822546,0.01171462829736211,1.0704757717239797
pre_last,8,3,I,278.0,-0.6677551384665839,0.7186964027289644,-11.344782447942436,6.495844439824571,0.4329136690647483,0.5670863309352518,1.7852392755692736,-2.4529944140358575,-0.9290113905025897,0.2612562520360059,0.26255182612035477,0.023995803357314136,0.008684052757793808,1.0541601188213852
pre_last,8,10,C,397.0,-0.5156111634995569,0.7230488447634487,-10.48373644152283,6.971333827267295,0.3846347607052897,0.6153652392947104,1.623701109081803,-2.1393122725813596,-0.9888895171795845,0.47327835368002763,0.3270344513081161,0.1678694374475231,0.02037363560033582,1.078539306596486
pre_last,8,10,I,397.0,-0.9397397901105384,0.4343389130487659,-11.616084506246214,6.1523332391707175,0.46418975650713695,0.5358102434928631,1.6240906536940618,-2.5638304438046,-0.9255964488859757,-0.014143341224562742,0.25941095833931743,0.04921284634760704,0.016790512174643175,1.061916220646676
pre_last,9,1,C,129.0,-1.178097661230658,-0.02301324096066265,-12.233213472612457,7.711983899698544,0.49670542635658915,0.5032945736434108,1.4811610603449108,-2.6592587215755685,-0.8141886098952223,-0.3639090513354356,0.28573298071276987,0.0,0.0,1.0765293236720666
pre_last,9,1,I,129.0,-1.6709886052128182,0.11183692210841617,-13.996148570021374,6.552495897703484,0.48753229974160206,0.5124677002583979,1.6348830515017683,-3.3058716567145865,-1.1636730239626396,-0.5073155812501786,0.26295921493311275,0.0,0.0,1.0560578607314999
pre_last,9,3,C,278.0,-0.7539709755202038,0.478863158297456,-11.26243237510447,6.152174109609176,0.445173860911271,0.554826139088729,1.5719612103271137,-2.325932185847317,-1.0090710721961331,0.25510009667592937,0.2874813098479147,0.06853417266187058,0.01159172661870501,1.0701766941310609
pre_last,9,3,I,278.0,-0.699031710450539,0.6534671916975778,-11.537453719069026,6.4757067308607095,0.43962829736211034,0.5603717026378897,1.7737789182823298,-2.472810628732869,-0.9183100953552289,0.21927838490468984,0.25999775504349854,0.024031774580335733,0.008603117505995227,1.0536411104924874
pre_last,9,10,C,397.0,-0.4952106671317476,0.668479597894208,-9.95782094137127,6.013162433207218,0.40203610411418983,0.5979638958858102,1.4863611046730383,-1.9815717718047858,-0.8475069386180323,0.3522962714862847,0.29636978065248,0.16854953820319055,0.019271620486985684,1.0771404911520657
pre_last,9,10,I,397.0,-0.9220067102820033,0.43014966323383147,-11.52142046353416,6.146609783435489,0.4644206549118388,0.5355793450881612,1.6382030517975938,-2.560209762079597,-0.8951673683411662,-0.026839341940837157,0.2577034004715317,0.049120486985726304,0.01710957178841311,1.0604577331701142
pre_last,10,1,C,129.0,-1.382445332997626,-0.10548641362013204,-13.216351407902753,7.649566888104184,0.5102067183462532,0.4897932816537468,1.4555797699316504,-2.8380251029292767,-0.9802191405121774,-0.4022261924854486,0.2926497869943661,0.0,0.0,1.0746433485574505
pre_last,10,1,I,129.0,-1.769795356257012,0.0009735333061246317,-14.369535727496574,6.527124071530463,0.49780361757105945,0.5021963824289405,1.6136082330154733,-3.383403589272485,-1.1853233564821257,-0.5844719997748862,0.264186145140646,0.0,0.0,1.0555704495055618
pre_last,10,3,C,278.0,-0.5768483793435476,0.5625263950576276,-10.482828679127604,6.195499586942911,0.4306654676258993,0.5693345323741007,1.6314661988719563,-2.2083145782155045,-0.9110866213011455,0.3342382419575979,0.28412483023883556,0.06934952038369309,0.011903477218225393,1.068958059755897
pre_last,10,3,I,278.0,-0.756907315887587,0.6071911902021443,-11.862671799984295,6.464238223125334,0.44370503597122296,0.556294964028777,1.7900928630176078,-2.547000178905195,-0.9218492050685138,0.16494188918092664,0.2606427925937541,0.02439148681055159,0.0087260191846523,1.051869449720896
pre_last,10,10,C,397.0,-0.23387974732076508,0.6269814394169829,-9.065842917423518,5.823227520694135,0.39827875734676754,0.6017212426532326,1.5013024345467683,-1.7351821818675333,-0.6192442619150746,0.38536451459430954,0.2515653818016441,0.17139588581024348,0.019554995801847143,1.073172991626428
pre_last,10,10,I,397.0,-0.9283232921877943,0.44172701339617565,-11.766509492411746,6.288593440215446,0.46477749790092365,0.5352225020990764,1.6809975698350972,-2.6093208620228916,-0.9101365875259826,-0.01818670466181179,0.2595427543883738,0.04961796809403862,0.01832913518052063,1.0580040211661248
pre_last,11,1,C,129.0,-1.78637751765424,-0.25719575404965267,-14.971838075141006,7.873489942379072,0.5294573643410853,0.4705426356589147,1.4937787013285222,-3.280156218982762,-1.2350393547962748,-0.5513381628579651,0.3029737442276756,0.0,0.0,1.0749012687317578
pre_last,11,1,I,129.0,-1.8499417532813616,-0.04605983809259111,-14.70045225049304,6.819638702038673,0.5041989664082688,0.4958010335917312,1.6572671433221864,-3.507208896603548,-1.2907004325871858,-0.5592413206941759,0.266379130057207,0.0,0.0,1.0544045192331157
pre_last,11,3,C,278.0,-0.6753405072407198,0.542242531447189,-11.50958448807497,6.37007139558713,0.440437649880096,0.5595623501199042,1.6385019999871762,-2.313842507227896,-1.054805894450788,0.37946538721006834,0.2891201112114469,0.07180755395683451,0.009328537170263834,1.0648524917036126
pre_last,11,3,I,278.0,-0.8037011337621153,0.5731185205224685,-12.040730662673436,6.622562150555144,0.45029976019184653,0.5497002398081535,1.807018061643727,-2.610719195405842,-0.9703467739670546,0.1666456402049393,0.2575479489337033,0.0246792565947242,0.0086181055155876,1.0499334016462956
pre_last,11,10,C,397.0,-0.510631676606558,0.7310057006624038,-9.247859759557452,5.587048953202608,0.36891267842149456,0.6310873215785054,1.533672012016671,-2.044303688623229,-0.862005814034939,0.3513741374283811,0.3305166311074908,0.17445843828715363,0.016866078925272976,1.0712173244185992
pre_last,11,10,I,397.0,-0.8162046904093934,0.43514816183640204,-11.581458754374118,6.5223073615622935,0.4640428211586902,0.5359571788413098,1.744317169300624,-2.5605218597100174,-0.8175374140434811,0.0013327236340876017,0.2544315805406952,0.05042401343408897,0.017993282955499585,1.0552224026736015
pre_last,12,1,C,129.0,-2.000562951184077,-0.40190471768936964,-16.725861252022376,7.732443721382031,0.5463824289405684,0.4536175710594315,1.4549386229563601,-3.455501574140437,-1.2743935086000204,-0.7261694425840564,0.28851119415280974,0.0,0.0,1.0734741036077176
pre_last,12,1,I,129.0,-1.8334976504874236,-0.07916233865679694,-14.730537577932868,6.9391984290042235,0.5025193798449613,0.49748062015503874,1.6642576817475647,-3.4977553322349886,-1.2490180687004575,-0.584479581786966,0.2619212924401904,0.0,0.0,1.0538750977948992
pre_last,12,3,C,278.0,-0.45918064575498074,0.4827427804718926,-10.490123194051636,6.5793419638472495,0.4447541966426859,0.5552458033573142,1.6801725968306898,-2.13935324258567,-0.8525770748052115,0.3933964290502308,0.2660815776873261,0.07276678657074345,0.006627697841726592,1.061576540483997
pre_last,12,3,I,278.0,-0.8283310903736576,0.4962607613432898,-11.98608655564822,6.6517007321065815,0.45545563549160667,0.5445443645083934,1.7973855824604965,-2.625716672834154,-0.9536417260410514,0.1253106356673938,0.253888466865342,0.024880095923261337,0.008543165467625983,1.0492880228569497
pre_last,12,10,C,397.0,-0.04031296880230579,0.7229028609727631,-9.121245941070347,6.6833841674127505,0.35455499580184724,0.6454450041981529,1.653051677403682,-1.693364646205988,-0.5354468860243131,0.4951339172220074,0.2596310954884887,0.17500839630562542,0.016364399664147867,1.0713116458131922
pre_last,12,10,I,397.0,-0.9407020674104128,0.38107701609810446,-12.032354516765947,6.343813047196687,0.4684928631402184,0.5315071368597817,1.6870981545800559,-2.6278002219904684,-0.9217314290882904,-0.01897063832212237,0.25555448390725694,0.050829135180520554,0.017840050377833795,1.0543826614993446
pre_last,13,1,C,129.0,-2.168597232502809,-0.3920621423711115,-17.30724219753033,7.657962822763136,0.5483204134366926,0.45167958656330753,1.438230190474698,-3.606827422977507,-1.4045139837996676,-0.7640832487031411,0.3032143602201863,0.0,0.0,1.0718309218114006
pre_last,13,1,I,129.0,-1.8201586234383929,-0.09780678859265794,-14.796581648464096,6.992465239426311,0.502906976744186,0.4970930232558139,1.6695035318045541,-3.4896621552429465,-1.286510892936433,-0.5336477305019598,0.26327901935233505,0.0,0.0,1.0532196282290598
pre_last,13,3,C,278.0,-0.5651792759145295,0.4253759419156775,-11.246834763141544,6.664777915941546,0.45251798561151085,0.5474820143884893,1.7453359803901372,-2.3105152563046665,-0.9013676188726567,0.3361883429581273,0.2758355517171533,0.07381594724220625,0.005992206235012034,1.0604251389894104
pre_last,13,3,I,278.0,-0.9505426015973762,0.4558755954384992,-12.201658563551067,6.700587418267848,0.45932254196642686,0.5406774580335731,1.8048892651948376,-2.7554318667922137,-1.0593601038687448,0.10881750227136863,0.26685097766910437,0.025125899280575535,0.008654076738609158,1.0487148216933755
pre_last,13,10,C,397.0,-0.42550586110059957,0.6357654782772685,-9.81349762704491,5.9134277171356775,0.38064651553316536,0.6193534844668347,1.5207817175401421,-1.9462875786407414,-0.7988358040501503,0.37332994294955096,0.29031838740625837,0.17675062972292188,0.01667926112510506,1.0749729843633602
pre_last,13,10,I,397.0,-1.033160393291674,0.3084405269240779,-12.142200810093842,6.512706247573693,0.47336272040302274,0.5266372795969773,1.6994704074064466,-2.73263080069812,-1.038416202133827,0.005255808842152995,0.27032049794382734,0.05121746431570106,0.01841939546599496,1.0535252916518716
pre_last,14,1,C,129.0,-1.646678029740331,-0.20902561104639916,-14.98226057326638,8.050670987898645,0.5260335917312661,0.4739664082687339,1.5752041577494573,-3.2218821874897885,-1.137096125712286,-0.5095819040280448,0.29275898994487626,0.0,0.0,1.0716351572757392
pre_last,14,1,I,129.0,-1.7958685506727903,-0.106885426462372,-14.24881896151663,6.907113024415107,0.5040051679586564,0.4959948320413437,1.6491107981560256,-3.4449793488288156,-1.2562381822781712,-0.539630368394619,0.2694230001735813,0.0,0.0,1.0524502987262734
pre_last,14,3,C,278.0,-0.28506609970741803,0.5024794627082592,-10.186996930367066,6.678011931323969,0.4478417266187051,0.5521582733812951,1.7195697918976787,-2.0046358916050964,-0.6686013723706884,0.3835352726632704,0.24427327038885063,0.07464928057553963,0.005569544364508409,1.0608540940315296
pre_last,14,3,I,278.0,-1.0271548954443448,0.4105878653765336,-12.307738588032157,6.56325871422983,0.46226019184652284,0.5377398081534772,1.754066006873319,-2.7812209023176635,-1.0806518746964415,0.05349697925209673,0.26851028108258324,0.025419664268585124,0.008815947242206275,1.048719478071506
pre_last,14,10,C,397.0,-0.1674733481324064,0.6799358149272162,-9.212100762048154,5.857179764699936,0.373992443324937,0.626007556675063,1.511787583091092,-1.6792609312234985,-0.6807281245551684,0.5132547764227621,0.2551717546115521,0.1802770780856423,0.013736356003358525,1.0757529174124705
pre_last,14,10,I,397.0,-0.9821479919664023,0.2963577033230396,-11.883507514977794,6.294999742270477,0.4759235936188078,0.5240764063811922,1.6602043103620203,-2.642352302328423,-0.9735406266955774,-0.008607365270824952,0.26147358235712775,0.05172334172963897,0.018723761544920284,1.0528518206350361
pre_last,15,1,C,129.0,-1.4530154071492478,-0.3073700578741361,-13.566932136084029,7.987172570890896,0.5387596899224806,0.46124031007751937,1.4923673167105076,-2.9453827238597556,-0.9650626964509671,-0.4879527106982807,0.2786121549000125,0.0,0.0,1.0732255910916209
pre_last,15,1,I,129.0,-1.6986825955198022,-0.09463427686075161,-14.424137343429488,7.016440236823374,0.5040697674418605,0.4959302325581395,1.6560110640981247,-3.354693659617927,-1.2094018986872799,-0.48928069683252223,0.26415470337990077,0.0,0.0,1.0517124834515839
pre_last,15,3,C,278.0,-0.29862844543945766,0.5088759558665007,-10.575275273709572,6.904279216586133,0.4371402877697842,0.5628597122302159,1.687929362593784,-1.9865578080332413,-0.6805137951122017,0.38188534967274385,0.22878244050630786,0.07511091127098321,0.005341726618705009,1.061421850555657
pre_last,15,3,I,278.0,-0.869958295169538,0.486202505332296,-12.085272267647698,6.626125753386807,0.4539268585131894,0.5460731414868106,1.7791704028025868,-2.6491286979721247,-0.9979470654403494,0.12798877027081132,0.2628464248690757,0.025650479616306916,0.00870503597122305,1.0480860173619677
pre_last,15,10,C,397.0,-0.349423291695876,0.7415490424733733,-9.014605039355233,5.645539965202133,0.38335432409739717,0.6166456759026029,1.5284846617957273,-1.8779079534916034,-0.8196094469902481,0.47018615529437213,0.2976035601162884,0.18163308144416457,0.013444584382871551,1.0725785337441234
pre_last,15,10,I,397.0,-0.909545715038017,0.34862051215109047,-11.687021623954879,6.24954599716121,0.4717464315701092,0.5282535684298908,1.6589542096403491,-2.568499924678366,-0.9395130595911704,0.029967344553153426,0.257317229097347,0.05151763224181359,0.01937867338371117,1.0523726252396264
pre_last,16,1,C,129.0,-1.4018643754191171,-0.12154888448302613,-14.01864655766713,8.129668873941938,0.5143410852713177,0.48565891472868217,1.5204980621727513,-2.9223624375918686,-0.9243422823347305,-0.47752209308438676,0.2849897290845386,0.0,0.0,1.0735872904386121
pre_last,16,1,I,129.0,-1.5234402709577626,-0.03640356409317995,-13.993728328242334,6.9639603386478575,0.5031653746770026,0.49683462532299744,1.6320421588189933,-3.1554824297767556,-1.1179675140358012,-0.4054727569219614,0.26367015302667945,0.0,0.0,1.0513732515360534
pre_last,16,3,C,278.0,-0.4021122114941579,0.9847422003213429,-11.187934897645963,6.953150563154653,0.388369304556355,0.6116306954436451,1.8042781105276906,-2.2063903220218486,-0.9335655416046708,0.5314533301105129,0.27241823950752425,0.07556055155875302,0.004601318944844151,1.0628039993786664
pre_last,16,3,I,278.0,-0.8450931340259759,0.5394317451607046,-11.634459783234046,6.47370291407214,0.4457134292565948,0.5542865707434054,1.7464797700999606,-2.5915729041259365,-1.0513743032757763,0.20628116924980056,0.2775868011592051,0.024649280575539587,0.008926858513189518,1.0485519068827105
pre_last,16,10,C,397.0,-0.5092950123481637,0.9847330185570525,-12.043969668726055,5.908893003266725,0.34531905961376996,0.6546809403862301,1.6884119391874133,-2.1977069515355767,-1.02651785203841,0.5172228396902462,0.3174034970640717,0.18368807724601174,0.011792611251049459,1.073155449247878
pre_last,16,10,I,397.0,-0.7984780162545244,0.3832430520391179,-11.020963911629483,6.299010319770073,0.46500839630562557,0.5349916036943745,1.6535139810457378,-2.451991997300262,-0.8773563448613122,0.0788783286067877,0.2566509294081865,0.050188916876574334,0.01905541561712851,1.0530963250527785
pre_last,17,1,C,129.0,-1.3006767160518757,-0.08901728554699675,-13.49083333483453,7.904187946141046,0.5129198966408268,0.4870801033591731,1.4656819546547164,-2.7663586707065924,-0.9207828251991438,-0.379893890852732,0.2762956501204377,0.0,0.0,1.0762002419193335
pre_last,17,1,I,129.0,-1.4852171828052139,-0.03264741238978541,-13.903007071760953,6.862565786991074,0.5018733850129199,0.4981266149870801,1.610831171124995,-3.096048353930209,-1.1266694138379234,-0.35854776896729057,0.2671186692743422,0.0,0.0,1.0517445275226325
pre_last,17,3,C,278.0,-0.7237603603229534,0.9539089939131388,-10.818419569794665,6.910022002990621,0.37970623501199036,0.6202937649880096,1.8026464054378277,-2.526406765760781,-1.2015742707206074,0.47781391039765414,0.3303192539411707,0.07587230215827345,0.004328537170263775,1.0680311585258024
pre_last,17,3,I,278.0,-0.8035004305895121,0.5489239524238082,-11.483396623403571,6.401983406817353,0.4418165467625899,0.5581834532374101,1.7202505453228656,-2.5237509759123777,-1.0038240604409208,0.20032362985140859,0.2754359283194319,0.02464328537170261,0.00922961630695446,1.0491232092438627
pre_last,17,10,C,397.0,-0.7226579825641211,1.0050042342076349,-10.655431162958852,5.468309049924334,0.35505877413937875,0.6449412258606215,1.5951680900372653,-2.3178260726013864,-1.08304949023589,0.36039150767176914,0.33741334942042817,0.1858963056255248,0.011500839630562516,1.07514547666509
pre_last,17,10,I,397.0,-0.806555849751305,0.43536224374846805,-10.985503929165965,6.280230533424035,0.46148194794290526,0.5385180520570948,1.6577321151519837,-2.464287964903289,-0.8895025785603992,0.08294672880909416,0.2645716889333397,0.04981528127623843,0.019460537363559984,1.0530460715028218
pre_last,18,1,C,129.0,-1.3528192291404202,-0.14010152628637382,-12.390030680913503,7.849056248629394,0.5153100775193798,0.48468992248062015,1.4066483934591856,-2.759467622599606,-0.8469012839617894,-0.505917945178631,0.262628027345369,0.0,0.0,1.0831430595181837
pre_last,18,1,I,129.0,-1.315759522444776,0.03973857499380608,-12.837557664440505,6.55502362243656,0.4947674418604652,0.5052325581395348,1.576455569297113,-2.892215091741889,-1.0841990405669266,-0.23156048187784958,0.2754459478410104,0.0,0.0,1.0514203851116473
pre_last,18,3,C,278.0,-0.7485800576788896,0.9896018114928631,-11.009127456522924,6.823387991220086,0.3922062350119904,0.6077937649880096,1.7347073732147211,-2.483287430893611,-1.2070490608175717,0.45846900313868205,0.317954241894055,0.07714028776978422,0.003938848920863259,1.0711672493034583
pre_last,18,3,I,278.0,-0.7570025344024338,0.5970171831008483,-11.13514576954855,6.371267689032376,0.4376498800959233,0.5623501199040768,1.6931373252240052,-2.450139859626439,-0.975284112494174,0.21828157809174012,0.2754337130677278,0.02443645083932853,0.008986810551558751,1.0506087891092923
pre_last,18,10,C,397.0,-0.6453002278645862,0.9421602141753722,-9.17884410568272,5.489153050040986,0.3708858102434929,0.6291141897565072,1.5620747816303626,-2.2073750094949487,-0.905121997583685,0.2598217697190988,0.36335598542135156,0.18979638958858108,0.010484886649873952,1.081023416055398
pre_last,18,10,I,397.0,-0.9532442968627353,0.261654107542903,-11.353232236845235,6.237465336849177,0.47541981528127636,0.5245801847187238,1.579759753631624,-2.5330040504943594,-0.9182821126120436,-0.034962184250691704,0.26533342293296314,0.048965155331654034,0.01989504617968096,1.0548294688064266
pre_last,19,1,C,129.0,-1.500735968450503,-0.374653414649776,-13.018051044770639,7.469812643167463,0.5456072351421188,0.45439276485788116,1.3274389449812793,-2.8281749134317824,-0.8824489673450426,-0.6182870011054606,0.2541166597855911,0.0,0.0,1.08307627017996
pre_last,19,1,I,129.0,-1.2448158077781855,0.09342592126622992,-12.446398856880233,6.416333346998852,0.487984496124031,0.512015503875969,1.562245465004022,-2.8070612727822075,-1.0438583074954049,-0.20095750028278053,0.2706207880244033,0.0,0.0,1.050254804606543
pre_last,19,3,C,278.0,-0.500236465240003,0.9521344115247536,-12.070259546338212,6.554385112829783,0.3519484412470023,0.6480515587529977,1.7609990128614623,-2.2612354781014656,-0.9981644481587645,0.49792798291876156,0.28348105816918945,0.0780515587529976,0.005281774580335758,1.0696135268007125
pre_last,19,3,I,278.0,-0.995684513969107,0.4475948333069212,-11.799082438701477,6.189558140413135,0.4518884892086331,0.548111510791367,1.6057152138331539,-2.601399727802261,-1.0459733049177384,0.05028879094863129,0.2795543790853466,0.02427757793764988,0.00928357314148686,1.051281673423085
pre_last,19,10,C,397.0,-0.6377774573600201,1.017335548912888,-13.299944800973886,5.2169463991709994,0.30230898404701934,0.6976910159529808,1.604555439521899,-2.242332896881919,-1.2270668613217501,0.5892894039617301,0.3410836804096495,0.19287573467674227,0.011118807724601077,1.0732542635579243
pre_last,19,10,I,397.0,-1.2860368094815875,0.10564857216772698,-12.164257788435503,5.9582943726793305,0.49034424853064656,0.5096557514693535,1.5022917192827263,-2.7883285287643136,-1.0589594146706345,-0.22707739481095304,0.2765203457739541,0.04888329135180524,0.01903442485306465,1.0549981762131446
pre_last,20,1,C,129.0,-1.6724866458240117,-0.43831730968894805,-13.725009081549446,7.567153436424153,0.5518733850129199,0.4481266149870801,1.31767646205228,-2.990163107876292,-1.0113270937510295,-0.661159552072982,0.26264527314060565,0.0,0.0,1.08195033322064
pre_last,20,1,I,129.0,-1.2804142988098548,0.13323657643162473,-12.62433257801984,6.179129148160333,0.48307493540051677,0.5169250645994832,1.511168544051285,-2.79158284286114,-1.1025052633938797,-0.17790903541597505,0.2799074667732394,0.0,0.0,1.0501126762743829
pre_last,20,3,C,278.0,-0.5346839733909299,1.1333656909203358,-12.905788321198191,6.119846449219925,0.3428057553956834,0.6571942446043165,1.7382381152387112,-2.272922088629641,-1.0374788953985368,0.5027949220076069,0.27821515524501217,0.07909172661870505,0.005440647482014358,1.0706004530268225
pre_last,20,3,I,278.0,-1.0786201369621795,0.3469070270444037,-12.086864595964432,6.1268290917826285,0.4638489208633094,0.5361510791366907,1.5697821763562552,-2.6484023133184347,-1.0376875811786441,-0.0409325557835352,0.2776054885102193,0.024265587529976002,0.0096043165467626,1.0520051114988507
pre_last,20,10,C,397.0,-0.6963309122702532,1.1442116891577383,-15.099102775554757,4.979691162423009,0.29664147774979016,0.7033585222502101,1.578600618228945,-2.274931530499198,-1.2681430470153403,0.5718121347450874,0.35587269484832496,0.19662048698572634,0.0105184718723761,1.073556321331382
pre_last,20,10,I,397.0,-1.35018389902868,-0.0015994553534666104,-12.46420986974129,6.018520899940907,0.5002938706968935,0.49970612930310665,1.4778453461802463,-2.8280292452089264,-1.040661115646556,-0.3095227833821242,0.2714235662827589,0.049426952141057946,0.018555835432409736,1.0556626317330293
pre_last,21,1,C,129.0,-1.8680375547033146,-0.5044744155193134,-13.937015833126406,7.107841416092487,0.5532945736434108,0.44670542635658916,1.237535684857158,-3.1055732395604725,-1.0888274549304309,-0.7792100997728837,0.2706508452934975,0.0,0.0,1.0781785997236044
pre_last,21,1,I,129.0,-1.3267290666621767,0.1430190829941545,-12.519920206968505,5.7336210872488165,0.48010335917312663,0.5198966408268734,1.424529510807649,-2.7512585774698257,-1.0945675816300446,-0.2321614850321321,0.2829771467312481,0.0,0.0,1.0502523276232896
pre_last,21,3,C,278.0,-0.2631574657010001,1.256841464600585,-12.145530089666313,6.0821683831602735,0.32619904076738604,0.6738009592326138,1.7811054120295968,-2.044262877730597,-0.8467702741318025,0.5836128084308023,0.25006245402872945,0.07887889688249405,0.005893285371702575,1.0651240657367333
pre_last,21,3,I,278.0,-1.048856488421062,0.2621249153982515,-11.764709122991558,5.748524272658867,0.4741007194244604,0.5258992805755396,1.4899347899882673,-2.538791278409329,-0.9254991425310487,-0.1233573458900134,0.25907080318054126,0.024055755395683408,0.009466426858513202,1.0516697074607477
pre_last,21,10,C,397.0,-0.5631501566066367,1.2693494230432227,-13.32075248808079,4.999061050544835,0.25489084802686823,0.745109151973132,1.6007443937438943,-2.163894550350531,-1.348291891308625,0.7851417347019883,0.3585658660562865,0.1996326616288834,0.008555835432409791,1.0695440998386772
pre_last,21,10,I,397.0,-1.3659547541108124,-0.11313373875977058,-12.092946359665516,5.617201486872583,0.511712846347607,0.48828715365239295,1.392064735383173,-2.7580194894939853,-0.965031943834213,-0.4009228102765993,0.260345007399775,0.049473131821998334,0.01855163727959699,1.0552517277488633
pre_last,22,1,C,129.0,-2.366730956957764,-0.6932285142247026,-15.173361715881978,6.167768414967673,0.5793281653746771,0.42067183462532304,1.112608459749544,-3.4793394167073077,-1.3149285133073547,-1.0518024436504092,0.2919165644420193,0.0,0.0,1.0765095303638583
pre_last,22,1,I,129.0,-1.4574551327502643,0.13481005509775507,-12.69266755803515,5.186881321077448,0.48210594315245475,0.5178940568475452,1.3190229417298398,-2.776478074480104,-1.0794824141925972,-0.377972718557667,0.2786215949856273,0.0,0.0,1.050518615322806
pre_last,22,3,C,278.0,0.1415690709004265,1.5814923515249164,-10.950074233915567,6.43346543174053,0.28369304556354913,0.7163069544364509,2.0302465362494857,-1.888677465349059,-0.7748303766467495,0.9163994475471761,0.23253223405762213,0.08123800959232617,0.004655275779376542,1.055874693159049
pre_last,22,3,I,278.0,-1.1910940146413298,0.16479129979704107,-11.839642102134611,5.473593846750096,0.48363309352517986,0.5163669064748201,1.4325948844483818,-2.6236888990897116,-0.9505989867806633,-0.24049502786066648,0.26078056970794,0.02379796163069542,0.009220623501199017,1.0505842803960228
pre_last,22,10,C,397.0,-0.06048867529494797,1.3473554695355363,-10.550655924973874,5.192021506007957,0.23377413937867333,0.7662258606213268,1.6839280386737174,-1.7444167139686655,-1.0065539885248764,0.9460653132299285,0.33231125312407317,0.20237615449202354,0.005659109991603725,1.0666708306291541
pre_last,22,10,I,397.0,-1.2915800385586313,-0.08427151092321537,-11.89043360528136,5.5701079336591475,0.5079554995801847,0.49204450041981534,1.3776501499013958,-2.669230188460027,-0.9001358530641295,-0.3914441854945018,0.25306018273441916,0.04939336691855582,0.018209487825356866,1.0535854141996468
pre_last,23,1,C,129.0,-2.422538512685555,-0.8233362212096307,-15.328266871770499,6.478109796747139,0.5934108527131784,0.4065891472868218,1.1417052264618885,-3.5642437391474435,-1.2770241500303094,-1.1455143626552455,0.28111139218511455,0.0,0.0,1.06721817294112
pre_last,23,1,I,129.0,-1.5339069791264135,0.0976612400413036,-12.88533873525815,5.129444930514216,0.4906976744186046,0.5093023255813953,1.3035532302811383,-2.8374602094075514,-1.0582412319336647,-0.47566574719274873,0.27760691952069166,0.0,0.0,1.0499345697413545
pre_last,23,3,C,278.0,0.07482369488907409,1.7006431872842205,-10.768464270029487,5.967373074844032,0.2929856115107914,0.7070143884892086,1.948853169639601,-1.8740294747505268,-0.9277702905382584,1.0025939854273325,0.2492071141822649,0.08366306954436453,0.004283573141486808,1.0503496117464488
pre_last,23,3,I,278.0,-1.2737806469494497,0.18078367599617895,-12.386478806457239,5.372908675857221,0.48240407673860913,0.5175959232613909,1.4226567174056854,-2.696437364355135,-0.9664808431178061,-0.3072998038316436,0.25852598383817726,0.0239478417266187,0.008974820143884918,1.0491898692910373
pre_last,23,10,C,397.0,0.5330493471813562,1.4975396711394675,-8.64975469852627,5.334077435880003,0.2252308984047019,0.7747691015952982,1.8047326818730582,-1.271683334691702,-0.6188011136819722,1.1518504608633284,0.25742366445566994,0.20512174643157016,0.005352644836272075,1.0568397946593073
pre_last,23,10,I,397.0,-1.2341463334908402,-0.032742539376062724,-11.851553820902696,5.602401092291037,0.5028337531486147,0.4971662468513854,1.4091491406436927,-2.643295474134533,-0.8717146188375279,-0.36243171465331253,0.24980947751606328,0.049706129303106666,0.017894626364399736,1.0511143376421244
pre_last,24,1,C,129.0,-2.511274998819258,-1.0880782190799068,-15.40073830288706,6.087652817665829,0.602842377260982,0.39715762273901806,1.1299052626625852,-3.641180261481843,-1.176591476338796,-1.334683522480462,0.24847413960737144,0.0,0.0,1.0568989136980682
pre_last,24,1,I,129.0,-1.6572160381086998,0.08509902223141741,-13.568051554838673,5.29743306459934,0.4900516795865633,0.5099483204134366,1.3491450767544493,-3.006361114863149,-1.1155716816223935,-0.5416443564863063,0.2707803912509111,0.0,0.0,1.0474121318223246
pre_last,24,3,C,278.0,0.291039709350892,1.829544480854342,-10.774639481763668,5.837456537875214,0.2713429256594724,0.7286570743405277,2.038934531128827,-1.7478948217779349,-0.8681199711683715,1.1591596805192634,0.2438919195175941,0.0854076738609113,0.005524580335731392,1.0463266944380092
pre_last,24,3,I,278.0,-1.3203017342272783,0.1869667424080667,-12.76451828967896,5.575050818802983,0.48342326139088737,0.5165767386091127,1.470495952093823,-2.790797686321101,-1.010290299741785,-0.31001143448549306,0.2578838835176094,0.02465527577937653,0.009058752997601968,1.0462633339187517
pre_last,24,10,C,397.0,0.840579294768035,1.622232344257562,-7.136370819481653,5.856443384906014,0.167632241813602,0.8323677581863981,2.0520288827985564,-1.2114495880305216,-0.7345069268895839,1.5750862216576187,0.2885458844398057,0.20916036943744754,0.008778337531486127,1.0500373854995275
pre_last,24,10,I,397.0,-1.199150257743219,0.049605508050024026,-12.398787617859348,5.900048597737296,0.49468933669185566,0.5053106633081444,1.4985863154657686,-2.6977365732089873,-0.9067372578502432,-0.2924129998929757,0.2487931644537511,0.05065910999160369,0.017909319899244384,1.0474465860981692
pre_last,25,1,C,129.0,-2.0520708498433096,-0.9685500903536173,-13.548936445076148,5.938238067218222,0.5941860465116279,0.4058139534883721,1.1981372309687182,-3.250208080812028,-1.0166614725882601,-1.0354093772550494,0.24086964058785645,0.0,0.0,1.0531069922638225
pre_last,25,1,I,129.0,-1.7173888068767982,0.057361294334142825,-13.900132867157806,5.3208667849030515,0.4939276485788114,0.5060723514211887,1.3646659321020598,-3.0820547389788575,-1.0927596060645473,-0.6246292008122509,0.2677805538584774,0.0,0.0,1.0465000330314167
pre_last,25,3,C,278.0,0.4116628752029697,1.921533939400419,-10.166859647598818,5.98582349983283,0.26223021582733813,0.7377697841726619,2.087022922603143,-1.675360047400173,-0.9071852441632274,1.3188481193661972,0.2650153409951255,0.08656474820143885,0.005473621103117534,1.0467991127940086
pre_last,25,3,I,278.0,-1.3031977466767768,0.18639510752010854,-13.124813559692633,5.681764854391499,0.4808453237410072,0.5191546762589928,1.4964081960996993,-2.7996059427764757,-1.0011032131961008,-0.302094533480676,0.2571026196497539,0.02449940047961628,0.008896882494004816,1.04539030576525
pre_last,25,10,C,397.0,0.8572993084262068,1.6174091357843794,-8.166769243496274,5.426207789456052,0.16658270361041141,0.8334172963895887,2.0010897827063863,-1.1437904742801797,-0.633426028598747,1.4907253370249538,0.26202928996955316,0.21021830394626365,0.006811502938707051,1.0493845515957134
pre_last,25,10,I,397.0,-1.0760376675024552,0.24862734601090253,-12.422710463590365,5.935116495035558,0.47413937867338374,0.5258606213266163,1.5375832825498947,-2.6136209500523497,-0.9145291657387968,-0.16150850176365833,0.25107377786624685,0.04961167086481951,0.017726700251889153,1.0460777496185358
pre_last,26,1,C,129.0,-1.8210872234537263,-0.8005754535495768,-12.844605274251583,6.260589836305889,0.5760981912144704,0.4239018087855298,1.2985564395620106,-3.119643663015737,-1.0467683327600446,-0.7743188906936816,0.24815046758780243,0.0,0.0,1.0494524079923813
pre_last,26,1,I,129.0,-1.6387912081534273,0.10172860392173119,-13.731873921864715,5.51345926128155,0.48934108527131776,0.5106589147286822,1.401789980748429,-3.0405811889018564,-1.1057915158737732,-0.532999692279654,0.26759923902032967,0.0,0.0,1.0444108658929845
pre_last,26,3,C,278.0,0.36417967871610807,1.8992222155748513,-9.955344621340794,5.714822814416467,0.25476618705035975,0.7452338129496403,2.0539281655187227,-1.689748486802615,-0.9130571784218635,1.2772368571379715,0.27960462725230895,0.08901079136690644,0.006133093525179875,1.0475046986516503
pre_last,26,3,I,278.0,-1.2730453538897344,0.2195677276386633,-13.026237124027999,5.766722876853473,0.4791666666666667,0.5208333333333334,1.5228335037764587,-2.7958788576661933,-1.0146434027164253,-0.2584019511733093,0.2568068975664166,0.025080935251798553,0.009460431654676242,1.0442413421971168
pre_last,26,10,C,397.0,0.4060183625879842,1.548110241741265,-7.708163212493349,5.156568417133197,0.17751889168765747,0.8224811083123426,1.839045085952556,-1.433026723364572,-0.9591355912870851,1.3651539538750692,0.3432819587189707,0.21196683459277915,0.010619227539882335,1.0543290006458732
pre_last,26,10,I,397.0,-1.1709360515901677,0.30309411994777447,-12.843625243445144,5.70732998543962,0.46670864819479435,0.5332913518052057,1.5139860012548871,-2.684922052845055,-0.9887038047798727,-0.18223224681029485,0.26021400556170604,0.05079974811083128,0.01845298068849708,1.044965522976304
pre_last,27,1,C,129.0,-1.9954682357659772,-0.8424183661703851,-13.241015074889882,5.681855854869516,0.571640826873385,0.42835917312661503,1.2203495351566878,-3.2158177709226647,-1.0148862957988631,-0.9805819399671143,0.23716760746260315,0.0,0.0,1.049783087364976
pre_last,27,1,I,129.0,-1.6441005965296496,-0.014755208200712074,-13.534961145120983,5.512383444930006,0.4968992248062016,0.5031007751937985,1.4044892783053304,-3.04858987483498,-1.0979418723750447,-0.5461587241546049,0.2584093136110994,0.0,0.0,1.0439909546506303
pre_last,27,3,C,278.0,0.10149230330626294,1.9048178597145546,-11.823693182299754,5.456749306402154,0.24433453237410077,0.7556654676258993,2.0263175333680143,-1.9248252300617514,-1.1218966392976022,1.223388942603865,0.2935755307929968,0.09065347721822542,0.006705635491606733,1.047397167805998
pre_last,27,3,I,278.0,-1.285287498079819,0.22276717773289845,-12.831217355665178,5.626655686723063,0.47880695443645077,0.5211930455635492,1.4958779815338157,-2.7811654796136347,-1.0328789235565365,-0.2524085745232825,0.25793752781812906,0.025533573141486843,0.009313549160671451,1.0433952682614291
pre_last,27,10,C,397.0,0.06726904257813048,1.5725185592779751,-12.929633951962542,5.550688510821817,0.1793870696893367,0.8206129303106633,1.9257253625234194,-1.858456319945289,-1.2578816668154702,1.3251507093936008,0.3578012511464792,0.21509865659109992,0.011962636439966368,1.0529884364935163
pre_last,27,10,I,397.0,-1.0530965084947888,0.41943082928685504,-12.752321258496696,5.816100912349382,0.4588161209068011,0.541183879093199,1.5682672061941838,-2.6213637146889726,-1.0082448168918696,-0.0448516916029192,0.2622096910134215,0.05177371956339216,0.020931989924433236,1.0437396010104776
pre_last,28,1,C,129.0,-2.5257267973628768,-1.313386492069188,-13.352048954248744,4.397922702426433,0.6243540051679587,0.3756459948320413,0.938215001068151,-3.4639417984310277,-1.055547201585276,-1.4701795957776007,0.24023348961159313,0.0,0.0,1.0575896968611145
pre_last,28,1,I,129.0,-2.392154944484129,-0.8860184415281194,-13.787614791287346,4.301917550878424,0.5847545219638245,0.41524547803617573,0.9313475388909116,-3.32350248337504,-1.1087879616362786,-1.28336698284785,0.2637906125370336,0.0,0.0,1.056573059135379
pre_last,28,3,C,278.0,-0.2723602743872861,1.550567299800007,-10.93225000791187,4.535979503575485,0.3084832134292566,0.6915167865707433,1.666757743267996,-1.939118017655282,-0.9448755621370153,0.6725152877497291,0.2692664212531133,0.08385191846522784,0.005704436450839326,1.0518433072476998
pre_last,28,3,I,278.0,-1.9065944281934577,-0.43645088940821924,-13.746222562508205,5.022314673382115,0.5415167865707435,0.45848321342925663,1.2018161381156176,-3.1084105663090753,-1.0805082442347438,-0.8260861839587138,0.25688981669261934,0.023366306954436426,0.007502997601918475,1.0501859686833477
pre_last,28,10,C,397.0,0.4447538344795205,1.552070635981058,-10.395037611176768,5.279882368565145,0.17594458438287155,0.8240554156171285,1.8964963307287621,-1.4517424962492416,-0.9341286428027533,1.3788824772822739,0.3107827713824713,0.20183459277917726,0.011095717884131018,1.053465450070697
pre_last,28,10,I,397.0,-1.6295500657725888,-0.09918175252570365,-13.425740763357336,5.137183381642141,0.5092779177162049,0.49072208228379516,1.330312862717871,-2.95986292849046,-1.0461225863734542,-0.5834274793991348,0.2656783633999733,0.04845298068849709,0.01631821998320745,1.0487793746263747
pre_last,29,1,C,129.0,-2.6431428690735617,-1.3506438232362246,-13.75783722261712,4.298997406731575,0.6359173126614989,0.36408268733850135,0.8743890746588661,-3.5175319437324277,-1.1005430301681045,-1.542599838905457,0.2502474825992277,0.0,0.0,1.058217323965632
pre_last,29,1,I,129.0,-2.4437793154224203,-0.9604051914833105,-13.547215321355818,4.223397352532876,0.5945090439276487,0.4054909560723514,0.9122948026877749,-3.3560741181101954,-1.0802054141584412,-1.3635739012639796,0.2589203566684445,0.0,0.0,1.05667233017642
pre_last,29,3,C,278.0,-0.06454009389942202,1.6841391324242336,-11.28969152738236,4.86168448349137,0.2904676258992806,0.7095323741007195,1.7660007588038655,-1.8305408527032874,-0.882558953852615,0.818018859953193,0.2552590045377182,0.08638489208633095,0.004385491606714642,1.050887875379438
pre_last,29,3,I,278.0,-1.8206229492328538,-0.37375053062940966,-13.31148530534253,4.943612132390209,0.5343225419664268,0.4656774580335732,1.2088177316964084,-3.0294406809292624,-1.0457197042923372,-0.774903244940517,0.252866536847719,0.0240767386091127,0.007832733812949676,1.049562946308041
pre_last,29,10,C,397.0,0.657738380913634,1.6145329214732456,-8.237599212867492,5.8174468992664385,0.18685978169605366,0.8131402183039463,1.9865916803166326,-1.3288532994029985,-0.6697260445144437,1.3274644254280774,0.28395220227270845,0.21009026028547442,0.00662888329135185,1.0543009038944267
pre_last,29,10,I,397.0,-1.5888949088157944,-0.05569283749615557,-13.20493500634095,5.093227282390858,0.5047019311502939,0.4952980688497062,1.2987909755665834,-2.887685884382378,-1.0364869342478449,-0.5524079745679494,0.2630458615989669,0.05077875734676744,0.017069689336691903,1.049365156342821
pre_last,30,1,C,129.0,-2.639253217510507,-1.512172637825566,-13.580490486861626,4.437381384465604,0.6459302325581396,0.3540697674418605,0.9281242594079543,-3.567377476918461,-1.0389992182834882,-1.6002539992270188,0.23529263759979654,0.0,0.0,1.0561590201023934
pre_last,30,1,I,129.0,-2.665815873678899,-1.12280868105242,-13.875152722347167,3.7247839147552186,0.6101421188630491,0.3898578811369509,0.8132581628994257,-3.479074036578324,-1.1026462530831334,-1.563169620595765,0.26009982184438696,0.0,0.0,1.0596043177850567
pre_last,30,3,C,278.0,-0.061582729097575985,1.6718196136439734,-10.181286027112192,4.880089385898334,0.3004796163069544,0.6995203836930456,1.759985246123581,-1.8215679752211569,-0.8062530088713589,0.7446702797737829,0.2467045702242716,0.08843824940047958,0.005437649880095934,1.051864901084057
pre_last,30,3,I,278.0,-1.904943559840298,-0.32614672750723117,-13.135869593245538,4.448456973830852,0.5338429256594724,0.4661570743405276,1.1061346343641596,-3.0110781942044573,-1.021515122530245,-0.883428437310053,0.2579064102311782,0.02356115107913668,0.007721822541966434,1.0517444001134824
pre_last,30,10,C,397.0,0.4392286785349164,1.4574764791181636,-7.377223979663071,4.544205263777206,0.21960537363560031,0.7803946263643997,1.672694911306005,-1.2334662327710884,-0.5586126388293415,0.9978413173642581,0.24579160732244404,0.21666456759026034,0.013614609571788432,1.0547568900885007
pre_last,30,10,I,397.0,-1.7293277913003056,-0.0994925445429243,-13.420709406596655,4.704455574348676,0.5101805205709488,0.48981947942905124,1.196105803049313,-2.925433594349619,-1.0913880850981283,-0.6379397062021771,0.27248818688929327,0.05313392107472717,0.015835432409739735,1.051136277071652
pre_last,31,1,C,129.0,-2.946540190462045,-1.5051293733641478,-15.75739413256966,5.094947467365114,0.6203488372093025,0.37965116279069766,1.127183177450411,-4.073723367912456,-1.2544021643842584,-1.6921380260777865,0.24135799307843137,0.0,0.0,1.047025385179885
pre_last,31,1,I,129.0,-2.7211257432387557,-0.9650725456546471,-15.220500666799184,4.572078651177378,0.5835917312661499,0.4164082687338501,1.0011636202052838,-3.7222893634440393,-1.2511177268158002,-1.4700080164229552,0.2700237354867076,0.0,0.0,1.0510187418017947
pre_last,31,3,C,278.0,0.43179660477332293,2.068778790266347,-9.323561868148973,5.543816856379979,0.22326139088729016,0.7767386091127099,2.155063789542183,-1.7232671847688599,-1.113323988853437,1.5451205936267598,0.2971411506274603,0.10017386091127098,0.008785971223021641,1.04351661526631
pre_last,31,3,I,278.0,-1.597176553741439,0.005214928236424473,-13.965153275840569,5.465269069988233,0.4963429256594724,0.5036570743405276,1.379125154648562,-2.976301708390001,-1.0903942140795295,-0.5067823396619099,0.26162801416003456,0.02762589928057557,0.008896882494004893,1.0447403774744297
pre_last,31,10,C,397.0,0.6512793586759316,1.7268478877116373,-7.874832235801266,5.8768768833828915,0.1418765743073049,0.8581234256926951,2.0932408755200185,-1.441961516844087,-1.0161258050075208,1.6674051636834522,0.3407587904008462,0.2361628883291352,0.020952980688497016,1.046647982119302
pre_last,31,10,I,397.0,-1.391542048488684,0.34260526195952284,-13.806414385111362,5.603138566420103,0.46383291351805206,0.536167086481948,1.4676405045086944,-2.8591825529973787,-1.1174253962179974,-0.2741166522706865,0.2765316075272098,0.06028337531486149,0.0176385390428212,1.0448204492241258
