window,control,problem_id,C_shift,I_shift,gap_shift
L00,endpoint_equality,1,0.0,-0.08902806802418617,-0.08902806802418617
L00,endpoint_equality,2,0.0,-0.09920345719988499,-0.09920345719988499
L00,endpoint_equality,3,0.0,-0.5617647916713999,-0.5617647916713999
L00,endpoint_equality,4,0.0,0.045431083648448056,0.045431083648448056
L00,endpoint_equality,8,0.36519641427264693,0.0,-0.36519641427264693
L00,endpoint_equality,9,0.0,-0.20816521352078166,-0.20816521352078166
L00,endpoint_equality,11,0.0,0.04413297197895627,0.04413297197895627
L00,endpoint_equality,15,0.0,-0.10956875574635117,-0.10956875574635117
L00,endpoint_equality,16,0.21315903983390216,-0.16213644693154872,-0.3752954867654509
L00,endpoint_equality,20,0.0,-0.7197609516959709,-0.7197609516959709
L00,endpoint_equality,23,0.0,-0.6948275285632406,-0.6948275285632407
L00,endpoint_equality,24,0.0,0.1974586841740189,0.1974586841740189
L00,endpoint_equality,25,0.0,-0.7394472140875106,-0.7394472140875106
L00,endpoint_equality,26,0.0,-0.3255044693299438,-0.3255044693299438
L00,endpoint_equality,31,0.0,-0.7086718235807761,-0.7086718235807761
L00,endpoint_equality,36,0.0,-0.8458989383096303,-0.8458989383096303
L00,endpoint_equality,37,0.0,-0.7205989687296568,-0.7205989687296568
L00,endpoint_equality,39,0.0,0.06479853983487471,0.06479853983487471
L00,endpoint_equality,46,0.0,-0.6233554496019358,-0.6233554496019358
L00,endpoint_equality,47,0.0,-0.11259146036676493,-0.11259146036676493
L00,endpoint_equality,48,0.23846256220367745,-0.07663865130226177,-0.3151012135059392
L00,endpoint_equality,50,0.0,0.04745479804699393,0.04745479804699393
L00,endpoint_equality,53,0.0,0.05461804622424715,0.05461804622424715
L00,endpoint_equality,54,0.0,-0.47637650962619815,-0.47637650962619815
L00,endpoint_equality,56,0.0,-0.5806078121869434,-0.5806078121869432
L00,endpoint_equality,57,0.0,0.4021965947353895,0.4021965947353895
L00,endpoint_equality,59,0.0,-0.30231317520428413,-0.30231317520428413
L00,endpoint_equality,62,0.0,-0.7466117763807096,-0.7466117763807096
L00,endpoint_equality,63,0.0,-0.356632010061502,-0.3566320100615021
L00,endpoint_equality,72,0.0,0.10776710858362892,0.10776710858362892
L00,endpoint_equality,74,0.06917953645440422,0.0,-0.06917953645440422
L00,endpoint_equality,79,0.0,-0.08678976285363105,-0.08678976285363105
L00,endpoint_equality,80,0.31381436812557106,-0.12251836120708326,-0.4363327293326543
L00,endpoint_equality,81,0.0,-0.6778703422911577,-0.6778703422911577
L00,endpoint_equality,82,0.0,0.027409194963941674,0.027409194963941674
L00,endpoint_equality,83,0.0,-0.9194961918320992,-0.9194961918320992
L00,endpoint_equality,84,0.0,-0.2945437419770749,-0.2945437419770749
L00,endpoint_equality,87,0.4440143577838983,-0.0707682856814722,-0.5147826434653705
L00,endpoint_equality,89,0.0,-0.4907338342605797,-0.4907338342605797
L00,endpoint_equality,90,0.0,-0.1810467222443093,-0.1810467222443093
L00,endpoint_equality,91,0.0,0.256235638183653,0.256235638183653
L00,endpoint_equality,93,0.0,-0.2670867889998221,-0.2670867889998221
L00,endpoint_equality,98,0.0,-0.49186514011034693,-0.491865140110347
L00,endpoint_equality,99,0.0,-0.78552328414003,-0.78552328414003
L00,endpoint_equality,100,0.0,-0.513642619652563,-0.513642619652563
L00,endpoint_equality,104,0.47452157409358253,0.0,-0.47452157409358253
L00,endpoint_equality,107,0.2897132272743883,0.0,-0.2897132272743883
L00,endpoint_equality,109,0.24065169361848426,-0.10968584388605174,-0.350337537504536
L00,endpoint_equality,110,0.0,-0.6661563659436167,-0.6661563659436167
L00,endpoint_equality,114,0.0,-0.49377590774287405,-0.49377590774287405
L00,endpoint_equality,115,0.0,-0.10835634318526499,-0.10835634318526499
L00,endpoint_equality,117,0.0,-0.6627453337365719,-0.6627453337365719
L00,endpoint_equality,118,0.0,-0.5823250267765679,-0.5823250267765679
L00,endpoint_equality,128,0.0,-0.06738512779309591,-0.06738512779309591
L00,endpoint_equality,130,0.05788421794199006,0.0,-0.05788421794199006
L00,endpoint_equality,136,0.0,0.1301443908858212,0.1301443908858212
L00,endpoint_equality,138,0.0,-0.8002509367921664,-0.8002509367921664
L00,endpoint_equality,140,0.0,-0.17271591443425405,-0.17271591443425405
L00,endpoint_equality,142,2.7755575615628914e-17,-0.9686165038625199,-0.96861650386252
L00,endpoint_equality,144,0.15999737374326528,-0.03297041774643206,-0.19296779148969734
L00,endpoint_equality,149,0.0,-0.21682748689149367,-0.21682748689149367
L00,endpoint_equality,152,0.0,-0.19122739576968562,-0.19122739576968562
L00,endpoint_equality,153,0.0,0.02156670818566253,0.02156670818566253
L00,endpoint_equality,156,0.0,-0.5606969804813315,-0.5606969804813317
L00,endpoint_equality,158,0.0,-0.11723333291837634,-0.11723333291837634
L00,endpoint_equality,159,0.0,-0.8100641768996366,-0.8100641768996366
L00,endpoint_equality,160,0.0,-0.1863327769635631,-0.1863327769635631
L00,endpoint_equality,162,0.0,-0.28485773246641255,-0.28485773246641255
L00,endpoint_equality,163,0.0,-0.04009945265454673,-0.04009945265454673
L00,endpoint_equality,165,-2.7755575615628914e-17,-0.9375551220119602,-0.9375551220119602
L00,endpoint_equality,167,0.0,0.14457154453749133,0.14457154453749133
L00,endpoint_equality,168,0.0,-0.26056941098075204,-0.26056941098075204
L00,endpoint_equality,170,0.0,-0.4980767145229258,-0.4980767145229258
L00,endpoint_equality,172,0.0,-0.5503395510501469,-0.5503395510501469
L00,endpoint_equality,173,0.0,-0.3129298672537535,-0.3129298672537535
L00,endpoint_equality,175,0.0,0.055249707267444825,0.055249707267444825
L00,endpoint_equality,176,0.0,-0.3957922835956105,-0.39579228359561053
L00,endpoint_equality,180,0.0,0.07165184654886336,0.07165184654886336
L00,endpoint_equality,181,0.0,-0.6400197361463071,-0.6400197361463072
L00,endpoint_equality,182,0.0,0.03318780724871173,0.03318780724871173
L00,endpoint_equality,183,0.0,-0.017540692046090767,-0.017540692046090767
L00,endpoint_equality,184,0.0,-0.21597438186123652,-0.21597438186123652
L00,endpoint_equality,185,0.0,0.09520420700925558,0.09520420700925558
L00,endpoint_equality,186,0.0,0.04895450185243844,0.04895450185243844
L00,endpoint_equality,191,0.0,-0.6788208778227045,-0.6788208778227045
L00,endpoint_equality,192,0.0,-0.454861242398191,-0.45486124239819103
L00,endpoint_equality,193,0.0,-0.35731786601781623,-0.35731786601781623
L00,endpoint_equality,196,0.0,0.2166567687295815,0.2166567687295815
L00,endpoint_identity,1,-0.08199112988157353,-0.2094425362675667,-0.12745140638599317
L00,endpoint_identity,2,0.18228174960493515,-0.022894998021087076,-0.20517674762602223
L00,endpoint_identity,3,0.0,-0.5758780778842645,-0.5758780778842645
L00,endpoint_identity,9,-0.48954404297153786,-0.7109789902731756,-0.22143494730163765
L00,endpoint_identity,11,0.0,-0.03190482820654905,-0.03190482820654905
L00,endpoint_identity,15,-0.1632471756633852,-0.23376669186696253,-0.07051951620357733
L00,endpoint_identity,16,0.30907734295023037,-0.12004005634510717,-0.42911739929533754
L00,endpoint_identity,20,0.0,-0.69853916191993,-0.69853916191993
L00,endpoint_identity,23,0.0,-0.5720799393413101,-0.5720799393413101
L00,endpoint_identity,24,0.0,0.21565804093966312,0.21565804093966312
L00,endpoint_identity,25,5.551115123125783e-17,-1.0498079126422657,-1.0498079126422657
L00,endpoint_identity,26,-0.302671363339732,-0.5744196517587244,-0.27174828841899246
L00,endpoint_identity,31,0.0,-0.588927998921646,-0.588927998921646
L00,endpoint_identity,36,0.0,-0.8544562100817413,-0.8544562100817413
L00,endpoint_identity,37,0.0,-0.7300797705824238,-0.7300797705824238
L00,endpoint_identity,39,0.0,-0.2353283425963707,-0.2353283425963707
L00,endpoint_identity,46,0.0,-0.6239830075295,-0.6239830075295
L00,endpoint_identity,47,-0.4795587123376733,-0.5976766617947996,-0.11811794945712634
L00,endpoint_identity,48,-0.549784915609222,-0.8531982703319798,-0.3034133547227579
L00,endpoint_identity,54,0.0,-0.4765493947625615,-0.4765493947625615
L00,endpoint_identity,56,0.0,-0.5754615783497867,-0.5754615783497866
L00,endpoint_identity,57,-0.714496667774865,-0.20896247659436434,0.5055341911805006
L00,endpoint_identity,59,-0.395762167639529,-0.6379057448217708,-0.24214357718224178
L00,endpoint_identity,62,0.0,-0.7259984133912154,-0.7259984133912154
L00,endpoint_identity,63,0.0,-0.3645089974027048,-0.3645089974027048
L00,endpoint_identity,72,0.0,0.20722207378668356,0.20722207378668356
L00,endpoint_identity,74,-0.26418055122290107,-0.3404801645131146,-0.07629961329021354
L00,endpoint_identity,79,-0.213395600491729,-0.25541302264921695,-0.04201742215748794
L00,endpoint_identity,80,-0.5438919693020685,-1.0334441776832453,-0.48955220838117675
L00,endpoint_identity,81,0.0,-0.686156616332823,-0.686156616332823
L00,endpoint_identity,82,0.0113486391150035,0.06578018405490016,0.05443154493989666
L00,endpoint_identity,84,-0.3143874779665883,-0.7031152885108772,-0.38872781054428895
L00,endpoint_identity,87,0.5827688445913667,0.17881144448898567,-0.403957400102381
L00,endpoint_identity,89,0.0,-0.6756785072923797,-0.6756785072923798
L00,endpoint_identity,90,-0.4483951482018537,-0.591426024595918,-0.14303087639406425
L00,endpoint_identity,93,0.0,-0.2670867889998221,-0.2670867889998221
L00,endpoint_identity,99,0.0,-0.7108018292742627,-0.7108018292742627
L00,endpoint_identity,100,0.0,-0.5174554607731887,-0.5174554607731887
L00,endpoint_identity,104,0.37816093240367865,-0.06264348393855124,-0.4408044163422299
L00,endpoint_identity,107,0.2676438992137571,0.0,-0.2676438992137571
L00,endpoint_identity,110,0.0,-0.6827359752132446,-0.6827359752132445
L00,endpoint_identity,115,0.22825225040834152,0.06870784296260801,-0.1595444074457335
L00,endpoint_identity,117,0.0,-0.5373538061136275,-0.5373538061136275
L00,endpoint_identity,118,5.551115123125783e-17,-0.6494312019637759,-0.649431201963776
L00,endpoint_identity,130,-0.00020991829241345794,-0.08979772520270002,-0.08958780691028656
L00,endpoint_identity,136,0.0,0.10488675661623204,0.10488675661623204
L00,endpoint_identity,138,0.0,-0.6946079945413479,-0.6946079945413479
L00,endpoint_identity,140,0.49858544541765715,0.12593362187377255,-0.3726518235438846
L00,endpoint_identity,144,0.11385802964458114,-0.14058602926557495,-0.2544440589101561
L00,endpoint_identity,149,-0.6075255423366008,-0.6642067171818165,-0.056681174845215676
L00,endpoint_identity,156,0.0,-0.5458894884404624,-0.5458894884404625
L00,endpoint_identity,158,-0.056719209466283727,-0.20159420052940247,-0.14487499106311874
L00,endpoint_identity,160,0.0,-0.29073680761256604,-0.29073680761256604
L00,endpoint_identity,162,-0.4198751610335475,-0.5698805151973694,-0.15000535416382188
L00,endpoint_identity,163,-0.10712099325890245,-0.11275685713777073,-0.005635863878868275
L00,endpoint_identity,168,0.0,-0.26253663159742724,-0.26253663159742724
L00,endpoint_identity,170,0.0,-0.4980767145229258,-0.4980767145229258
L00,endpoint_identity,172,0.0,-0.5520391827296399,-0.5520391827296399
L00,endpoint_identity,175,0.0,0.07440962151255681,0.07440962151255681
L00,endpoint_identity,176,0.0,-0.4020676147295819,-0.40206761472958197
L00,endpoint_identity,180,0.009723316466455856,0.04738414587163842,0.03766082940518256
L00,endpoint_identity,182,-0.06941306303292949,-0.042643451320297676,0.026769611712631813
L00,endpoint_identity,183,0.0,-0.014455818123656261,-0.014455818123656261
L00,endpoint_identity,184,0.0,-0.22188564161264923,-0.22188564161264923
L00,endpoint_identity,186,0.0,-0.013688896374552062,-0.013688896374552062
L00,endpoint_identity,191,0.0,-0.6277267117893199,-0.6277267117893199
L00,endpoint_identity,192,0.0,-0.4519981337712899,-0.45199813377128994
L00,endpoint_identity,193,-0.4244730803303226,-0.7108602593784705,-0.286387179048148
L00,endpoint_identity_suffix,1,-0.08199112988157353,-0.2094425362675667,-0.12745140638599317
L00,endpoint_identity_suffix,2,0.18228174960493515,-0.022894998021087076,-0.20517674762602223
L00,endpoint_identity_suffix,3,0.0,-0.6007531032253719,-0.6007531032253719
L00,endpoint_identity_suffix,9,-0.4767105223443334,-0.7109789902731756,-0.23426846792884212
L00,endpoint_identity_suffix,11,0.0,-0.03190482820654905,-0.03190482820654905
L00,endpoint_identity_suffix,15,0.16853698211756818,0.15587982284171753,-0.012657159275850649
L00,endpoint_identity_suffix,16,0.31597670844310854,-0.12004005634510717,-0.4360167647882157
L00,endpoint_identity_suffix,20,0.0,-0.682618864098671,-0.682618864098671
L00,endpoint_identity_suffix,23,0.0,-0.8053612604567089,-0.8053612604567089
L00,endpoint_identity_suffix,24,0.0,0.21565804093966312,0.21565804093966312
L00,endpoint_identity_suffix,26,-0.2525602844026737,-0.8083378389168364,-0.5557775545141628
L00,endpoint_identity_suffix,31,0.15383303799983905,-0.588927998921646,-0.7427610369214851
L00,endpoint_identity_suffix,36,0.0,-0.9439127607421324,-0.9439127607421324
L00,endpoint_identity_suffix,37,0.0,-0.7300797705824238,-0.7300797705824238
L00,endpoint_identity_suffix,39,0.0,-0.2353283425963707,-0.2353283425963707
L00,endpoint_identity_suffix,46,0.0,-0.5943450849953857,-0.5943450849953857
L00,endpoint_identity_suffix,47,-0.4795587123376733,-0.5701401690259602,-0.09058145668828693
L00,endpoint_identity_suffix,56,0.014744919673032653,-0.647411330961108,-0.6621562506341406
L00,endpoint_identity_suffix,59,-0.2954258624152656,-0.6379057448217708,-0.3424798824065052
L00,endpoint_identity_suffix,62,0.040206760920970475,-0.6647947720986218,-0.7050015330195922
L00,endpoint_identity_suffix,63,0.0,-0.380987578988816,-0.3809875789888161
L00,endpoint_identity_suffix,72,0.3458672567950336,0.45269450895798935,0.10682725216295574
L00,endpoint_identity_suffix,74,-0.13747959026658374,-0.3711483708168583,-0.23366878055027457
L00,endpoint_identity_suffix,79,0.23429806754377047,0.07187423311129248,-0.162423834432478
L00,endpoint_identity_suffix,81,-0.004507112214141851,-0.9033663181710898,-0.8988592059569479
L00,endpoint_identity_suffix,82,0.0113486391150035,0.06578018405490016,0.05443154493989666
L00,endpoint_identity_suffix,84,-0.22591772772355168,-0.7031152885108772,-0.47719756078732556
L00,endpoint_identity_suffix,87,0.5827688445913667,0.17881144448898567,-0.403957400102381
L00,endpoint_identity_suffix,89,0.0,-0.8543883010787405,-0.8543883010787406
L00,endpoint_identity_suffix,93,0.0,-0.4090625356633437,-0.4090625356633437
L00,endpoint_identity_suffix,100,0.0,-0.4307952197371359,-0.4307952197371359
L00,endpoint_identity_suffix,104,0.37816093240367865,-0.06264348393855124,-0.4408044163422299
L00,endpoint_identity_suffix,107,0.6321015867804848,0.29630459376014373,-0.33579699302034105
L00,endpoint_identity_suffix,110,0.0,-0.6533158647248747,-0.6533158647248747
L00,endpoint_identity_suffix,115,0.22825225040834152,0.06870784296260801,-0.1595444074457335
L00,endpoint_identity_suffix,117,0.0,-0.5199963804952648,-0.5199963804952648
L00,endpoint_identity_suffix,118,-0.19532497216085332,-0.7037851587658801,-0.5084601866050268
L00,endpoint_identity_suffix,130,0.10963212875274053,0.02727793396203837,-0.08235419479070216
L00,endpoint_identity_suffix,136,0.0,0.10488675661623204,0.10488675661623204
L00,endpoint_identity_suffix,138,0.0,-0.6946079945413479,-0.6946079945413479
L00,endpoint_identity_suffix,140,0.49858544541765715,0.12593362187377255,-0.3726518235438846
L00,endpoint_identity_suffix,144,0.13992108492465205,-0.14058602926557495,-0.280507114190227
L00,endpoint_identity_suffix,156,0.04893013999571302,-0.7148184280867618,-0.7637485680824748
L00,endpoint_identity_suffix,158,0.2141196066030181,-0.022783072765165446,-0.23690267936818354
L00,endpoint_identity_suffix,160,0.0,-0.29073680761256604,-0.29073680761256604
L00,endpoint_identity_suffix,162,-0.3721356836142307,-0.5698805151973694,-0.19774483158313866
L00,endpoint_identity_suffix,163,0.10722426187051759,0.026806125361643618,-0.08041813650887397
L00,endpoint_identity_suffix,168,0.0,-0.514149691576545,-0.514149691576545
L00,endpoint_identity_suffix,170,0.016203678374870523,-0.5245397692151056,-0.5407434475899762
L00,endpoint_identity_suffix,172,0.0,-0.5520391827296399,-0.5520391827296399
L00,endpoint_identity_suffix,175,0.0,0.012591384779480408,0.012591384779480408
L00,endpoint_identity_suffix,176,0.0,-0.6415847200303066,-0.6415847200303066
L00,endpoint_identity_suffix,180,0.009723316466455856,0.04738414587163842,0.03766082940518256
L00,endpoint_identity_suffix,182,0.2624804299154856,0.20393102675617258,-0.05854940315931301
L00,endpoint_identity_suffix,183,0.20188678654871994,0.17256217806997354,-0.029324608478746406
L00,endpoint_identity_suffix,184,0.0,-0.22188564161264923,-0.22188564161264923
L00,endpoint_identity_suffix,186,0.0,-0.0192447574641752,-0.0192447574641752
L00,endpoint_identity_suffix,191,0.0,-0.6497587611884621,-0.6497587611884621
L00,endpoint_identity_suffix,192,0.0,-0.6445499949394353,-0.6445499949394354
L00,endpoint_identity_suffix,193,-0.4244730803303226,-0.7108602593784705,-0.286387179048148
L01,endpoint_equality,1,0.0,-0.08143516008747342,-0.08143516008747342
L01,endpoint_equality,2,0.0,-0.09265541326526483,-0.09265541326526483
L01,endpoint_equality,3,0.0,-0.5152365263064324,-0.5152365263064324
L01,endpoint_equality,4,0.0,0.047005742438655185,0.047005742438655185
L01,endpoint_equality,8,0.38267571413737134,0.0,-0.38267571413737134
L01,endpoint_equality,9,0.0,-0.2055665597500248,-0.2055665597500248
L01,endpoint_equality,11,0.0,0.0407373171773211,0.0407373171773211
L01,endpoint_equality,15,0.0,-0.10795724463721035,-0.10795724463721035
L01,endpoint_equality,16,0.20206249869007054,-0.14225563058184787,-0.3443181292719184
L01,endpoint_equality,20,0.0,-0.6503997544845167,-0.6503997544845167
L01,endpoint_equality,23,0.0,-0.6473121808083331,-0.6473121808083331
L01,endpoint_equality,24,0.0,0.18162570468934436,0.18162570468934436
L01,endpoint_equality,25,-1.6653345369377348e-16,-0.7078118857424607,-0.7078118857424605
L01,endpoint_equality,26,0.0,-0.281915698579161,-0.281915698579161
L01,endpoint_equality,31,0.0,-0.699607282820484,-0.699607282820484
L01,endpoint_equality,36,0.0,-0.8154790372557131,-0.8154790372557131
L01,endpoint_equality,37,0.0,-0.6304283087477175,-0.6304283087477176
L01,endpoint_equality,39,0.0,0.05945166869313989,0.05945166869313989
L01,endpoint_equality,46,0.0,-0.6015586397888928,-0.6015586397888928
L01,endpoint_equality,47,0.0,-0.10887965028540858,-0.10887965028540858
L01,endpoint_equality,48,0.23398604268910006,-0.07609781606034272,-0.3100838587494428
L01,endpoint_equality,50,0.0,0.047918002913227786,0.047918002913227786
L01,endpoint_equality,53,0.0,0.05245706184753107,0.05245706184753107
L01,endpoint_equality,54,0.0,-0.4443672234574809,-0.4443672234574809
L01,endpoint_equality,56,0.0,-0.5403377004047302,-0.5403377004047303
L01,endpoint_equality,57,0.0,0.3829500080414654,0.3829500080414654
L01,endpoint_equality,59,0.0,-0.2668198137632496,-0.2668198137632496
L01,endpoint_equality,62,0.0,-0.690267171550539,-0.6902671715505391
L01,endpoint_equality,63,0.0,-0.34258088912229756,-0.34258088912229756
L01,endpoint_equality,72,0.0,0.10961864155066747,0.10961864155066747
L01,endpoint_equality,74,0.07116488701527746,0.0,-0.07116488701527746
L01,endpoint_equality,79,0.0,-0.08671755156825567,-0.08671755156825567
L01,endpoint_equality,80,0.31638798532601764,-0.11539893690908554,-0.4317869222351032
L01,endpoint_equality,81,0.0,-0.6692979449154697,-0.6692979449154697
L01,endpoint_equality,82,0.0,0.02350519125841677,0.02350519125841677
L01,endpoint_equality,83,0.0,-0.86222103279134,-0.86222103279134
L01,endpoint_equality,84,0.0,-0.2827907001500988,-0.2827907001500988
L01,endpoint_equality,87,0.4097100388615037,-0.07582070851352674,-0.48553074737503044
L01,endpoint_equality,89,0.0,-0.4898860152489803,-0.4898860152489803
L01,endpoint_equality,90,0.0,-0.13143894322944694,-0.13143894322944694
L01,endpoint_equality,91,0.0,0.23067620739955808,0.23067620739955808
L01,endpoint_equality,93,0.0,-0.24176382215841036,-0.24176382215841036
L01,endpoint_equality,98,0.0,-0.5301978338430532,-0.5301978338430533
L01,endpoint_equality,99,0.0,-0.7565529184205508,-0.7565529184205507
L01,endpoint_equality,100,0.0,-0.5031479253830972,-0.5031479253830972
L01,endpoint_equality,104,0.4881342389266162,0.0,-0.4881342389266162
L01,endpoint_equality,107,0.2868205602616156,0.0,-0.2868205602616156
L01,endpoint_equality,109,0.22683125120845193,-0.11668423924738125,-0.3435154904558332
L01,endpoint_equality,110,0.0,-0.6059419840421422,-0.6059419840421423
L01,endpoint_equality,114,0.0,-0.4955001817809159,-0.4955001817809159
L01,endpoint_equality,115,0.0,-0.08982183479470529,-0.08982183479470529
L01,endpoint_equality,117,0.0,-0.6297054942780658,-0.6297054942780658
L01,endpoint_equality,118,0.0,-0.5644714836497128,-0.5644714836497128
L01,endpoint_equality,128,0.0,-0.06547319874447166,-0.06547319874447166
L01,endpoint_equality,130,0.05438179664986975,0.0,-0.05438179664986975
L01,endpoint_equality,136,0.0,0.12578568034450877,0.12578568034450877
L01,endpoint_equality,138,0.0,-0.7490788396030306,-0.7490788396030306
L01,endpoint_equality,140,0.0,-0.16718622864694366,-0.16718622864694366
L01,endpoint_equality,142,5.551115123125783e-17,-0.97352770964287,-0.9735277096428702
L01,endpoint_equality,144,0.16563618659732604,-0.03317181752858511,-0.19880800412591115
L01,endpoint_equality,149,0.0,-0.21515030897759002,-0.21515030897759002
L01,endpoint_equality,152,0.0,-0.1762199937422657,-0.1762199937422657
L01,endpoint_equality,153,0.0,0.017728604112802193,0.017728604112802193
L01,endpoint_equality,156,0.0,-0.5187118971508448,-0.5187118971508448
L01,endpoint_equality,158,0.0,-0.11051004754716498,-0.11051004754716498
L01,endpoint_equality,159,0.0,-0.7233566969936776,-0.7233566969936778
L01,endpoint_equality,160,0.0,-0.17192549346249675,-0.17192549346249675
L01,endpoint_equality,162,0.0,-0.2840843208365137,-0.2840843208365137
L01,endpoint_equality,163,0.0,-0.03480150001435345,-0.03480150001435345
L01,endpoint_equality,165,-2.7755575615628914e-17,-0.9442095657291287,-0.9442095657291287
L01,endpoint_equality,167,0.0,0.14324883880396033,0.14324883880396033
L01,endpoint_equality,168,0.0,-0.23402714892264354,-0.23402714892264348
L01,endpoint_equality,170,0.0,-0.4594843550616919,-0.4594843550616919
L01,endpoint_equality,172,0.0,-0.5061978341192308,-0.5061978341192308
L01,endpoint_equality,173,0.0,-0.2887188284619193,-0.2887188284619193
L01,endpoint_equality,175,0.0,0.050784815278281714,0.050784815278281714
L01,endpoint_equality,176,0.0,-0.38082859271092545,-0.3808285927109254
L01,endpoint_equality,180,0.0,0.0686171991044846,0.0686171991044846
L01,endpoint_equality,181,0.0,-0.5927860612144739,-0.5927860612144737
L01,endpoint_equality,182,0.0,0.03225723922319479,0.03225723922319479
L01,endpoint_equality,183,0.0,-0.01535911095552911,-0.01535911095552911
L01,endpoint_equality,184,0.0,-0.2150105744348103,-0.2150105744348103
L01,endpoint_equality,185,0.0,0.09240690968157717,0.09240690968157717
L01,endpoint_equality,186,0.0,0.04424544947074893,0.04424544947074893
L01,endpoint_equality,191,0.0,-0.6712172060768642,-0.6712172060768642
L01,endpoint_equality,192,0.0,-0.4419032987915046,-0.4419032987915046
L01,endpoint_equality,193,0.0,-0.3485628935395323,-0.3485628935395323
L01,endpoint_equality,196,0.0,0.20878062194494107,0.20878062194494107
L01,endpoint_identity,1,-0.10576005890535545,-0.18457069939991477,-0.07881064049455933
L01,endpoint_identity,2,0.18114507896637988,-0.013154417051141065,-0.19429949601752095
L01,endpoint_identity,3,0.0,-0.5254358067932154,-0.5254358067932154
L01,endpoint_identity,9,-0.49399093981629383,-0.7605252898973067,-0.2665343500810129
L01,endpoint_identity,11,0.0,0.034146582384705804,0.034146582384705804
L01,endpoint_identity,15,-0.15299299001523015,-0.24805459130211371,-0.09506160128688357
L01,endpoint_identity,16,0.29776990197709363,-0.11699370538263265,-0.4147636073597263
L01,endpoint_identity,20,0.0,-0.6569930278080933,-0.6569930278080933
L01,endpoint_identity,23,0.0,-0.47943094145596515,-0.4794309414559652
L01,endpoint_identity,24,0.0,0.18887685352094685,0.18887685352094685
L01,endpoint_identity,25,5.551115123125783e-17,-1.0363603231390486,-1.0363603231390486
L01,endpoint_identity,26,-0.28471869442655373,-0.4974982916102837,-0.21277959718372996
L01,endpoint_identity,31,0.0,-0.5933775615039756,-0.5933775615039756
L01,endpoint_identity,36,0.0,-0.8230655705148693,-0.8230655705148693
L01,endpoint_identity,37,0.0,-0.7457199886694938,-0.745719988669494
L01,endpoint_identity,39,0.0,-0.3199011571229333,-0.3199011571229333
L01,endpoint_identity,46,0.0,-0.6008688877799968,-0.6008688877799968
L01,endpoint_identity,47,-0.44492495312650515,-0.5772215572534756,-0.13229660412697042
L01,endpoint_identity,48,-0.5528807706597361,-0.8285087030325347,-0.27562793237279865
L01,endpoint_identity,54,0.0,-0.44516884977661664,-0.44516884977661664
L01,endpoint_identity,56,0.0,-0.5338342990861862,-0.5338342990861862
L01,endpoint_identity,57,-0.7109900385756449,-0.1989628533399792,0.5120271852356657
L01,endpoint_identity,59,-0.4104320392054216,-0.5633534239693201,-0.1529213847638985
L01,endpoint_identity,62,0.0,-0.6911644377997107,-0.6911644377997108
L01,endpoint_identity,63,0.0,-0.35339650814844065,-0.35339650814844065
L01,endpoint_identity,72,0.0,0.21625015562372352,0.21625015562372352
L01,endpoint_identity,74,-0.27234011424814986,-0.3156003176275429,-0.04326020337939304
L01,endpoint_identity,79,-0.19391191509131878,-0.24855246839156764,-0.05464055330024886
L01,endpoint_identity,80,-0.48224837078872623,-1.0351246627918846,-0.5528762920031584
L01,endpoint_identity,81,0.0,-0.708375670274196,-0.708375670274196
L01,endpoint_identity,82,-0.011961609821800945,0.04349436825751973,0.05545597807932068
L01,endpoint_identity,84,-0.3183883001992193,-0.6560050313606421,-0.3376167311614228
L01,endpoint_identity,87,0.5377444260057235,0.1129062119102513,-0.4248382140954722
L01,endpoint_identity,89,0.0,-0.6636997207074409,-0.6636997207074409
L01,endpoint_identity,90,-0.43081502652530873,-0.4898399137422992,-0.05902488721699045
L01,endpoint_identity,93,0.0,-0.24176382215841036,-0.24176382215841036
L01,endpoint_identity,99,0.0,-0.6878852369234737,-0.6878852369234736
L01,endpoint_identity,100,0.0,-0.5042716427876087,-0.5042716427876087
L01,endpoint_identity,104,0.44018385704174456,0.002392302089220033,-0.43779155495252453
L01,endpoint_identity,107,0.27292236485423305,0.0,-0.27292236485423305
L01,endpoint_identity,110,0.0,-0.6246898062034435,-0.6246898062034436
L01,endpoint_identity,115,0.18132862306840236,0.0723747254797662,-0.10895389758863616
L01,endpoint_identity,117,0.0,-0.49042033706615606,-0.49042033706615606
L01,endpoint_identity,118,5.551115123125783e-17,-0.6596638300723814,-0.6596638300723814
L01,endpoint_identity,130,-0.015472082891349825,-0.09948172923758325,-0.08400964634623342
L01,endpoint_identity,136,0.0,0.13183856378997594,0.13183856378997594
L01,endpoint_identity,138,0.0,-0.5732327318868015,-0.5732327318868015
L01,endpoint_identity,140,0.5000518069181596,0.12931212556126326,-0.3707396813568964
L01,endpoint_identity,144,0.12193653333110055,-0.1342006133015512,-0.25613714663265175
L01,endpoint_identity,149,-0.664288952687915,-0.6442497488371957,0.020039203850719278
L01,endpoint_identity,156,0.0,-0.4991912320499947,-0.4991912320499947
L01,endpoint_identity,158,-0.04520416668779881,-0.18679317632251524,-0.14158900963471643
L01,endpoint_identity,160,0.0,-0.2308579856037435,-0.2308579856037435
L01,endpoint_identity,162,-0.44808519548313647,-0.44708474977335755,0.0010004457097789188
L01,endpoint_identity,163,-0.11416108620040377,-0.09139814818104286,0.022762938019360912
L01,endpoint_identity,168,0.0,-0.23598808964777718,-0.23598808964777712
L01,endpoint_identity,170,0.0,-0.4594843550616919,-0.4594843550616919
L01,endpoint_identity,172,0.0,-0.5324731237199922,-0.5324731237199922
L01,endpoint_identity,175,0.0,0.0792856266414721,0.0792856266414721
L01,endpoint_identity,176,0.0,-0.38566377356288684,-0.38566377356288684
L01,endpoint_identity,180,0.039157685303736534,0.05099917107239893,0.011841485768662396
L01,endpoint_identity,182,-0.06042405864445355,0.020264079246679834,0.08068813789113338
L01,endpoint_identity,183,0.0,-0.05647711135966316,-0.05647711135966316
L01,endpoint_identity,184,0.0,-0.20048853321285198,-0.20048853321285198
L01,endpoint_identity,186,0.0,0.017267379896982682,0.017267379896982682
L01,endpoint_identity,191,0.0,-0.5783622156421842,-0.5783622156421842
L01,endpoint_identity,192,0.0,-0.4372272245804235,-0.4372272245804235
L01,endpoint_identity,193,-0.42926017598266947,-0.7241227398347816,-0.2948625638521121
L01,endpoint_identity_suffix,1,-0.10576005890535545,-0.18457069939991477,-0.07881064049455933
L01,endpoint_identity_suffix,2,0.18114507896637988,-0.013154417051141065,-0.19429949601752095
L01,endpoint_identity_suffix,3,0.0,-0.55507487779864,-0.55507487779864
L01,endpoint_identity_suffix,9,-0.492138354542891,-0.7605252898973067,-0.2683869353544157
L01,endpoint_identity_suffix,11,0.0,0.034146582384705804,0.034146582384705804
L01,endpoint_identity_suffix,15,0.16110371920784594,0.1395623112174751,-0.021541407990370853
L01,endpoint_identity_suffix,16,0.3053729778870782,-0.11699370538263265,-0.42236668326971083
L01,endpoint_identity_suffix,20,0.0,-0.6349968362094707,-0.6349968362094707
L01,endpoint_identity_suffix,23,0.0,-0.8006221085364356,-0.8006221085364357
L01,endpoint_identity_suffix,24,0.0,0.18887685352094685,0.18887685352094685
L01,endpoint_identity_suffix,26,-0.23775971019548975,-0.7966332739458253,-0.5588735637503355
L01,endpoint_identity_suffix,31,0.1711632868422362,-0.5933775615039756,-0.7645408483462117
L01,endpoint_identity_suffix,36,0.0,-0.9167889571558792,-0.9167889571558792
L01,endpoint_identity_suffix,37,0.0,-0.7457199886694938,-0.745719988669494
L01,endpoint_identity_suffix,39,0.0,-0.3199011571229333,-0.3199011571229333
L01,endpoint_identity_suffix,46,0.0,-0.5777772111673691,-0.5777772111673691
L01,endpoint_identity_suffix,47,-0.44492495312650515,-0.5502591566618853,-0.10533420353538014
L01,endpoint_identity_suffix,56,0.021906574304166926,-0.612168821349547,-0.634075395653714
L01,endpoint_identity_suffix,59,-0.31615120360815296,-0.5633534239693201,-0.24720222036116712
L01,endpoint_identity_suffix,62,0.04899625959074316,-0.6214348391007791,-0.6704310986915223
L01,endpoint_identity_suffix,63,0.0,-0.3897675970914458,-0.3897675970914458
L01,endpoint_identity_suffix,72,0.3564819588048824,0.4482295140112198,0.09174755520633737
L01,endpoint_identity_suffix,74,-0.1258494282210022,-0.35603350083510765,-0.23018407261410545
L01,endpoint_identity_suffix,79,0.24553937625499556,0.08777106344263497,-0.1577683128123606
L01,endpoint_identity_suffix,81,4.630391087025176e-05,-0.946099226450418,-0.9461455303612882
L01,endpoint_identity_suffix,82,-0.011961609821800945,0.04349436825751973,0.05545597807932068
L01,endpoint_identity_suffix,84,-0.2263386898636447,-0.6560050313606421,-0.42966634149699745
L01,endpoint_identity_suffix,87,0.5377444260057235,0.1129062119102513,-0.4248382140954722
L01,endpoint_identity_suffix,89,0.0,-0.8936226001258092,-0.8936226001258092
L01,endpoint_identity_suffix,93,0.0,-0.41299935364091367,-0.41299935364091367
L01,endpoint_identity_suffix,100,0.0,-0.4014869523861077,-0.4014869523861077
L01,endpoint_identity_suffix,104,0.44018385704174456,0.002392302089220033,-0.43779155495252453
L01,endpoint_identity_suffix,107,0.6257903132980711,0.2958755193320629,-0.3299147939660082
L01,endpoint_identity_suffix,110,0.0,-0.5901520793548521,-0.5901520793548523
L01,endpoint_identity_suffix,115,0.18132862306840236,0.0723747254797662,-0.10895389758863616
L01,endpoint_identity_suffix,117,0.0,-0.4752416875223331,-0.4752416875223331
L01,endpoint_identity_suffix,118,-0.2302205510782364,-0.7650021212537254,-0.534781570175489
L01,endpoint_identity_suffix,130,0.09091733192566376,0.021012242951182647,-0.06990508897448111
L01,endpoint_identity_suffix,136,0.0,0.13183856378997594,0.13183856378997594
L01,endpoint_identity_suffix,138,0.0,-0.5732327318868015,-0.5732327318868015
L01,endpoint_identity_suffix,140,0.5000518069181596,0.12931212556126326,-0.3707396813568964
L01,endpoint_identity_suffix,144,0.14913747638084207,-0.1342006133015512,-0.28333808968239327
L01,endpoint_identity_suffix,156,0.06424728042893588,-0.6574853812968025,-0.7217326617257385
L01,endpoint_identity_suffix,158,0.23479186355416248,-0.02060430334900243,-0.2553961669031649
L01,endpoint_identity_suffix,160,0.0,-0.2308579856037435,-0.2308579856037435
L01,endpoint_identity_suffix,162,-0.4001529903421017,-0.44708474977335755,-0.046931759431255826
L01,endpoint_identity_suffix,163,0.10362620943138245,0.009067076553861075,-0.09455913287752138
L01,endpoint_identity_suffix,168,0.0,-0.5667749797768163,-0.5667749797768162
L01,endpoint_identity_suffix,170,0.023231001541844154,-0.49294857070032316,-0.5161795722421674
L01,endpoint_identity_suffix,172,0.0,-0.5324731237199922,-0.5324731237199922
L01,endpoint_identity_suffix,175,0.0,0.014208789875296723,0.014208789875296723
L01,endpoint_identity_suffix,176,0.0,-0.6436536450557325,-0.6436536450557325
L01,endpoint_identity_suffix,180,0.039157685303736534,0.05099917107239893,0.011841485768662396
L01,endpoint_identity_suffix,182,0.28040062419581213,0.26818357117037894,-0.012217053025433189
L01,endpoint_identity_suffix,183,0.1991868936913277,0.1252010782137125,-0.07398581547761518
L01,endpoint_identity_suffix,184,0.0,-0.20048853321285198,-0.20048853321285198
L01,endpoint_identity_suffix,186,0.0,0.006576865851745772,0.006576865851745772
L01,endpoint_identity_suffix,191,0.0,-0.59617307424699,-0.59617307424699
L01,endpoint_identity_suffix,192,0.0,-0.6715065294196406,-0.6715065294196406
L01,endpoint_identity_suffix,193,-0.42926017598266947,-0.7241227398347816,-0.2948625638521121
L02,endpoint_equality,1,0.0,-0.07478423663358447,-0.07478423663358447
L02,endpoint_equality,2,0.0,-0.09415462861435797,-0.09415462861435797
L02,endpoint_equality,3,0.0,-0.4652811436074299,-0.4652811436074299
L02,endpoint_equality,4,0.0,0.04607286654660281,0.04607286654660281
L02,endpoint_equality,8,0.38760742024093453,0.0,-0.38760742024093453
L02,endpoint_equality,9,0.0,-0.196237062551482,-0.196237062551482
L02,endpoint_equality,11,0.0,0.04028781346374166,0.04028781346374166
L02,endpoint_equality,15,0.0,-0.10447699739522887,-0.10447699739522887
L02,endpoint_equality,16,0.19977880600045195,-0.13216957303850796,-0.3319483790389599
L02,endpoint_equality,20,0.0,-0.5774420460460704,-0.5774420460460704
L02,endpoint_equality,23,0.0,-0.6112014547878556,-0.6112014547878556
L02,endpoint_equality,24,0.0,0.1572311778097144,0.1572311778097144
L02,endpoint_equality,25,-1.1102230246251565e-16,-0.6404720354426946,-0.6404720354426945
L02,endpoint_equality,26,0.0,-0.24237111636803377,-0.24237111636803377
L02,endpoint_equality,31,0.0,-0.6780839593362296,-0.6780839593362296
L02,endpoint_equality,36,0.0,-0.8011154568900498,-0.8011154568900499
L02,endpoint_equality,37,0.0,-0.5618329676658421,-0.5618329676658421
L02,endpoint_equality,39,0.0,0.05650900999316799,0.05650900999316799
L02,endpoint_equality,46,0.0,-0.5918633147019507,-0.5918633147019507
L02,endpoint_equality,47,0.0,-0.10428711560236359,-0.10428711560236359
L02,endpoint_equality,48,0.21505800948887033,-0.07382940017725881,-0.28888740966612914
L02,endpoint_equality,50,0.0,0.04603124782505397,0.04603124782505397
L02,endpoint_equality,53,0.0,0.051103883185512844,0.051103883185512844
L02,endpoint_equality,54,0.0,-0.402121013563043,-0.402121013563043
L02,endpoint_equality,56,0.0,-0.5024650071302952,-0.5024650071302952
L02,endpoint_equality,57,0.0,0.36301413120276005,0.36301413120276005
L02,endpoint_equality,59,0.0,-0.24377243688939498,-0.24377243688939498
L02,endpoint_equality,62,0.0,-0.6311156319933272,-0.6311156319933272
L02,endpoint_equality,63,0.0,-0.3327904926882531,-0.3327904926882531
L02,endpoint_equality,72,0.0,0.10826019735654402,0.10826019735654402
L02,endpoint_equality,74,0.0725869400338543,0.0,-0.0725869400338543
L02,endpoint_equality,79,0.0,-0.08778633935006397,-0.08778633935006397
L02,endpoint_equality,80,0.3152157226644625,-0.11084264605129879,-0.4260583687157613
L02,endpoint_equality,81,0.0,-0.6204749278837429,-0.6204749278837429
L02,endpoint_equality,82,0.0,0.021604243583331018,0.021604243583331018
L02,endpoint_equality,83,0.0,-0.7920859193125087,-0.7920859193125086
L02,endpoint_equality,84,0.0,-0.2557662871799774,-0.2557662871799774
L02,endpoint_equality,87,0.38948977995666323,-0.07385173911806597,-0.4633415190747292
L02,endpoint_equality,89,0.0,-0.44680975048757643,-0.4468097504875764
L02,endpoint_equality,90,0.0,-0.10992733785784314,-0.10992733785784314
L02,endpoint_equality,91,0.0,0.20365781739871536,0.20365781739871536
L02,endpoint_equality,93,0.0,-0.21948147571312182,-0.21948147571312182
L02,endpoint_equality,98,0.0,-0.5258034318350467,-0.5258034318350469
L02,endpoint_equality,99,0.0,-0.7187836244080603,-0.7187836244080603
L02,endpoint_equality,100,0.0,-0.47954512239144653,-0.47954512239144653
L02,endpoint_equality,104,0.48609503054084024,0.0,-0.48609503054084024
L02,endpoint_equality,107,0.2890494963980029,0.0,-0.2890494963980029
L02,endpoint_equality,109,0.21639305217690563,-0.11216029516371706,-0.3285533473406227
L02,endpoint_equality,110,0.0,-0.5498633582563455,-0.5498633582563455
L02,endpoint_equality,114,0.0,-0.4866332039617054,-0.4866332039617054
L02,endpoint_equality,115,0.0,-0.07431465085502986,-0.07431465085502986
L02,endpoint_equality,117,0.0,-0.6142896937465236,-0.6142896937465236
L02,endpoint_equality,118,0.0,-0.5141642757909239,-0.5141642757909239
L02,endpoint_equality,128,0.0,-0.059692073918245825,-0.059692073918245825
L02,endpoint_equality,130,0.052002261583926734,0.0,-0.052002261583926734
L02,endpoint_equality,136,0.0,0.11808069603357452,0.11808069603357452
L02,endpoint_equality,138,0.0,-0.6955094714856721,-0.6955094714856721
L02,endpoint_equality,140,0.0,-0.16692005397745635,-0.16692005397745635
L02,endpoint_equality,142,1.1102230246251565e-16,-0.9238570179962591,-0.9238570179962591
L02,endpoint_equality,144,0.1676672773177077,-0.032999229035513666,-0.20066650635322136
L02,endpoint_equality,149,0.0,-0.21461552709511988,-0.21461552709511988
L02,endpoint_equality,152,0.0,-0.15905557442668294,-0.15905557442668294
L02,endpoint_equality,153,0.0,0.013276754761741838,0.013276754761741838
L02,endpoint_equality,156,0.0,-0.46321164555809224,-0.46321164555809224
L02,endpoint_equality,158,0.0,-0.10504848517939669,-0.10504848517939669
L02,endpoint_equality,159,0.0,-0.672493622937183,-0.672493622937183
L02,endpoint_equality,160,0.0,-0.16993562238781745,-0.16993562238781745
L02,endpoint_equality,162,0.0,-0.2700631844248075,-0.2700631844248075
L02,endpoint_equality,163,0.0,-0.0317313940477022,-0.0317313940477022
L02,endpoint_equality,165,0.0,-0.8726410112094954,-0.8726410112094953
L02,endpoint_equality,167,0.0,0.13731216289170134,0.13731216289170134
L02,endpoint_equality,168,0.0,-0.2142668562512391,-0.21426685625123915
L02,endpoint_equality,170,0.0,-0.43251700942086624,-0.4325170094208663
L02,endpoint_equality,172,0.0,-0.4678781517605841,-0.4678781517605841
L02,endpoint_equality,173,0.0,-0.2615319328926572,-0.2615319328926572
L02,endpoint_equality,175,0.0,0.044539626630034856,0.044539626630034856
L02,endpoint_equality,176,0.0,-0.36663164417192345,-0.36663164417192345
L02,endpoint_equality,180,0.0,0.06661716123600936,0.06661716123600936
L02,endpoint_equality,181,0.0,-0.517544483251664,-0.517544483251664
L02,endpoint_equality,182,0.0,0.030651376795586938,0.030651376795586938
L02,endpoint_equality,183,0.0,-0.014491966948526613,-0.014491966948526613
L02,endpoint_equality,184,0.0,-0.20212165217881617,-0.20212165217881617
L02,endpoint_equality,185,0.0,0.08752594766399624,0.08752594766399624
L02,endpoint_equality,186,0.0,0.0417259579906899,0.0417259579906899
L02,endpoint_equality,191,0.0,-0.6549519621132205,-0.6549519621132205
L02,endpoint_equality,192,0.0,-0.4285540103359179,-0.4285540103359179
L02,endpoint_equality,193,0.0,-0.34336660131330576,-0.34336660131330576
L02,endpoint_equality,196,0.0,0.1975888144021547,0.1975888144021547
L02,endpoint_identity,1,-0.10451905501311332,-0.15000683321685182,-0.045487778203738505
L02,endpoint_identity,2,0.18736562144079294,0.00852297571117111,-0.17884264572962183
L02,endpoint_identity,3,0.0,-0.45019533278961577,-0.45019533278961577
L02,endpoint_identity,9,-0.5019598409844693,-0.7350372051132921,-0.2330773641288227
L02,endpoint_identity,11,0.0,0.04180798884729153,0.04180798884729153
L02,endpoint_identity,15,-0.12296974244049497,-0.24134403929805537,-0.1183742968575604
L02,endpoint_identity,16,0.2941603528545391,-0.10973738745323658,-0.4038977403077757
L02,endpoint_identity,20,0.0,-0.6052953068271855,-0.6052953068271855
L02,endpoint_identity,23,0.0,-0.39342801640404024,-0.39342801640404024
L02,endpoint_identity,24,0.0,0.1547709189825719,0.1547709189825719
L02,endpoint_identity,25,1.1102230246251565e-16,-1.0142683955907006,-1.0142683955907006
L02,endpoint_identity,26,-0.2730734771097341,-0.4277137347671187,-0.1546402576573846
L02,endpoint_identity,31,0.0,-0.5620167535475387,-0.5620167535475387
L02,endpoint_identity,36,0.0,-0.814091130518841,-0.814091130518841
L02,endpoint_identity,37,0.0,-0.7305002131879028,-0.7305002131879028
L02,endpoint_identity,39,0.0,-0.4019289751534585,-0.4019289751534585
L02,endpoint_identity,46,0.0,-0.5917933204219195,-0.5917933204219195
L02,endpoint_identity,47,-0.33204796623017685,-0.5520628451200918,-0.220014878889915
L02,endpoint_identity,48,-0.535581357035308,-0.8311750120781002,-0.2955936550427922
L02,endpoint_identity,54,0.0,-0.40265012123405,-0.40265012123405
L02,endpoint_identity,56,0.0,-0.49601725922360995,-0.49601725922360995
L02,endpoint_identity,57,-0.7028426958303691,-0.18860510727294238,0.5142375885574267
L02,endpoint_identity,59,-0.430742478837654,-0.5198733215035812,-0.08913084266592725
L02,endpoint_identity,62,0.0,-0.651373444459201,-0.651373444459201
L02,endpoint_identity,63,0.0,-0.3458366803050165,-0.3458366803050165
L02,endpoint_identity,72,0.0,0.2302947322330331,0.2302947322330331
L02,endpoint_identity,74,-0.2780322544010334,-0.3064660255440202,-0.028433771142986786
L02,endpoint_identity,79,-0.2003768525149362,-0.2563156182604258,-0.055938765745489616
L02,endpoint_identity,80,-0.48808414072193634,-1.0092478657068262,-0.5211637249848899
L02,endpoint_identity,81,0.0,-0.6830684277392629,-0.6830684277392629
L02,endpoint_identity,82,-0.015379235217452214,0.038441810625300166,0.05382104584275238
L02,endpoint_identity,84,-0.34686630271415336,-0.6357211379394737,-0.28885483522532035
L02,endpoint_identity,87,0.5112053361931204,0.08488352417628131,-0.42632181201683905
L02,endpoint_identity,89,0.0,-0.6179956920272467,-0.6179956920272467
L02,endpoint_identity,90,-0.4421645351822006,-0.4216807774738045,0.02048375770839611
L02,endpoint_identity,93,0.0,-0.21948147571312182,-0.21948147571312182
L02,endpoint_identity,99,0.0,-0.6767183891721436,-0.6767183891721436
L02,endpoint_identity,100,0.0,-0.4790226243074862,-0.4790226243074862
L02,endpoint_identity,104,0.45391078790581285,0.025332970774692765,-0.4285778171311201
L02,endpoint_identity,107,0.2786374136796539,0.0,-0.2786374136796539
L02,endpoint_identity,110,0.0,-0.5659360641594459,-0.5659360641594459
L02,endpoint_identity,115,0.18472100146088177,0.07288070591001738,-0.11184029555086439
L02,endpoint_identity,117,0.0,-0.4642726408829747,-0.4642726408829747
L02,endpoint_identity,118,5.551115123125783e-17,-0.6519793038708892,-0.6519793038708893
L02,endpoint_identity,130,-0.008443358849729354,-0.10244793685212272,-0.09400457800239337
L02,endpoint_identity,136,0.0,0.11861664242526526,0.11861664242526526
L02,endpoint_identity,138,0.0,-0.5249156868939087,-0.5249156868939087
L02,endpoint_identity,140,0.48702828046708924,0.12354446484065074,-0.3634838156264385
L02,endpoint_identity,144,0.12419062897706801,-0.12581014195955253,-0.25000077093662054
L02,endpoint_identity,149,-0.6691101929762718,-0.6488625662976657,0.020247626678606134
L02,endpoint_identity,156,0.0,-0.44067996754068794,-0.44067996754068794
L02,endpoint_identity,158,-0.039634071789108716,-0.18398061653100506,-0.14434654474189634
L02,endpoint_identity,160,0.0,-0.20619563456264844,-0.20619563456264844
L02,endpoint_identity,162,-0.45761595629912455,-0.3915074677833065,0.06610848851581808
L02,endpoint_identity,163,-0.10411081177095916,-0.08251755837516783,0.021593253395791323
L02,endpoint_identity,168,0.0,-0.2158012470663493,-0.21580124706634934
L02,endpoint_identity,170,0.0,-0.43251700942086624,-0.4325170094208663
L02,endpoint_identity,172,0.0,-0.4898621314753333,-0.4898621314753333
L02,endpoint_identity,175,0.0,0.0694180726817224,0.0694180726817224
L02,endpoint_identity,176,0.0,-0.3723863392404915,-0.3723863392404915
L02,endpoint_identity,180,0.07432444516989412,0.07932490788174773,0.005000462711853615
L02,endpoint_identity,182,-0.042766538723523206,0.022415352972267266,0.06518189169579047
L02,endpoint_identity,183,0.0,-0.07105230598948675,-0.07105230598948675
L02,endpoint_identity,184,0.0,-0.17130370677350504,-0.17130370677350504
L02,endpoint_identity,186,0.0,0.005669381896794556,0.005669381896794556
L02,endpoint_identity,191,0.0,-0.5457953944082097,-0.5457953944082097
L02,endpoint_identity,192,0.0,-0.4254263512819819,-0.4254263512819819
L02,endpoint_identity,193,-0.4489958105636074,-0.7070134150013436,-0.2580176044377363
L02,endpoint_identity_suffix,1,-0.10451905501311332,-0.15000683321685182,-0.045487778203738505
L02,endpoint_identity_suffix,2,0.18736562144079294,0.00852297571117111,-0.17884264572962183
L02,endpoint_identity_suffix,3,0.0,-0.48869042853039113,-0.48869042853039113
L02,endpoint_identity_suffix,9,-0.5032475219196547,-0.7350372051132921,-0.23178968319363738
L02,endpoint_identity_suffix,11,0.0,0.04180798884729153,0.04180798884729153
L02,endpoint_identity_suffix,15,0.135883570983248,0.1355259815660983,-0.00035758941714969517
L02,endpoint_identity_suffix,16,0.3042666105051228,-0.10973738745323658,-0.4140039979583594
L02,endpoint_identity_suffix,20,0.0,-0.5776950626608938,-0.5776950626608938
L02,endpoint_identity_suffix,23,0.0,-0.8043504259084404,-0.8043504259084404
L02,endpoint_identity_suffix,24,0.0,0.1547709189825719,0.1547709189825719
L02,endpoint_identity_suffix,26,-0.23651070703231092,-0.7872009533602853,-0.5506902463279744
L02,endpoint_identity_suffix,31,0.1613141015263817,-0.5620167535475387,-0.7233308550739204
L02,endpoint_identity_suffix,36,0.0,-0.9104699689456845,-0.9104699689456847
L02,endpoint_identity_suffix,37,0.0,-0.7305002131879028,-0.7305002131879028
L02,endpoint_identity_suffix,39,0.0,-0.4019289751534585,-0.4019289751534585
L02,endpoint_identity_suffix,46,0.0,-0.5728176803141398,-0.5728176803141398
L02,endpoint_identity_suffix,47,-0.33204796623017685,-0.5242992029294133,-0.1922512366992365
L02,endpoint_identity_suffix,56,0.02940277557854043,-0.5791694483019179,-0.6085722238804583
L02,endpoint_identity_suffix,59,-0.34296855920177194,-0.5198733215035812,-0.1769047623018093
L02,endpoint_identity_suffix,62,0.05742699748253077,-0.5694991433559428,-0.6269261408384735
L02,endpoint_identity_suffix,63,0.0,-0.3931466088643317,-0.3931466088643317
L02,endpoint_identity_suffix,72,0.36658642921053153,0.4337535221398575,0.06716709292932599
L02,endpoint_identity_suffix,74,-0.12025490319067039,-0.33571739959593383,-0.21546249640526344
L02,endpoint_identity_suffix,79,0.24045957613093216,0.09249249032100404,-0.14796708580992812
L02,endpoint_identity_suffix,81,-0.0023102240504518645,-0.9506440573346724,-0.9483338332842206
L02,endpoint_identity_suffix,82,-0.015379235217452214,0.038441810625300166,0.05382104584275238
L02,endpoint_identity_suffix,84,-0.2634570741704642,-0.6357211379394737,-0.3722640637690095
L02,endpoint_identity_suffix,87,0.5112053361931204,0.08488352417628131,-0.42632181201683905
L02,endpoint_identity_suffix,89,0.0,-0.880901125880533,-0.8809011258805329
L02,endpoint_identity_suffix,93,0.0,-0.41406039123304184,-0.41406039123304184
L02,endpoint_identity_suffix,100,0.0,-0.36466312338679896,-0.36466312338679896
L02,endpoint_identity_suffix,104,0.45391078790581285,0.025332970774692765,-0.4285778171311201
L02,endpoint_identity_suffix,107,0.6306534466865527,0.3012287348532673,-0.32942471183328537
L02,endpoint_identity_suffix,110,0.0,-0.5237195902432707,-0.5237195902432707
L02,endpoint_identity_suffix,115,0.18472100146088177,0.07288070591001738,-0.11184029555086439
L02,endpoint_identity_suffix,117,0.0,-0.4483591703981362,-0.4483591703981362
L02,endpoint_identity_suffix,118,-0.24252757537286015,-0.7768605428929694,-0.5343329675201093
L02,endpoint_identity_suffix,130,0.09529498313090301,0.026269606588728456,-0.06902537654217455
L02,endpoint_identity_suffix,136,0.0,0.11861664242526526,0.11861664242526526
L02,endpoint_identity_suffix,138,0.0,-0.5249156868939087,-0.5249156868939087
L02,endpoint_identity_suffix,140,0.48702828046708924,0.12354446484065074,-0.3634838156264385
L02,endpoint_identity_suffix,144,0.15469697349512113,-0.12581014195955253,-0.28050711545467366
L02,endpoint_identity_suffix,156,0.07136985992378389,-0.5872615006721746,-0.6586313605959584
L02,endpoint_identity_suffix,158,0.2420923338309099,-0.021458203555712707,-0.2635505373866226
L02,endpoint_identity_suffix,160,0.0,-0.20619563456264844,-0.20619563456264844
L02,endpoint_identity_suffix,162,-0.4154974216693205,-0.3915074677833065,0.023989953886014048
L02,endpoint_identity_suffix,163,0.1047471381487004,-0.004211446968303667,-0.10895858511700407
L02,endpoint_identity_suffix,168,0.0,-0.6012216045115051,-0.6012216045115051
L02,endpoint_identity_suffix,170,0.027991547321929267,-0.47286655700382335,-0.5008581043257527
L02,endpoint_identity_suffix,172,0.0,-0.4898621314753333,-0.4898621314753333
L02,endpoint_identity_suffix,175,0.0,-0.010591454322948168,-0.010591454322948168
L02,endpoint_identity_suffix,176,0.0,-0.6027222763176658,-0.6027222763176658
L02,endpoint_identity_suffix,180,0.07432444516989412,0.07932490788174773,0.005000462711853615
L02,endpoint_identity_suffix,182,0.2848136305866211,0.2687341898490717,-0.01607944073754941
L02,endpoint_identity_suffix,183,0.19807276575461374,0.1092203933608693,-0.08885237239374444
L02,endpoint_identity_suffix,184,0.0,-0.17130370677350504,-0.17130370677350504
L02,endpoint_identity_suffix,186,0.0,-0.0007834127670007796,-0.0007834127670007796
L02,endpoint_identity_suffix,191,0.0,-0.5737607477450049,-0.5737607477450049
L02,endpoint_identity_suffix,192,0.0,-0.6643287166223046,-0.6643287166223046
L02,endpoint_identity_suffix,193,-0.4489958105636074,-0.7070134150013436,-0.2580176044377363
L03,endpoint_equality,1,0.0,-0.06922569197393469,-0.06922569197393469
L03,endpoint_equality,2,0.0,-0.09018401736685777,-0.09018401736685777
L03,endpoint_equality,3,0.0,-0.4403109683998937,-0.4403109683998937
L03,endpoint_equality,4,0.0,0.04206758945492628,0.04206758945492628
L03,endpoint_equality,8,0.37285603982351856,0.0,-0.37285603982351856
L03,endpoint_equality,9,0.0,-0.18290680619009703,-0.18290680619009703
L03,endpoint_equality,11,0.0,0.03712039804390144,0.03712039804390144
L03,endpoint_equality,15,0.0,-0.09995314800793098,-0.09995314800793098
L03,endpoint_equality,16,0.19599042257013588,-0.11874232371929239,-0.31473274628942827
L03,endpoint_equality,20,0.0,-0.5322893481499402,-0.5322893481499402
L03,endpoint_equality,23,0.0,-0.5836334172599132,-0.5836334172599132
L03,endpoint_equality,24,0.0,0.14590902507593695,0.14590902507593695
L03,endpoint_equality,25,-2.220446049250313e-16,-0.6003798918188369,-0.6003798918188367
L03,endpoint_equality,26,0.0,-0.2152387909554092,-0.2152387909554092
L03,endpoint_equality,31,0.0,-0.6483048375831576,-0.6483048375831575
L03,endpoint_equality,36,0.0,-0.7793135130455322,-0.7793135130455322
L03,endpoint_equality,37,0.0,-0.5111811363779639,-0.5111811363779639
L03,endpoint_equality,39,0.0,0.04833439220199831,0.04833439220199831
L03,endpoint_equality,46,0.0,-0.5679841082484265,-0.5679841082484265
L03,endpoint_equality,47,0.0,-0.09866445179683714,-0.09866445179683714
L03,endpoint_equality,48,0.20135030714001734,-0.07192967181177501,-0.27327997895179235
L03,endpoint_equality,50,0.0,0.044068312507801854,0.044068312507801854
L03,endpoint_equality,53,0.0,0.04794947056262577,0.04794947056262577
L03,endpoint_equality,54,0.0,-0.38271330114532964,-0.38271330114532964
L03,endpoint_equality,56,0.0,-0.4571686530907457,-0.4571686530907458
L03,endpoint_equality,57,0.0,0.3555917319882397,0.3555917319882397
L03,endpoint_equality,59,0.0,-0.2120209535935358,-0.2120209535935358
L03,endpoint_equality,62,0.0,-0.5888390663275338,-0.5888390663275338
L03,endpoint_equality,63,0.0,-0.31307791078507385,-0.31307791078507385
L03,endpoint_equality,72,0.0,0.10783639035181425,0.10783639035181425
L03,endpoint_equality,74,0.07308256780479588,0.0,-0.07308256780479588
L03,endpoint_equality,79,0.0,-0.0867854388465612,-0.0867854388465612
L03,endpoint_equality,80,0.31030021771163585,-0.10571027286153734,-0.4160104905731732
L03,endpoint_equality,81,0.0,-0.5734944641847805,-0.5734944641847803
L03,endpoint_equality,82,0.0,0.019534149196128725,0.019534149196128725
L03,endpoint_equality,83,0.0,-0.7483219894602621,-0.748321989460262
L03,endpoint_equality,84,0.0,-0.24252311777199542,-0.24252311777199542
L03,endpoint_equality,87,0.3638778927033093,-0.06921511009913073,-0.43309300280244
L03,endpoint_equality,89,0.0,-0.4130045364399213,-0.41300453643992135
L03,endpoint_equality,90,0.0,-0.07353217507912735,-0.07353217507912735
L03,endpoint_equality,91,0.0,0.19010968656970806,0.19010968656970806
L03,endpoint_equality,93,0.0,-0.204263066562551,-0.204263066562551
L03,endpoint_equality,98,0.0,-0.50503373543696,-0.50503373543696
L03,endpoint_equality,99,0.0,-0.6835093651596054,-0.6835093651596054
L03,endpoint_equality,100,0.0,-0.4680703989698918,-0.4680703989698918
L03,endpoint_equality,104,0.4667193872346308,0.0,-0.4667193872346308
L03,endpoint_equality,107,0.2807424577115054,0.0,-0.2807424577115054
L03,endpoint_equality,109,0.20555237582205832,-0.10449938065414388,-0.3100517564762022
L03,endpoint_equality,110,0.0,-0.5052315725496038,-0.5052315725496038
L03,endpoint_equality,114,0.0,-0.47203202573088665,-0.47203202573088665
L03,endpoint_equality,115,0.0,-0.06987748747825173,-0.06987748747825173
L03,endpoint_equality,117,0.0,-0.5929968853520942,-0.5929968853520942
L03,endpoint_equality,118,0.0,-0.4772279342238199,-0.47722793422382
L03,endpoint_equality,128,0.0,-0.056367271204507796,-0.056367271204507796
L03,endpoint_equality,130,0.04928296121258513,0.0,-0.04928296121258513
L03,endpoint_equality,136,0.0,0.10243075950484304,0.10243075950484304
L03,endpoint_equality,138,0.0,-0.6328356973494714,-0.6328356973494714
L03,endpoint_equality,140,0.0,-0.1673589133147776,-0.1673589133147776
L03,endpoint_equality,142,5.551115123125783e-17,-0.8651110058864093,-0.8651110058864093
L03,endpoint_equality,144,0.16299226726464222,-0.03222724066665794,-0.19521950793130016
L03,endpoint_equality,149,0.0,-0.2078109643285495,-0.2078109643285495
L03,endpoint_equality,152,0.0,-0.15130830251913008,-0.15130830251913008
L03,endpoint_equality,153,0.0,0.010526913528609683,0.010526913528609683
L03,endpoint_equality,156,0.0,-0.4349218551303631,-0.4349218551303631
L03,endpoint_equality,158,0.0,-0.09764273834586334,-0.09764273834586334
L03,endpoint_equality,159,0.0,-0.6144101234163788,-0.6144101234163788
L03,endpoint_equality,160,0.0,-0.1644312598361226,-0.1644312598361226
L03,endpoint_equality,162,0.0,-0.2558353305226887,-0.2558353305226887
L03,endpoint_equality,163,0.0,-0.028535762723485236,-0.028535762723485236
L03,endpoint_equality,165,0.0,-0.8357826675731703,-0.8357826675731703
L03,endpoint_equality,167,0.0,0.12854566058409245,0.12854566058409245
L03,endpoint_equality,168,0.0,-0.2005021644373599,-0.20050216443735985
L03,endpoint_equality,170,0.0,-0.4071445296711216,-0.4071445296711216
L03,endpoint_equality,172,0.0,-0.41964668203469524,-0.41964668203469524
L03,endpoint_equality,173,0.0,-0.23879162039540747,-0.23879162039540747
L03,endpoint_equality,175,0.0,0.041774791958476776,0.041774791958476776
L03,endpoint_equality,176,0.0,-0.3531876435550023,-0.3531876435550023
L03,endpoint_equality,180,0.0,0.0643475997311358,0.0643475997311358
L03,endpoint_equality,181,0.0,-0.4864626168045558,-0.4864626168045558
L03,endpoint_equality,182,0.0,0.029159541327865024,0.029159541327865024
L03,endpoint_equality,183,0.0,-0.013222254649953413,-0.013222254649953413
L03,endpoint_equality,184,0.0,-0.18762045139982308,-0.18762045139982308
L03,endpoint_equality,185,0.0,0.08312890083374325,0.08312890083374325
L03,endpoint_equality,186,0.0,0.036758159067808105,0.036758159067808105
L03,endpoint_equality,191,0.0,-0.636939305644461,-0.6369393056444609
L03,endpoint_equality,192,0.0,-0.4027122982581318,-0.4027122982581318
L03,endpoint_equality,193,0.0,-0.3369169819727794,-0.3369169819727794
L03,endpoint_equality,196,0.0,0.19304919397352016,0.19304919397352016
L03,endpoint_identity,1,-0.09732110169691788,-0.13148123943150614,-0.03416013773458826
L03,endpoint_identity,2,0.18843134416937268,0.00310454668748239,-0.1853267974818903
L03,endpoint_identity,3,0.0,-0.4188728356256103,-0.4188728356256103
L03,endpoint_identity,9,-0.4828765502092056,-0.7249222491920113,-0.24204569898280565
L03,endpoint_identity,11,0.0,0.028633227759196522,0.028633227759196522
L03,endpoint_identity,15,-0.10214944961901518,-0.22873233322822983,-0.12658288360921466
L03,endpoint_identity,16,0.2901734715403459,-0.10120785859517367,-0.39138133013551957
L03,endpoint_identity,20,0.0,-0.5826363593100667,-0.5826363593100667
L03,endpoint_identity,23,0.0,-0.35559179292048615,-0.35559179292048615
L03,endpoint_identity,24,0.0,0.13904007559513398,0.13904007559513398
L03,endpoint_identity,25,0.0,-1.0198531034935436,-1.0198531034935434
L03,endpoint_identity,26,-0.2526792743341625,-0.37983316050954585,-0.12715388617538337
L03,endpoint_identity,31,0.0,-0.5222168361921917,-0.5222168361921917
L03,endpoint_identity,36,0.0,-0.7944652496121618,-0.7944652496121618
L03,endpoint_identity,37,0.0,-0.7093696546952784,-0.7093696546952782
L03,endpoint_identity,39,0.0,-0.38649647599298753,-0.38649647599298753
L03,endpoint_identity,46,0.0,-0.5690812408644352,-0.5690812408644352
L03,endpoint_identity,47,-0.23201462568908615,-0.5204264257116364,-0.2884118000225503
L03,endpoint_identity,48,-0.5204349049720941,-0.805183353228365,-0.2847484482562708
L03,endpoint_identity,54,0.0,-0.38395296254030065,-0.38395296254030065
L03,endpoint_identity,56,0.0,-0.4495110964033864,-0.44951109640338643
L03,endpoint_identity,57,-0.6913897262374796,-0.18474877695478342,0.5066409492826962
L03,endpoint_identity,59,-0.434650491503191,-0.44969287774670974,-0.015042386243518724
L03,endpoint_identity,62,0.0,-0.6240453026831962,-0.6240453026831964
L03,endpoint_identity,63,0.0,-0.3269488342694026,-0.3269488342694026
L03,endpoint_identity,72,0.0,0.23151435055252678,0.23151435055252678
L03,endpoint_identity,74,-0.28036790725125293,-0.30846125202233426,-0.028093344771081358
L03,endpoint_identity,79,-0.19586194357892028,-0.2600390741553359,-0.06417713057641561
L03,endpoint_identity,80,-0.49254329428881966,-1.0031599726085971,-0.5106166783197775
L03,endpoint_identity,81,0.0,-0.6361980181670319,-0.6361980181670318
L03,endpoint_identity,82,-0.03634452896554108,0.028098012201301703,0.06444254116684278
L03,endpoint_identity,84,-0.36459463249287744,-0.6242191955012477,-0.2596245630083703
L03,endpoint_identity,87,0.4775897341730937,0.049570435029091975,-0.4280192991440017
L03,endpoint_identity,89,0.0,-0.5811555536967015,-0.5811555536967015
L03,endpoint_identity,90,-0.4276735558658773,-0.309017351183671,0.11865620468220628
L03,endpoint_identity,93,0.0,-0.204263066562551,-0.204263066562551
L03,endpoint_identity,99,0.0,-0.6643513759303391,-0.6643513759303391
L03,endpoint_identity,100,0.0,-0.46695092586478915,-0.46695092586478915
L03,endpoint_identity,104,0.4494966151593912,0.029155664369588052,-0.42034095078980316
L03,endpoint_identity,107,0.2695722743201514,0.0,-0.2695722743201514
L03,endpoint_identity,110,0.0,-0.5343504557335742,-0.5343504557335742
L03,endpoint_identity,115,0.15282466091912728,0.044217015948504024,-0.10860764497062325
L03,endpoint_identity,117,0.0,-0.43642348019929456,-0.43642348019929456
L03,endpoint_identity,118,0.0,-0.6262481433700815,-0.6262481433700816
L03,endpoint_identity,130,0.018149751673865677,-0.10641301165637673,-0.12456276333024241
L03,endpoint_identity,136,0.0,0.08674600091924511,0.08674600091924511
L03,endpoint_identity,138,0.0,-0.4479088313225279,-0.4479088313225279
L03,endpoint_identity,140,0.48379814260652454,0.11945662362777032,-0.3643415189787542
L03,endpoint_identity,144,0.11883859630319682,-0.11549747040413405,-0.23433606670733087
L03,endpoint_identity,149,-0.6581313244569924,-0.6235430687606935,0.034588255696298864
L03,endpoint_identity,156,0.0,-0.4123603465551292,-0.4123603465551292
L03,endpoint_identity,158,-0.0422343955926594,-0.18063799810365555,-0.13840360251099615
L03,endpoint_identity,160,0.0,-0.18886782383414957,-0.18886782383414957
L03,endpoint_identity,162,-0.4223346071923381,-0.29555737180635533,0.1267772353859828
L03,endpoint_identity,163,-0.10842610598339131,-0.07623351435014447,0.032192591633246836
L03,endpoint_identity,168,0.0,-0.20232623343428746,-0.2023262334342874
L03,endpoint_identity,170,0.0,-0.4071445296711216,-0.4071445296711216
L03,endpoint_identity,172,0.0,-0.43771215749023495,-0.43771215749023495
L03,endpoint_identity,175,0.0,0.06558348884680121,0.06558348884680121
L03,endpoint_identity,176,0.0,-0.36058497672999257,-0.36058497672999257
L03,endpoint_identity,180,0.08228035628897135,0.08771676139266416,0.00543640510369281
L03,endpoint_identity,182,-0.04151243730535337,0.023298716673589515,0.06481115397894288
L03,endpoint_identity,183,0.0,-0.10427219190818326,-0.10427219190818326
L03,endpoint_identity,184,0.0,-0.12749835460856507,-0.12749835460856507
L03,endpoint_identity,186,0.0,0.0010547617264562437,0.0010547617264562437
L03,endpoint_identity,191,0.0,-0.5270843922950981,-0.5270843922950981
L03,endpoint_identity,192,0.0,-0.38896625459824463,-0.38896625459824463
L03,endpoint_identity,193,-0.4521241687443951,-0.6877748070382628,-0.23565063829386762
L03,endpoint_identity_suffix,1,-0.09732110169691788,-0.13148123943150614,-0.03416013773458826
L03,endpoint_identity_suffix,2,0.18843134416937268,0.00310454668748239,-0.1853267974818903
L03,endpoint_identity_suffix,3,0.0,-0.460276812973897,-0.460276812973897
L03,endpoint_identity_suffix,9,-0.49177238823661706,-0.7249222491920113,-0.23314986095539417
L03,endpoint_identity_suffix,11,0.0,0.028633227759196522,0.028633227759196522
L03,endpoint_identity_suffix,15,0.12325587836462004,0.13469149592680463,0.011435617562184586
L03,endpoint_identity_suffix,16,0.30045276033924684,-0.10120785859517367,-0.4016606189344205
L03,endpoint_identity_suffix,20,0.0,-0.5523595409283734,-0.5523595409283734
L03,endpoint_identity_suffix,23,0.0,-0.7886173247736823,-0.7886173247736823
L03,endpoint_identity_suffix,24,0.0,0.13904007559513398,0.13904007559513398
L03,endpoint_identity_suffix,26,-0.22146645795905934,-0.751853850305829,-0.5303873923467696
L03,endpoint_identity_suffix,31,0.14838567614504267,-0.5222168361921917,-0.6706025123372343
L03,endpoint_identity_suffix,36,0.0,-0.897876644423555,-0.897876644423555
L03,endpoint_identity_suffix,37,0.0,-0.7093696546952784,-0.7093696546952782
L03,endpoint_identity_suffix,39,0.0,-0.38649647599298753,-0.38649647599298753
L03,endpoint_identity_suffix,46,0.0,-0.5557367498984087,-0.5557367498984087
L03,endpoint_identity_suffix,47,-0.23201462568908615,-0.49314415669247524,-0.2611295310033891
L03,endpoint_identity_suffix,56,0.0328408525473608,-0.5387768918245083,-0.5716177443718691
L03,endpoint_identity_suffix,59,-0.34799997814889033,-0.44969287774670974,-0.10169289959781941
L03,endpoint_identity_suffix,62,0.05784350717353065,-0.5444709235421173,-0.602314430715648
L03,endpoint_identity_suffix,63,0.0,-0.37308325337227155,-0.37308325337227155
L03,endpoint_identity_suffix,72,0.36246058083794885,0.4280741999385843,0.06561361910063546
L03,endpoint_identity_suffix,74,-0.1352175717448107,-0.33327620499965566,-0.19805863325484496
L03,endpoint_identity_suffix,79,0.23422587016787888,0.0937343109057005,-0.14049155926217838
L03,endpoint_identity_suffix,81,-0.002707272314578346,-0.9493882780030782,-0.9466810056884998
L03,endpoint_identity_suffix,82,-0.03634452896554108,0.028098012201301703,0.06444254116684278
L03,endpoint_identity_suffix,84,-0.28059340940770533,-0.6242191955012477,-0.3436257860935424
L03,endpoint_identity_suffix,87,0.4775897341730937,0.049570435029091975,-0.4280192991440017
L03,endpoint_identity_suffix,89,0.0,-0.8618234344295709,-0.861823434429571
L03,endpoint_identity_suffix,93,0.0,-0.4051493772851449,-0.4051493772851449
L03,endpoint_identity_suffix,100,0.0,-0.3527700747823984,-0.3527700747823984
L03,endpoint_identity_suffix,104,0.4494966151593912,0.029155664369588052,-0.42034095078980316
L03,endpoint_identity_suffix,107,0.6125289986432851,0.295075387069585,-0.3174536115737001
L03,endpoint_identity_suffix,110,0.0,-0.4892183566949936,-0.4892183566949936
L03,endpoint_identity_suffix,115,0.15282466091912728,0.044217015948504024,-0.10860764497062325
L03,endpoint_identity_suffix,117,0.0,-0.4169984497083705,-0.4169984497083705
L03,endpoint_identity_suffix,118,-0.24913134014428434,-0.7980489647771677,-0.5489176246328834
L03,endpoint_identity_suffix,130,0.11915568201943239,0.029997027693993372,-0.08915865432543901
L03,endpoint_identity_suffix,136,0.0,0.08674600091924511,0.08674600091924511
L03,endpoint_identity_suffix,138,0.0,-0.4479088313225279,-0.4479088313225279
L03,endpoint_identity_suffix,140,0.48379814260652454,0.11945662362777032,-0.3643415189787542
L03,endpoint_identity_suffix,144,0.15242796085395427,-0.11549747040413405,-0.2679254312580883
L03,endpoint_identity_suffix,156,0.0745811954671628,-0.5379918163610913,-0.6125730118282541
L03,endpoint_identity_suffix,158,0.238200555227148,-0.024620467352024056,-0.26282102257917206
L03,endpoint_identity_suffix,160,0.0,-0.18886782383414957,-0.18886782383414957
L03,endpoint_identity_suffix,162,-0.382503578730408,-0.29555737180635533,0.0869462069240527
L03,endpoint_identity_suffix,163,0.09142414162740864,-0.0259279116414044,-0.11735205326881304
L03,endpoint_identity_suffix,168,0.0,-0.6031090976643888,-0.6031090976643888
L03,endpoint_identity_suffix,170,0.030093688914554106,-0.45108228872511624,-0.48117597763967035
L03,endpoint_identity_suffix,172,0.0,-0.43771215749023495,-0.43771215749023495
L03,endpoint_identity_suffix,175,0.0,-0.012674220785481971,-0.012674220785481971
L03,endpoint_identity_suffix,176,0.0,-0.5948874697925771,-0.5948874697925771
L03,endpoint_identity_suffix,180,0.08228035628897135,0.08771676139266416,0.00543640510369281
L03,endpoint_identity_suffix,182,0.2709418547990198,0.24562760951309526,-0.02531424528592452
L03,endpoint_identity_suffix,183,0.19329403888064078,0.06890172409008599,-0.12439231479055479
L03,endpoint_identity_suffix,184,0.0,-0.12749835460856507,-0.12749835460856507
L03,endpoint_identity_suffix,186,0.0,-0.007096449604281352,-0.007096449604281352
L03,endpoint_identity_suffix,191,0.0,-0.5337980402405633,-0.5337980402405633
L03,endpoint_identity_suffix,192,0.0,-0.6743144098403834,-0.6743144098403834
L03,endpoint_identity_suffix,193,-0.4521241687443951,-0.6877748070382628,-0.23565063829386762
L04,endpoint_equality,1,0.0,-0.0659370052376489,-0.0659370052376489
L04,endpoint_equality,2,0.0,-0.08561988859140723,-0.08561988859140723
L04,endpoint_equality,3,0.0,-0.4047072817463875,-0.4047072817463875
L04,endpoint_equality,4,0.0,0.0379987133932167,0.0379987133932167
L04,endpoint_equality,8,0.3690286104498378,0.0,-0.3690286104498378
L04,endpoint_equality,9,0.0,-0.17939491778468408,-0.17939491778468408
L04,endpoint_equality,11,0.0,0.03534476931584973,0.03534476931584973
L04,endpoint_equality,15,0.0,-0.09488482356891503,-0.09488482356891503
L04,endpoint_equality,16,0.19811520118797588,-0.1093028743734612,-0.3074180755614371
L04,endpoint_equality,20,0.0,-0.47259301485833727,-0.47259301485833727
L04,endpoint_equality,23,0.0,-0.5535100470218222,-0.553510047021822
L04,endpoint_equality,24,0.0,0.13324535404623128,0.13324535404623128
L04,endpoint_equality,25,0.0,-0.5578352600648585,-0.5578352600648585
L04,endpoint_equality,26,0.0,-0.18604262164594976,-0.18604262164594976
L04,endpoint_equality,31,0.0,-0.6214198973825856,-0.6214198973825856
L04,endpoint_equality,36,0.0,-0.76348987460567,-0.7634898746056701
L04,endpoint_equality,37,0.0,-0.4822657778789181,-0.48226577787891806
L04,endpoint_equality,39,0.0,0.04470929964818593,0.04470929964818593
L04,endpoint_equality,46,0.0,-0.5379529678198278,-0.5379529678198278
L04,endpoint_equality,47,0.0,-0.09502537102955455,-0.09502537102955455
L04,endpoint_equality,48,0.18923812238013715,-0.0704981907928246,-0.25973631317296175
L04,endpoint_equality,50,0.0,0.042359898430339715,0.042359898430339715
L04,endpoint_equality,53,0.0,0.04587826106674919,0.04587826106674919
L04,endpoint_equality,54,0.0,-0.3405734962235556,-0.3405734962235556
L04,endpoint_equality,56,0.0,-0.4164545773177567,-0.4164545773177567
L04,endpoint_equality,57,0.0,0.33444182091302377,0.33444182091302377
L04,endpoint_equality,59,0.0,-0.18194620732637645,-0.18194620732637645
L04,endpoint_equality,62,0.0,-0.5451283294547365,-0.5451283294547365
L04,endpoint_equality,63,0.0,-0.2973027998256143,-0.2973027998256143
L04,endpoint_equality,72,0.0,0.10590764102173011,0.10590764102173011
L04,endpoint_equality,74,0.07302055468345287,0.0,-0.07302055468345287
L04,endpoint_equality,79,0.0,-0.08492513540137292,-0.08492513540137292
L04,endpoint_equality,80,0.2929883823125383,-0.10195005877678476,-0.3949384410893231
L04,endpoint_equality,81,0.0,-0.5409036179807216,-0.5409036179807216
L04,endpoint_equality,82,0.0,0.017878114014397317,0.017878114014397317
L04,endpoint_equality,83,0.0,-0.6860533752420371,-0.6860533752420372
L04,endpoint_equality,84,0.0,-0.2144367889227432,-0.2144367889227432
L04,endpoint_equality,87,0.3447397333097634,-0.0665252609602871,-0.4112649942700505
L04,endpoint_equality,89,0.0,-0.38902874971896284,-0.38902874971896284
L04,endpoint_equality,90,0.0,-0.050027050528507866,-0.050027050528507866
L04,endpoint_equality,91,0.0,0.1651962275120803,0.1651962275120803
L04,endpoint_equality,93,0.0,-0.18971005557813103,-0.18971005557813103
L04,endpoint_equality,98,0.0,-0.4619317786377817,-0.4619317786377816
L04,endpoint_equality,99,0.0,-0.648074505936447,-0.648074505936447
L04,endpoint_equality,100,0.0,-0.4318914198012676,-0.4318914198012676
L04,endpoint_equality,104,0.4548489725612921,0.0,-0.4548489725612921
L04,endpoint_equality,107,0.27446363503854454,0.0,-0.27446363503854454
L04,endpoint_equality,109,0.20090893678493182,-0.09301784048062145,-0.2939267772655533
L04,endpoint_equality,110,0.0,-0.45048149334268894,-0.45048149334268894
L04,endpoint_equality,114,0.0,-0.45429052106046286,-0.45429052106046286
L04,endpoint_equality,115,0.0,-0.059097330516171054,-0.059097330516171054
L04,endpoint_equality,117,0.0,-0.5693624343815747,-0.5693624343815747
L04,endpoint_equality,118,0.0,-0.4601746965083077,-0.46017469650830767
L04,endpoint_equality,128,0.0,-0.052654013699669155,-0.052654013699669155
L04,endpoint_equality,130,0.046857264852841474,0.0,-0.046857264852841474
L04,endpoint_equality,136,0.0,0.09471576820979122,0.09471576820979122
L04,endpoint_equality,138,0.0,-0.5860450181239045,-0.5860450181239045
L04,endpoint_equality,140,0.0,-0.16392435901429636,-0.16392435901429636
L04,endpoint_equality,142,2.7755575615628914e-17,-0.8357679652940463,-0.8357679652940463
L04,endpoint_equality,144,0.1564465284259472,-0.031762654164744664,-0.18820918259069186
L04,endpoint_equality,149,0.0,-0.20032267642095514,-0.20032267642095514
L04,endpoint_equality,152,0.0,-0.1332308116662707,-0.1332308116662707
L04,endpoint_equality,153,0.0,0.008174040875330801,0.008174040875330801
L04,endpoint_equality,156,0.0,-0.3950016971856898,-0.3950016971856898
L04,endpoint_equality,158,0.0,-0.09446438617052832,-0.09446438617052832
L04,endpoint_equality,159,0.0,-0.5762935913990681,-0.5762935913990682
L04,endpoint_equality,160,0.0,-0.15930690661331393,-0.15930690661331393
L04,endpoint_equality,162,0.0,-0.24327459259356699,-0.24327459259356699
L04,endpoint_equality,163,0.0,-0.02618420859590609,-0.02618420859590609
L04,endpoint_equality,165,-2.7755575615628914e-17,-0.7800112755558521,-0.7800112755558521
L04,endpoint_equality,167,0.0,0.122937237658864,0.122937237658864
L04,endpoint_equality,168,0.0,-0.18184022351978335,-0.18184022351978335
L04,endpoint_equality,170,0.0,-0.3684239959297796,-0.3684239959297796
L04,endpoint_equality,172,0.0,-0.3771131655462937,-0.3771131655462937
L04,endpoint_equality,173,0.0,-0.21534501718661336,-0.21534501718661336
L04,endpoint_equality,175,0.0,0.0371320193047282,0.0371320193047282
L04,endpoint_equality,176,0.0,-0.3383576696511297,-0.3383576696511297
L04,endpoint_equality,180,0.0,0.06241853940121045,0.06241853940121045
L04,endpoint_equality,181,0.0,-0.44863070737449684,-0.44863070737449684
L04,endpoint_equality,182,0.0,0.028291391416455758,0.028291391416455758
L04,endpoint_equality,183,0.0,-0.012628459530877212,-0.012628459530877212
L04,endpoint_equality,184,0.0,-0.17749504434137808,-0.17749504434137808
L04,endpoint_equality,185,0.0,0.07923832868027181,0.07923832868027181
L04,endpoint_equality,186,0.0,0.033757514089199026,0.033757514089199026
L04,endpoint_equality,191,0.0,-0.6182095442174138,-0.6182095442174138
L04,endpoint_equality,192,0.0,-0.38253022189312313,-0.3825302218931232
L04,endpoint_equality,193,0.0,-0.32703543417850756,-0.32703543417850756
L04,endpoint_equality,196,0.0,0.18612577180755907,0.18612577180755907
L04,endpoint_identity,1,-0.08984807635818681,-0.11767783512736663,-0.027829758769179813
L04,endpoint_identity,2,0.21805239549493938,0.012385655829338038,-0.20566673966560134
L04,endpoint_identity,3,0.0,-0.3834047983380501,-0.3834047983380501
L04,endpoint_identity,9,-0.4794763377039165,-0.7002854565810475,-0.220809118877131
L04,endpoint_identity,11,0.0,0.0315519989289077,0.0315519989289077
L04,endpoint_identity,15,-0.08987606222905908,-0.20017270195979742,-0.11029663973073833
L04,endpoint_identity,16,0.2954643987133265,-0.09263800926887811,-0.38810240798220463
L04,endpoint_identity,20,0.0,-0.5365234118794964,-0.5365234118794964
L04,endpoint_identity,23,0.0,-0.29495692490852987,-0.2949569249085298
L04,endpoint_identity,24,0.0,0.10880764216186578,0.10880764216186578
L04,endpoint_identity,25,0.0,-1.0443543940167426,-1.0443543940167426
L04,endpoint_identity,26,-0.23033482235641545,-0.32831050878697,-0.09797568643055454
L04,endpoint_identity,31,0.0,-0.47620440539834863,-0.47620440539834863
L04,endpoint_identity,36,0.0,-0.7797651298629259,-0.7797651298629259
L04,endpoint_identity,37,0.0,-0.7195277171312219,-0.7195277171312218
L04,endpoint_identity,39,0.0,-0.3365676054016967,-0.3365676054016967
L04,endpoint_identity,46,0.0,-0.5384275096346811,-0.5384275096346811
L04,endpoint_identity,47,-0.16694854712607687,-0.5029770874222667,-0.3360285402961898
L04,endpoint_identity,48,-0.5000335729776911,-0.8123545924102743,-0.31232101943258317
L04,endpoint_identity,54,0.0,-0.34022915316441404,-0.34022915316441404
L04,endpoint_identity,56,0.0,-0.40762531479613817,-0.40762531479613817
L04,endpoint_identity,57,-0.6671812462304773,-0.17376027566989488,0.4934209705605824
L04,endpoint_identity,59,-0.4444863923505356,-0.39831808948187786,0.04616830286865775
L04,endpoint_identity,62,0.0,-0.5946323746049093,-0.5946323746049093
L04,endpoint_identity,63,0.0,-0.3123356596968246,-0.3123356596968246
L04,endpoint_identity,72,0.0,0.23129756909263388,0.23129756909263388
L04,endpoint_identity,74,-0.2805395419705704,-0.30759422360858857,-0.027054681638018163
L04,endpoint_identity,79,-0.1857300603173082,-0.2522597235521733,-0.06652966323486509
L04,endpoint_identity,80,-0.5013211027258493,-1.0051580012287287,-0.5038368985028793
L04,endpoint_identity,81,0.0,-0.6189571262485483,-0.6189571262485483
L04,endpoint_identity,82,-0.033937289510004076,0.005832747392237492,0.03977003690224157
L04,endpoint_identity,84,-0.3835433065841708,-0.6088103803777829,-0.2252670737936121
L04,endpoint_identity,87,0.45247089996906487,0.01673912787529197,-0.4357317720937729
L04,endpoint_identity,89,0.0,-0.5297789802207824,-0.5297789802207824
L04,endpoint_identity,90,-0.4220671824488839,-0.24806096835559288,0.17400621409329103
L04,endpoint_identity,93,0.0,-0.18971005557813103,-0.18971005557813103
L04,endpoint_identity,99,0.0,-0.6416389614859527,-0.6416389614859528
L04,endpoint_identity,100,0.0,-0.4289351287324319,-0.4289351287324319
L04,endpoint_identity,104,0.4606428438443997,0.03517540525187668,-0.425467438592523
L04,endpoint_identity,107,0.26414559447681096,0.0,-0.26414559447681096
L04,endpoint_identity,110,0.0,-0.4791714372185697,-0.4791714372185697
L04,endpoint_identity,115,0.13276404455344726,0.03856178015285705,-0.09420226440059021
L04,endpoint_identity,117,0.0,-0.407021178523433,-0.407021178523433
L04,endpoint_identity,118,5.551115123125783e-17,-0.6294899154357636,-0.6294899154357636
L04,endpoint_identity,130,0.03650310470030327,-0.11318304215021602,-0.14968614685051929
L04,endpoint_identity,136,0.0,0.05956963789939107,0.05956963789939107
L04,endpoint_identity,138,0.0,-0.4029732265451309,-0.4029732265451309
L04,endpoint_identity,140,0.4827967072544659,0.11886414284284674,-0.36393256441161914
L04,endpoint_identity,144,0.11738641151783524,-0.11633020671635874,-0.23371661823419398
L04,endpoint_identity,149,-0.6502191783885398,-0.6118095058719434,0.038409672516596494
L04,endpoint_identity,156,0.0,-0.3714547596515321,-0.3714547596515321
L04,endpoint_identity,158,-0.0353555783639804,-0.19029818517084718,-0.15494260680686678
L04,endpoint_identity,160,0.0,-0.19799040748952323,-0.19799040748952323
L04,endpoint_identity,162,-0.41522331169812593,-0.25710390958694895,0.15811940211117698
L04,endpoint_identity,163,-0.11127327937194975,-0.06516828876446845,0.0461049906074813
L04,endpoint_identity,168,0.0,-0.18352455795597855,-0.18352455795597855
L04,endpoint_identity,170,0.0,-0.3684239959297796,-0.3684239959297796
L04,endpoint_identity,172,0.0,-0.3973764169498857,-0.3973764169498857
L04,endpoint_identity,175,0.0,0.06789350588117649,0.06789350588117649
L04,endpoint_identity,176,0.0,-0.3479567303793478,-0.3479567303793478
L04,endpoint_identity,180,0.08254700873765297,0.07755505534047624,-0.004991953397176729
L04,endpoint_identity,182,-0.026234422652396283,0.01576417614811887,0.04199859880051515
L04,endpoint_identity,183,0.0,-0.1189828479677455,-0.1189828479677455
L04,endpoint_identity,184,0.0,-0.10832338514239548,-0.10832338514239548
L04,endpoint_identity,186,0.0,0.0028826345299286515,0.0028826345299286515
L04,endpoint_identity,191,0.0,-0.5104600238190624,-0.5104600238190624
L04,endpoint_identity,192,0.0,-0.36256029401224577,-0.3625602940122458
L04,endpoint_identity,193,-0.4598265133307049,-0.6802771026376204,-0.22045058930691552
L04,endpoint_identity_suffix,1,-0.08984807635818681,-0.11767783512736663,-0.027829758769179813
L04,endpoint_identity_suffix,2,0.21805239549493938,0.012385655829338038,-0.20566673966560134
L04,endpoint_identity_suffix,3,0.0,-0.4259356058819006,-0.4259356058819006
L04,endpoint_identity_suffix,9,-0.49628093324991757,-0.7002854565810475,-0.20400452333112995
L04,endpoint_identity_suffix,11,0.0,0.0315519989289077,0.0315519989289077
L04,endpoint_identity_suffix,15,0.11716082602204159,0.1488121803953677,0.03165135437332611
L04,endpoint_identity_suffix,16,0.30533447951890436,-0.09263800926887811,-0.39797248878778246
L04,endpoint_identity_suffix,20,0.0,-0.50263602730902,-0.50263602730902
L04,endpoint_identity_suffix,23,0.0,-0.773486088070373,-0.7734860880703729
L04,endpoint_identity_suffix,24,0.0,0.10880764216186578,0.10880764216186578
L04,endpoint_identity_suffix,26,-0.20122999953367832,-0.7293983454540964,-0.5281683459204182
L04,endpoint_identity_suffix,31,0.14442644948059202,-0.47620440539834863,-0.6206308548789407
L04,endpoint_identity_suffix,36,0.0,-0.8962602358152555,-0.8962602358152556
L04,endpoint_identity_suffix,37,0.0,-0.7195277171312219,-0.7195277171312218
L04,endpoint_identity_suffix,39,0.0,-0.3365676054016967,-0.3365676054016967
L04,endpoint_identity_suffix,46,0.0,-0.5316973099726354,-0.5316973099726354
L04,endpoint_identity_suffix,47,-0.16694854712607687,-0.47623810655502496,-0.3092895594289481
L04,endpoint_identity_suffix,56,0.034776469820323674,-0.49894940140157307,-0.5337258712218967
L04,endpoint_identity_suffix,59,-0.3638218443051363,-0.39831808948187786,-0.03449624517674155
L04,endpoint_identity_suffix,62,0.06429718257455397,-0.5158147652244106,-0.5801119477989646
L04,endpoint_identity_suffix,63,0.0,-0.36793056957135023,-0.36793056957135023
L04,endpoint_identity_suffix,72,0.3611553458986435,0.4078320974241857,0.04667675152554218
L04,endpoint_identity_suffix,74,-0.15098063830664543,-0.3395647861784837,-0.18858414787183825
L04,endpoint_identity_suffix,79,0.23233208304491826,0.10474736060807732,-0.12758472243684094
L04,endpoint_identity_suffix,81,-0.005418861408662934,-0.9562302941367374,-0.9508114327280744
L04,endpoint_identity_suffix,82,-0.033937289510004076,0.005832747392237492,0.03977003690224157
L04,endpoint_identity_suffix,84,-0.30856789041863986,-0.6088103803777829,-0.30024248995914304
L04,endpoint_identity_suffix,87,0.45247089996906487,0.01673912787529197,-0.4357317720937729
L04,endpoint_identity_suffix,89,0.0,-0.8434544231500087,-0.8434544231500087
L04,endpoint_identity_suffix,93,0.0,-0.3558165549919595,-0.3558165549919595
L04,endpoint_identity_suffix,100,0.0,-0.316792363923571,-0.316792363923571
L04,endpoint_identity_suffix,104,0.4606428438443997,0.03517540525187668,-0.425467438592523
L04,endpoint_identity_suffix,107,0.5988297491750068,0.2983507587155898,-0.30047899045941695
L04,endpoint_identity_suffix,110,0.0,-0.4365285721527924,-0.4365285721527924
L04,endpoint_identity_suffix,115,0.13276404455344726,0.03856178015285705,-0.09420226440059021
L04,endpoint_identity_suffix,117,0.0,-0.38744475992914973,-0.38744475992914973
L04,endpoint_identity_suffix,118,-0.23631983304841941,-0.8220180092920729,-0.5856981762436535
L04,endpoint_identity_suffix,130,0.13022788158496668,0.02214784141324666,-0.10808004017172002
L04,endpoint_identity_suffix,136,0.0,0.05956963789939107,0.05956963789939107
L04,endpoint_identity_suffix,138,0.0,-0.4029732265451309,-0.4029732265451309
L04,endpoint_identity_suffix,140,0.4827967072544659,0.11886414284284674,-0.36393256441161914
L04,endpoint_identity_suffix,144,0.15124047128118867,-0.11633020671635874,-0.2675706779975474
L04,endpoint_identity_suffix,156,0.07938342776227547,-0.4789206155964738,-0.5583040433587493
L04,endpoint_identity_suffix,158,0.24563595979592479,-0.029493268299228825,-0.2751292280951536
L04,endpoint_identity_suffix,160,0.0,-0.19799040748952323,-0.19799040748952323
L04,endpoint_identity_suffix,162,-0.3818933316684263,-0.25710390958694895,0.12478942208147736
L04,endpoint_identity_suffix,163,0.08445837798358524,-0.03310906909735212,-0.11756744708093736
L04,endpoint_identity_suffix,168,0.0,-0.6125637026982992,-0.6125637026982992
L04,endpoint_identity_suffix,170,0.03340889441860023,-0.4178151968668078,-0.451224091285408
L04,endpoint_identity_suffix,172,0.0,-0.3973764169498857,-0.3973764169498857
L04,endpoint_identity_suffix,175,0.0,-0.005417607400451052,-0.005417607400451052
L04,endpoint_identity_suffix,176,0.0,-0.5707471110342442,-0.5707471110342442
L04,endpoint_identity_suffix,180,0.08254700873765297,0.07755505534047624,-0.004991953397176729
L04,endpoint_identity_suffix,182,0.27014542381102435,0.2267594283170271,-0.04338599549399724
L04,endpoint_identity_suffix,183,0.1922671417771573,0.04936746406067116,-0.14289967771648615
L04,endpoint_identity_suffix,184,0.0,-0.10832338514239548,-0.10832338514239548
L04,endpoint_identity_suffix,186,0.0,-0.003869754722999108,-0.003869754722999108
L04,endpoint_identity_suffix,191,0.0,-0.48145627051116235,-0.48145627051116235
L04,endpoint_identity_suffix,192,0.0,-0.6454481638306866,-0.6454481638306866
L04,endpoint_identity_suffix,193,-0.4598265133307049,-0.6802771026376204,-0.22045058930691552
L05,endpoint_equality,1,0.0,-0.06289998562821686,-0.06289998562821686
L05,endpoint_equality,2,0.0,-0.08065138525151472,-0.08065138525151472
L05,endpoint_equality,3,0.0,-0.37975648637122805,-0.37975648637122805
L05,endpoint_equality,4,0.0,0.03525139728281812,0.03525139728281812
L05,endpoint_equality,8,0.3577061811433556,0.0,-0.3577061811433556
L05,endpoint_equality,9,0.0,-0.1706210290720307,-0.1706210290720307
L05,endpoint_equality,11,0.0,0.03281645225013552,0.03281645225013552
L05,endpoint_equality,15,0.0,-0.08999407596270248,-0.08999407596270248
L05,endpoint_equality,16,0.195564454033337,-0.09919432295842379,-0.2947587769917608
L05,endpoint_equality,20,0.0,-0.4486443519597637,-0.4486443519597637
L05,endpoint_equality,23,0.0,-0.5347019852388041,-0.5347019852388042
L05,endpoint_equality,24,0.0,0.13051016331414966,0.13051016331414966
L05,endpoint_equality,25,-1.1102230246251565e-16,-0.5343736129261476,-0.5343736129261475
L05,endpoint_equality,26,0.0,-0.171033117954281,-0.171033117954281
L05,endpoint_equality,31,0.0,-0.5988365877120079,-0.5988365877120079
L05,endpoint_equality,36,0.0,-0.727759940816433,-0.7277599408164329
L05,endpoint_equality,37,0.0,-0.4366838874811575,-0.4366838874811575
L05,endpoint_equality,39,0.0,0.041121062955045584,0.041121062955045584
L05,endpoint_equality,46,0.0,-0.5050372430950416,-0.5050372430950416
L05,endpoint_equality,47,0.0,-0.09097625594335512,-0.09097625594335512
L05,endpoint_equality,48,0.18157361671460814,-0.06904667285589983,-0.25062028957050797
L05,endpoint_equality,50,0.0,0.040058291779022204,0.040058291779022204
L05,endpoint_equality,53,0.0,0.04354718583151884,0.04354718583151884
L05,endpoint_equality,54,0.0,-0.31607411620311165,-0.31607411620311165
L05,endpoint_equality,56,0.0,-0.39914323968948884,-0.39914323968948884
L05,endpoint_equality,57,0.0,0.3248555186054578,0.3248555186054578
L05,endpoint_equality,59,0.0,-0.15911993922538903,-0.15911993922538903
L05,endpoint_equality,62,0.0,-0.5268661109565356,-0.5268661109565356
L05,endpoint_equality,63,0.0,-0.2856276830111732,-0.2856276830111732
L05,endpoint_equality,72,0.0,0.10280474629773317,0.10280474629773317
L05,endpoint_equality,74,0.07266329538763067,0.0,-0.07266329538763067
L05,endpoint_equality,79,0.0,-0.08194828771154317,-0.08194828771154317
L05,endpoint_equality,80,0.2772042125677451,-0.09771607954634698,-0.37492029211409206
L05,endpoint_equality,81,0.0,-0.5163740663567901,-0.51637406635679
L05,endpoint_equality,82,0.0,0.016648521731071453,0.016648521731071453
L05,endpoint_equality,83,0.0,-0.6411796123902375,-0.6411796123902375
L05,endpoint_equality,84,0.0,-0.20407331604049328,-0.20407331604049328
L05,endpoint_equality,87,0.3313718513047451,-0.06778186480183779,-0.3991537161065829
L05,endpoint_equality,89,0.0,-0.37097858505087866,-0.37097858505087866
L05,endpoint_equality,90,0.0,-0.0341046984822162,-0.0341046984822162
L05,endpoint_equality,91,0.0,0.15403333581635414,0.15403333581635414
L05,endpoint_equality,93,0.0,-0.1838904571848997,-0.1838904571848997
L05,endpoint_equality,98,0.0,-0.4511128527623851,-0.45111285276238516
L05,endpoint_equality,99,0.0,-0.61583178216482,-0.61583178216482
L05,endpoint_equality,100,0.0,-0.4299118841230399,-0.4299118841230399
L05,endpoint_equality,104,0.4459962988467925,0.0,-0.4459962988467925
L05,endpoint_equality,107,0.26864811496866425,0.0,-0.26864811496866425
L05,endpoint_equality,109,0.19325047315591082,-0.08669263652961523,-0.27994310968552605
L05,endpoint_equality,110,0.0,-0.42142804817109225,-0.42142804817109225
L05,endpoint_equality,114,0.0,-0.43767277704241314,-0.43767277704241314
L05,endpoint_equality,115,0.0,-0.05668768541300073,-0.05668768541300073
L05,endpoint_equality,117,0.0,-0.5468675232758449,-0.5468675232758449
L05,endpoint_equality,118,0.0,-0.4391958121082458,-0.4391958121082458
L05,endpoint_equality,128,0.0,-0.05072715780182646,-0.05072715780182646
L05,endpoint_equality,130,0.04457005872460407,0.0,-0.04457005872460407
L05,endpoint_equality,136,0.0,0.08688866354351532,0.08688866354351532
L05,endpoint_equality,138,0.0,-0.5571706445493259,-0.5571706445493259
L05,endpoint_equality,140,0.0,-0.15210924873948872,-0.15210924873948872
L05,endpoint_equality,142,5.551115123125783e-17,-0.8031285045742445,-0.8031285045742446
L05,endpoint_equality,144,0.14539122283542283,-0.031121263277782196,-0.17651248611320502
L05,endpoint_equality,149,0.0,-0.18946748408340675,-0.18946748408340675
L05,endpoint_equality,152,0.0,-0.12697062082651622,-0.12697062082651622
L05,endpoint_equality,153,0.0,0.007628734048465757,0.007628734048465757
L05,endpoint_equality,156,0.0,-0.3727203731559785,-0.3727203731559785
L05,endpoint_equality,158,0.0,-0.09159051376756744,-0.09159051376756744
L05,endpoint_equality,159,0.0,-0.5561886625566461,-0.5561886625566461
L05,endpoint_equality,160,0.0,-0.14994830102340373,-0.14994830102340373
L05,endpoint_equality,162,0.0,-0.23738830389944032,-0.23738830389944032
L05,endpoint_equality,163,0.0,-0.024680314955264793,-0.024680314955264793
L05,endpoint_equality,165,0.0,-0.757260897140735,-0.757260897140735
L05,endpoint_equality,167,0.0,0.11930148046977718,0.11930148046977718
L05,endpoint_equality,168,0.0,-0.1721117234307762,-0.1721117234307762
L05,endpoint_equality,170,0.0,-0.34752246741210424,-0.34752246741210424
L05,endpoint_equality,172,0.0,-0.34043959832140147,-0.34043959832140147
L05,endpoint_equality,173,0.0,-0.2023930700977965,-0.2023930700977965
L05,endpoint_equality,175,0.0,0.03540702179188915,0.03540702179188915
L05,endpoint_equality,176,0.0,-0.31341439151156303,-0.31341439151156303
L05,endpoint_equality,180,0.0,0.059915871958423406,0.059915871958423406
L05,endpoint_equality,181,0.0,-0.4196323108881158,-0.41963231088811587
L05,endpoint_equality,182,0.0,0.027676363273934967,0.027676363273934967
L05,endpoint_equality,183,0.0,-0.012074256178263632,-0.012074256178263632
L05,endpoint_equality,184,0.0,-0.1696358943203241,-0.1696358943203241
L05,endpoint_equality,185,0.0,0.07313524866501941,0.07313524866501941
L05,endpoint_equality,186,0.0,0.031463811462985936,0.031463811462985936
L05,endpoint_equality,191,0.0,-0.6043929253578058,-0.6043929253578058
L05,endpoint_equality,192,0.0,-0.35811527931839604,-0.35811527931839604
L05,endpoint_equality,193,0.0,-0.3148900192536246,-0.3148900192536246
L05,endpoint_equality,196,0.0,0.18274003820438334,0.18274003820438334
L05,endpoint_identity,1,-0.08057272555397443,-0.10062126057156973,-0.020048535017595293
L05,endpoint_identity,2,0.22503813001001105,0.006960178275649875,-0.21807795173436118
L05,endpoint_identity,3,0.0,-0.3569292308885986,-0.3569292308885986
L05,endpoint_identity,9,-0.4476244757847883,-0.6613201304768128,-0.2136956546920245
L05,endpoint_identity,11,0.0,0.022446160292112438,0.022446160292112438
L05,endpoint_identity,15,-0.07117949555140157,-0.17835574589126413,-0.10717625033986256
L05,endpoint_identity,16,0.29179773665921815,-0.0942244597639128,-0.38602219642313096
L05,endpoint_identity,20,0.0,-0.5355197594172864,-0.5355197594172864
L05,endpoint_identity,23,0.0,-0.2754605559398138,-0.27546055593981383
L05,endpoint_identity,24,0.0,0.09796031873152589,0.09796031873152589
L05,endpoint_identity,25,1.1102230246251565e-16,-1.0311394800626617,-1.0311394800626617
L05,endpoint_identity,26,-0.2162000099179739,-0.3018231493310841,-0.08562313941311028
L05,endpoint_identity,31,0.0,-0.4420698559031334,-0.4420698559031334
L05,endpoint_identity,36,0.0,-0.7433558971780375,-0.7433558971780374
L05,endpoint_identity,37,0.0,-0.6957489801203081,-0.6957489801203081
L05,endpoint_identity,39,0.0,-0.3141837081447858,-0.3141837081447858
L05,endpoint_identity,46,0.0,-0.5052128508965444,-0.5052128508965444
L05,endpoint_identity,47,-0.1459740559069651,-0.48092937820006165,-0.33495532229309655
L05,endpoint_identity,48,-0.4816410835573901,-0.7792555336592699,-0.2976144501018798
L05,endpoint_identity,54,0.0,-0.3142988195650528,-0.3142988195650528
L05,endpoint_identity,56,0.0,-0.3924331317663329,-0.3924331317663329
L05,endpoint_identity,57,-0.664520562163881,-0.1687796828508803,0.4957408793130007
L05,endpoint_identity,59,-0.44161220115675154,-0.3376642261526457,0.10394797500410585
L05,endpoint_identity,62,0.0,-0.5851310753672714,-0.5851310753672714
L05,endpoint_identity,63,0.0,-0.30101162688147526,-0.30101162688147526
L05,endpoint_identity,72,0.0,0.22659112033130524,0.22659112033130524
L05,endpoint_identity,74,-0.279869135954565,-0.2994807307927147,-0.019611594838149754
L05,endpoint_identity,79,-0.17502169509960608,-0.2448660250590886,-0.06984432995948253
L05,endpoint_identity,80,-0.5256987264425601,-1.0081113757121236,-0.48241264926956334
L05,endpoint_identity,81,0.0,-0.6036142666041597,-0.6036142666041597
L05,endpoint_identity,82,-0.0507278004378795,-0.001896554348627344,0.048831246089252156
L05,endpoint_identity,84,-0.3766464953835441,-0.5798600253988382,-0.20321353001529407
L05,endpoint_identity,87,0.43492555483747786,0.0006268040300703159,-0.43429875080740754
L05,endpoint_identity,89,0.0,-0.5073821167998626,-0.5073821167998626
L05,endpoint_identity,90,-0.37362191048642046,-0.18447459280108447,0.189147317685336
L05,endpoint_identity,93,0.0,-0.1838904571848997,-0.1838904571848997
L05,endpoint_identity,99,0.0,-0.6013465347229803,-0.6013465347229803
L05,endpoint_identity,100,0.0,-0.42759834181386713,-0.42759834181386713
L05,endpoint_identity,104,0.45249499627594525,0.027032993795224725,-0.4254620024807205
L05,endpoint_identity,107,0.25994331455021713,0.0,-0.25994331455021713
L05,endpoint_identity,110,0.0,-0.4466665390002269,-0.4466665390002269
L05,endpoint_identity,115,0.13545512871001208,0.034505319729161155,-0.10094980898085093
L05,endpoint_identity,117,0.0,-0.3813908048225373,-0.3813908048225373
L05,endpoint_identity,118,1.1102230246251565e-16,-0.6227448042031689,-0.6227448042031691
L05,endpoint_identity,130,0.07146509528784117,-0.10103275721184757,-0.17249785249968874
L05,endpoint_identity,136,0.0,0.039316403084512785,0.039316403084512785
L05,endpoint_identity,138,0.0,-0.3814095683735821,-0.3814095683735821
L05,endpoint_identity,140,0.4838705238005656,0.12154692975577275,-0.36232359404479286
L05,endpoint_identity,144,0.10972161876905728,-0.10385097757121886,-0.21357259634027614
L05,endpoint_identity,149,-0.6323995265663214,-0.5783281514308104,0.05407137513551097
L05,endpoint_identity,156,0.0,-0.3497183484253765,-0.3497183484253765
L05,endpoint_identity,158,-0.037422360180954795,-0.19381657123192264,-0.15639421105096785
L05,endpoint_identity,160,0.0,-0.18485651317572827,-0.18485651317572827
L05,endpoint_identity,162,-0.40136649268017605,-0.21065962516241532,0.19070686751776073
L05,endpoint_identity,163,-0.10195467556359616,-0.05812511126130371,0.043829564302292456
L05,endpoint_identity,168,0.0,-0.17414101806024052,-0.17414101806024052
L05,endpoint_identity,170,0.0,-0.34752246741210424,-0.34752246741210424
L05,endpoint_identity,172,0.0,-0.35052030772671317,-0.35052030772671317
L05,endpoint_identity,175,0.0,0.07248968873379291,0.07248968873379291
L05,endpoint_identity,176,0.0,-0.32304666248872105,-0.32304666248872105
L05,endpoint_identity,180,0.09820940525566657,0.08768024319304168,-0.010529162062624886
L05,endpoint_identity,182,-0.019183420950822594,0.021426142150385408,0.040609563101208
L05,endpoint_identity,183,0.0,-0.12919047015289853,-0.12919047015289853
L05,endpoint_identity,184,0.0,-0.08640306528521924,-0.08640306528521924
L05,endpoint_identity,186,0.0,0.010793475558785515,0.010793475558785515
L05,endpoint_identity,191,0.0,-0.5042751009507108,-0.5042751009507108
L05,endpoint_identity,192,0.0,-0.3315852576327778,-0.3315852576327778
L05,endpoint_identity,193,-0.46377804762301245,-0.6612459093210572,-0.19746786169804476
L05,endpoint_identity_suffix,1,-0.08057272555397443,-0.10062126057156973,-0.020048535017595293
L05,endpoint_identity_suffix,2,0.22503813001001105,0.006960178275649875,-0.21807795173436118
L05,endpoint_identity_suffix,3,0.0,-0.40060559314093447,-0.40060559314093447
L05,endpoint_identity_suffix,9,-0.4698960596289303,-0.6613201304768128,-0.19142407084788254
L05,endpoint_identity_suffix,11,0.0,0.022446160292112438,0.022446160292112438
L05,endpoint_identity_suffix,15,0.10244044603391034,0.1476124574290847,0.04517201139517435
L05,endpoint_identity_suffix,16,0.3010065272948943,-0.0942244597639128,-0.3952309870588071
L05,endpoint_identity_suffix,20,0.0,-0.5018041545607054,-0.5018041545607054
L05,endpoint_identity_suffix,23,0.0,-0.7731047286579255,-0.7731047286579256
L05,endpoint_identity_suffix,24,0.0,0.09796031873152589,0.09796031873152589
L05,endpoint_identity_suffix,26,-0.18214618439862962,-0.688594887127021,-0.5064487027283914
L05,endpoint_identity_suffix,31,0.12888284358749147,-0.4420698559031334,-0.5709526994906249
L05,endpoint_identity_suffix,36,0.0,-0.8777480188372435,-0.8777480188372435
L05,endpoint_identity_suffix,37,0.0,-0.6957489801203081,-0.6957489801203081
L05,endpoint_identity_suffix,39,0.0,-0.3141837081447858,-0.3141837081447858
L05,endpoint_identity_suffix,46,0.0,-0.5031353174800866,-0.5031353174800866
L05,endpoint_identity_suffix,47,-0.1459740559069651,-0.4563171432695563,-0.3103430873625912
L05,endpoint_identity_suffix,56,0.035150846882386566,-0.4884424329574081,-0.5235932798397946
L05,endpoint_identity_suffix,59,-0.38616044330627947,-0.3376642261526457,0.04849621715363378
L05,endpoint_identity_suffix,62,0.06409326647202163,-0.5092554760090499,-0.5733487424810715
L05,endpoint_identity_suffix,63,0.0,-0.3612131670569657,-0.3612131670569657
L05,endpoint_identity_suffix,72,0.3565568293757422,0.397369363935294,0.040812534559551805
L05,endpoint_identity_suffix,74,-0.15436561944039362,-0.33174069148307833,-0.1773750720426847
L05,endpoint_identity_suffix,79,0.21825800477362456,0.10299743915060655,-0.11526056562301801
L05,endpoint_identity_suffix,81,-0.00594443233135436,-0.9619262993658579,-0.9559818670345035
L05,endpoint_identity_suffix,82,-0.0507278004378795,-0.001896554348627344,0.048831246089252156
L05,endpoint_identity_suffix,84,-0.31792843578791186,-0.5798600253988382,-0.26193158961092633
L05,endpoint_identity_suffix,87,0.43492555483747786,0.0006268040300703159,-0.43429875080740754
L05,endpoint_identity_suffix,89,0.0,-0.838102639191483,-0.838102639191483
L05,endpoint_identity_suffix,93,0.0,-0.33181376488763115,-0.33181376488763115
L05,endpoint_identity_suffix,100,0.0,-0.3222214271607129,-0.3222214271607129
L05,endpoint_identity_suffix,104,0.45249499627594525,0.027032993795224725,-0.4254620024807205
L05,endpoint_identity_suffix,107,0.586141341749814,0.29040751184812064,-0.2957338299016934
L05,endpoint_identity_suffix,110,0.0,-0.4023331203506444,-0.4023331203506444
L05,endpoint_identity_suffix,115,0.13545512871001208,0.034505319729161155,-0.10094980898085093
L05,endpoint_identity_suffix,117,0.0,-0.36161819211518786,-0.36161819211518786
L05,endpoint_identity_suffix,118,-0.2572881240507471,-0.8303132671462362,-0.5730251430954891
L05,endpoint_identity_suffix,130,0.15539488296147574,0.03738073709908096,-0.11801414586239478
L05,endpoint_identity_suffix,136,0.0,0.039316403084512785,0.039316403084512785
L05,endpoint_identity_suffix,138,0.0,-0.3814095683735821,-0.3814095683735821
L05,endpoint_identity_suffix,140,0.4838705238005656,0.12154692975577275,-0.36232359404479286
L05,endpoint_identity_suffix,144,0.1451053473007906,-0.10385097757121886,-0.24895632487200947
L05,endpoint_identity_suffix,156,0.09220712946750043,-0.44833991990330335,-0.5405470493708038
L05,endpoint_identity_suffix,158,0.23595738429856838,-0.037909222379359564,-0.27386660667792795
L05,endpoint_identity_suffix,160,0.0,-0.18485651317572827,-0.18485651317572827
L05,endpoint_identity_suffix,162,-0.37297479608826334,-0.21065962516241532,0.16231517092584802
L05,endpoint_identity_suffix,163,0.07604618503182103,-0.03693257366365543,-0.11297875869547647
L05,endpoint_identity_suffix,168,0.0,-0.5869601133330551,-0.5869601133330551
L05,endpoint_identity_suffix,170,0.03301278516977896,-0.39790662116306863,-0.4309194063328476
L05,endpoint_identity_suffix,172,0.0,-0.35052030772671317,-0.35052030772671317
L05,endpoint_identity_suffix,175,0.0,0.0007479093488731436,0.0007479093488731436
L05,endpoint_identity_suffix,176,0.0,-0.5572556662562531,-0.5572556662562531
L05,endpoint_identity_suffix,180,0.09820940525566657,0.08768024319304168,-0.010529162062624886
L05,endpoint_identity_suffix,182,0.2669817438177088,0.22109118946180617,-0.04589055435590261
L05,endpoint_identity_suffix,183,0.19071367419052465,0.031705519384694236,-0.15900815480583042
L05,endpoint_identity_suffix,184,0.0,-0.08640306528521924,-0.08640306528521924
L05,endpoint_identity_suffix,186,0.0,0.006686875809344128,0.006686875809344128
L05,endpoint_identity_suffix,191,0.0,-0.4703107714885958,-0.4703107714885958
L05,endpoint_identity_suffix,192,0.0,-0.6263185349656999,-0.6263185349656999
L05,endpoint_identity_suffix,193,-0.46377804762301245,-0.6612459093210572,-0.19746786169804476
L06,endpoint_equality,1,0.0,-0.060780400488225306,-0.060780400488225306
L06,endpoint_equality,2,0.0,-0.0737273620209773,-0.0737273620209773
L06,endpoint_equality,3,0.0,-0.353007646879992,-0.353007646879992
L06,endpoint_equality,4,0.0,0.033119071513866505,0.033119071513866505
L06,endpoint_equality,8,0.34161776292801216,0.0,-0.34161776292801216
L06,endpoint_equality,9,0.0,-0.1623669419915501,-0.1623669419915501
L06,endpoint_equality,11,0.0,0.03141716300013164,0.03141716300013164
L06,endpoint_equality,15,0.0,-0.0864720861607684,-0.0864720861607684
L06,endpoint_equality,16,0.1886109967599645,-0.08912611633943501,-0.2777371130993995
L06,endpoint_equality,20,0.0,-0.42293488123310663,-0.42293488123310663
L06,endpoint_equality,23,0.0,-0.5128677217528796,-0.5128677217528796
L06,endpoint_equality,24,0.0,0.12392608195406662,0.12392608195406662
L06,endpoint_equality,25,0.0,-0.4982072698899249,-0.4982072698899249
L06,endpoint_equality,26,0.0,-0.15434936075772276,-0.15434936075772276
L06,endpoint_equality,31,0.0,-0.5763952676534612,-0.5763952676534612
L06,endpoint_equality,36,0.0,-0.7177463686078109,-0.7177463686078109
L06,endpoint_equality,37,0.0,-0.3897316401332621,-0.38973164013326206
L06,endpoint_equality,39,0.0,0.038026078033787325,0.038026078033787325
L06,endpoint_equality,46,0.0,-0.5061697484221587,-0.5061697484221587
L06,endpoint_equality,47,0.0,-0.08991910379753931,-0.08991910379753931
L06,endpoint_equality,48,0.16960000342177983,-0.06610009117167914,-0.23570009459345898
L06,endpoint_equality,50,0.0,0.03841362795361536,0.03841362795361536
L06,endpoint_equality,53,0.0,0.043376028721827886,0.043376028721827886
L06,endpoint_equality,54,0.0,-0.2985812436613613,-0.2985812436613613
L06,endpoint_equality,56,0.0,-0.3770273125492055,-0.3770273125492055
L06,endpoint_equality,57,0.0,0.3140056876739108,0.3140056876739108
L06,endpoint_equality,59,0.0,-0.1524536106415748,-0.1524536106415748
L06,endpoint_equality,62,0.0,-0.49233625102116074,-0.49233625102116074
L06,endpoint_equality,63,0.0,-0.26009244427740874,-0.26009244427740874
L06,endpoint_equality,72,0.0,0.0998838295398714,0.0998838295398714
L06,endpoint_equality,74,0.06931611537518284,0.0,-0.06931611537518284
L06,endpoint_equality,79,0.0,-0.08049567175780115,-0.08049567175780115
L06,endpoint_equality,80,0.26926209496485587,-0.09462758517873526,-0.36388968014359113
L06,endpoint_equality,81,0.0,-0.4778024154458359,-0.47780241544583596
L06,endpoint_equality,82,0.0,0.015422039719593883,0.015422039719593883
L06,endpoint_equality,83,0.0,-0.5951048943208486,-0.5951048943208486
L06,endpoint_equality,84,0.0,-0.18827435068943266,-0.18827435068943266
L06,endpoint_equality,87,0.3123830582496048,-0.06292860103319176,-0.37531165928279653
L06,endpoint_equality,89,0.0,-0.35591499893160394,-0.35591499893160394
L06,endpoint_equality,90,0.0,-0.027815815349143236,-0.027815815349143236
L06,endpoint_equality,91,0.0,0.14240835666285367,0.14240835666285367
L06,endpoint_equality,93,0.0,-0.1800900105563673,-0.1800900105563673
L06,endpoint_equality,98,0.0,-0.42653459728960874,-0.42653459728960874
L06,endpoint_equality,99,0.0,-0.606458344369371,-0.606458344369371
L06,endpoint_equality,100,0.0,-0.4163349902485395,-0.4163349902485395
L06,endpoint_equality,104,0.4203826646149168,0.0,-0.4203826646149168
L06,endpoint_equality,107,0.2589111852167739,0.0,-0.2589111852167739
L06,endpoint_equality,109,0.18527911770027916,-0.08217079472591227,-0.2674499124261914
L06,endpoint_equality,110,0.0,-0.4039404667465025,-0.4039404667465025
L06,endpoint_equality,114,0.0,-0.41141452837733294,-0.41141452837733294
L06,endpoint_equality,115,0.0,-0.0535755740580115,-0.0535755740580115
L06,endpoint_equality,117,0.0,-0.5297688133550787,-0.5297688133550787
L06,endpoint_equality,118,0.0,-0.40738093200319525,-0.4073809320031953
L06,endpoint_equality,128,0.0,-0.04858836457411786,-0.04858836457411786
L06,endpoint_equality,130,0.04226563796452354,0.0,-0.04226563796452354
L06,endpoint_equality,136,0.0,0.08178811986759049,0.08178811986759049
L06,endpoint_equality,138,0.0,-0.525132927137105,-0.525132927137105
L06,endpoint_equality,140,0.0,-0.147873309405248,-0.147873309405248
L06,endpoint_equality,142,0.0,-0.7628063425501025,-0.7628063425501025
L06,endpoint_equality,144,0.13997729443169837,-0.030899352302787175,-0.17087664673448555
L06,endpoint_equality,149,0.0,-0.18390234834056762,-0.18390234834056762
L06,endpoint_equality,152,0.0,-0.12034937156816994,-0.12034937156816994
L06,endpoint_equality,153,0.0,0.007844270907458206,0.007844270907458206
L06,endpoint_equality,156,0.0,-0.3571798525401688,-0.3571798525401688
L06,endpoint_equality,158,0.0,-0.08656451479297367,-0.08656451479297367
L06,endpoint_equality,159,0.0,-0.5321225146375634,-0.5321225146375634
L06,endpoint_equality,160,0.0,-0.1469766911227406,-0.1469766911227406
L06,endpoint_equality,162,0.0,-0.23064653587622397,-0.23064653587622397
L06,endpoint_equality,163,0.0,-0.023087658427904945,-0.023087658427904945
L06,endpoint_equality,165,0.0,-0.7200885904252973,-0.7200885904252974
L06,endpoint_equality,167,0.0,0.11297611855843614,0.11297611855843614
L06,endpoint_equality,168,0.0,-0.15993582186713284,-0.15993582186713284
L06,endpoint_equality,170,0.0,-0.32797033137452336,-0.32797033137452336
L06,endpoint_equality,172,0.0,-0.3198390728286622,-0.3198390728286622
L06,endpoint_equality,173,0.0,-0.19594817777809737,-0.19594817777809737
L06,endpoint_equality,175,0.0,0.03345679331308604,0.03345679331308604
L06,endpoint_equality,176,0.0,-0.29582159398797725,-0.29582159398797725
L06,endpoint_equality,180,0.0,0.0577555259807796,0.0577555259807796
L06,endpoint_equality,181,0.0,-0.3980953312847971,-0.3980953312847971
L06,endpoint_equality,182,0.0,0.027586880071376774,0.027586880071376774
L06,endpoint_equality,183,0.0,-0.011449394668708424,-0.011449394668708424
L06,endpoint_equality,184,0.0,-0.16584029725385263,-0.16584029725385263
L06,endpoint_equality,185,0.0,0.07017613678116175,0.07017613678116175
L06,endpoint_equality,186,0.0,0.02941668115647955,0.02941668115647955
L06,endpoint_equality,191,0.0,-0.5773349233333109,-0.5773349233333109
L06,endpoint_equality,192,0.0,-0.34237394477412997,-0.34237394477412997
L06,endpoint_equality,193,0.0,-0.31812451891532134,-0.31812451891532134
L06,endpoint_equality,196,0.0,0.1792796823274463,0.1792796823274463
L06,endpoint_identity,1,-0.07951942229639586,-0.1071375729878874,-0.02761815069149154
L06,endpoint_identity,2,0.22389610982019936,-0.006223270338501008,-0.23011938015870037
L06,endpoint_identity,3,0.0,-0.3172799305719033,-0.3172799305719033
L06,endpoint_identity,9,-0.4280184184995163,-0.6513863988337099,-0.22336798033419353
L06,endpoint_identity,11,0.0,0.001686958784957282,0.001686958784957282
L06,endpoint_identity,15,-0.05443773042180511,-0.15418057753883585,-0.09974284711703074
L06,endpoint_identity,16,0.2826154737988721,-0.08490518772670175,-0.36752066152557383
L06,endpoint_identity,20,0.0,-0.5196166375503524,-0.5196166375503524
L06,endpoint_identity,23,0.0,-0.26386750791789126,-0.2638675079178913
L06,endpoint_identity,24,0.0,0.08602488661183916,0.08602488661183916
L06,endpoint_identity,25,2.220446049250313e-16,-0.9988881024863251,-0.9988881024863253
L06,endpoint_identity,26,-0.18986227056122035,-0.27238122486656935,-0.08251895430534895
L06,endpoint_identity,31,0.0,-0.42385843191513417,-0.4238584319151341
L06,endpoint_identity,36,0.0,-0.7367962397832308,-0.7367962397832309
L06,endpoint_identity,37,0.0,-0.6867887365875593,-0.6867887365875592
L06,endpoint_identity,39,0.0,-0.2961989138628358,-0.2961989138628358
L06,endpoint_identity,46,0.0,-0.5081559963201574,-0.5081559963201574
L06,endpoint_identity,47,-0.10507520952789562,-0.4775997653459435,-0.3725245558180479
L06,endpoint_identity,48,-0.4372232675902142,-0.7218518603792706,-0.28462859278905644
L06,endpoint_identity,54,0.0,-0.2962608772938533,-0.2962608772938533
L06,endpoint_identity,56,0.0,-0.3711120408492321,-0.3711120408492321
L06,endpoint_identity,57,-0.6579353273381541,-0.16314261985292566,0.49479270748522836
L06,endpoint_identity,59,-0.4379281151597835,-0.33480357478872413,0.10312454037105939
L06,endpoint_identity,62,0.0,-0.5669505360657412,-0.5669505360657412
L06,endpoint_identity,63,0.0,-0.2748213032136368,-0.2748213032136368
L06,endpoint_identity,72,0.0,0.21946966522756173,0.21946966522756173
L06,endpoint_identity,74,-0.26710490696521033,-0.27156050104491974,-0.004455594079709413
L06,endpoint_identity,79,-0.16410957340179055,-0.25018394684198375,-0.0860743734401932
L06,endpoint_identity,80,-0.5095032304510964,-0.9895248680282777,-0.4800216375771813
L06,endpoint_identity,81,0.0,-0.5668930616381456,-0.5668930616381456
L06,endpoint_identity,82,-0.06909738812071087,-0.010879305679857287,0.05821808244085358
L06,endpoint_identity,84,-0.36301961421775486,-0.5402084724723748,-0.17718885825461994
L06,endpoint_identity,87,0.41000276395260626,-0.031060510327239887,-0.44106327427984615
L06,endpoint_identity,89,0.0,-0.44642232779991664,-0.44642232779991664
L06,endpoint_identity,90,-0.3294258310510534,-0.16427923758869145,0.16514659346236193
L06,endpoint_identity,93,0.0,-0.1800900105563673,-0.1800900105563673
L06,endpoint_identity,99,0.0,-0.6122934776985994,-0.6122934776985993
L06,endpoint_identity,100,0.0,-0.413679568109121,-0.413679568109121
L06,endpoint_identity,104,0.4306619250219562,0.009535251002199763,-0.42112667401975645
L06,endpoint_identity,107,0.2542307258750973,0.0,-0.2542307258750973
L06,endpoint_identity,110,0.0,-0.42954014569194676,-0.42954014569194676
L06,endpoint_identity,115,0.12457543230122203,0.00048704707295676997,-0.12408838522826526
L06,endpoint_identity,117,0.0,-0.362402195865272,-0.362402195865272
L06,endpoint_identity,118,0.0,-0.5862997954951032,-0.5862997954951032
L06,endpoint_identity,130,0.08352581085152799,-0.10297935265342506,-0.18650516350495305
L06,endpoint_identity,136,0.0,0.019040573135588046,0.019040573135588046
L06,endpoint_identity,138,0.0,-0.353781355543896,-0.353781355543896
L06,endpoint_identity,140,0.46212206069915696,0.11468210426621983,-0.3474399564329371
L06,endpoint_identity,144,0.1113852701694047,-0.10111332965441533,-0.21249859982382002
L06,endpoint_identity,149,-0.607489046479487,-0.573227948707458,0.034261097772029014
L06,endpoint_identity,156,0.0,-0.3334270689406278,-0.3334270689406278
L06,endpoint_identity,158,-0.03397389868433276,-0.19811600020009446,-0.1641421015157617
L06,endpoint_identity,160,0.0,-0.18006108019348122,-0.18006108019348122
L06,endpoint_identity,162,-0.38932207260644963,-0.18256306333607097,0.2067590092703787
L06,endpoint_identity,163,-0.10668154626207749,-0.06044481925884515,0.046236727003232336
L06,endpoint_identity,168,0.0,-0.16187258759348133,-0.16187258759348133
L06,endpoint_identity,170,0.0,-0.32797033137452336,-0.32797033137452336
L06,endpoint_identity,172,0.0,-0.3360137268870812,-0.3360137268870812
L06,endpoint_identity,175,0.0,0.07544470054483798,0.07544470054483798
L06,endpoint_identity,176,0.0,-0.30649110591916506,-0.30649110591916506
L06,endpoint_identity,180,0.1011864543148322,0.07496202995725998,-0.026224424357572218
L06,endpoint_identity,182,-0.01652996779394178,0.022957701808737463,0.03948766960267924
L06,endpoint_identity,183,0.0,-0.13889192247140802,-0.13889192247140802
L06,endpoint_identity,184,0.0,-0.07379886335421904,-0.07379886335421904
L06,endpoint_identity,186,0.0,0.004930898772281145,0.004930898772281145
L06,endpoint_identity,191,0.0,-0.46950017624440654,-0.46950017624440654
L06,endpoint_identity,192,0.0,-0.31208143817548695,-0.31208143817548695
L06,endpoint_identity,193,-0.48027124384539854,-0.6814914679240568,-0.20122022407865825
L06,endpoint_identity_suffix,1,-0.07951942229639586,-0.1071375729878874,-0.02761815069149154
L06,endpoint_identity_suffix,2,0.22389610982019936,-0.006223270338501008,-0.23011938015870037
L06,endpoint_identity_suffix,3,0.0,-0.36204484065826725,-0.36204484065826725
L06,endpoint_identity_suffix,9,-0.45641973728519764,-0.6513863988337099,-0.19496666154851217
L06,endpoint_identity_suffix,11,0.0,0.001686958784957282,0.001686958784957282
L06,endpoint_identity_suffix,15,0.11308767144133669,0.15803207112701068,0.044944399685673986
L06,endpoint_identity_suffix,16,0.2929024700903834,-0.08490518772670175,-0.37780765781708514
L06,endpoint_identity_suffix,20,0.0,-0.48545653173169845,-0.48545653173169845
L06,endpoint_identity_suffix,23,0.0,-0.7544117676891837,-0.7544117676891838
L06,endpoint_identity_suffix,24,0.0,0.08602488661183916,0.08602488661183916
L06,endpoint_identity_suffix,26,-0.10918003660696124,-0.6517316146477088,-0.5425515780407476
L06,endpoint_identity_suffix,31,0.12156843825299718,-0.42385843191513417,-0.5454268701681313
L06,endpoint_identity_suffix,36,0.0,-0.8791125237902596,-0.8791125237902596
L06,endpoint_identity_suffix,37,0.0,-0.6867887365875593,-0.6867887365875592
L06,endpoint_identity_suffix,39,0.0,-0.2961989138628358,-0.2961989138628358
L06,endpoint_identity_suffix,46,0.0,-0.5089118282004435,-0.5089118282004435
L06,endpoint_identity_suffix,47,-0.10507520952789562,-0.4541730845835844,-0.3490978750556888
L06,endpoint_identity_suffix,56,0.03633716791654573,-0.46741573668378145,-0.5037529046003272
L06,endpoint_identity_suffix,59,-0.39119470092562336,-0.33480357478872413,0.05639112613689923
L06,endpoint_identity_suffix,62,0.06017237749249216,-0.5068827297493802,-0.5670551072418724
L06,endpoint_identity_suffix,63,0.0,-0.33357679158815884,-0.33357679158815884
L06,endpoint_identity_suffix,72,0.3406320852448178,0.379574248818324,0.03894216357350622
L06,endpoint_identity_suffix,74,-0.14965068517678737,-0.30248537799000735,-0.15283469281321999
L06,endpoint_identity_suffix,79,0.20413339742553793,0.08800649624775736,-0.11612690117778057
L06,endpoint_identity_suffix,81,-0.008194754794641379,-0.93133066216875,-0.9231359073741087
L06,endpoint_identity_suffix,82,-0.06909738812071087,-0.010879305679857287,0.05821808244085358
L06,endpoint_identity_suffix,84,-0.31549135303420683,-0.5402084724723748,-0.22471711943816797
L06,endpoint_identity_suffix,87,0.41000276395260626,-0.031060510327239887,-0.44106327427984615
L06,endpoint_identity_suffix,89,0.0,-0.7902778665634355,-0.7902778665634355
L06,endpoint_identity_suffix,93,0.0,-0.29555313057311905,-0.29555313057311905
L06,endpoint_identity_suffix,100,0.0,-0.3136156361547425,-0.3136156361547425
L06,endpoint_identity_suffix,104,0.4306619250219562,0.009535251002199763,-0.42112667401975645
L06,endpoint_identity_suffix,107,0.5648971313820522,0.27337445755900736,-0.29152267382304486
L06,endpoint_identity_suffix,110,0.0,-0.38633716735616364,-0.38633716735616364
L06,endpoint_identity_suffix,115,0.12457543230122203,0.00048704707295676997,-0.12408838522826526
L06,endpoint_identity_suffix,117,0.0,-0.342585892816471,-0.342585892816471
L06,endpoint_identity_suffix,118,-0.23610945354940835,-0.8237754838514444,-0.587666030302036
L06,endpoint_identity_suffix,130,0.15758322734690033,0.03181106751377105,-0.12577215983312928
L06,endpoint_identity_suffix,136,0.0,0.019040573135588046,0.019040573135588046
L06,endpoint_identity_suffix,138,0.0,-0.353781355543896,-0.353781355543896
L06,endpoint_identity_suffix,140,0.46212206069915696,0.11468210426621983,-0.3474399564329371
L06,endpoint_identity_suffix,144,0.1486535065747796,-0.10111332965441533,-0.24976683622919493
L06,endpoint_identity_suffix,156,0.11085996685664257,-0.38902949200999704,-0.4998894588666396
L06,endpoint_identity_suffix,158,0.2233658116767594,-0.05466418751840063,-0.27802999919516
L06,endpoint_identity_suffix,160,0.0,-0.18006108019348122,-0.18006108019348122
L06,endpoint_identity_suffix,162,-0.3655470795301935,-0.18256306333607097,0.18298401619412252
L06,endpoint_identity_suffix,163,0.0679697867186978,-0.05214738496653881,-0.12011717168523661
L06,endpoint_identity_suffix,168,0.0,-0.5866380854688547,-0.5866380854688547
L06,endpoint_identity_suffix,170,0.03323657290422172,-0.38077181858399434,-0.41400839148821605
L06,endpoint_identity_suffix,172,0.0,-0.3360137268870812,-0.3360137268870812
L06,endpoint_identity_suffix,175,0.0,0.01104040194449607,0.01104040194449607
L06,endpoint_identity_suffix,176,0.0,-0.5353262006150636,-0.5353262006150636
L06,endpoint_identity_suffix,180,0.1011864543148322,0.07496202995725998,-0.026224424357572218
L06,endpoint_identity_suffix,182,0.25174096654335365,0.2184404385974683,-0.03330052794588534
L06,endpoint_identity_suffix,183,0.1869000590454586,0.012867254146438967,-0.17403280489901962
L06,endpoint_identity_suffix,184,0.0,-0.07379886335421904,-0.07379886335421904
L06,endpoint_identity_suffix,186,0.0,-0.0009681820865929947,-0.0009681820865929947
L06,endpoint_identity_suffix,191,0.0,-0.41003027829976446,-0.41003027829976446
L06,endpoint_identity_suffix,192,0.0,-0.6258733060823352,-0.6258733060823352
L06,endpoint_identity_suffix,193,-0.48027124384539854,-0.6814914679240568,-0.20122022407865825
L07,endpoint_equality,1,0.0,-0.05832013906638345,-0.05832013906638345
L07,endpoint_equality,2,0.0,-0.06772911836071693,-0.06772911836071693
L07,endpoint_equality,3,0.0,-0.34632117258312,-0.34632117258312
L07,endpoint_equality,4,0.0,0.031841955436197056,0.031841955436197056
L07,endpoint_equality,8,0.3347693578482527,0.0,-0.3347693578482527
L07,endpoint_equality,9,0.0,-0.15320007611999464,-0.15320007611999464
L07,endpoint_equality,11,0.0,0.030909908073706305,0.030909908073706305
L07,endpoint_equality,15,0.0,-0.08340400555179728,-0.08340400555179728
L07,endpoint_equality,16,0.18614516593113695,-0.08415904815423225,-0.2703042140853692
L07,endpoint_equality,20,0.0,-0.4142657026587123,-0.4142657026587123
L07,endpoint_equality,23,0.0,-0.49078509934315706,-0.490785099343157
L07,endpoint_equality,24,0.0,0.12036541534519274,0.12036541534519274
L07,endpoint_equality,25,-3.3306690738754696e-16,-0.479940857590478,-0.47994085759047767
L07,endpoint_equality,26,0.0,-0.14378757357220073,-0.14378757357220073
L07,endpoint_equality,31,0.0,-0.5524899849977473,-0.5524899849977473
L07,endpoint_equality,36,0.0,-0.7091972559134547,-0.7091972559134547
L07,endpoint_equality,37,0.0,-0.3670205790987,-0.36702057909869995
L07,endpoint_equality,39,0.0,0.03662105023872542,0.03662105023872542
L07,endpoint_equality,46,0.0,-0.4929077943164678,-0.4929077943164678
L07,endpoint_equality,47,0.0,-0.08911938880127468,-0.08911938880127468
L07,endpoint_equality,48,0.15385707490917577,-0.06464306899698125,-0.21850014390615702
L07,endpoint_equality,50,0.0,0.03756441270558408,0.03756441270558408
L07,endpoint_equality,53,0.0,0.0423456076540103,0.0423456076540103
L07,endpoint_equality,54,0.0,-0.28109788258964963,-0.28109788258964963
L07,endpoint_equality,56,0.0,-0.3638103028218779,-0.3638103028218779
L07,endpoint_equality,57,0.0,0.31144537678082507,0.31144537678082507
L07,endpoint_equality,59,0.0,-0.14874453273585675,-0.14874453273585675
L07,endpoint_equality,62,0.0,-0.4725084720502636,-0.4725084720502636
L07,endpoint_equality,63,0.0,-0.24707183275790678,-0.24707183275790678
L07,endpoint_equality,72,0.0,0.09649220219508992,0.09649220219508992
L07,endpoint_equality,74,0.06790919130882372,0.0,-0.06790919130882372
L07,endpoint_equality,79,0.0,-0.07836166712038284,-0.07836166712038284
L07,endpoint_equality,80,0.2631467421324486,-0.09050525014147404,-0.35365199227392263
L07,endpoint_equality,81,0.0,-0.4703782301281232,-0.4703782301281232
L07,endpoint_equality,82,0.0,0.014175815693749039,0.014175815693749039
L07,endpoint_equality,83,0.0,-0.5841808588074237,-0.5841808588074238
L07,endpoint_equality,84,0.0,-0.1786412438042344,-0.1786412438042344
L07,endpoint_equality,87,0.3011626932560374,-0.06102338384953043,-0.3621860771055678
L07,endpoint_equality,89,0.0,-0.3504114734638031,-0.3504114734638031
L07,endpoint_equality,90,0.0,-0.025762736050432666,-0.025762736050432666
L07,endpoint_equality,91,0.0,0.1308469512290512,0.1308469512290512
L07,endpoint_equality,93,0.0,-0.17949856742402404,-0.17949856742402404
L07,endpoint_equality,98,0.0,-0.3920243015234308,-0.3920243015234308
L07,endpoint_equality,99,0.0,-0.577187354976104,-0.577187354976104
L07,endpoint_equality,100,0.0,-0.4064822402569168,-0.4064822402569168
L07,endpoint_equality,104,0.40935782175847213,0.0,-0.40935782175847213
L07,endpoint_equality,107,0.24809379877533855,0.0,-0.24809379877533855
L07,endpoint_equality,109,0.17776357875254567,-0.07779417139975209,-0.25555775015229776
L07,endpoint_equality,110,0.0,-0.3824642386911935,-0.3824642386911935
L07,endpoint_equality,114,0.0,-0.3904932183461559,-0.3904932183461559
L07,endpoint_equality,115,0.0,-0.05236476713586713,-0.05236476713586713
L07,endpoint_equality,117,0.0,-0.5158461905913981,-0.5158461905913981
L07,endpoint_equality,118,0.0,-0.3843339077653911,-0.38433390776539106
L07,endpoint_equality,128,0.0,-0.04783520272110753,-0.04783520272110753
L07,endpoint_equality,130,0.04091899872216975,0.0,-0.04091899872216975
L07,endpoint_equality,136,0.0,0.07947057491791942,0.07947057491791942
L07,endpoint_equality,138,0.0,-0.4928758017969017,-0.4928758017969017
L07,endpoint_equality,140,0.0,-0.14451232642695644,-0.14451232642695644
L07,endpoint_equality,142,5.551115123125783e-17,-0.7578952974439195,-0.7578952974439195
L07,endpoint_equality,144,0.13791288583033867,-0.030277753015805597,-0.16819063884614427
L07,endpoint_equality,149,0.0,-0.17811455729086667,-0.17811455729086667
L07,endpoint_equality,152,0.0,-0.11355099847256533,-0.11355099847256533
L07,endpoint_equality,153,0.0,0.007133184948166171,0.007133184948166171
L07,endpoint_equality,156,0.0,-0.3407245140365174,-0.3407245140365173
L07,endpoint_equality,158,0.0,-0.08666303931216413,-0.08666303931216413
L07,endpoint_equality,159,0.0,-0.5180231037530816,-0.5180231037530815
L07,endpoint_equality,160,0.0,-0.14317367424660876,-0.14317367424660876
L07,endpoint_equality,162,0.0,-0.22839747500260288,-0.22839747500260288
L07,endpoint_equality,163,0.0,-0.02207825778233019,-0.02207825778233019
L07,endpoint_equality,165,0.0,-0.7121393987902453,-0.7121393987902455
L07,endpoint_equality,167,0.0,0.10922386258289363,0.10922386258289363
L07,endpoint_equality,168,0.0,-0.15345365263112187,-0.15345365263112187
L07,endpoint_equality,170,0.0,-0.3132057536963456,-0.3132057536963456
L07,endpoint_equality,172,0.0,-0.3093975839911125,-0.3093975839911125
L07,endpoint_equality,173,0.0,-0.1922419734976879,-0.1922419734976879
L07,endpoint_equality,175,0.0,0.031965093385958765,0.031965093385958765
L07,endpoint_equality,176,0.0,-0.28209628197311876,-0.28209628197311876
L07,endpoint_equality,180,0.0,0.05695942300536516,0.05695942300536516
L07,endpoint_equality,181,0.0,-0.3849789470150051,-0.3849789470150051
L07,endpoint_equality,182,0.0,0.02743186467578007,0.02743186467578007
L07,endpoint_equality,183,0.0,-0.011034268858398422,-0.011034268858398422
L07,endpoint_equality,184,0.0,-0.1614054894570658,-0.1614054894570658
L07,endpoint_equality,185,0.0,0.06839036460646453,0.06839036460646453
L07,endpoint_equality,186,0.0,0.02906554444862386,0.02906554444862386
L07,endpoint_equality,191,0.0,-0.5735047136331543,-0.5735047136331543
L07,endpoint_equality,192,0.0,-0.3296382932249141,-0.3296382932249141
L07,endpoint_equality,193,0.0,-0.3153587946688279,-0.3153587946688279
L07,endpoint_equality,196,0.0,0.17630155085124666,0.17630155085124666
L07,endpoint_identity,1,-0.07269089191532596,-0.10857611134570178,-0.035885219430375814
L07,endpoint_identity,2,0.22916587305411795,-0.02475720614350929,-0.25392307919762724
L07,endpoint_identity,3,0.0,-0.3150477912199483,-0.3150477912199483
L07,endpoint_identity,9,-0.4155201232755171,-0.6391607880107055,-0.2236406647351884
L07,endpoint_identity,11,0.0,-0.01264557335650851,-0.01264557335650851
L07,endpoint_identity,15,-0.048210520623397146,-0.1462202948569451,-0.09800977423354795
L07,endpoint_identity,16,0.2782775669241303,-0.07935244989844525,-0.35763001682257556
L07,endpoint_identity,20,0.0,-0.5193489334980033,-0.5193489334980033
L07,endpoint_identity,23,0.0,-0.2366495073902961,-0.23664950739029605
L07,endpoint_identity,24,0.0,0.0759343477422687,0.0759343477422687
L07,endpoint_identity,25,2.220446049250313e-16,-1.0072818997275168,-1.0072818997275168
L07,endpoint_identity,26,-0.17528143690818832,-0.2537427768921189,-0.07846133998393057
L07,endpoint_identity,31,0.0,-0.3972313162437361,-0.3972313162437361
L07,endpoint_identity,36,0.0,-0.7290225127525196,-0.7290225127525196
L07,endpoint_identity,37,0.0,-0.6644871073714609,-0.6644871073714609
L07,endpoint_identity,39,0.0,-0.2645376524966948,-0.2645376524966948
L07,endpoint_identity,46,0.0,-0.4966805645954672,-0.4966805645954672
L07,endpoint_identity,47,-0.10700149645430712,-0.4733801402542883,-0.3663786437999812
L07,endpoint_identity,48,-0.41924085662230837,-0.7119842125314261,-0.2927433559091177
L07,endpoint_identity,54,0.0,-0.27793646025001006,-0.27793646025001006
L07,endpoint_identity,56,0.0,-0.35826415533482825,-0.35826415533482825
L07,endpoint_identity,57,-0.6584653553525464,-0.16181240246154582,0.49665295289100053
L07,endpoint_identity,59,-0.43191515428736615,-0.3319536820601864,0.09996147222717977
L07,endpoint_identity,62,0.0,-0.5553815703793632,-0.5553815703793632
L07,endpoint_identity,63,0.0,-0.2614510994420097,-0.2614510994420097
L07,endpoint_identity,72,0.0,0.20719871939443024,0.20719871939443024
L07,endpoint_identity,74,-0.2618218945961572,-0.26678364050645376,-0.004961745910296578
L07,endpoint_identity,79,-0.15928443209688603,-0.24495325485522335,-0.08566882275833732
L07,endpoint_identity,80,-0.5334789583716799,-0.9870989581328447,-0.45361999976116474
L07,endpoint_identity,81,0.0,-0.5616580873732049,-0.5616580873732049
L07,endpoint_identity,82,-0.07482115022115332,-0.029046403318390812,0.04577474690276251
L07,endpoint_identity,84,-0.358604450479974,-0.5157090711999975,-0.1571046207200235
L07,endpoint_identity,87,0.3952760348985491,-0.06492959437489976,-0.4602056292734489
L07,endpoint_identity,89,0.0,-0.4453904403314569,-0.44539044033145686
L07,endpoint_identity,90,-0.3091611842450849,-0.17017061696324398,0.1389905672818409
L07,endpoint_identity,93,0.0,-0.17949856742402404,-0.17949856742402404
L07,endpoint_identity,99,0.0,-0.5970003990249177,-0.5970003990249177
L07,endpoint_identity,100,0.0,-0.40331084936064543,-0.40331084936064543
L07,endpoint_identity,104,0.41222170241151135,-0.018232356126868687,-0.43045405853838004
L07,endpoint_identity,107,0.23684714344797175,0.0,-0.23684714344797175
L07,endpoint_identity,110,0.0,-0.4089750510797623,-0.4089750510797623
L07,endpoint_identity,115,0.1239344080147502,-0.006058503295895301,-0.1299929113106455
L07,endpoint_identity,117,0.0,-0.3488509914733283,-0.3488509914733283
L07,endpoint_identity,118,5.551115123125783e-17,-0.5898052481296938,-0.5898052481296938
L07,endpoint_identity,130,0.08483437995298682,-0.12306201176722253,-0.20789639172020935
L07,endpoint_identity,136,0.0,0.01469487775277889,0.01469487775277889
L07,endpoint_identity,138,0.0,-0.3295803073453245,-0.3295803073453245
L07,endpoint_identity,140,0.4494755200735665,0.10698532190507515,-0.34249019816849136
L07,endpoint_identity,144,0.11052691386685454,-0.09643789835192873,-0.20696481221878327
L07,endpoint_identity,149,-0.593316001121364,-0.5508561015262948,0.04245989959506913
L07,endpoint_identity,156,0.0,-0.315937163111748,-0.31593716311174797
L07,endpoint_identity,158,-0.034113568521850435,-0.20834224314533922,-0.1742286746234888
L07,endpoint_identity,160,0.0,-0.18224381710728998,-0.18224381710728998
L07,endpoint_identity,162,-0.3698825512948006,-0.1907331242563779,0.17914942703842274
L07,endpoint_identity,163,-0.1063816847125516,-0.0604919023508641,0.0458897823616875
L07,endpoint_identity,168,0.0,-0.15563622150488965,-0.15563622150488965
L07,endpoint_identity,170,0.0,-0.3132057536963456,-0.3132057536963456
L07,endpoint_identity,172,0.0,-0.33195062991380486,-0.33195062991380486
L07,endpoint_identity,175,0.0,0.07454653792593269,0.07454653792593269
L07,endpoint_identity,176,0.0,-0.29592843992367457,-0.29592843992367457
L07,endpoint_identity,180,0.09581381897528307,0.0643047985610683,-0.03150902041421477
L07,endpoint_identity,182,-0.017116298120025686,0.020504835893046636,0.03762113401307232
L07,endpoint_identity,183,0.0,-0.14490193228865156,-0.14490193228865156
L07,endpoint_identity,184,0.0,-0.05884306834635056,-0.05884306834635056
L07,endpoint_identity,186,0.0,-0.0032335977335911092,-0.0032335977335911092
L07,endpoint_identity,191,0.0,-0.4675479444803552,-0.4675479444803552
L07,endpoint_identity,192,0.0,-0.2982611715058451,-0.2982611715058451
L07,endpoint_identity,193,-0.48843975257779426,-0.6839468338205082,-0.195507081242714
L07,endpoint_identity_suffix,1,-0.07269089191532596,-0.10857611134570178,-0.035885219430375814
L07,endpoint_identity_suffix,2,0.22916587305411795,-0.02475720614350929,-0.25392307919762724
L07,endpoint_identity_suffix,3,0.0,-0.3574593848400711,-0.3574593848400711
L07,endpoint_identity_suffix,9,-0.4468590194127606,-0.6391607880107055,-0.19230176859794484
L07,endpoint_identity_suffix,11,0.0,-0.01264557335650851,-0.01264557335650851
L07,endpoint_identity_suffix,15,0.10509389492094234,0.16277810018002326,0.05768420525908091
L07,endpoint_identity_suffix,16,0.2886328386824496,-0.07935244989844525,-0.36798528858089485
L07,endpoint_identity_suffix,20,0.0,-0.4843909746044617,-0.4843909746044617
L07,endpoint_identity_suffix,23,0.0,-0.7466439199914443,-0.7466439199914442
L07,endpoint_identity_suffix,24,0.0,0.0759343477422687,0.0759343477422687
L07,endpoint_identity_suffix,26,-0.0940557442160338,-0.6145465094239932,-0.5204907652079594
L07,endpoint_identity_suffix,31,0.11209804116317912,-0.3972313162437361,-0.5093293574069152
L07,endpoint_identity_suffix,36,0.0,-0.8803674428447988,-0.880367442844799
L07,endpoint_identity_suffix,37,0.0,-0.6644871073714609,-0.6644871073714609
L07,endpoint_identity_suffix,39,0.0,-0.2645376524966948,-0.2645376524966948
L07,endpoint_identity_suffix,46,0.0,-0.5003303262759362,-0.5003303262759362
L07,endpoint_identity_suffix,47,-0.10700149645430712,-0.4519628712609164,-0.34496137480660927
L07,endpoint_identity_suffix,56,0.036981741131464574,-0.4524823520623673,-0.4894640931938319
L07,endpoint_identity_suffix,59,-0.3929755079844828,-0.3319536820601864,0.06102182592429639
L07,endpoint_identity_suffix,62,0.05626881712776899,-0.5062691683593445,-0.5625379854871135
L07,endpoint_identity_suffix,63,0.0,-0.317379302031106,-0.317379302031106
L07,endpoint_identity_suffix,72,0.33252633909771556,0.35716601262153924,0.02463967352382368
L07,endpoint_identity_suffix,74,-0.1515171702081991,-0.29305660974344316,-0.14153943953524406
L07,endpoint_identity_suffix,79,0.19760852674408402,0.07910135377681837,-0.11850717296726565
L07,endpoint_identity_suffix,81,-0.008929632420438788,-0.9350934517559791,-0.9261638193355403
L07,endpoint_identity_suffix,82,-0.07482115022115332,-0.029046403318390812,0.04577474690276251
L07,endpoint_identity_suffix,84,-0.31661590235550546,-0.5157090711999975,-0.19909316884449207
L07,endpoint_identity_suffix,87,0.3952760348985491,-0.06492959437489976,-0.4602056292734489
L07,endpoint_identity_suffix,89,0.0,-0.7927629892378005,-0.7927629892378004
L07,endpoint_identity_suffix,93,0.0,-0.28491320392848873,-0.28491320392848873
L07,endpoint_identity_suffix,100,0.0,-0.306072719563686,-0.306072719563686
L07,endpoint_identity_suffix,104,0.41222170241151135,-0.018232356126868687,-0.43045405853838004
L07,endpoint_identity_suffix,107,0.5412955609643753,0.26656216347833417,-0.2747333974860411
L07,endpoint_identity_suffix,110,0.0,-0.36955087980612766,-0.36955087980612766
L07,endpoint_identity_suffix,115,0.1239344080147502,-0.006058503295895301,-0.1299929113106455
L07,endpoint_identity_suffix,117,0.0,-0.3298935788758929,-0.3298935788758929
L07,endpoint_identity_suffix,118,-0.2182497973491573,-0.8473351299834783,-0.6290853326343209
L07,endpoint_identity_suffix,130,0.15483655892481174,0.006239425803068133,-0.1485971331217436
L07,endpoint_identity_suffix,136,0.0,0.01469487775277889,0.01469487775277889
L07,endpoint_identity_suffix,138,0.0,-0.3295803073453245,-0.3295803073453245
L07,endpoint_identity_suffix,140,0.4494755200735665,0.10698532190507515,-0.34249019816849136
L07,endpoint_identity_suffix,144,0.14772121053252585,-0.09643789835192873,-0.24415910888445458
L07,endpoint_identity_suffix,156,0.12681991280406063,-0.3896870650301997,-0.5165069778342603
L07,endpoint_identity_suffix,158,0.2147882451261789,-0.06880544860468318,-0.2835936937308621
L07,endpoint_identity_suffix,160,0.0,-0.18224381710728998,-0.18224381710728998
L07,endpoint_identity_suffix,162,-0.3513331859591675,-0.1907331242563779,0.16060006170278962
L07,endpoint_identity_suffix,163,0.06058921656691185,-0.0622403684531907,-0.12282958502010255
L07,endpoint_identity_suffix,168,0.0,-0.5830433345499648,-0.5830433345499648
L07,endpoint_identity_suffix,170,0.033795334340731564,-0.36856997228353905,-0.4023653066242706
L07,endpoint_identity_suffix,172,0.0,-0.33195062991380486,-0.33195062991380486
L07,endpoint_identity_suffix,175,0.0,0.015246315892142759,0.015246315892142759
L07,endpoint_identity_suffix,176,0.0,-0.5430428048408725,-0.5430428048408725
L07,endpoint_identity_suffix,180,0.09581381897528307,0.0643047985610683,-0.03150902041421477
L07,endpoint_identity_suffix,182,0.24794473495769054,0.21033133955609062,-0.037613395401599914
L07,endpoint_identity_suffix,183,0.18340004078911298,6.483568515824878e-05,-0.18333520510395473
L07,endpoint_identity_suffix,184,0.0,-0.05884306834635056,-0.05884306834635056
L07,endpoint_identity_suffix,186,0.0,-0.012918904369746853,-0.012918904369746853
L07,endpoint_identity_suffix,191,0.0,-0.3917812183603294,-0.3917812183603294
L07,endpoint_identity_suffix,192,0.0,-0.6206049995768617,-0.6206049995768617
L07,endpoint_identity_suffix,193,-0.48843975257779426,-0.6839468338205082,-0.195507081242714
L08,endpoint_equality,1,0.0,-0.0573457537668316,-0.0573457537668316
L08,endpoint_equality,2,0.0,-0.06709842477993444,-0.06709842477993444
L08,endpoint_equality,3,0.0,-0.327206373703431,-0.327206373703431
L08,endpoint_equality,4,0.0,0.03137181199674077,0.03137181199674077
L08,endpoint_equality,8,0.3278828825683091,0.0,-0.3278828825683091
L08,endpoint_equality,9,0.0,-0.14716842423433407,-0.14716842423433407
L08,endpoint_equality,11,0.0,0.030697786299361818,0.030697786299361818
L08,endpoint_equality,15,0.0,-0.07996484507399981,-0.07996484507399981
L08,endpoint_equality,16,0.18548792863087882,-0.07455391113409449,-0.2600418397649733
L08,endpoint_equality,20,0.0,-0.4068095803858982,-0.4068095803858982
L08,endpoint_equality,23,0.0,-0.4807031730774233,-0.48070317307742333
L08,endpoint_equality,24,0.0,0.11395203906979723,0.11395203906979723
L08,endpoint_equality,25,-3.3306690738754696e-16,-0.46113927783857167,-0.46113927783857134
L08,endpoint_equality,26,0.0,-0.13525243925232777,-0.13525243925232777
L08,endpoint_equality,31,0.0,-0.5274152838318978,-0.5274152838318977
L08,endpoint_equality,36,0.0,-0.7077710603862903,-0.7077710603862905
L08,endpoint_equality,37,0.0,-0.33524654745987714,-0.33524654745987714
L08,endpoint_equality,39,0.0,0.03586276728836091,0.03586276728836091
L08,endpoint_equality,46,0.0,-0.48581025576362075,-0.4858102557636207
L08,endpoint_equality,47,0.0,-0.09074639518899574,-0.09074639518899574
L08,endpoint_equality,48,0.14304347586362554,-0.06320429169240205,-0.20624776755602758
L08,endpoint_equality,50,0.0,0.03707643159475493,0.03707643159475493
L08,endpoint_equality,53,0.0,0.041704165337603794,0.041704165337603794
L08,endpoint_equality,54,0.0,-0.2641589247416929,-0.2641589247416929
L08,endpoint_equality,56,0.0,-0.350084598091693,-0.350084598091693
L08,endpoint_equality,57,0.0,0.30713843702022947,0.30713843702022947
L08,endpoint_equality,59,0.0,-0.14174956718846676,-0.14174956718846676
L08,endpoint_equality,62,0.0,-0.46321391768861764,-0.46321391768861764
L08,endpoint_equality,63,0.0,-0.23557126767899395,-0.23557126767899395
L08,endpoint_equality,72,0.0,0.09433312774655978,0.09433312774655978
L08,endpoint_equality,74,0.06719376829628787,0.0,-0.06719376829628787
L08,endpoint_equality,79,0.0,-0.07726759293511987,-0.07726759293511987
L08,endpoint_equality,80,0.2553041057904716,-0.08570939847553283,-0.3410135042660044
L08,endpoint_equality,81,0.0,-0.4590129882605397,-0.4590129882605397
L08,endpoint_equality,82,0.0,0.013157593880807061,0.013157593880807061
L08,endpoint_equality,83,0.0,-0.5610960927036615,-0.5610960927036615
L08,endpoint_equality,84,0.0,-0.16905044062820718,-0.16905044062820718
L08,endpoint_equality,87,0.29443226663992095,-0.058457503581628156,-0.3528897702215491
L08,endpoint_equality,89,0.0,-0.35311564265789386,-0.35311564265789386
L08,endpoint_equality,90,0.0,-0.026103580792300685,-0.026103580792300685
L08,endpoint_equality,91,0.0,0.11945354864120217,0.11945354864120217
L08,endpoint_equality,93,0.0,-0.179824228571843,-0.179824228571843
L08,endpoint_equality,98,0.0,-0.38031229094204844,-0.38031229094204844
L08,endpoint_equality,99,0.0,-0.5673546023104239,-0.5673546023104239
L08,endpoint_equality,100,0.0,-0.39568787958401896,-0.39568787958401896
L08,endpoint_equality,104,0.3985489322206832,0.0,-0.3985489322206832
L08,endpoint_equality,107,0.24695219984763195,0.0,-0.24695219984763195
L08,endpoint_equality,109,0.17355935210701456,-0.0744496112023878,-0.24800896330940236
L08,endpoint_equality,110,0.0,-0.35844627299678444,-0.35844627299678444
L08,endpoint_equality,114,0.0,-0.3738150099495744,-0.3738150099495744
L08,endpoint_equality,115,0.0,-0.049404168432290785,-0.049404168432290785
L08,endpoint_equality,117,0.0,-0.504353408294712,-0.504353408294712
L08,endpoint_equality,118,0.0,-0.36577468269541835,-0.3657746826954183
L08,endpoint_equality,128,0.0,-0.04703165214596838,-0.04703165214596838
L08,endpoint_equality,130,0.03974079947183884,0.0,-0.03974079947183884
L08,endpoint_equality,136,0.0,0.07680712528334355,0.07680712528334355
L08,endpoint_equality,138,0.0,-0.46452330919976736,-0.46452330919976736
L08,endpoint_equality,140,0.0,-0.14119501053825811,-0.14119501053825811
L08,endpoint_equality,142,0.0,-0.745526409340713,-0.745526409340713
L08,endpoint_equality,144,0.13858267810068314,-0.029549165657364762,-0.1681318437580479
L08,endpoint_equality,149,0.0,-0.1764926750386655,-0.1764926750386655
L08,endpoint_equality,152,0.0,-0.10894304686392231,-0.10894304686392231
L08,endpoint_equality,153,0.0,0.006434010210420338,0.006434010210420338
L08,endpoint_equality,156,0.0,-0.3161264560285816,-0.3161264560285816
L08,endpoint_equality,158,0.0,-0.08508052720951276,-0.08508052720951276
L08,endpoint_equality,159,0.0,-0.5090455625193537,-0.5090455625193536
L08,endpoint_equality,160,0.0,-0.14076185918561435,-0.14076185918561435
L08,endpoint_equality,162,0.0,-0.22573667475917614,-0.22573667475917614
L08,endpoint_equality,163,0.0,-0.02101525490902101,-0.02101525490902101
L08,endpoint_equality,165,0.0,-0.7025460219070916,-0.7025460219070916
L08,endpoint_equality,167,0.0,0.10542453466885426,0.10542453466885426
L08,endpoint_equality,168,0.0,-0.14829662121570575,-0.14829662121570575
L08,endpoint_equality,170,0.0,-0.3052106979655551,-0.3052106979655551
L08,endpoint_equality,172,0.0,-0.29487358948021636,-0.29487358948021636
L08,endpoint_equality,173,0.0,-0.18512422778104765,-0.18512422778104765
L08,endpoint_equality,175,0.0,0.030272934942078722,0.030272934942078722
L08,endpoint_equality,176,0.0,-0.2722800275221219,-0.2722800275221219
L08,endpoint_equality,180,0.0,0.054808177215359244,0.054808177215359244
L08,endpoint_equality,181,0.0,-0.3701053348597675,-0.3701053348597675
L08,endpoint_equality,182,0.0,0.02757423607515408,0.02757423607515408
L08,endpoint_equality,183,0.0,-0.011088529954563109,-0.011088529954563109
L08,endpoint_equality,184,0.0,-0.1606060228472017,-0.1606060228472017
L08,endpoint_equality,185,0.0,0.06667374112831492,0.06667374112831492
L08,endpoint_equality,186,0.0,0.028567888676344744,0.028567888676344744
L08,endpoint_equality,191,0.0,-0.5586653907859478,-0.5586653907859478
L08,endpoint_equality,192,0.0,-0.31601438486698363,-0.3160143848669836
L08,endpoint_equality,193,0.0,-0.31675412258059366,-0.31675412258059366
L08,endpoint_equality,196,0.0,0.17539097398607684,0.17539097398607684
L08,endpoint_identity,1,-0.06871703952694785,-0.10545221721003717,-0.036735177683089315
L08,endpoint_identity,2,0.23718930354177603,-0.03159914485212023,-0.26878844839389626
L08,endpoint_identity,3,0.0,-0.2916157450790863,-0.2916157450790863
L08,endpoint_identity,9,-0.41107995572641004,-0.6356755466315747,-0.22459559090516457
L08,endpoint_identity,11,0.0,-0.01852846090302207,-0.01852846090302207
L08,endpoint_identity,15,-0.0441405567381945,-0.13134856394174887,-0.08720800720355437
L08,endpoint_identity,16,0.2767960062392283,-0.0809965340908454,-0.3577925403300737
L08,endpoint_identity,20,0.0,-0.5181319269559072,-0.5181319269559072
L08,endpoint_identity,23,0.0,-0.22164909029139102,-0.22164909029139107
L08,endpoint_identity,24,0.0,0.06150004452314195,0.06150004452314195
L08,endpoint_identity,25,1.1102230246251565e-16,-1.0115669196131887,-1.011566919613189
L08,endpoint_identity,26,-0.15828655208427256,-0.23868077515116692,-0.08039422306689437
L08,endpoint_identity,31,0.0,-0.3726107610139877,-0.37261076101398766
L08,endpoint_identity,36,0.0,-0.7307045180298312,-0.7307045180298313
L08,endpoint_identity,37,0.0,-0.652083638861735,-0.652083638861735
L08,endpoint_identity,39,0.0,-0.23597152386136644,-0.23597152386136644
L08,endpoint_identity,46,0.0,-0.4902682161077541,-0.49026821610775406
L08,endpoint_identity,47,-0.09241467784804969,-0.48332849661444066,-0.390913818766391
L08,endpoint_identity,48,-0.40755819805212146,-0.6932730859326075,-0.28571488788048593
L08,endpoint_identity,54,0.0,-0.26015405222146204,-0.26015405222146204
L08,endpoint_identity,56,0.0,-0.34543851261718905,-0.34543851261718905
L08,endpoint_identity,57,-0.6597379587404182,-0.15957471867531448,0.5001632400651037
L08,endpoint_identity,59,-0.43817174204942083,-0.32868971603476116,0.10948202601465962
L08,endpoint_identity,62,0.0,-0.5550690849909563,-0.5550690849909563
L08,endpoint_identity,63,0.0,-0.2502877127520674,-0.2502877127520674
L08,endpoint_identity,72,0.0,0.20833246946037454,0.20833246946037454
L08,endpoint_identity,74,-0.258774320919699,-0.25303722738980083,0.005737093529898152
L08,endpoint_identity,79,-0.16035887292077355,-0.24844630280773017,-0.08808742988695661
L08,endpoint_identity,80,-0.5272996148068473,-0.9875106360438273,-0.46021102123698004
L08,endpoint_identity,81,0.0,-0.5663882347273145,-0.5663882347273145
L08,endpoint_identity,82,-0.08027756194745006,-0.026631974249481605,0.053645587697968455
L08,endpoint_identity,84,-0.36226859808831385,-0.494788253678487,-0.13251965559017315
L08,endpoint_identity,87,0.3864423499648958,-0.06310007397076833,-0.4495424239356641
L08,endpoint_identity,89,0.0,-0.4286669841130488,-0.4286669841130488
L08,endpoint_identity,90,-0.2701116640424561,-0.1810458295447166,0.08906583449773953
L08,endpoint_identity,93,0.0,-0.179824228571843,-0.179824228571843
L08,endpoint_identity,99,0.0,-0.6093432549075919,-0.6093432549075919
L08,endpoint_identity,100,0.0,-0.39193367888373976,-0.39193367888373976
L08,endpoint_identity,104,0.41535231617254453,-0.01769730064793751,-0.43304961682048204
L08,endpoint_identity,107,0.23959025748347107,0.0,-0.23959025748347107
L08,endpoint_identity,110,0.0,-0.37812109790275905,-0.37812109790275905
L08,endpoint_identity,115,0.13195938537695828,0.008529612156133792,-0.12342977322082449
L08,endpoint_identity,117,0.0,-0.33560867544744544,-0.33560867544744544
L08,endpoint_identity,118,5.551115123125783e-17,-0.542609842589188,-0.542609842589188
L08,endpoint_identity,130,0.09338153855466014,-0.12829669098154706,-0.2216782295362072
L08,endpoint_identity,136,0.0,0.01536908217295796,0.01536908217295796
L08,endpoint_identity,138,0.0,-0.3172729606292686,-0.3172729606292686
L08,endpoint_identity,140,0.43762669159717127,0.10805522535667134,-0.32957146624049993
L08,endpoint_identity,144,0.11149899333124202,-0.09700409403664989,-0.20850308736789191
L08,endpoint_identity,149,-0.5870547693186097,-0.5505408743510168,0.036513894967592886
L08,endpoint_identity,156,0.0,-0.28990028107883725,-0.28990028107883725
L08,endpoint_identity,158,-0.02956189754458438,-0.21433516922521645,-0.18477327168063207
L08,endpoint_identity,160,0.0,-0.18568472773666012,-0.18568472773666012
L08,endpoint_identity,162,-0.3641583282665135,-0.18819957070205207,0.17595875756446144
L08,endpoint_identity,163,-0.1068079603443689,-0.058975330075664356,0.047832630268704546
L08,endpoint_identity,168,0.0,-0.15065323291499266,-0.15065323291499266
L08,endpoint_identity,170,0.0,-0.3052106979655551,-0.3052106979655551
L08,endpoint_identity,172,0.0,-0.32027993414285794,-0.32027993414285794
L08,endpoint_identity,175,0.0,0.07094526362806808,0.07094526362806808
L08,endpoint_identity,176,0.0,-0.28737967732319725,-0.28737967732319725
L08,endpoint_identity,180,0.08758605291807764,0.049929728916599636,-0.037656324001478
L08,endpoint_identity,182,-0.012341750024592257,0.014996804098087457,0.027338554122679715
L08,endpoint_identity,183,0.0,-0.14624256204780117,-0.14624256204780117
L08,endpoint_identity,184,0.0,-0.0586682067585389,-0.0586682067585389
L08,endpoint_identity,186,0.0,-0.01044335247486572,-0.01044335247486572
L08,endpoint_identity,191,0.0,-0.4435121382810274,-0.4435121382810274
L08,endpoint_identity,192,0.0,-0.2834668455590301,-0.28346684555903007
L08,endpoint_identity,193,-0.5053190402238923,-0.6977917721047077,-0.19247273188081537
L08,endpoint_identity_suffix,1,-0.06871703952694785,-0.10545221721003717,-0.036735177683089315
L08,endpoint_identity_suffix,2,0.23718930354177603,-0.03159914485212023,-0.26878844839389626
L08,endpoint_identity_suffix,3,0.0,-0.3350955442326917,-0.3350955442326917
L08,endpoint_identity_suffix,9,-0.4439359256935837,-0.6356755466315747,-0.1917396209379909
L08,endpoint_identity_suffix,11,0.0,-0.01852846090302207,-0.01852846090302207
L08,endpoint_identity_suffix,15,0.11152479441799201,0.1682274933072394,0.056702698889247394
L08,endpoint_identity_suffix,16,0.2856684890433314,-0.0809965340908454,-0.3666650231341768
L08,endpoint_identity_suffix,20,0.0,-0.48122208682949374,-0.48122208682949374
L08,endpoint_identity_suffix,23,0.0,-0.734622249171109,-0.734622249171109
L08,endpoint_identity_suffix,24,0.0,0.06150004452314195,0.06150004452314195
L08,endpoint_identity_suffix,26,-0.060867328979126945,-0.5966594165062035,-0.5357920875270765
L08,endpoint_identity_suffix,31,0.1111707466661776,-0.3726107610139877,-0.48378150768016526
L08,endpoint_identity_suffix,36,0.0,-0.8887973554087079,-0.8887973554087079
L08,endpoint_identity_suffix,37,0.0,-0.652083638861735,-0.652083638861735
L08,endpoint_identity_suffix,39,0.0,-0.23597152386136644,-0.23597152386136644
L08,endpoint_identity_suffix,46,0.0,-0.49636541865033074,-0.4963654186503307
L08,endpoint_identity_suffix,47,-0.09241467784804969,-0.46412993962809235,-0.37171526178004266
L08,endpoint_identity_suffix,56,0.0379989596233099,-0.4432791738968236,-0.4812781335201335
L08,endpoint_identity_suffix,59,-0.40403291054607515,-0.32868971603476116,0.075343194511314
L08,endpoint_identity_suffix,62,0.05544289158241389,-0.5128035509692286,-0.5682464425516425
L08,endpoint_identity_suffix,63,0.0,-0.3110205132311716,-0.3110205132311716
L08,endpoint_identity_suffix,72,0.32996746318779946,0.34118312014721575,0.011215656959416287
L08,endpoint_identity_suffix,74,-0.15920244794856803,-0.2659182229132415,-0.1067157749646735
L08,endpoint_identity_suffix,79,0.18432429674995654,0.06263778324050961,-0.12168651350944693
L08,endpoint_identity_suffix,81,-0.009505275453724815,-0.9470708306189161,-0.9375655551651912
L08,endpoint_identity_suffix,82,-0.08027756194745006,-0.026631974249481605,0.053645587697968455
L08,endpoint_identity_suffix,84,-0.3318291566469027,-0.494788253678487,-0.1629590970315843
L08,endpoint_identity_suffix,87,0.3864423499648958,-0.06310007397076833,-0.4495424239356641
L08,endpoint_identity_suffix,89,0.0,-0.7947381267901825,-0.7947381267901825
L08,endpoint_identity_suffix,93,0.0,-0.2760664458403198,-0.2760664458403198
L08,endpoint_identity_suffix,100,0.0,-0.29875869664528676,-0.29875869664528676
L08,endpoint_identity_suffix,104,0.41535231617254453,-0.01769730064793751,-0.43304961682048204
L08,endpoint_identity_suffix,107,0.5388047996675609,0.24862256007337646,-0.29018223959418443
L08,endpoint_identity_suffix,110,0.0,-0.34325925315522676,-0.34325925315522676
L08,endpoint_identity_suffix,115,0.13195938537695828,0.008529612156133792,-0.12342977322082449
L08,endpoint_identity_suffix,117,0.0,-0.31762645311339455,-0.31762645311339455
L08,endpoint_identity_suffix,118,-0.19416029301046905,-0.8296332407167137,-0.6354729477062446
L08,endpoint_identity_suffix,130,0.1605847804921693,-0.005327365017616992,-0.16591214550978628
L08,endpoint_identity_suffix,136,0.0,0.01536908217295796,0.01536908217295796
L08,endpoint_identity_suffix,138,0.0,-0.3172729606292686,-0.3172729606292686
L08,endpoint_identity_suffix,140,0.43762669159717127,0.10805522535667134,-0.32957146624049993
L08,endpoint_identity_suffix,144,0.14767159477187497,-0.09700409403664989,-0.24467568880852486
L08,endpoint_identity_suffix,156,0.13251995627890933,-0.3357628955260692,-0.46828285180497853
L08,endpoint_identity_suffix,158,0.2157876646589031,-0.0827007452912758,-0.2984884099501789
L08,endpoint_identity_suffix,160,0.0,-0.18568472773666012,-0.18568472773666012
L08,endpoint_identity_suffix,162,-0.3475506869819127,-0.18819957070205207,0.15935111627986065
L08,endpoint_identity_suffix,163,0.05539278077363119,-0.06722246440221169,-0.12261524517584288
L08,endpoint_identity_suffix,168,0.0,-0.6032909185707281,-0.6032909185707281
L08,endpoint_identity_suffix,170,0.034893749734707546,-0.3633463075475083,-0.39824005728221584
L08,endpoint_identity_suffix,172,0.0,-0.32027993414285794,-0.32027993414285794
L08,endpoint_identity_suffix,175,0.0,0.01472944658395714,0.01472944658395714
L08,endpoint_identity_suffix,176,0.0,-0.5171700145223546,-0.5171700145223546
L08,endpoint_identity_suffix,180,0.08758605291807764,0.049929728916599636,-0.037656324001478
L08,endpoint_identity_suffix,182,0.2531548231143407,0.20758870767672155,-0.045566115437619126
L08,endpoint_identity_suffix,183,0.18335372229222324,-0.006353406755494895,-0.18970712904771814
L08,endpoint_identity_suffix,184,0.0,-0.0586682067585389,-0.0586682067585389
L08,endpoint_identity_suffix,186,0.0,-0.01871825092439483,-0.01871825092439483
L08,endpoint_identity_suffix,191,0.0,-0.33096432651647434,-0.33096432651647434
L08,endpoint_identity_suffix,192,0.0,-0.6091024177101516,-0.6091024177101516
L08,endpoint_identity_suffix,193,-0.5053190402238923,-0.6977917721047077,-0.19247273188081537
L09,endpoint_equality,1,0.0,-0.056357791572983595,-0.056357791572983595
L09,endpoint_equality,2,0.0,-0.06619318861246071,-0.06619318861246071
L09,endpoint_equality,3,0.0,-0.32341133351913676,-0.32341133351913676
L09,endpoint_equality,4,0.0,0.030677461007183382,0.030677461007183382
L09,endpoint_equality,8,0.3186975458926853,0.0,-0.3186975458926853
L09,endpoint_equality,9,0.0,-0.14234339541946295,-0.14234339541946295
L09,endpoint_equality,11,0.0,0.031149635051156865,0.031149635051156865
L09,endpoint_equality,15,0.0,-0.07818687836591698,-0.07818687836591698
L09,endpoint_equality,16,0.18246383284285805,-0.07138889367556378,-0.25385272651842183
L09,endpoint_equality,20,0.0,-0.4093729345838525,-0.4093729345838525
L09,endpoint_equality,23,0.0,-0.4700763688115335,-0.4700763688115334
L09,endpoint_equality,24,0.0,0.11619230456339902,0.11619230456339902
L09,endpoint_equality,25,0.0,-0.44785536115504065,-0.44785536115504065
L09,endpoint_equality,26,0.0,-0.13046221122078094,-0.13046221122078094
L09,endpoint_equality,31,0.0,-0.5021515561549434,-0.5021515561549434
L09,endpoint_equality,36,0.0,-0.7027000490396351,-0.7027000490396351
L09,endpoint_equality,37,0.0,-0.3229464946935503,-0.32294649469355025
L09,endpoint_equality,39,0.0,0.03476688632565672,0.03476688632565672
L09,endpoint_equality,46,0.0,-0.4798552019273552,-0.4798552019273552
L09,endpoint_equality,47,0.0,-0.09247563282902016,-0.09247563282902016
L09,endpoint_equality,48,0.13655627690569883,-0.06428602379732018,-0.200842300703019
L09,endpoint_equality,50,0.0,0.036376981312774115,0.036376981312774115
L09,endpoint_equality,53,0.0,0.04247033878888673,0.04247033878888673
L09,endpoint_equality,54,0.0,-0.2560646244574253,-0.2560646244574253
L09,endpoint_equality,56,0.0,-0.34747165422851833,-0.34747165422851833
L09,endpoint_equality,57,0.0,0.3049329921082159,0.3049329921082159
L09,endpoint_equality,59,0.0,-0.13894996305698704,-0.13894996305698704
L09,endpoint_equality,62,0.0,-0.46538558996113577,-0.46538558996113577
L09,endpoint_equality,63,0.0,-0.23157903261477653,-0.23157903261477653
L09,endpoint_equality,72,0.0,0.09404465123261418,0.09404465123261418
L09,endpoint_equality,74,0.06633930491510864,0.0,-0.06633930491510864
L09,endpoint_equality,79,0.0,-0.07559269195477358,-0.07559269195477358
L09,endpoint_equality,80,0.2538988636302816,-0.08597542994748486,-0.33987429357776644
L09,endpoint_equality,81,0.0,-0.4438439278835201,-0.4438439278835201
L09,endpoint_equality,82,0.0,0.012152807088578133,0.012152807088578133
L09,endpoint_equality,83,0.0,-0.5391553760048777,-0.5391553760048777
L09,endpoint_equality,84,0.0,-0.16855486550187804,-0.16855486550187804
L09,endpoint_equality,87,0.29050590655361763,-0.060189038367562286,-0.3506949449211799
L09,endpoint_equality,89,0.0,-0.36445787030919585,-0.36445787030919585
L09,endpoint_equality,90,0.0,-0.023521274969357187,-0.023521274969357187
L09,endpoint_equality,91,0.0,0.11726539413327464,0.11726539413327464
L09,endpoint_equality,93,0.0,-0.18393729307595996,-0.18393729307596002
L09,endpoint_equality,98,0.0,-0.37457751371261705,-0.37457751371261705
L09,endpoint_equality,99,0.0,-0.5568936920343237,-0.5568936920343237
L09,endpoint_equality,100,0.0,-0.40032056417388673,-0.40032056417388673
L09,endpoint_equality,104,0.3911247634279926,0.0,-0.3911247634279926
L09,endpoint_equality,107,0.2374621166287868,0.0,-0.2374621166287868
L09,endpoint_equality,109,0.17096892574451306,-0.06938547704572895,-0.240354402790242
L09,endpoint_equality,110,0.0,-0.3616826571676953,-0.3616826571676953
L09,endpoint_equality,114,0.0,-0.3483646615255227,-0.3483646615255227
L09,endpoint_equality,115,0.0,-0.049143433389787106,-0.049143433389787106
L09,endpoint_equality,117,0.0,-0.49176679189770267,-0.49176679189770267
L09,endpoint_equality,118,0.0,-0.35215858128181543,-0.35215858128181543
L09,endpoint_equality,128,0.0,-0.04724002897143387,-0.04724002897143387
L09,endpoint_equality,130,0.03888891406591055,0.0,-0.03888891406591055
L09,endpoint_equality,136,0.0,0.07855188326771279,0.07855188326771279
L09,endpoint_equality,138,0.0,-0.450317821436084,-0.450317821436084
L09,endpoint_equality,140,0.0,-0.14346100715920562,-0.14346100715920562
L09,endpoint_equality,142,1.1102230246251565e-16,-0.7403498345092172,-0.7403498345092174
L09,endpoint_equality,144,0.1354823623664294,-0.029359034746218482,-0.1648413971126479
L09,endpoint_equality,149,0.0,-0.17793256443067818,-0.17793256443067818
L09,endpoint_equality,152,0.0,-0.10364038370610462,-0.10364038370610462
L09,endpoint_equality,153,0.0,0.005814751866746848,0.005814751866746848
L09,endpoint_equality,156,0.0,-0.30667760252299503,-0.30667760252299503
L09,endpoint_equality,158,0.0,-0.08611315746978399,-0.08611315746978399
L09,endpoint_equality,159,0.0,-0.496666278050644,-0.4966662780506441
L09,endpoint_equality,160,0.0,-0.14143795628825906,-0.14143795628825906
L09,endpoint_equality,162,0.0,-0.22374013253219716,-0.22374013253219716
L09,endpoint_equality,163,0.0,-0.020316301594300423,-0.020316301594300423
L09,endpoint_equality,165,0.0,-0.6907679940238118,-0.6907679940238118
L09,endpoint_equality,167,0.0,0.10434543520804573,0.10434543520804573
L09,endpoint_equality,168,0.0,-0.14863542734289759,-0.14863542734289759
L09,endpoint_equality,170,0.0,-0.30077162777326405,-0.3007716277732641
L09,endpoint_equality,172,0.0,-0.296970029749841,-0.296970029749841
L09,endpoint_equality,173,0.0,-0.18563888458552014,-0.18563888458552014
L09,endpoint_equality,175,0.0,0.029256083866241234,0.029256083866241234
L09,endpoint_equality,176,0.0,-0.26811522866496695,-0.26811522866496695
L09,endpoint_equality,180,0.0,0.05369320747375883,0.05369320747375883
L09,endpoint_equality,181,0.0,-0.3646000313484655,-0.3646000313484655
L09,endpoint_equality,182,0.0,0.028287505050203388,0.028287505050203388
L09,endpoint_equality,183,0.0,-0.010854949300997951,-0.010854949300997951
L09,endpoint_equality,184,0.0,-0.16371260791715392,-0.16371260791715392
L09,endpoint_equality,185,0.0,0.06615583536227843,0.06615583536227843
L09,endpoint_equality,186,0.0,0.028630251370463933,0.028630251370463933
L09,endpoint_equality,191,0.0,-0.5680068758901439,-0.5680068758901439
L09,endpoint_equality,192,0.0,-0.3159141987213019,-0.3159141987213019
L09,endpoint_equality,193,0.0,-0.31272094895986025,-0.31272094895986025
L09,endpoint_equality,196,0.0,0.17777160775603762,0.17777160775603762
L09,endpoint_identity,1,-0.06013744211190064,-0.11245358476947875,-0.05231614265757811
L09,endpoint_identity,2,0.22330217104683492,-0.05310198645522157,-0.2764041575020565
L09,endpoint_identity,3,0.0,-0.2833537100570287,-0.2833537100570287
L09,endpoint_identity,9,-0.40022360727757206,-0.6506550551765472,-0.25043144789897515
L09,endpoint_identity,11,0.0,-0.025123832903303667,-0.025123832903303667
L09,endpoint_identity,15,-0.030907064512103677,-0.10658027919304192,-0.07567321468093824
L09,endpoint_identity,16,0.2733420844036557,-0.08104936281185493,-0.35439144721551064
L09,endpoint_identity,20,0.0,-0.526429423777403,-0.526429423777403
L09,endpoint_identity,23,0.0,-0.2067898077668857,-0.2067898077668857
L09,endpoint_identity,24,0.0,0.061664247019401985,0.061664247019401985
L09,endpoint_identity,25,3.3306690738754696e-16,-1.0171373833300374,-1.017137383330038
L09,endpoint_identity,26,-0.16028518459750118,-0.23022743156608405,-0.06994224696858287
L09,endpoint_identity,31,0.0,-0.3464959243370531,-0.3464959243370531
L09,endpoint_identity,36,0.0,-0.7272528219014485,-0.7272528219014485
L09,endpoint_identity,37,0.0,-0.6450445120747971,-0.645044512074797
L09,endpoint_identity,39,0.0,-0.22647782255572957,-0.22647782255572957
L09,endpoint_identity,46,0.0,-0.48521136500318623,-0.48521136500318623
L09,endpoint_identity,47,-0.0863249784123461,-0.49457464934927853,-0.40824967093693243
L09,endpoint_identity,48,-0.39975173263501873,-0.6889463994387148,-0.289194666803696
L09,endpoint_identity,54,0.0,-0.25187266660881935,-0.25187266660881935
L09,endpoint_identity,56,0.0,-0.3431618030820678,-0.3431618030820678
L09,endpoint_identity,57,-0.6568880921947311,-0.15842887299477126,0.49845921919995984
L09,endpoint_identity,59,-0.440120228822488,-0.3305057225407264,0.10961450628176161
L09,endpoint_identity,62,0.0,-0.5628239073785725,-0.5628239073785725
L09,endpoint_identity,63,0.0,-0.24611915096728787,-0.24611915096728787
L09,endpoint_identity,72,0.0,0.20433250620876076,0.20433250620876076
L09,endpoint_identity,74,-0.2553771953986147,-0.25063673761072747,0.004740457787887231
L09,endpoint_identity,79,-0.16274742779555118,-0.2547377688779501,-0.0919903410823989
L09,endpoint_identity,80,-0.5204441983156993,-0.9877871019839994,-0.4673429036683001
L09,endpoint_identity,81,0.0,-0.5507356080876777,-0.5507356080876777
L09,endpoint_identity,82,-0.08301869432222486,-0.044951789501614714,0.03806690482061015
L09,endpoint_identity,84,-0.3670771836921741,-0.5129103074198045,-0.14583312372763035
L09,endpoint_identity,87,0.38128900235162344,-0.08193769776038762,-0.46322670011201106
L09,endpoint_identity,89,0.0,-0.418144413555702,-0.418144413555702
L09,endpoint_identity,90,-0.25522447037532436,-0.18195482934431206,0.0732696410310123
L09,endpoint_identity,93,0.0,-0.18393729307595996,-0.18393729307596002
L09,endpoint_identity,99,0.0,-0.6020865655557406,-0.6020865655557406
L09,endpoint_identity,100,0.0,-0.39709094582741367,-0.39709094582741367
L09,endpoint_identity,104,0.4110699451761717,-0.03891663748760599,-0.44998658266377767
L09,endpoint_identity,107,0.22890386527305384,0.0,-0.22890386527305384
L09,endpoint_identity,110,0.0,-0.385101797011998,-0.385101797011998
L09,endpoint_identity,115,0.13584378912987694,0.011339353172853395,-0.12450443595702354
L09,endpoint_identity,117,0.0,-0.32376733637996347,-0.32376733637996347
L09,endpoint_identity,118,1.1102230246251565e-16,-0.5437414993942454,-0.5437414993942455
L09,endpoint_identity,130,0.09953368246874872,-0.147729476679494,-0.2472631591482427
L09,endpoint_identity,136,0.0,-0.0006217271100275035,-0.0006217271100275035
L09,endpoint_identity,138,0.0,-0.29473539242108027,-0.29473539242108027
L09,endpoint_identity,140,0.4386431291596504,0.1085124677003444,-0.33013066145930603
L09,endpoint_identity,144,0.10761429350717133,-0.11105482754025675,-0.21866912104742808
L09,endpoint_identity,149,-0.5724098794839187,-0.5608028261259165,0.011607053358002273
L09,endpoint_identity,156,0.0,-0.2800928784591149,-0.2800928784591149
L09,endpoint_identity,158,-0.026825643491769413,-0.22663603607388183,-0.19981039258211242
L09,endpoint_identity,160,0.0,-0.19923702480647087,-0.19923702480647087
L09,endpoint_identity,162,-0.36279202401781674,-0.1956641789224587,0.16712784509535805
L09,endpoint_identity,163,-0.10521956757761042,-0.06129980432282767,0.04391976325478275
L09,endpoint_identity,168,0.0,-0.15123504889086692,-0.15123504889086692
L09,endpoint_identity,170,0.0,-0.30077162777326405,-0.3007716277732641
L09,endpoint_identity,172,0.0,-0.3327489791728765,-0.3327489791728765
L09,endpoint_identity,175,0.0,0.07738102547168113,0.07738102547168113
L09,endpoint_identity,176,0.0,-0.28362492086846625,-0.28362492086846625
L09,endpoint_identity,180,0.08924191619877386,0.051606126361405824,-0.03763578983736804
L09,endpoint_identity,182,-0.011591898423921387,0.003477310924462129,0.015069209348383517
L09,endpoint_identity,183,0.0,-0.14829997057533295,-0.14829997057533295
L09,endpoint_identity,184,0.0,-0.06109406727424038,-0.06109406727424038
L09,endpoint_identity,186,0.0,-0.02101112387118831,-0.02101112387118831
L09,endpoint_identity,191,0.0,-0.44627069633244265,-0.44627069633244265
L09,endpoint_identity,192,0.0,-0.2859756001985204,-0.2859756001985204
L09,endpoint_identity,193,-0.5169463487136199,-0.696897778011832,-0.17995142929821206
L09,endpoint_identity_suffix,1,-0.06013744211190064,-0.11245358476947875,-0.05231614265757811
L09,endpoint_identity_suffix,2,0.22330217104683492,-0.05310198645522157,-0.2764041575020565
L09,endpoint_identity_suffix,3,0.0,-0.3263312691535828,-0.3263312691535828
L09,endpoint_identity_suffix,9,-0.4319494777171039,-0.6506550551765472,-0.2187055774594433
L09,endpoint_identity_suffix,11,0.0,-0.025123832903303667,-0.025123832903303667
L09,endpoint_identity_suffix,15,0.11682558260907072,0.1910798414171071,0.07425425880803638
L09,endpoint_identity_suffix,16,0.28086175578505246,-0.08104936281185493,-0.3619111185969074
L09,endpoint_identity_suffix,20,0.0,-0.48874211036521453,-0.48874211036521453
L09,endpoint_identity_suffix,23,0.0,-0.7419847412903101,-0.74198474129031
L09,endpoint_identity_suffix,24,0.0,0.061664247019401985,0.061664247019401985
L09,endpoint_identity_suffix,26,-0.05070018394547193,-0.6035375819599353,-0.5528373980144634
L09,endpoint_identity_suffix,31,0.09733684015976163,-0.3464959243370531,-0.44383276449681475
L09,endpoint_identity_suffix,36,0.0,-0.8866570849799449,-0.8866570849799449
L09,endpoint_identity_suffix,37,0.0,-0.6450445120747971,-0.645044512074797
L09,endpoint_identity_suffix,39,0.0,-0.22647782255572957,-0.22647782255572957
L09,endpoint_identity_suffix,46,0.0,-0.4935222282285749,-0.4935222282285749
L09,endpoint_identity_suffix,47,-0.0863249784123461,-0.4778043183071795,-0.3914793398948334
L09,endpoint_identity_suffix,56,0.03801820112578147,-0.4424178023154487,-0.48043600344123016
L09,endpoint_identity_suffix,59,-0.4093542829524232,-0.3305057225407264,0.07884856041169686
L09,endpoint_identity_suffix,62,0.05110484810363369,-0.5254330887411278,-0.5765379368447615
L09,endpoint_identity_suffix,63,0.0,-0.3056189260006386,-0.3056189260006386
L09,endpoint_identity_suffix,72,0.31777862095348175,0.3315143736780851,0.013735752724603367
L09,endpoint_identity_suffix,74,-0.16306368387543613,-0.2518594159248043,-0.08879573204936819
L09,endpoint_identity_suffix,79,0.1643992145295331,0.0415057622309154,-0.1228934522986177
L09,endpoint_identity_suffix,81,-0.01061760557925931,-0.9363160718115549,-0.9256984662322955
L09,endpoint_identity_suffix,82,-0.08301869432222486,-0.044951789501614714,0.03806690482061015
L09,endpoint_identity_suffix,84,-0.3457794641312582,-0.5129103074198045,-0.16713084328854627
L09,endpoint_identity_suffix,87,0.38128900235162344,-0.08193769776038762,-0.46322670011201106
L09,endpoint_identity_suffix,89,0.0,-0.790995062271272,-0.790995062271272
L09,endpoint_identity_suffix,93,0.0,-0.2507876962847425,-0.25078769628474257
L09,endpoint_identity_suffix,100,0.0,-0.30862889972100693,-0.30862889972100693
L09,endpoint_identity_suffix,104,0.4110699451761717,-0.03891663748760599,-0.44998658266377767
L09,endpoint_identity_suffix,107,0.5180991635537172,0.2383437793618044,-0.2797553841919128
L09,endpoint_identity_suffix,110,0.0,-0.35212575364994425,-0.35212575364994425
L09,endpoint_identity_suffix,115,0.13584378912987694,0.011339353172853395,-0.12450443595702354
L09,endpoint_identity_suffix,117,0.0,-0.30621831054560766,-0.30621831054560766
L09,endpoint_identity_suffix,118,-0.17830637695303997,-0.8261014429474016,-0.6477950659943617
L09,endpoint_identity_suffix,130,0.1630704036958024,-0.030915333594953465,-0.19398573729075586
L09,endpoint_identity_suffix,136,0.0,-0.0006217271100275035,-0.0006217271100275035
L09,endpoint_identity_suffix,138,0.0,-0.29473539242108027,-0.29473539242108027
L09,endpoint_identity_suffix,140,0.4386431291596504,0.1085124677003444,-0.33013066145930603
L09,endpoint_identity_suffix,144,0.14112208780582436,-0.11105482754025675,-0.2521769153460811
L09,endpoint_identity_suffix,156,0.13834132197569504,-0.31763316891074966,-0.4559744908864447
L09,endpoint_identity_suffix,158,0.20731646649575053,-0.10202754237567535,-0.3093440088714259
L09,endpoint_identity_suffix,160,0.0,-0.19923702480647087,-0.19923702480647087
L09,endpoint_identity_suffix,162,-0.3461413032906836,-0.1956641789224587,0.1504771243682249
L09,endpoint_identity_suffix,163,0.05317714997981038,-0.07659103111024201,-0.1297681810900524
L09,endpoint_identity_suffix,168,0.0,-0.6059781863577407,-0.6059781863577406
L09,endpoint_identity_suffix,170,0.034277150142696944,-0.35934380593446236,-0.39362095607715936
L09,endpoint_identity_suffix,172,0.0,-0.3327489791728765,-0.3327489791728765
L09,endpoint_identity_suffix,175,0.0,0.022073221960884126,0.022073221960884126
L09,endpoint_identity_suffix,176,0.0,-0.5192838930673811,-0.5192838930673811
L09,endpoint_identity_suffix,180,0.08924191619877386,0.051606126361405824,-0.03763578983736804
L09,endpoint_identity_suffix,182,0.2547037476437852,0.20078962051229876,-0.05391412713148647
L09,endpoint_identity_suffix,183,0.18073197831945553,-0.010232925304197282,-0.19096490362365282
L09,endpoint_identity_suffix,184,0.0,-0.06109406727424038,-0.06109406727424038
L09,endpoint_identity_suffix,186,0.0,-0.0238488539849806,-0.0238488539849806
L09,endpoint_identity_suffix,191,0.0,-0.3161906053515875,-0.3161906053515875
L09,endpoint_identity_suffix,192,0.0,-0.595050555905797,-0.595050555905797
L09,endpoint_identity_suffix,193,-0.5169463487136199,-0.696897778011832,-0.17995142929821206
L10,endpoint_equality,1,0.0,-0.05571693310958725,-0.05571693310958725
L10,endpoint_equality,2,0.0,-0.06486140041928912,-0.06486140041928912
L10,endpoint_equality,3,0.0,-0.3194709567378279,-0.3194709567378279
L10,endpoint_equality,4,0.0,0.03033001976690808,0.03033001976690808
L10,endpoint_equality,8,0.31318213646255466,0.0,-0.31318213646255466
L10,endpoint_equality,9,0.0,-0.1340575693367254,-0.1340575693367254
L10,endpoint_equality,11,0.0,0.030542177673778648,0.030542177673778648
L10,endpoint_equality,15,0.0,-0.07712570175901079,-0.07712570175901079
L10,endpoint_equality,16,0.1777275818324221,-0.0681809423967723,-0.2459085242291944
L10,endpoint_equality,20,0.0,-0.4038234488758269,-0.4038234488758269
L10,endpoint_equality,23,0.0,-0.4649991987999823,-0.46499919879998236
L10,endpoint_equality,24,0.0,0.11196410993445194,0.11196410993445194
L10,endpoint_equality,25,-1.1102230246251565e-16,-0.44059859277250035,-0.44059859277250024
L10,endpoint_equality,26,0.0,-0.1244295376517548,-0.1244295376517548
L10,endpoint_equality,31,0.0,-0.4844788134903083,-0.4844788134903083
L10,endpoint_equality,36,0.0,-0.698082351880528,-0.6980823518805281
L10,endpoint_equality,37,0.0,-0.29843153924479415,-0.2984315392447941
L10,endpoint_equality,39,0.0,0.03287739765363695,0.03287739765363695
L10,endpoint_equality,46,0.0,-0.4710035511762817,-0.4710035511762817
L10,endpoint_equality,47,0.0,-0.09009592709244663,-0.09009592709244663
L10,endpoint_equality,48,0.13130761756091136,-0.06262431104255373,-0.1939319286034651
L10,endpoint_equality,50,0.0,0.035483427791480615,0.035483427791480615
L10,endpoint_equality,53,0.0,0.04220616976160696,0.04220616976160696
L10,endpoint_equality,54,0.0,-0.2513200666472014,-0.2513200666472014
L10,endpoint_equality,56,0.0,-0.3408127739765697,-0.3408127739765697
L10,endpoint_equality,57,0.0,0.29581676240943533,0.29581676240943533
L10,endpoint_equality,59,0.0,-0.1308595000445496,-0.1308595000445496
L10,endpoint_equality,62,0.0,-0.4563469458342374,-0.4563469458342374
L10,endpoint_equality,63,0.0,-0.22216449182666376,-0.22216449182666376
L10,endpoint_equality,72,0.0,0.09285678673031994,0.09285678673031994
L10,endpoint_equality,74,0.06540335196794927,0.0,-0.06540335196794927
L10,endpoint_equality,79,0.0,-0.0732647427565658,-0.0732647427565658
L10,endpoint_equality,80,0.2581273566763378,-0.08437150981947772,-0.3424988664958155
L10,endpoint_equality,81,0.0,-0.43018537141162994,-0.43018537141162994
L10,endpoint_equality,82,0.0,0.011722588360903785,0.011722588360903785
L10,endpoint_equality,83,0.0,-0.5299681562477652,-0.5299681562477652
L10,endpoint_equality,84,0.0,-0.1571580077176764,-0.1571580077176764
L10,endpoint_equality,87,0.2876700695114458,-0.06055784670591424,-0.34822791621736005
L10,endpoint_equality,89,0.0,-0.35396262129861045,-0.35396262129861045
L10,endpoint_equality,90,0.0,-0.02056361085495584,-0.02056361085495584
L10,endpoint_equality,91,0.0,0.11675343415291128,0.11675343415291128
L10,endpoint_equality,93,0.0,-0.1814276365321048,-0.1814276365321048
L10,endpoint_equality,98,0.0,-0.3691933207720268,-0.3691933207720268
L10,endpoint_equality,99,0.0,-0.5335409957738052,-0.5335409957738051
L10,endpoint_equality,100,0.0,-0.39727239515607227,-0.39727239515607227
L10,endpoint_equality,104,0.3845161570784693,0.0,-0.3845161570784693
L10,endpoint_equality,107,0.23091920689310175,0.0,-0.23091920689310175
L10,endpoint_equality,109,0.16403284096062853,-0.06732874591134963,-0.23136158687197816
L10,endpoint_equality,110,0.0,-0.353554562400908,-0.353554562400908
L10,endpoint_equality,114,0.0,-0.33562818512812265,-0.33562818512812265
L10,endpoint_equality,115,0.0,-0.04627258767717435,-0.04627258767717435
L10,endpoint_equality,117,0.0,-0.47910411719272994,-0.47910411719272994
L10,endpoint_equality,118,0.0,-0.3353529633686323,-0.3353529633686323
L10,endpoint_equality,128,0.0,-0.04665079304487607,-0.04665079304487607
L10,endpoint_equality,130,0.03756087578959644,0.0,-0.03756087578959644
L10,endpoint_equality,136,0.0,0.07729873398472598,0.07729873398472598
L10,endpoint_equality,138,0.0,-0.4175447028351009,-0.4175447028351009
L10,endpoint_equality,140,0.0,-0.14022907135714446,-0.14022907135714446
L10,endpoint_equality,142,5.551115123125783e-17,-0.7277584173317825,-0.7277584173317826
L10,endpoint_equality,144,0.1335042414537193,-0.028886675294972353,-0.16239091674869166
L10,endpoint_equality,149,0.0,-0.17235578642082217,-0.17235578642082217
L10,endpoint_equality,152,0.0,-0.10119413072210692,-0.10119413072210692
L10,endpoint_equality,153,0.0,0.005725012982287225,0.005725012982287225
L10,endpoint_equality,156,0.0,-0.2989153731205535,-0.29891537312055355
L10,endpoint_equality,158,0.0,-0.0842609494765243,-0.0842609494765243
L10,endpoint_equality,159,0.0,-0.46642887809582,-0.4664288780958199
L10,endpoint_equality,160,0.0,-0.13212344272842969,-0.13212344272842969
L10,endpoint_equality,162,0.0,-0.2220429329091651,-0.2220429329091651
L10,endpoint_equality,163,0.0,-0.02014499774638212,-0.02014499774638212
L10,endpoint_equality,165,0.0,-0.6860721962779621,-0.6860721962779621
L10,endpoint_equality,167,0.0,0.10120923560901396,0.10120923560901396
L10,endpoint_equality,168,0.0,-0.1481800864841194,-0.14818008648411946
L10,endpoint_equality,170,0.0,-0.2978392492264109,-0.297839249226411
L10,endpoint_equality,172,0.0,-0.28765689660237936,-0.28765689660237936
L10,endpoint_equality,173,0.0,-0.17650545256602568,-0.17650545256602568
L10,endpoint_equality,175,0.0,0.028212476987051316,0.028212476987051316
L10,endpoint_equality,176,0.0,-0.25480795074630924,-0.25480795074630924
L10,endpoint_equality,180,0.0,0.05142795403276601,0.05142795403276601
L10,endpoint_equality,181,0.0,-0.34345505619481187,-0.34345505619481187
L10,endpoint_equality,182,0.0,0.028091727103340736,0.028091727103340736
L10,endpoint_equality,183,0.0,-0.01043393004960258,-0.01043393004960258
L10,endpoint_equality,184,0.0,-0.16184421293375728,-0.16184421293375728
L10,endpoint_equality,185,0.0,0.06506393373552166,0.06506393373552166
L10,endpoint_equality,186,0.0,0.027784144504419128,0.027784144504419128
L10,endpoint_equality,191,0.0,-0.5685030865850563,-0.5685030865850563
L10,endpoint_equality,192,0.0,-0.30588606080631,-0.30588606080631
L10,endpoint_equality,193,0.0,-0.30330411683722125,-0.30330411683722125
L10,endpoint_equality,196,0.0,0.17463637323499714,0.17463637323499714
L10,endpoint_identity,1,-0.05604318874167824,-0.1123265056646452,-0.05628331692296695
L10,endpoint_identity,2,0.2237786542979635,-0.06078057488517108,-0.2845592291831346
L10,endpoint_identity,3,0.0,-0.2871344479561674,-0.2871344479561674
L10,endpoint_identity,9,-0.4029172081754884,-0.6498714731963305,-0.24695426502084217
L10,endpoint_identity,11,0.0,-0.03284296511850293,-0.03284296511850293
L10,endpoint_identity,15,-0.03760069696840285,-0.10531257617861112,-0.06771187921020827
L10,endpoint_identity,16,0.26496159036835076,-0.07798404798688052,-0.3429456383552313
L10,endpoint_identity,20,0.0,-0.523157549258644,-0.523157549258644
L10,endpoint_identity,23,0.0,-0.20129483688552907,-0.20129483688552918
L10,endpoint_identity,24,0.0,0.05062769277977619,0.05062769277977619
L10,endpoint_identity,25,4.440892098500626e-16,-0.9958798739086784,-0.9958798739086788
L10,endpoint_identity,26,-0.1504589772484149,-0.21958153703250916,-0.06912255978409426
L10,endpoint_identity,31,0.0,-0.3360156760777714,-0.3360156760777714
L10,endpoint_identity,36,0.0,-0.7260433702166206,-0.7260433702166207
L10,endpoint_identity,37,0.0,-0.6016576167003526,-0.6016576167003524
L10,endpoint_identity,39,0.0,-0.2079473671902966,-0.2079473671902966
L10,endpoint_identity,46,0.0,-0.477740247465768,-0.477740247465768
L10,endpoint_identity,47,-0.08260245854618609,-0.4816961929945722,-0.39909373444838614
L10,endpoint_identity,48,-0.3894741651737844,-0.6720279539270211,-0.28255378875323667
L10,endpoint_identity,54,0.0,-0.24687135880693023,-0.24687135880693023
L10,endpoint_identity,56,0.0,-0.33699470569681056,-0.33699470569681056
L10,endpoint_identity,57,-0.6555036045758539,-0.153692507844008,0.5018110967318459
L10,endpoint_identity,59,-0.44225330131804896,-0.30421727043324664,0.13803603088480232
L10,endpoint_identity,62,0.0,-0.553913879549078,-0.553913879549078
L10,endpoint_identity,63,0.0,-0.2353512320349972,-0.2353512320349972
L10,endpoint_identity,72,0.0,0.2016225484436529,0.2016225484436529
L10,endpoint_identity,74,-0.25178872388810447,-0.23686458481939665,0.014924139068707876
L10,endpoint_identity,79,-0.16273614191448038,-0.24721434065982884,-0.08447819874534845
L10,endpoint_identity,80,-0.5103489128556457,-0.9716600430082611,-0.4613111301526155
L10,endpoint_identity,81,0.0,-0.539116988044769,-0.539116988044769
L10,endpoint_identity,82,-0.0689036353933985,-0.05167413454065328,0.017229500852745216
L10,endpoint_identity,84,-0.36470273750565396,-0.4810698307547502,-0.11636709324909622
L10,endpoint_identity,87,0.3775669662337726,-0.09651975210369113,-0.47408671833746374
L10,endpoint_identity,89,0.0,-0.40545336861843895,-0.40545336861843895
L10,endpoint_identity,90,-0.2418941847009195,-0.1729229148714635,0.068971269829456
L10,endpoint_identity,93,0.0,-0.1814276365321048,-0.1814276365321048
L10,endpoint_identity,99,0.0,-0.5693445584404273,-0.5693445584404273
L10,endpoint_identity,100,0.0,-0.39489188677993325,-0.39489188677993325
L10,endpoint_identity,104,0.4047374411016068,-0.054089717699588924,-0.45882715880119573
L10,endpoint_identity,107,0.2246026264024683,0.0,-0.2246026264024683
L10,endpoint_identity,110,0.0,-0.3779266881383755,-0.3779266881383755
L10,endpoint_identity,115,0.1301809530760385,0.006532268443811606,-0.12364868463222689
L10,endpoint_identity,117,0.0,-0.3061299597333199,-0.3061299597333199
L10,endpoint_identity,118,5.551115123125783e-17,-0.5509348417391282,-0.5509348417391282
L10,endpoint_identity,130,0.10916233375602946,-0.16617573191106216,-0.2753380656670916
L10,endpoint_identity,136,0.0,-0.005726009075213145,-0.005726009075213145
L10,endpoint_identity,138,0.0,-0.25520229617579715,-0.25520229617579715
L10,endpoint_identity,140,0.4411367675561082,0.11437938733024788,-0.3267573802258603
L10,endpoint_identity,144,0.10260845187938683,-0.11501133308855183,-0.21761978496793866
L10,endpoint_identity,149,-0.5619378327604333,-0.5398049365980128,0.022132896162420534
L10,endpoint_identity,156,0.0,-0.27216943054779597,-0.272169430547796
L10,endpoint_identity,158,-0.02400521704864067,-0.22258601142957324,-0.19858079438093257
L10,endpoint_identity,160,0.0,-0.18820743661476957,-0.18820743661476957
L10,endpoint_identity,162,-0.35840376377800587,-0.17626324706773966,0.1821405167102662
L10,endpoint_identity,163,-0.10362504666897332,-0.06301118582502663,0.04061386084394669
L10,endpoint_identity,168,0.0,-0.15097608588847966,-0.15097608588847972
L10,endpoint_identity,170,0.0,-0.2978392492264109,-0.297839249226411
L10,endpoint_identity,172,0.0,-0.32335515980555063,-0.32335515980555063
L10,endpoint_identity,175,0.0,0.08048671733111701,0.08048671733111701
L10,endpoint_identity,176,0.0,-0.2707018928949453,-0.2707018928949453
L10,endpoint_identity,180,0.07952051649289693,0.043818834919179706,-0.035701681573717226
L10,endpoint_identity,182,-0.014218721805818069,-0.002268789507770874,0.011949932298047194
L10,endpoint_identity,183,0.0,-0.14980548220093604,-0.14980548220093604
L10,endpoint_identity,184,0.0,-0.05331905969812789,-0.05331905969812789
L10,endpoint_identity,186,0.0,-0.02696145289095564,-0.02696145289095564
L10,endpoint_identity,191,0.0,-0.4353321369986429,-0.4353321369986429
L10,endpoint_identity,192,0.0,-0.27239136890018223,-0.27239136890018223
L10,endpoint_identity,193,-0.522016743238481,-0.6777612618037329,-0.15574451856525184
L10,endpoint_identity_suffix,1,-0.05604318874167824,-0.1123265056646452,-0.05628331692296695
L10,endpoint_identity_suffix,2,0.2237786542979635,-0.06078057488517108,-0.2845592291831346
L10,endpoint_identity_suffix,3,0.0,-0.32899824877630834,-0.32899824877630834
L10,endpoint_identity_suffix,9,-0.43744074314894815,-0.6498714731963305,-0.2124307300473824
L10,endpoint_identity_suffix,11,0.0,-0.03284296511850293,-0.03284296511850293
L10,endpoint_identity_suffix,15,0.10816960961324562,0.19058472515036295,0.08241511553711733
L10,endpoint_identity_suffix,16,0.27199628547292953,-0.07798404798688052,-0.34998033345981006
L10,endpoint_identity_suffix,20,0.0,-0.48546498304356533,-0.48546498304356533
L10,endpoint_identity_suffix,23,0.0,-0.7622285849593642,-0.7622285849593643
L10,endpoint_identity_suffix,24,0.0,0.05062769277977619,0.05062769277977619
L10,endpoint_identity_suffix,26,-0.03133085144622483,-0.5600168506022764,-0.5286859991560515
L10,endpoint_identity_suffix,31,0.09346982677982762,-0.3360156760777714,-0.429485502857599
L10,endpoint_identity_suffix,36,0.0,-0.8969905550059741,-0.8969905550059741
L10,endpoint_identity_suffix,37,0.0,-0.6016576167003526,-0.6016576167003524
L10,endpoint_identity_suffix,39,0.0,-0.2079473671902966,-0.2079473671902966
L10,endpoint_identity_suffix,46,0.0,-0.48802329993540905,-0.48802329993540905
L10,endpoint_identity_suffix,47,-0.08260245854618609,-0.46728183158797487,-0.3846793730417888
L10,endpoint_identity_suffix,56,0.037269120613481754,-0.4347996003939234,-0.47206872100740516
L10,endpoint_identity_suffix,59,-0.4158389461425942,-0.30421727043324664,0.11162167570934756
L10,endpoint_identity_suffix,62,0.04995673261302869,-0.522589575917515,-0.5725463085305437
L10,endpoint_identity_suffix,63,0.0,-0.30224312556182903,-0.30224312556182903
L10,endpoint_identity_suffix,72,0.31933062632769804,0.32768456403477275,0.00835393770707471
L10,endpoint_identity_suffix,74,-0.1652101197653208,-0.22548654225991305,-0.06027642249459225
L10,endpoint_identity_suffix,79,0.1565238936243818,0.03609069098912143,-0.12043320263526036
L10,endpoint_identity_suffix,81,-0.011290823137767525,-0.9327351087179669,-0.9214442855801993
L10,endpoint_identity_suffix,82,-0.0689036353933985,-0.05167413454065328,0.017229500852745216
L10,endpoint_identity_suffix,84,-0.3519527550093556,-0.4810698307547502,-0.1291170757453946
L10,endpoint_identity_suffix,87,0.3775669662337726,-0.09651975210369113,-0.47408671833746374
L10,endpoint_identity_suffix,89,0.0,-0.7997746614615442,-0.7997746614615442
L10,endpoint_identity_suffix,93,0.0,-0.2337661129666715,-0.2337661129666715
L10,endpoint_identity_suffix,100,0.0,-0.30752855049977335,-0.30752855049977335
L10,endpoint_identity_suffix,104,0.4047374411016068,-0.054089717699588924,-0.45882715880119573
L10,endpoint_identity_suffix,107,0.5038237241304047,0.22587650753071098,-0.2779472165996937
L10,endpoint_identity_suffix,110,0.0,-0.34764023771085084,-0.34764023771085084
L10,endpoint_identity_suffix,115,0.1301809530760385,0.006532268443811606,-0.12364868463222689
L10,endpoint_identity_suffix,117,0.0,-0.2869462693490501,-0.2869462693490501
L10,endpoint_identity_suffix,118,-0.16483643318905256,-0.8283087281704885,-0.663472294981436
L10,endpoint_identity_suffix,130,0.1694780510997569,-0.05547217928773884,-0.22495023038749573
L10,endpoint_identity_suffix,136,0.0,-0.005726009075213145,-0.005726009075213145
L10,endpoint_identity_suffix,138,0.0,-0.25520229617579715,-0.25520229617579715
L10,endpoint_identity_suffix,140,0.4411367675561082,0.11437938733024788,-0.3267573802258603
L10,endpoint_identity_suffix,144,0.13539845127352024,-0.11501133308855183,-0.25040978436207206
L10,endpoint_identity_suffix,156,0.14921669150120215,-0.3174985432464623,-0.4667152347476645
L10,endpoint_identity_suffix,158,0.2084383671481561,-0.10543602612016723,-0.31387439326832334
L10,endpoint_identity_suffix,160,0.0,-0.18820743661476957,-0.18820743661476957
L10,endpoint_identity_suffix,162,-0.3415305906756082,-0.17626324706773966,0.16526734360786854
L10,endpoint_identity_suffix,163,0.055268569082699726,-0.08216372511884229,-0.13743229420154202
L10,endpoint_identity_suffix,168,0.0,-0.6163263462621894,-0.6163263462621895
L10,endpoint_identity_suffix,170,0.03516766277047545,-0.3572658498818343,-0.3924335126523098
L10,endpoint_identity_suffix,172,0.0,-0.32335515980555063,-0.32335515980555063
L10,endpoint_identity_suffix,175,0.0,0.025233878956491873,0.025233878956491873
L10,endpoint_identity_suffix,176,0.0,-0.5214542260050827,-0.5214542260050827
L10,endpoint_identity_suffix,180,0.07952051649289693,0.043818834919179706,-0.035701681573717226
L10,endpoint_identity_suffix,182,0.24608326392215596,0.18829893070124748,-0.05778433322090848
L10,endpoint_identity_suffix,183,0.1797562413079924,-0.015094164317166703,-0.1948504056251591
L10,endpoint_identity_suffix,184,0.0,-0.05331905969812789,-0.05331905969812789
L10,endpoint_identity_suffix,186,0.0,-0.02373277851099087,-0.02373277851099087
L10,endpoint_identity_suffix,191,0.0,-0.28927814185054124,-0.28927814185054124
L10,endpoint_identity_suffix,192,0.0,-0.565495396722081,-0.565495396722081
L10,endpoint_identity_suffix,193,-0.522016743238481,-0.6777612618037329,-0.15574451856525184
L11,endpoint_equality,1,0.0,-0.05378761165358381,-0.05378761165358381
L11,endpoint_equality,2,0.0,-0.06443805570028327,-0.06443805570028327
L11,endpoint_equality,3,0.0,-0.30599024429044575,-0.30599024429044575
L11,endpoint_equality,4,0.0,0.029500886639831858,0.029500886639831858
L11,endpoint_equality,8,0.30263425367929064,0.0,-0.30263425367929064
L11,endpoint_equality,9,0.0,-0.13024396532843274,-0.13024396532843274
L11,endpoint_equality,11,0.0,0.030563704576247686,0.030563704576247686
L11,endpoint_equality,15,0.0,-0.07407692687419165,-0.07407692687419165
L11,endpoint_equality,16,0.16959374893691004,-0.0615495614060928,-0.23114331034300284
L11,endpoint_equality,20,0.0,-0.39845421862700814,-0.39845421862700814
L11,endpoint_equality,23,0.0,-0.4573047621958004,-0.45730476219580035
L11,endpoint_equality,24,0.0,0.10630666178191372,0.10630666178191372
L11,endpoint_equality,25,-2.220446049250313e-16,-0.43438174324653966,-0.43438174324653944
L11,endpoint_equality,26,0.0,-0.11697323280290828,-0.11697323280290828
L11,endpoint_equality,31,0.0,-0.4680002686310628,-0.4680002686310628
L11,endpoint_equality,36,0.0,-0.6763390070933422,-0.6763390070933422
L11,endpoint_equality,37,0.0,-0.27860365602255877,-0.2786036560225587
L11,endpoint_equality,39,0.0,0.03210643746167685,0.03210643746167685
L11,endpoint_equality,46,0.0,-0.44958367067215366,-0.44958367067215366
L11,endpoint_equality,47,0.0,-0.0894374968851086,-0.0894374968851086
L11,endpoint_equality,48,0.11723833459149946,-0.06044433860032372,-0.17768267319182318
L11,endpoint_equality,50,0.0,0.03516198925092384,0.03516198925092384
L11,endpoint_equality,53,0.0,0.04143079976033781,0.04143079976033781
L11,endpoint_equality,54,0.0,-0.24191678408102724,-0.24191678408102724
L11,endpoint_equality,56,0.0,-0.32990733864902355,-0.32990733864902355
L11,endpoint_equality,57,0.0,0.28593367434465244,0.28593367434465244
L11,endpoint_equality,59,0.0,-0.13065511742515978,-0.13065511742515978
L11,endpoint_equality,62,0.0,-0.4416944199324908,-0.4416944199324908
L11,endpoint_equality,63,0.0,-0.20750422795674994,-0.20750422795674994
L11,endpoint_equality,72,0.0,0.09130626634180661,0.09130626634180661
L11,endpoint_equality,74,0.06308601473837572,0.0,-0.06308601473837572
L11,endpoint_equality,79,0.0,-0.07264408334747707,-0.07264408334747707
L11,endpoint_equality,80,0.25400434883062084,-0.0826082555514065,-0.33661260438202734
L11,endpoint_equality,81,0.0,-0.41517975867848067,-0.41517975867848067
L11,endpoint_equality,82,0.0,0.010744858503246135,0.010744858503246135
L11,endpoint_equality,83,0.0,-0.5195652559456579,-0.5195652559456578
L11,endpoint_equality,84,0.0,-0.1532383367356469,-0.1532383367356469
L11,endpoint_equality,87,0.2780655470046036,-0.05742608769445123,-0.33549163469905485
L11,endpoint_equality,89,0.0,-0.3437460803832012,-0.3437460803832012
L11,endpoint_equality,90,0.0,-0.019030616756108953,-0.019030616756108953
L11,endpoint_equality,91,0.0,0.11151713099386518,0.11151713099386518
L11,endpoint_equality,93,0.0,-0.17725992054137985,-0.17725992054137985
L11,endpoint_equality,98,0.0,-0.35028436839784005,-0.35028436839784005
L11,endpoint_equality,99,0.0,-0.5225797746109082,-0.5225797746109082
L11,endpoint_equality,100,0.0,-0.3862882645211063,-0.3862882645211063
L11,endpoint_equality,104,0.3728521768952101,0.0,-0.3728521768952101
L11,endpoint_equality,107,0.21376155999191615,0.0,-0.21376155999191615
L11,endpoint_equality,109,0.15579254981605672,-0.06084407188308205,-0.21663662169913878
L11,endpoint_equality,110,0.0,-0.3488311080551335,-0.3488311080551335
L11,endpoint_equality,114,0.0,-0.315851736947267,-0.315851736947267
L11,endpoint_equality,115,0.0,-0.04707108855949271,-0.04707108855949271
L11,endpoint_equality,117,0.0,-0.47190067608574937,-0.47190067608574937
L11,endpoint_equality,118,0.0,-0.32444287603968514,-0.3244428760396852
L11,endpoint_equality,128,0.0,-0.045021542149179306,-0.045021542149179306
L11,endpoint_equality,130,0.035658942859411624,0.0,-0.035658942859411624
L11,endpoint_equality,136,0.0,0.07840590666897351,0.07840590666897351
L11,endpoint_equality,138,0.0,-0.3986193107533469,-0.3986193107533469
L11,endpoint_equality,140,0.0,-0.1387169905546396,-0.1387169905546396
L11,endpoint_equality,142,1.1102230246251565e-16,-0.7083191952276409,-0.7083191952276411
L11,endpoint_equality,144,0.12986493345082684,-0.028145769355428563,-0.1580107028062554
L11,endpoint_equality,149,0.0,-0.16817958743879213,-0.16817958743879213
L11,endpoint_equality,152,0.0,-0.09623105944668375,-0.09623105944668375
L11,endpoint_equality,153,0.0,0.006465103865070487,0.006465103865070487
L11,endpoint_equality,156,0.0,-0.29073829837588405,-0.2907382983758841
L11,endpoint_equality,158,0.0,-0.08435441598606452,-0.08435441598606452
L11,endpoint_equality,159,0.0,-0.4464565497047227,-0.4464565497047226
L11,endpoint_equality,160,0.0,-0.12897009953102456,-0.12897009953102456
L11,endpoint_equality,162,0.0,-0.21563550370627382,-0.21563550370627382
L11,endpoint_equality,163,0.0,-0.0193114549242146,-0.0193114549242146
L11,endpoint_equality,165,0.0,-0.658939591808557,-0.658939591808557
L11,endpoint_equality,167,0.0,0.09852437484992116,0.09852437484992116
L11,endpoint_equality,168,0.0,-0.1430414195647154,-0.1430414195647154
L11,endpoint_equality,170,0.0,-0.2919869327457959,-0.2919869327457959
L11,endpoint_equality,172,0.0,-0.27728658812401363,-0.27728658812401363
L11,endpoint_equality,173,0.0,-0.16803371350573992,-0.16803371350573992
L11,endpoint_equality,175,0.0,0.027149355087540794,0.027149355087540794
L11,endpoint_equality,176,0.0,-0.24345038141274855,-0.24345038141274855
L11,endpoint_equality,180,0.0,0.049844202732292286,0.049844202732292286
L11,endpoint_equality,181,0.0,-0.32822264821862146,-0.32822264821862146
L11,endpoint_equality,182,0.0,0.027521947192080454,0.027521947192080454
L11,endpoint_equality,183,0.0,-0.010208976500316824,-0.010208976500316824
L11,endpoint_equality,184,0.0,-0.16014612340407652,-0.16014612340407652
L11,endpoint_equality,185,0.0,0.06435006639075569,0.06435006639075569
L11,endpoint_equality,186,0.0,0.027144605252034326,0.027144605252034326
L11,endpoint_equality,191,0.0,-0.5544677198088704,-0.5544677198088704
L11,endpoint_equality,192,0.0,-0.30051920464448256,-0.3005192046444825
L11,endpoint_equality,193,0.0,-0.30279530522580544,-0.30279530522580544
L11,endpoint_equality,196,0.0,0.17185773984556652,0.17185773984556652
L11,endpoint_identity,1,-0.05179527101554404,-0.11389832123264965,-0.062103050217105604
L11,endpoint_identity,2,0.20856074629075327,-0.06191748301185318,-0.27047822930260645
L11,endpoint_identity,3,0.0,-0.2744232067039136,-0.2744232067039136
L11,endpoint_identity,9,-0.38984876406636415,-0.6402803133072442,-0.25043154924088007
L11,endpoint_identity,11,0.0,-0.0438205453027356,-0.0438205453027356
L11,endpoint_identity,15,-0.033467040915766244,-0.08803408371391663,-0.05456704279815039
L11,endpoint_identity,16,0.2529408493735349,-0.09352964749055181,-0.3464704968640867
L11,endpoint_identity,20,0.0,-0.5159970775413034,-0.5159970775413034
L11,endpoint_identity,23,0.0,-0.18396231995470202,-0.18396231995470202
L11,endpoint_identity,24,0.0,0.03471979403265424,0.03471979403265424
L11,endpoint_identity,25,2.220446049250313e-16,-0.9893519873769555,-0.9893519873769557
L11,endpoint_identity,26,-0.13594920477693556,-0.20642335200513284,-0.07047414722819728
L11,endpoint_identity,31,0.0,-0.32834809621158656,-0.32834809621158656
L11,endpoint_identity,36,0.0,-0.7072098583148214,-0.7072098583148215
L11,endpoint_identity,37,0.0,-0.5667297486112064,-0.5667297486112064
L11,endpoint_identity,39,0.0,-0.1846065176601166,-0.1846065176601166
L11,endpoint_identity,46,0.0,-0.4588022614989966,-0.4588022614989966
L11,endpoint_identity,47,-0.0792377870487998,-0.4795231033415074,-0.4002853162927076
L11,endpoint_identity,48,-0.36561479690720744,-0.6258997749327894,-0.2602849780255819
L11,endpoint_identity,54,0.0,-0.2374210139885633,-0.2374210139885633
L11,endpoint_identity,56,0.0,-0.3268581642067888,-0.3268581642067888
L11,endpoint_identity,57,-0.6381053448396953,-0.1485577190729198,0.48954762576677546
L11,endpoint_identity,59,-0.42385652292156367,-0.31949164302865474,0.10436487989290899
L11,endpoint_identity,62,0.0,-0.5388360574160161,-0.5388360574160161
L11,endpoint_identity,63,0.0,-0.21995056524842294,-0.21995056524842294
L11,endpoint_identity,72,0.0,0.20030419799307975,0.20030419799307975
L11,endpoint_identity,74,-0.24302416318857492,-0.23190726114763027,0.01111690204094462
L11,endpoint_identity,79,-0.15516996163204033,-0.25038954706595473,-0.0952195854339144
L11,endpoint_identity,80,-0.47773043983072716,-0.9477470275920636,-0.4700165877613365
L11,endpoint_identity,81,0.0,-0.5294477507235634,-0.5294477507235634
L11,endpoint_identity,82,-0.06399595728059992,-0.05873457811713112,0.0052613791634688045
L11,endpoint_identity,84,-0.3628528073106395,-0.4678021702056556,-0.10494936289501611
L11,endpoint_identity,87,0.3649610304435422,-0.1078892130138791,-0.4728502434574213
L11,endpoint_identity,89,0.0,-0.37941189537613473,-0.37941189537613473
L11,endpoint_identity,90,-0.22981893086920535,-0.17389878839050765,0.0559201424786977
L11,endpoint_identity,93,0.0,-0.17725992054137985,-0.17725992054137985
L11,endpoint_identity,99,0.0,-0.5552216379218122,-0.5552216379218122
L11,endpoint_identity,100,0.0,-0.3850385953921919,-0.3850385953921919
L11,endpoint_identity,104,0.38431379855446257,-0.07703182515797713,-0.4613456237124397
L11,endpoint_identity,107,0.20967090625631224,0.0,-0.20967090625631224
L11,endpoint_identity,110,0.0,-0.3729510940856742,-0.3729510940856742
L11,endpoint_identity,115,0.13002837270804068,-0.01044781348423962,-0.1404761861922803
L11,endpoint_identity,117,0.0,-0.3026402454447491,-0.3026402454447491
L11,endpoint_identity,118,5.551115123125783e-17,-0.5357350477110407,-0.5357350477110409
L11,endpoint_identity,130,0.10892998787489949,-0.19031743443402205,-0.29924742230892154
L11,endpoint_identity,136,0.0,-0.019846773453526367,-0.019846773453526367
L11,endpoint_identity,138,0.0,-0.22890135793675537,-0.22890135793675537
L11,endpoint_identity,140,0.4290692708275179,0.09818192961458694,-0.33088734121293095
L11,endpoint_identity,144,0.09903874792944478,-0.12128615301166557,-0.22032490094111035
L11,endpoint_identity,149,-0.535606212923819,-0.5323825724384534,0.0032236404853656087
L11,endpoint_identity,156,0.0,-0.26445522502304275,-0.2644552250230428
L11,endpoint_identity,158,-0.0199678703534506,-0.24006889864455716,-0.22010102829110656
L11,endpoint_identity,160,0.0,-0.1995257630253131,-0.1995257630253131
L11,endpoint_identity,162,-0.3475752274714254,-0.19586936903051932,0.151705858440906
L11,endpoint_identity,163,-0.11256224836845807,-0.06535297926403016,0.04720926910442791
L11,endpoint_identity,168,0.0,-0.14632320995560166,-0.14632320995560166
L11,endpoint_identity,170,0.0,-0.2919869327457959,-0.2919869327457959
L11,endpoint_identity,172,0.0,-0.3159576833857054,-0.3159576833857054
L11,endpoint_identity,175,0.0,0.08148954148874865,0.08148954148874865
L11,endpoint_identity,176,0.0,-0.25967059804720205,-0.25967059804720205
L11,endpoint_identity,180,0.06462039763009741,0.015208567090097658,-0.04941183053999976
L11,endpoint_identity,182,-0.029342275495714887,-0.017186998765342132,0.012155276730372755
L11,endpoint_identity,183,0.0,-0.14811551378219678,-0.14811551378219678
L11,endpoint_identity,184,0.0,-0.06085468695535412,-0.06085468695535412
L11,endpoint_identity,186,0.0,-0.03247671153160825,-0.03247671153160825
L11,endpoint_identity,191,0.0,-0.4239875168113838,-0.4239875168113838
L11,endpoint_identity,192,0.0,-0.26652374796876965,-0.2665237479687696
L11,endpoint_identity,193,-0.5160143527925128,-0.6722016743207873,-0.15618732152827441
L11,endpoint_identity_suffix,1,-0.05179527101554404,-0.11389832123264965,-0.062103050217105604
L11,endpoint_identity_suffix,2,0.20856074629075327,-0.06191748301185318,-0.27047822930260645
L11,endpoint_identity_suffix,3,0.0,-0.3149206110199224,-0.3149206110199224
L11,endpoint_identity_suffix,9,-0.4221305320715021,-0.6402803133072442,-0.21814978123574214
L11,endpoint_identity_suffix,11,0.0,-0.0438205453027356,-0.0438205453027356
L11,endpoint_identity_suffix,15,0.10268213670723059,0.1985105919933352,0.09582845528610462
L11,endpoint_identity_suffix,16,0.26088862906243226,-0.09352964749055181,-0.3544182765529841
L11,endpoint_identity_suffix,20,0.0,-0.47865631215379767,-0.47865631215379767
L11,endpoint_identity_suffix,23,0.0,-0.749906985023624,-0.749906985023624
L11,endpoint_identity_suffix,24,0.0,0.03471979403265424,0.03471979403265424
L11,endpoint_identity_suffix,26,0.00790582051668931,-0.5414303904349544,-0.5493362109516438
L11,endpoint_identity_suffix,31,0.0846851766404847,-0.32834809621158656,-0.41303327285207125
L11,endpoint_identity_suffix,36,0.0,-0.8832984376179194,-0.8832984376179194
L11,endpoint_identity_suffix,37,0.0,-0.5667297486112064,-0.5667297486112064
L11,endpoint_identity_suffix,39,0.0,-0.1846065176601166,-0.1846065176601166
L11,endpoint_identity_suffix,46,0.0,-0.47235675618914663,-0.47235675618914663
L11,endpoint_identity_suffix,47,-0.0792377870487998,-0.46604192282193724,-0.38680413577313744
L11,endpoint_identity_suffix,56,0.03629261454453003,-0.4233889407683784,-0.45968155531290844
L11,endpoint_identity_suffix,59,-0.3976722152579023,-0.31949164302865474,0.07818057222924757
L11,endpoint_identity_suffix,62,0.04726286741524843,-0.5091739241005054,-0.5564367915157539
L11,endpoint_identity_suffix,63,0.0,-0.29016919759835325,-0.29016919759835325
L11,endpoint_identity_suffix,72,0.3128793014151672,0.3150796119956346,0.002200310580467435
L11,endpoint_identity_suffix,74,-0.15642999484270653,-0.2212025028915403,-0.06477250804883378
L11,endpoint_identity_suffix,79,0.15799155034001422,0.02263573390901419,-0.13535581643100003
L11,endpoint_identity_suffix,81,-0.013252072705213058,-0.9266994983784076,-0.9134474256731946
L11,endpoint_identity_suffix,82,-0.06399595728059992,-0.05873457811713112,0.0052613791634688045
L11,endpoint_identity_suffix,84,-0.34879984762154886,-0.4678021702056556,-0.11900232258410676
L11,endpoint_identity_suffix,87,0.3649610304435422,-0.1078892130138791,-0.4728502434574213
L11,endpoint_identity_suffix,89,0.0,-0.7800608291844534,-0.7800608291844534
L11,endpoint_identity_suffix,93,0.0,-0.2103555692230582,-0.2103555692230582
L11,endpoint_identity_suffix,100,0.0,-0.30295759826974444,-0.30295759826974444
L11,endpoint_identity_suffix,104,0.38431379855446257,-0.07703182515797713,-0.4613456237124397
L11,endpoint_identity_suffix,107,0.46638885816418074,0.21471106488559788,-0.25167779327858286
L11,endpoint_identity_suffix,110,0.0,-0.3465051777076701,-0.3465051777076701
L11,endpoint_identity_suffix,115,0.13002837270804068,-0.01044781348423962,-0.1404761861922803
L11,endpoint_identity_suffix,117,0.0,-0.28421801053967666,-0.28421801053967666
L11,endpoint_identity_suffix,118,-0.14885816889680392,-0.8247354519905568,-0.6758772830937528
L11,endpoint_identity_suffix,130,0.16548463925172052,-0.0863354557303595,-0.25182009498208
L11,endpoint_identity_suffix,136,0.0,-0.019846773453526367,-0.019846773453526367
L11,endpoint_identity_suffix,138,0.0,-0.22890135793675537,-0.22890135793675537
L11,endpoint_identity_suffix,140,0.4290692708275179,0.09818192961458694,-0.33088734121293095
L11,endpoint_identity_suffix,144,0.12855736220572167,-0.12128615301166557,-0.24984351521738724
L11,endpoint_identity_suffix,156,0.1539763275306924,-0.32219261916788833,-0.4761689466985808
L11,endpoint_identity_suffix,158,0.2024898893708278,-0.12351500893996792,-0.3260048983107957
L11,endpoint_identity_suffix,160,0.0,-0.1995257630253131,-0.1995257630253131
L11,endpoint_identity_suffix,162,-0.3321896945066914,-0.19586936903051932,0.13632032547617212
L11,endpoint_identity_suffix,163,0.035109444590027294,-0.0894990996880809,-0.12460854427810819
L11,endpoint_identity_suffix,168,0.0,-0.6173241874005818,-0.6173241874005818
L11,endpoint_identity_suffix,170,0.03534862347966716,-0.3513823514145399,-0.38673097489420705
L11,endpoint_identity_suffix,172,0.0,-0.3159576833857054,-0.3159576833857054
L11,endpoint_identity_suffix,175,0.0,0.0294821855497851,0.0294821855497851
L11,endpoint_identity_suffix,176,0.0,-0.504059595415815,-0.504059595415815
L11,endpoint_identity_suffix,180,0.06462039763009741,0.015208567090097658,-0.04941183053999976
L11,endpoint_identity_suffix,182,0.2295841265060118,0.16899646481988917,-0.06058766168612262
L11,endpoint_identity_suffix,183,0.17475988542191867,-0.017730286771875825,-0.1924901721937945
L11,endpoint_identity_suffix,184,0.0,-0.06085468695535412,-0.06085468695535412
L11,endpoint_identity_suffix,186,0.0,-0.02718788543045192,-0.02718788543045192
L11,endpoint_identity_suffix,191,0.0,-0.29575568612730796,-0.29575568612730796
L11,endpoint_identity_suffix,192,0.0,-0.5600951276979381,-0.560095127697938
L11,endpoint_identity_suffix,193,-0.5160143527925128,-0.6722016743207873,-0.15618732152827441
L12,endpoint_equality,1,0.0,-0.05045282628705472,-0.05045282628705472
L12,endpoint_equality,2,0.0,-0.06471475060547527,-0.06471475060547527
L12,endpoint_equality,3,0.0,-0.2985115830539501,-0.2985115830539501
L12,endpoint_equality,4,0.0,0.029517898014308708,0.029517898014308708
L12,endpoint_equality,8,0.2927294629157935,0.0,-0.2927294629157935
L12,endpoint_equality,9,0.0,-0.12630015444162102,-0.12630015444162102
L12,endpoint_equality,11,0.0,0.03013292991576333,0.03013292991576333
L12,endpoint_equality,15,0.0,-0.07058489801110635,-0.07058489801110635
L12,endpoint_equality,16,0.1673637011095116,-0.05809793319312284,-0.22546163430263444
L12,endpoint_equality,20,0.0,-0.4025351088054947,-0.4025351088054947
L12,endpoint_equality,23,0.0,-0.4575804902158015,-0.4575804902158015
L12,endpoint_equality,24,0.0,0.10382414031441978,0.10382414031441978
L12,endpoint_equality,25,-2.220446049250313e-16,-0.4475785921083637,-0.4475785921083635
L12,endpoint_equality,26,0.0,-0.1187998373449517,-0.1187998373449517
L12,endpoint_equality,31,0.0,-0.4510560783215667,-0.45105607832156674
L12,endpoint_equality,36,0.0,-0.6776168388625922,-0.677616838862592
L12,endpoint_equality,37,0.0,-0.2565902980509984,-0.2565902980509985
L12,endpoint_equality,39,0.0,0.03177925556222316,0.03177925556222316
L12,endpoint_equality,46,0.0,-0.4460976997452634,-0.4460976997452635
L12,endpoint_equality,47,0.0,-0.09078230847868796,-0.09078230847868796
L12,endpoint_equality,48,0.10917012391542547,-0.060076765751872596,-0.16924688966729806
L12,endpoint_equality,50,0.0,0.0350142541309173,0.0350142541309173
L12,endpoint_equality,53,0.0,0.04232331825941382,0.04232331825941382
L12,endpoint_equality,54,0.0,-0.24412082114701805,-0.24412082114701805
L12,endpoint_equality,56,0.0,-0.329468470037214,-0.329468470037214
L12,endpoint_equality,57,0.0,0.286618798511612,0.286618798511612
L12,endpoint_equality,59,0.0,-0.12853493398088345,-0.12853493398088345
L12,endpoint_equality,62,0.0,-0.44027085044671554,-0.44027085044671554
L12,endpoint_equality,63,0.0,-0.19873259173495972,-0.19873259173495972
L12,endpoint_equality,72,0.0,0.0911415428481116,0.0911415428481116
L12,endpoint_equality,74,0.06192027043945697,0.0,-0.06192027043945697
L12,endpoint_equality,79,0.0,-0.07265581301830704,-0.07265581301830704
L12,endpoint_equality,80,0.2627145789197376,-0.08207629437577602,-0.3447908732955136
L12,endpoint_equality,81,0.0,-0.4105943122174338,-0.4105943122174338
L12,endpoint_equality,82,0.0,0.010793658357181712,0.010793658357181712
L12,endpoint_equality,83,0.0,-0.5193115475249144,-0.5193115475249144
L12,endpoint_equality,84,0.0,-0.14979120004676716,-0.14979120004676716
L12,endpoint_equality,87,0.2727126301718096,-0.05442210634474631,-0.3271347365165559
L12,endpoint_equality,89,0.0,-0.34402520792243385,-0.34402520792243385
L12,endpoint_equality,90,0.0,-0.014423975753699692,-0.014423975753699692
L12,endpoint_equality,91,0.0,0.11285579844231353,0.11285579844231353
L12,endpoint_equality,93,0.0,-0.1770935056969961,-0.17709350569699617
L12,endpoint_equality,98,0.0,-0.3419255068532697,-0.3419255068532697
L12,endpoint_equality,99,0.0,-0.5092941635942007,-0.5092941635942007
L12,endpoint_equality,100,0.0,-0.38799737182242144,-0.38799737182242144
L12,endpoint_equality,104,0.3590572565025322,0.0,-0.3590572565025322
L12,endpoint_equality,107,0.20676787686177966,0.0,-0.20676787686177966
L12,endpoint_equality,109,0.15388345843691953,-0.0588331413517722,-0.21271659978869173
L12,endpoint_equality,110,0.0,-0.34106460652221227,-0.34106460652221227
L12,endpoint_equality,114,0.0,-0.31236130321615785,-0.31236130321615785
L12,endpoint_equality,115,0.0,-0.04646415026962214,-0.04646415026962214
L12,endpoint_equality,117,0.0,-0.47389042602558895,-0.47389042602558895
L12,endpoint_equality,118,0.0,-0.31951023207083395,-0.31951023207083395
L12,endpoint_equality,128,0.0,-0.044005026789359025,-0.044005026789359025
L12,endpoint_equality,130,0.034998707819456465,0.0,-0.034998707819456465
L12,endpoint_equality,136,0.0,0.08090924983647918,0.08090924983647918
L12,endpoint_equality,138,0.0,-0.3844191166288352,-0.3844191166288352
L12,endpoint_equality,140,0.0,-0.14145863688806914,-0.14145863688806914
L12,endpoint_equality,142,0.0,-0.6795160426907413,-0.6795160426907413
L12,endpoint_equality,144,0.12807385991226128,-0.027807178988145775,-0.15588103890040705
L12,endpoint_equality,149,0.0,-0.1701544105781837,-0.1701544105781837
L12,endpoint_equality,152,0.0,-0.09528047815151264,-0.09528047815151264
L12,endpoint_equality,153,0.0,0.006395518350760243,0.006395518350760243
L12,endpoint_equality,156,0.0,-0.29299643346671855,-0.2929964334667185
L12,endpoint_equality,158,0.0,-0.08255005371768398,-0.08255005371768398
L12,endpoint_equality,159,0.0,-0.4464253763052768,-0.4464253763052768
L12,endpoint_equality,160,0.0,-0.12556536107429128,-0.12556536107429128
L12,endpoint_equality,162,0.0,-0.21458814233025714,-0.21458814233025714
L12,endpoint_equality,163,0.0,-0.01963349640789902,-0.01963349640789902
L12,endpoint_equality,165,-2.7755575615628914e-17,-0.6489483133390348,-0.6489483133390347
L12,endpoint_equality,167,0.0,0.09669086209621058,0.09669086209621058
L12,endpoint_equality,168,0.0,-0.1396491821204392,-0.1396491821204392
L12,endpoint_equality,170,0.0,-0.29540741068506415,-0.29540741068506415
L12,endpoint_equality,172,0.0,-0.271327233964999,-0.271327233964999
L12,endpoint_equality,173,0.0,-0.16242136096112514,-0.16242136096112514
L12,endpoint_equality,175,0.0,0.02689703644774588,0.02689703644774588
L12,endpoint_equality,176,0.0,-0.24769326767144717,-0.24769326767144717
L12,endpoint_equality,180,0.0,0.04776119314082794,0.04776119314082794
L12,endpoint_equality,181,0.0,-0.31672723309861595,-0.31672723309861595
L12,endpoint_equality,182,0.0,0.027655955746616057,0.027655955746616057
L12,endpoint_equality,183,0.0,-0.010378876756747202,-0.010378876756747202
L12,endpoint_equality,184,0.0,-0.15707267054772323,-0.15707267054772323
L12,endpoint_equality,185,0.0,0.06327508981395402,0.06327508981395402
L12,endpoint_equality,186,0.0,0.026811952675013906,0.026811952675013906
L12,endpoint_equality,191,0.0,-0.552789084749523,-0.552789084749523
L12,endpoint_equality,192,0.0,-0.2971704175134299,-0.2971704175134299
L12,endpoint_equality,193,0.0,-0.30302930184951904,-0.30302930184951904
L12,endpoint_equality,196,0.0,0.17299066260511498,0.17299066260511498
L12,endpoint_identity,1,-0.057203442426407514,-0.1183564135283992,-0.06115297110199169
L12,endpoint_identity,2,0.2248063209771879,-0.0654625322353577,-0.2902688532125456
L12,endpoint_identity,3,0.0,-0.26985943677590796,-0.26985943677590796
L12,endpoint_identity,9,-0.4047926006915957,-0.6563967522223197,-0.251604151530724
L12,endpoint_identity,11,0.0,-0.05130982559584063,-0.05130982559584063
L12,endpoint_identity,15,-0.029633153135261825,-0.07925445619597138,-0.049621303060709554
L12,endpoint_identity,16,0.24987746132530764,-0.09123951008492348,-0.3411169714102311
L12,endpoint_identity,20,0.0,-0.5215935248688446,-0.5215935248688446
L12,endpoint_identity,23,0.0,-0.1832445682506989,-0.1832445682506989
L12,endpoint_identity,24,0.0,0.02131366538344115,0.02131366538344115
L12,endpoint_identity,25,1.1102230246251565e-16,-0.9895378169549851,-0.9895378169549852
L12,endpoint_identity,26,-0.13034283953187004,-0.20964677178520874,-0.0793039322533387
L12,endpoint_identity,31,0.0,-0.3271834157850926,-0.32718341578509264
L12,endpoint_identity,36,0.0,-0.7118469641361455,-0.7118469641361453
L12,endpoint_identity,37,0.0,-0.5587789198739319,-0.5587789198739319
L12,endpoint_identity,39,0.0,-0.17748596431892794,-0.17748596431892794
L12,endpoint_identity,46,0.0,-0.4582241291349908,-0.45822412913499083
L12,endpoint_identity,47,-0.06405182490825989,-0.4882881775644007,-0.4242363526561408
L12,endpoint_identity,48,-0.3592628820141549,-0.592906963814445,-0.23364408180029006
L12,endpoint_identity,54,0.0,-0.23951003696237805,-0.23951003696237805
L12,endpoint_identity,56,0.0,-0.3284654350149645,-0.3284654350149645
L12,endpoint_identity,57,-0.644690150367381,-0.14891367743899364,0.4957764729283874
L12,endpoint_identity,59,-0.42559634472189073,-0.31707908966251064,0.10851725505938004
L12,endpoint_identity,62,0.0,-0.5398854990375969,-0.5398854990375969
L12,endpoint_identity,63,0.0,-0.21006078628617086,-0.21006078628617086
L12,endpoint_identity,72,0.0,0.19994841072554015,0.19994841072554015
L12,endpoint_identity,74,-0.2382552858781883,-0.22999085737122849,0.008264428506959798
L12,endpoint_identity,79,-0.15312271713580183,-0.2551336545393139,-0.10201093740351208
L12,endpoint_identity,80,-0.46453173306066503,-0.9249605112635134,-0.46042877820284833
L12,endpoint_identity,81,0.0,-0.5312326831298163,-0.5312326831298163
L12,endpoint_identity,82,-0.05644781026483314,-0.06623356358373056,-0.009785753318897417
L12,endpoint_identity,84,-0.37447880161797925,-0.4618585277942211,-0.08737972617624185
L12,endpoint_identity,87,0.35793532710050024,-0.12341885131423114,-0.4813541784147314
L12,endpoint_identity,89,0.0,-0.3656379456447879,-0.3656379456447879
L12,endpoint_identity,90,-0.24176826866429857,-0.15868735392480215,0.08308091473949641
L12,endpoint_identity,93,0.0,-0.1770935056969961,-0.17709350569699617
L12,endpoint_identity,99,0.0,-0.5412937960255891,-0.5412937960255891
L12,endpoint_identity,100,0.0,-0.387524966367513,-0.387524966367513
L12,endpoint_identity,104,0.37191040335383974,-0.10455064648227963,-0.47646104983611937
L12,endpoint_identity,107,0.22172709037607607,0.0,-0.22172709037607607
L12,endpoint_identity,110,0.0,-0.36433634137820303,-0.36433634137820303
L12,endpoint_identity,115,0.1373526061870729,-0.02252102100803932,-0.15987362719511222
L12,endpoint_identity,117,0.0,-0.30675852752449717,-0.30675852752449717
L12,endpoint_identity,118,5.551115123125783e-17,-0.5382433010186256,-0.5382433010186256
L12,endpoint_identity,130,0.1044444631979009,-0.20458914787685478,-0.3090336110747557
L12,endpoint_identity,136,0.0,-0.03501811110262465,-0.03501811110262465
L12,endpoint_identity,138,0.0,-0.21353029327593465,-0.21353029327593465
L12,endpoint_identity,140,0.411583480638975,0.08497219709189441,-0.3266112835470806
L12,endpoint_identity,144,0.09328386010129419,-0.12521510163755,-0.2184989617388442
L12,endpoint_identity,149,-0.5188999867757533,-0.5443763941869986,-0.025476407411245183
L12,endpoint_identity,156,0.0,-0.267344904484357,-0.26734490448435694
L12,endpoint_identity,158,-0.018770066595541035,-0.23406864408351558,-0.21529857748797454
L12,endpoint_identity,160,0.0,-0.20118411658654978,-0.20118411658654978
L12,endpoint_identity,162,-0.353676770872376,-0.19472385179500162,0.1589529190773743
L12,endpoint_identity,163,-0.11661350254472524,-0.07007285339566449,0.04654064914906075
L12,endpoint_identity,168,0.0,-0.14308359171570217,-0.14308359171570217
L12,endpoint_identity,170,0.0,-0.29540741068506415,-0.29540741068506415
L12,endpoint_identity,172,0.0,-0.3103981495660396,-0.3103981495660396
L12,endpoint_identity,175,0.0,0.08820418459489554,0.08820418459489554
L12,endpoint_identity,176,0.0,-0.2643618281576898,-0.2643618281576898
L12,endpoint_identity,180,0.045262592030768545,0.004653334271305765,-0.04060925775946278
L12,endpoint_identity,182,-0.04500388365381491,-0.03785177149952468,0.0071521121542902355
L12,endpoint_identity,183,0.0,-0.14316188990375256,-0.14316188990375256
L12,endpoint_identity,184,0.0,-0.0653153491533991,-0.0653153491533991
L12,endpoint_identity,186,0.0,-0.03796071362185671,-0.03796071362185671
L12,endpoint_identity,191,0.0,-0.4219064412308908,-0.4219064412308908
L12,endpoint_identity,192,0.0,-0.2621605084679144,-0.2621605084679144
L12,endpoint_identity,193,-0.5240973383823954,-0.675135012178639,-0.15103767379624367
L12,endpoint_identity_suffix,1,-0.057203442426407514,-0.1183564135283992,-0.06115297110199169
L12,endpoint_identity_suffix,2,0.2248063209771879,-0.0654625322353577,-0.2902688532125456
L12,endpoint_identity_suffix,3,0.0,-0.30861021749588324,-0.30861021749588324
L12,endpoint_identity_suffix,9,-0.43419822567043564,-0.6563967522223197,-0.2221985265518841
L12,endpoint_identity_suffix,11,0.0,-0.05130982559584063,-0.05130982559584063
L12,endpoint_identity_suffix,15,0.10318244269753007,0.18996818983280028,0.08678574713527021
L12,endpoint_identity_suffix,16,0.2571597860799577,-0.09123951008492348,-0.3483992961648812
L12,endpoint_identity_suffix,20,0.0,-0.4840635213817229,-0.4840635213817229
L12,endpoint_identity_suffix,23,0.0,-0.7494690122369196,-0.7494690122369196
L12,endpoint_identity_suffix,24,0.0,0.02131366538344115,0.02131366538344115
L12,endpoint_identity_suffix,26,0.022517295891704925,-0.5038920422840822,-0.5264093381757872
L12,endpoint_identity_suffix,31,0.0824807150399684,-0.3271834157850926,-0.40966413082506103
L12,endpoint_identity_suffix,36,0.0,-0.8858141909345245,-0.8858141909345245
L12,endpoint_identity_suffix,37,0.0,-0.5587789198739319,-0.5587789198739319
L12,endpoint_identity_suffix,39,0.0,-0.17748596431892794,-0.17748596431892794
L12,endpoint_identity_suffix,46,0.0,-0.47428992953870397,-0.474289929538704
L12,endpoint_identity_suffix,47,-0.06405182490825989,-0.47653101858362856,-0.41247919367536867
L12,endpoint_identity_suffix,56,0.03429464258489667,-0.4292145429464487,-0.46350918553134535
L12,endpoint_identity_suffix,59,-0.40094367279496035,-0.31707908966251064,0.08386458313244971
L12,endpoint_identity_suffix,62,0.04352111846154416,-0.5083521296696016,-0.5518732481311458
L12,endpoint_identity_suffix,63,0.0,-0.28265560170317106,-0.28265560170317106
L12,endpoint_identity_suffix,72,0.31041854308285255,0.30836039147551575,-0.0020581516073368
L12,endpoint_identity_suffix,74,-0.13832572014672967,-0.2171100105201229,-0.07878429037339324
L12,endpoint_identity_suffix,79,0.15811865658224444,0.016652344781484363,-0.14146631180076008
L12,endpoint_identity_suffix,81,-0.014531799089070652,-0.913013441821154,-0.8984816427320834
L12,endpoint_identity_suffix,82,-0.05644781026483314,-0.06623356358373056,-0.009785753318897417
L12,endpoint_identity_suffix,84,-0.36204031003660253,-0.4618585277942211,-0.09981821775761857
L12,endpoint_identity_suffix,87,0.35793532710050024,-0.12341885131423114,-0.4813541784147314
L12,endpoint_identity_suffix,89,0.0,-0.7602133804665729,-0.7602133804665729
L12,endpoint_identity_suffix,93,0.0,-0.20906039608005156,-0.2090603960800516
L12,endpoint_identity_suffix,100,0.0,-0.3147362200639616,-0.3147362200639616
L12,endpoint_identity_suffix,104,0.37191040335383974,-0.10455064648227963,-0.47646104983611937
L12,endpoint_identity_suffix,107,0.45112991315297424,0.20805348410314406,-0.24307642904983018
L12,endpoint_identity_suffix,110,0.0,-0.33922909043787985,-0.33922909043787985
L12,endpoint_identity_suffix,115,0.1373526061870729,-0.02252102100803932,-0.15987362719511222
L12,endpoint_identity_suffix,117,0.0,-0.2903943928058801,-0.2903943928058801
L12,endpoint_identity_suffix,118,-0.13463522492874616,-0.8369370049063932,-0.7023017799776471
L12,endpoint_identity_suffix,130,0.16271321583559595,-0.10371512517968962,-0.26642834101528556
L12,endpoint_identity_suffix,136,0.0,-0.03501811110262465,-0.03501811110262465
L12,endpoint_identity_suffix,138,0.0,-0.21353029327593465,-0.21353029327593465
L12,endpoint_identity_suffix,140,0.411583480638975,0.08497219709189441,-0.3266112835470806
L12,endpoint_identity_suffix,144,0.12182431115658376,-0.12521510163755,-0.24703941279413377
L12,endpoint_identity_suffix,156,0.16580103145238062,-0.3049538088634648,-0.47075484031584536
L12,endpoint_identity_suffix,158,0.19715305480573342,-0.12539389925488997,-0.3225469540606234
L12,endpoint_identity_suffix,160,0.0,-0.20118411658654978,-0.20118411658654978
L12,endpoint_identity_suffix,162,-0.33659601992537214,-0.19472385179500162,0.1418721681303705
L12,endpoint_identity_suffix,163,0.03154608223063149,-0.09335504381522108,-0.12490112604585257
L12,endpoint_identity_suffix,168,0.0,-0.6272788188606756,-0.6272788188606756
L12,endpoint_identity_suffix,170,0.03572321213613805,-0.3558815006250877,-0.39160471276122577
L12,endpoint_identity_suffix,172,0.0,-0.3103981495660396,-0.3103981495660396
L12,endpoint_identity_suffix,175,0.0,0.041474598069489055,0.041474598069489055
L12,endpoint_identity_suffix,176,0.0,-0.505818107316918,-0.505818107316918
L12,endpoint_identity_suffix,180,0.045262592030768545,0.004653334271305765,-0.04060925775946278
L12,endpoint_identity_suffix,182,0.22082233625257897,0.14545384406522577,-0.0753684921873532
L12,endpoint_identity_suffix,183,0.1714114093328437,-0.016615170260663836,-0.18802657959350755
L12,endpoint_identity_suffix,184,0.0,-0.0653153491533991,-0.0653153491533991
L12,endpoint_identity_suffix,186,0.0,-0.03347801907637771,-0.03347801907637771
L12,endpoint_identity_suffix,191,0.0,-0.2959738119286037,-0.2959738119286037
L12,endpoint_identity_suffix,192,0.0,-0.5849691529921115,-0.5849691529921115
L12,endpoint_identity_suffix,193,-0.5240973383823954,-0.675135012178639,-0.15103767379624367
L13,endpoint_equality,1,0.0,-0.04936396276221622,-0.04936396276221622
L13,endpoint_equality,2,0.0,-0.06419260250894632,-0.06419260250894632
L13,endpoint_equality,3,0.0,-0.28761558436013235,-0.28761558436013235
L13,endpoint_equality,4,0.0,0.029250469752620578,0.029250469752620578
L13,endpoint_equality,8,0.2874655418460532,0.0,-0.2874655418460532
L13,endpoint_equality,9,0.0,-0.12140566696045496,-0.12140566696045496
L13,endpoint_equality,11,0.0,0.030621916093923396,0.030621916093923396
L13,endpoint_equality,15,0.0,-0.06977103805502516,-0.06977103805502516
L13,endpoint_equality,16,0.16693647645748233,-0.055398985658942745,-0.22233546211642508
L13,endpoint_equality,20,0.0,-0.3974748048600717,-0.3974748048600717
L13,endpoint_equality,23,0.0,-0.45694352064061117,-0.45694352064061117
L13,endpoint_equality,24,0.0,0.10292834252160032,0.10292834252160032
L13,endpoint_equality,25,-1.1102230246251565e-16,-0.4550981383269981,-0.45509813832699797
L13,endpoint_equality,26,0.0,-0.1105876355551314,-0.1105876355551314
L13,endpoint_equality,31,0.0,-0.4360193781034972,-0.43601937810349717
L13,endpoint_equality,36,0.0,-0.6787400516613853,-0.6787400516613853
L13,endpoint_equality,37,0.0,-0.23661756181032034,-0.2366175618103203
L13,endpoint_equality,39,0.0,0.031175727761818317,0.031175727761818317
L13,endpoint_equality,46,0.0,-0.44852430498034923,-0.44852430498034923
L13,endpoint_equality,47,0.0,-0.09257433727621034,-0.09257433727621034
L13,endpoint_equality,48,0.09862026027764914,-0.05802102018695621,-0.15664128046460535
L13,endpoint_equality,50,0.0,0.03519224774584284,0.03519224774584284
L13,endpoint_equality,53,0.0,0.042061445872505265,0.042061445872505265
L13,endpoint_equality,54,0.0,-0.2383617913399858,-0.2383617913399858
L13,endpoint_equality,56,0.0,-0.3213011749849438,-0.3213011749849438
L13,endpoint_equality,57,0.0,0.2843973273783599,0.2843973273783599
L13,endpoint_equality,59,0.0,-0.12621717022574663,-0.12621717022574663
L13,endpoint_equality,62,0.0,-0.4415354158541801,-0.4415354158541801
L13,endpoint_equality,63,0.0,-0.19162362040295278,-0.19162362040295278
L13,endpoint_equality,72,0.0,0.09129627821515773,0.09129627821515773
L13,endpoint_equality,74,0.06117490625334793,0.0,-0.06117490625334793
L13,endpoint_equality,79,0.0,-0.0726323312037136,-0.0726323312037136
L13,endpoint_equality,80,0.26727037177502255,-0.07989147502108307,-0.3471618467961056
L13,endpoint_equality,81,0.0,-0.39350909757217556,-0.39350909757217556
L13,endpoint_equality,82,0.0,0.01081687375382634,0.01081687375382634
L13,endpoint_equality,83,0.0,-0.5106496189041505,-0.5106496189041505
L13,endpoint_equality,84,0.0,-0.14917276181321526,-0.14917276181321526
L13,endpoint_equality,87,0.2676546891484055,-0.0530683109130321,-0.3207230000614376
L13,endpoint_equality,89,0.0,-0.33940006078928897,-0.33940006078928897
L13,endpoint_equality,90,0.0,-0.007589824167046233,-0.007589824167046233
L13,endpoint_equality,91,0.0,0.1130937012143487,0.1130937012143487
L13,endpoint_equality,93,0.0,-0.17727464910706614,-0.17727464910706614
L13,endpoint_equality,98,0.0,-0.3425169623186677,-0.3425169623186677
L13,endpoint_equality,99,0.0,-0.4986043564517769,-0.49860435645177686
L13,endpoint_equality,100,0.0,-0.38490757505482776,-0.38490757505482776
L13,endpoint_equality,104,0.34998719035322223,0.0,-0.34998719035322223
L13,endpoint_equality,107,0.20489063211279357,0.0,-0.20489063211279357
L13,endpoint_equality,109,0.15352075860257108,-0.05637779687476496,-0.20989855547733605
L13,endpoint_equality,110,0.0,-0.32894357437764243,-0.32894357437764243
L13,endpoint_equality,114,0.0,-0.31694507220813906,-0.31694507220813906
L13,endpoint_equality,115,0.0,-0.04471426179401372,-0.04471426179401372
L13,endpoint_equality,117,0.0,-0.464757402226475,-0.464757402226475
L13,endpoint_equality,118,0.0,-0.29970123446558505,-0.29970123446558505
L13,endpoint_equality,128,0.0,-0.043550689871833415,-0.043550689871833415
L13,endpoint_equality,130,0.033951153359938036,0.0,-0.033951153359938036
L13,endpoint_equality,136,0.0,0.08252678970035565,0.08252678970035565
L13,endpoint_equality,138,0.0,-0.37797459823981006,-0.37797459823981006
L13,endpoint_equality,140,0.0,-0.14534540808224605,-0.14534540808224605
L13,endpoint_equality,142,5.551115123125783e-17,-0.6605391951800355,-0.6605391951800355
L13,endpoint_equality,144,0.12746099412838774,-0.027274085486518107,-0.15473507961490585
L13,endpoint_equality,149,0.0,-0.16977297780165834,-0.16977297780165834
L13,endpoint_equality,152,0.0,-0.09169271445412397,-0.09169271445412397
L13,endpoint_equality,153,0.0,0.007065592734913695,0.007065592734913695
L13,endpoint_equality,156,0.0,-0.2871228084079501,-0.2871228084079501
L13,endpoint_equality,158,0.0,-0.08191126317216835,-0.08191126317216835
L13,endpoint_equality,159,0.0,-0.4496417725701164,-0.4496417725701164
L13,endpoint_equality,160,0.0,-0.1238336762708181,-0.1238336762708181
L13,endpoint_equality,162,0.0,-0.21256825538450785,-0.21256825538450785
L13,endpoint_equality,163,0.0,-0.019976239956138953,-0.019976239956138953
L13,endpoint_equality,165,-2.7755575615628914e-17,-0.6369920489541788,-0.6369920489541788
L13,endpoint_equality,167,0.0,0.0954541196677896,0.0954541196677896
L13,endpoint_equality,168,0.0,-0.1379309917422218,-0.1379309917422218
L13,endpoint_equality,170,0.0,-0.29432907182797763,-0.29432907182797763
L13,endpoint_equality,172,0.0,-0.26701522370558994,-0.26701522370558994
L13,endpoint_equality,173,0.0,-0.16333014239306864,-0.16333014239306864
L13,endpoint_equality,175,0.0,0.02601445514903089,0.02601445514903089
L13,endpoint_equality,176,0.0,-0.24983860411307468,-0.24983860411307474
L13,endpoint_equality,180,0.0,0.04557776223500487,0.04557776223500487
L13,endpoint_equality,181,0.0,-0.30242157533689973,-0.30242157533689973
L13,endpoint_equality,182,0.0,0.027623801455295638,0.027623801455295638
L13,endpoint_equality,183,0.0,-0.01045486011095842,-0.01045486011095842
L13,endpoint_equality,184,0.0,-0.1537875958780024,-0.1537875958780024
L13,endpoint_equality,185,0.0,0.062304007247227844,0.062304007247227844
L13,endpoint_equality,186,0.0,0.026033334640674477,0.026033334640674477
L13,endpoint_equality,191,0.0,-0.5538542977926698,-0.5538542977926698
L13,endpoint_equality,192,0.0,-0.2915280781561925,-0.2915280781561926
L13,endpoint_equality,193,0.0,-0.3053396711947196,-0.3053396711947196
L13,endpoint_equality,196,0.0,0.17147033543922974,0.17147033543922974
L13,endpoint_identity,1,-0.05055975103881716,-0.13922332554866945,-0.0886635745098523
L13,endpoint_identity,2,0.23602529956743767,-0.07012034536257539,-0.30614564493001306
L13,endpoint_identity,3,0.0,-0.25933628165574063,-0.25933628165574063
L13,endpoint_identity,9,-0.4196901156222297,-0.6798601839494249,-0.26017006832719525
L13,endpoint_identity,11,0.0,-0.05645207171748856,-0.05645207171748856
L13,endpoint_identity,15,-0.02836574876053377,-0.08006239350287014,-0.05169664474233637
L13,endpoint_identity,16,0.24758724070463434,-0.09312468003770125,-0.3407119207423356
L13,endpoint_identity,20,0.0,-0.5179631748813085,-0.5179631748813085
L13,endpoint_identity,23,0.0,-0.18339142461811486,-0.18339142461811486
L13,endpoint_identity,24,0.0,0.006164166188897369,0.006164166188897369
L13,endpoint_identity,25,1.1102230246251565e-16,-0.9784614887542119,-0.978461488754212
L13,endpoint_identity,26,-0.12349702961915038,-0.19515465097964324,-0.07165762136049286
L13,endpoint_identity,31,0.0,-0.3235730049704717,-0.32357300497047164
L13,endpoint_identity,36,0.0,-0.7159177796586748,-0.7159177796586746
L13,endpoint_identity,37,0.0,-0.5459860868232305,-0.5459860868232305
L13,endpoint_identity,39,0.0,-0.15963897739769117,-0.15963897739769117
L13,endpoint_identity,46,0.0,-0.46211237175707004,-0.46211237175707004
L13,endpoint_identity,47,-0.06974898601028956,-0.4990534307282931,-0.42930444471800355
L13,endpoint_identity,48,-0.3371759360299684,-0.5396454507612831,-0.2024695147313147
L13,endpoint_identity,54,0.0,-0.23375892639032347,-0.23375892639032347
L13,endpoint_identity,56,0.0,-0.3206035319449796,-0.3206035319449796
L13,endpoint_identity,57,-0.642782121220129,-0.14775950528596382,0.49502261593416524
L13,endpoint_identity,59,-0.4299365983908309,-0.3153443082019065,0.11459229018892436
L13,endpoint_identity,62,0.0,-0.5426392984939783,-0.5426392984939783
L13,endpoint_identity,63,0.0,-0.20222030161640192,-0.20222030161640192
L13,endpoint_identity,72,0.0,0.20164151616019277,0.20164151616019277
L13,endpoint_identity,74,-0.2350596151427547,-0.2299196529218328,0.00513996222092189
L13,endpoint_identity,79,-0.1502753243857592,-0.2588018672930157,-0.1085265429072565
L13,endpoint_identity,80,-0.44407437792181237,-0.9091550400777653,-0.46508066215595295
L13,endpoint_identity,81,0.0,-0.515808129891955,-0.515808129891955
L13,endpoint_identity,82,-0.03864154445184309,-0.06355082167155612,-0.024909277219713033
L13,endpoint_identity,84,-0.3891077660238803,-0.45744622662600365,-0.06833846060212334
L13,endpoint_identity,87,0.35129677950728255,-0.13956641249807022,-0.4908631920053528
L13,endpoint_identity,89,0.0,-0.34509544739802767,-0.34509544739802767
L13,endpoint_identity,90,-0.24265312535418204,-0.11738021375640839,0.12527291159777365
L13,endpoint_identity,93,0.0,-0.17727464910706614,-0.17727464910706614
L13,endpoint_identity,99,0.0,-0.5390617464573038,-0.5390617464573038
L13,endpoint_identity,100,0.0,-0.38539185637716267,-0.38539185637716267
L13,endpoint_identity,104,0.3616378107732213,-0.1253967014199331,-0.4870345121931544
L13,endpoint_identity,107,0.2269918102752666,0.0,-0.2269918102752666
L13,endpoint_identity,110,0.0,-0.3503383708552926,-0.3503383708552926
L13,endpoint_identity,115,0.14713576484351965,-0.034002338021542844,-0.1811381028650625
L13,endpoint_identity,117,0.0,-0.29534835497032297,-0.29534835497032297
L13,endpoint_identity,118,0.0,-0.544638236174461,-0.544638236174461
L13,endpoint_identity,130,0.09731072264997453,-0.20903656488409483,-0.30634728753406937
L13,endpoint_identity,136,0.0,-0.03881116274733376,-0.03881116274733376
L13,endpoint_identity,138,0.0,-0.20769805770171113,-0.20769805770171113
L13,endpoint_identity,140,0.4030141297342922,0.08368402684867404,-0.31933010288561814
L13,endpoint_identity,144,0.09236273005875728,-0.12490575153042749,-0.21726848158918477
L13,endpoint_identity,149,-0.5157609004339028,-0.5476817862287903,-0.031920885794887444
L13,endpoint_identity,156,0.0,-0.26190743816355777,-0.26190743816355777
L13,endpoint_identity,158,-0.01762394252140942,-0.23569213983738058,-0.21806819731597116
L13,endpoint_identity,160,0.0,-0.19870845991510588,-0.19870845991510588
L13,endpoint_identity,162,-0.35924499250044944,-0.19313633519319962,0.16610865730724977
L13,endpoint_identity,163,-0.12127886924726217,-0.07571759824124702,0.04556127100601515
L13,endpoint_identity,168,0.0,-0.14154991375136972,-0.14154991375136972
L13,endpoint_identity,170,0.0,-0.29432907182797763,-0.29432907182797763
L13,endpoint_identity,172,0.0,-0.30833446467695214,-0.30833446467695214
L13,endpoint_identity,175,0.0,0.08704330533505722,0.08704330533505722
L13,endpoint_identity,176,0.0,-0.26809815558040506,-0.2680981555804051
L13,endpoint_identity,180,0.031730946417870776,0.0012393949467210952,-0.03049155147114968
L13,endpoint_identity,182,-0.053900747861471254,-0.045659107771863106,0.008241640089608149
L13,endpoint_identity,183,0.0,-0.12883404450290414,-0.12883404450290414
L13,endpoint_identity,184,0.0,-0.05704987465901956,-0.05704987465901956
L13,endpoint_identity,186,0.0,-0.0398581014352517,-0.0398581014352517
L13,endpoint_identity,191,0.0,-0.4242712937760117,-0.4242712937760117
L13,endpoint_identity,192,0.0,-0.2549435237299621,-0.25494352372996215
L13,endpoint_identity,193,-0.5368635604756182,-0.6858981787481198,-0.14903461827250153
L13,endpoint_identity_suffix,1,-0.05055975103881716,-0.13922332554866945,-0.0886635745098523
L13,endpoint_identity_suffix,2,0.23602529956743767,-0.07012034536257539,-0.30614564493001306
L13,endpoint_identity_suffix,3,0.0,-0.2964063434810562,-0.2964063434810562
L13,endpoint_identity_suffix,9,-0.44763345553479655,-0.6798601839494249,-0.23222672841462838
L13,endpoint_identity_suffix,11,0.0,-0.05645207171748856,-0.05645207171748856
L13,endpoint_identity_suffix,15,0.10058929907055192,0.18476850281792156,0.08417920374736965
L13,endpoint_identity_suffix,16,0.2550981320681379,-0.09312468003770125,-0.34822281210583916
L13,endpoint_identity_suffix,20,0.0,-0.4786291046106348,-0.4786291046106348
L13,endpoint_identity_suffix,23,0.0,-0.7559221172947841,-0.7559221172947841
L13,endpoint_identity_suffix,24,0.0,0.006164166188897369,0.006164166188897369
L13,endpoint_identity_suffix,26,0.03368627980891814,-0.46688385471580396,-0.5005701345247221
L13,endpoint_identity_suffix,31,0.07510262412959234,-0.3235730049704717,-0.398675629100064
L13,endpoint_identity_suffix,36,0.0,-0.8881109999650312,-0.8881109999650312
L13,endpoint_identity_suffix,37,0.0,-0.5459860868232305,-0.5459860868232305
L13,endpoint_identity_suffix,39,0.0,-0.15963897739769117,-0.15963897739769117
L13,endpoint_identity_suffix,46,0.0,-0.47924016970268807,-0.47924016970268807
L13,endpoint_identity_suffix,47,-0.06974898601028956,-0.4889176282737818,-0.41916864226349226
L13,endpoint_identity_suffix,56,0.03361935609936306,-0.4205858962825051,-0.45420525238186815
L13,endpoint_identity_suffix,59,-0.4054051486094245,-0.3153443082019065,0.09006084040751794
L13,endpoint_identity_suffix,62,0.0397415233181827,-0.511857598131049,-0.5515991214492317
L13,endpoint_identity_suffix,63,0.0,-0.27413770713805896,-0.27413770713805896
L13,endpoint_identity_suffix,72,0.30357714096023003,0.3045088101497454,0.0009316691895153717
L13,endpoint_identity_suffix,74,-0.1339736830645895,-0.22042806106769353,-0.08645437800310402
L13,endpoint_identity_suffix,79,0.163723141649744,0.009699891106234482,-0.15402325054350952
L13,endpoint_identity_suffix,81,-0.017152568352371,-0.8985504046476784,-0.8813978362953074
L13,endpoint_identity_suffix,82,-0.03864154445184309,-0.06355082167155612,-0.024909277219713033
L13,endpoint_identity_suffix,84,-0.3769242559053957,-0.45744622662600365,-0.08052197072060796
L13,endpoint_identity_suffix,87,0.35129677950728255,-0.13956641249807022,-0.4908631920053528
L13,endpoint_identity_suffix,89,0.0,-0.7385484550979982,-0.7385484550979982
L13,endpoint_identity_suffix,93,0.0,-0.2184271038833463,-0.2184271038833463
L13,endpoint_identity_suffix,100,0.0,-0.3146142695576647,-0.3146142695576647
L13,endpoint_identity_suffix,104,0.3616378107732213,-0.1253967014199331,-0.4870345121931544
L13,endpoint_identity_suffix,107,0.4470341064279133,0.197261779409027,-0.2497723270188863
L13,endpoint_identity_suffix,110,0.0,-0.3268618417935458,-0.3268618417935458
L13,endpoint_identity_suffix,115,0.14713576484351965,-0.034002338021542844,-0.1811381028650625
L13,endpoint_identity_suffix,117,0.0,-0.2815166475270938,-0.2815166475270938
L13,endpoint_identity_suffix,118,-0.11145139451062308,-0.852495869943799,-0.7410444754331759
L13,endpoint_identity_suffix,130,0.15478811043892282,-0.11290760189777937,-0.2676957123367022
L13,endpoint_identity_suffix,136,0.0,-0.03881116274733376,-0.03881116274733376
L13,endpoint_identity_suffix,138,0.0,-0.20769805770171113,-0.20769805770171113
L13,endpoint_identity_suffix,140,0.4030141297342922,0.08368402684867404,-0.31933010288561814
L13,endpoint_identity_suffix,144,0.12088797999902612,-0.12490575153042749,-0.2457937315294536
L13,endpoint_identity_suffix,156,0.1692558618475567,-0.29278370532200604,-0.46203956716956274
L13,endpoint_identity_suffix,158,0.19273023859583327,-0.13094062465968181,-0.3236708632555151
L13,endpoint_identity_suffix,160,0.0,-0.19870845991510588,-0.19870845991510588
L13,endpoint_identity_suffix,162,-0.3426785498301171,-0.19313633519319962,0.14954221463691753
L13,endpoint_identity_suffix,163,0.02476467624399037,-0.09896931220813132,-0.12373398845212169
L13,endpoint_identity_suffix,168,0.0,-0.6437918241402374,-0.6437918241402373
L13,endpoint_identity_suffix,170,0.036193067384882094,-0.3566227157072561,-0.3928157830921382
L13,endpoint_identity_suffix,172,0.0,-0.30833446467695214,-0.30833446467695214
L13,endpoint_identity_suffix,175,0.0,0.04019281604862157,0.04019281604862157
L13,endpoint_identity_suffix,176,0.0,-0.5039356057562587,-0.5039356057562587
L13,endpoint_identity_suffix,180,0.031730946417870776,0.0012393949467210952,-0.03049155147114968
L13,endpoint_identity_suffix,182,0.22276657078777884,0.13507362752370544,-0.0876929432640734
L13,endpoint_identity_suffix,183,0.1716120029535002,-0.009398365122334829,-0.18101036807583504
L13,endpoint_identity_suffix,184,0.0,-0.05704987465901956,-0.05704987465901956
L13,endpoint_identity_suffix,186,0.0,-0.027620276738412164,-0.027620276738412164
L13,endpoint_identity_suffix,191,0.0,-0.2910458897502526,-0.2910458897502526
L13,endpoint_identity_suffix,192,0.0,-0.5883712743735645,-0.5883712743735645
L13,endpoint_identity_suffix,193,-0.5368635604756182,-0.6858981787481198,-0.14903461827250153
L14,endpoint_equality,1,0.0,-0.04861505510905095,-0.04861505510905095
L14,endpoint_equality,2,0.0,-0.06435420987905638,-0.06435420987905638
L14,endpoint_equality,3,0.0,-0.279254812474805,-0.279254812474805
L14,endpoint_equality,4,0.0,0.029220310177147102,0.029220310177147102
L14,endpoint_equality,8,0.28277116794972934,0.0,-0.28277116794972934
L14,endpoint_equality,9,0.0,-0.12020194588797928,-0.12020194588797928
L14,endpoint_equality,11,0.0,0.030341036339871064,0.030341036339871064
L14,endpoint_equality,15,0.0,-0.06738234161555101,-0.06738234161555101
L14,endpoint_equality,16,0.16451901943113756,-0.04904354787489851,-0.21356256730603607
L14,endpoint_equality,20,0.0,-0.3833578484716895,-0.3833578484716895
L14,endpoint_equality,23,0.0,-0.454578432976936,-0.454578432976936
L14,endpoint_equality,24,0.0,0.09471696248075112,0.09471696248075112
L14,endpoint_equality,25,-2.220446049250313e-16,-0.45179586489394663,-0.4517958648939464
L14,endpoint_equality,26,0.0,-0.10490121000785746,-0.10490121000785746
L14,endpoint_equality,31,0.0,-0.4328142038290699,-0.4328142038290698
L14,endpoint_equality,36,0.0,-0.670672317081412,-0.6706723170814118
L14,endpoint_equality,37,0.0,-0.22211586912571923,-0.22211586912571923
L14,endpoint_equality,39,0.0,0.030546319411030254,0.030546319411030254
L14,endpoint_equality,46,0.0,-0.4366676607222838,-0.43666766072228386
L14,endpoint_equality,47,0.0,-0.09467787399954097,-0.09467787399954097
L14,endpoint_equality,48,0.09012833265447462,-0.057112524123470454,-0.14724085677794507
L14,endpoint_equality,50,0.0,0.0356110449701883,0.0356110449701883
L14,endpoint_equality,53,0.0,0.04155440636432162,0.04155440636432162
L14,endpoint_equality,54,0.0,-0.23262405628859428,-0.23262405628859428
L14,endpoint_equality,56,0.0,-0.29853629011226246,-0.29853629011226246
L14,endpoint_equality,57,0.0,0.2775988374565074,0.2775988374565074
L14,endpoint_equality,59,0.0,-0.11719590987290296,-0.11719590987290296
L14,endpoint_equality,62,0.0,-0.42378599601058686,-0.42378599601058686
L14,endpoint_equality,63,0.0,-0.189184116899634,-0.189184116899634
L14,endpoint_equality,72,0.0,0.0910425594938985,0.0910425594938985
L14,endpoint_equality,74,0.05969795038148745,0.0,-0.05969795038148745
L14,endpoint_equality,79,0.0,-0.07316100134622228,-0.07316100134622228
L14,endpoint_equality,80,0.2767043891374664,-0.0772046795387713,-0.3539090686762377
L14,endpoint_equality,81,0.0,-0.37595943590198666,-0.37595943590198666
L14,endpoint_equality,82,0.0,0.010378365999597516,0.010378365999597516
L14,endpoint_equality,83,0.0,-0.5069979620535083,-0.5069979620535083
L14,endpoint_equality,84,0.0,-0.15411535801853082,-0.15411535801853082
L14,endpoint_equality,87,0.2637506010337737,-0.05076043974897182,-0.3145110407827455
L14,endpoint_equality,89,0.0,-0.3344156361702123,-0.3344156361702123
L14,endpoint_equality,90,0.0,-0.006670473492817797,-0.006670473492817797
L14,endpoint_equality,91,0.0,0.11270576828715773,0.11270576828715773
L14,endpoint_equality,93,0.0,-0.17172558861530307,-0.17172558861530307
L14,endpoint_equality,98,0.0,-0.34169107667556475,-0.34169107667556475
L14,endpoint_equality,99,0.0,-0.4839769480663192,-0.48397694806631913
L14,endpoint_equality,100,0.0,-0.37680451402237647,-0.37680451402237647
L14,endpoint_equality,104,0.3398713124295274,0.0,-0.3398713124295274
L14,endpoint_equality,107,0.21011059652629338,0.0,-0.21011059652629338
L14,endpoint_equality,109,0.1593525273945402,-0.054065188151385835,-0.21341771554592603
L14,endpoint_equality,110,0.0,-0.3145949929162226,-0.3145949929162226
L14,endpoint_equality,114,0.0,-0.32164725123487403,-0.32164725123487403
L14,endpoint_equality,115,0.0,-0.041139035898615894,-0.041139035898615894
L14,endpoint_equality,117,0.0,-0.46716754235351965,-0.46716754235351965
L14,endpoint_equality,118,0.0,-0.297276420284733,-0.29727642028473306
L14,endpoint_equality,128,0.0,-0.04330636439316282,-0.04330636439316282
L14,endpoint_equality,130,0.03403620187817935,0.0,-0.03403620187817935
L14,endpoint_equality,136,0.0,0.08530161215848109,0.08530161215848109
L14,endpoint_equality,138,0.0,-0.3752353829269035,-0.3752353829269035
L14,endpoint_equality,140,0.0,-0.14877319381374388,-0.14877319381374388
L14,endpoint_equality,142,1.1102230246251565e-16,-0.6542138664217763,-0.6542138664217763
L14,endpoint_equality,144,0.12838815416646865,-0.026322215606294996,-0.15471036977276365
L14,endpoint_equality,149,0.0,-0.17030677972504538,-0.17030677972504538
L14,endpoint_equality,152,0.0,-0.08744138800825851,-0.08744138800825851
L14,endpoint_equality,153,0.0,0.007288585652009738,0.007288585652009738
L14,endpoint_equality,156,0.0,-0.27907656201297837,-0.27907656201297837
L14,endpoint_equality,158,0.0,-0.08307194122281403,-0.08307194122281403
L14,endpoint_equality,159,0.0,-0.45659032533237875,-0.45659032533237875
L14,endpoint_equality,160,0.0,-0.119096967315941,-0.119096967315941
L14,endpoint_equality,162,0.0,-0.2131733468331819,-0.2131733468331819
L14,endpoint_equality,163,0.0,-0.02057424698328525,-0.02057424698328525
L14,endpoint_equality,165,-5.551115123125783e-17,-0.6410889322498556,-0.6410889322498556
L14,endpoint_equality,167,0.0,0.09313751869174913,0.09313751869174913
L14,endpoint_equality,168,0.0,-0.13612792434562204,-0.13612792434562193
L14,endpoint_equality,170,0.0,-0.28631663420569875,-0.28631663420569875
L14,endpoint_equality,172,0.0,-0.25911798239552675,-0.25911798239552675
L14,endpoint_equality,173,0.0,-0.1610204467405354,-0.1610204467405354
L14,endpoint_equality,175,0.0,0.024720572443118094,0.024720572443118094
L14,endpoint_equality,176,0.0,-0.25817455051761895,-0.25817455051761895
L14,endpoint_equality,180,0.0,0.04475841119046331,0.04475841119046331
L14,endpoint_equality,181,0.0,-0.2948008018717717,-0.2948008018717717
L14,endpoint_equality,182,0.0,0.028046076213045446,0.028046076213045446
L14,endpoint_equality,183,0.0,-0.01067804994910837,-0.01067804994910837
L14,endpoint_equality,184,0.0,-0.15184695327922615,-0.15184695327922615
L14,endpoint_equality,185,0.0,0.061036091819475446,0.061036091819475446
L14,endpoint_equality,186,0.0,0.025877494598952833,0.025877494598952833
L14,endpoint_equality,191,0.0,-0.5446088549958203,-0.5446088549958203
L14,endpoint_equality,192,0.0,-0.28697367521699946,-0.28697367521699946
L14,endpoint_equality,193,0.0,-0.30326568843154544,-0.30326568843154544
L14,endpoint_equality,196,0.0,0.16965525917266566,0.16965525917266566
L14,endpoint_identity,1,-0.04091236952267785,-0.16143261322390523,-0.12052024370122738
L14,endpoint_identity,2,0.2602497545352932,-0.057723192042964167,-0.31797294657825736
L14,endpoint_identity,3,0.0,-0.24586231162104177,-0.24586231162104177
L14,endpoint_identity,9,-0.4427130421017703,-0.6857512837765107,-0.24303824167474045
L14,endpoint_identity,11,0.0,-0.06895278080438705,-0.06895278080438705
L14,endpoint_identity,15,-0.027613065217704458,-0.0830007684961036,-0.05538770327839915
L14,endpoint_identity,16,0.2436600147504,-0.08329919296544208,-0.3269592077158421
L14,endpoint_identity,20,0.0,-0.4949993423624719,-0.4949993423624719
L14,endpoint_identity,23,0.0,-0.19670688575443784,-0.19670688575443784
L14,endpoint_identity,24,0.0,-0.0116291947032936,-0.0116291947032936
L14,endpoint_identity,25,1.1102230246251565e-16,-0.9778670092316362,-0.9778670092316364
L14,endpoint_identity,26,-0.11470787059285659,-0.1851197823668076,-0.07041191177395101
L14,endpoint_identity,31,0.0,-0.3297468082557007,-0.32974680825570063
L14,endpoint_identity,36,0.0,-0.7075526098832234,-0.7075526098832233
L14,endpoint_identity,37,0.0,-0.5311913693793895,-0.5311913693793895
L14,endpoint_identity,39,0.0,-0.14937517485723728,-0.14937517485723728
L14,endpoint_identity,46,0.0,-0.4483580550401465,-0.44835805504014653
L14,endpoint_identity,47,-0.03170971366765807,-0.5099735363653021,-0.478263822697644
L14,endpoint_identity,48,-0.31205976934364654,-0.45487597365364485,-0.1428162043099983
L14,endpoint_identity,54,0.0,-0.2279409322607162,-0.2279409322607162
L14,endpoint_identity,56,0.0,-0.29719436808246436,-0.29719436808246436
L14,endpoint_identity,57,-0.6375936497740189,-0.1442273289578503,0.49336632081616855
L14,endpoint_identity,59,-0.43655755051814693,-0.2997120126909685,0.13684553782717845
L14,endpoint_identity,62,0.0,-0.5190206713969014,-0.5190206713969014
L14,endpoint_identity,63,0.0,-0.20022041708553462,-0.20022041708553462
L14,endpoint_identity,72,0.0,0.20337428950962366,0.20337428950962366
L14,endpoint_identity,74,-0.2286767486925304,-0.22430911315487967,0.004367635537650738
L14,endpoint_identity,79,-0.147541651550681,-0.2670017995527415,-0.1194601480020605
L14,endpoint_identity,80,-0.4351782451287559,-0.8807180768477969,-0.445539831719041
L14,endpoint_identity,81,0.0,-0.4931815247442837,-0.49318152474428373
L14,endpoint_identity,82,-0.037627243683747036,-0.06402144080928496,-0.02639419712553792
L14,endpoint_identity,84,-0.399721561631022,-0.4740326600490484,-0.07431109841802641
L14,endpoint_identity,87,0.34617266385682754,-0.13992754797596785,-0.4861002118327954
L14,endpoint_identity,89,0.0,-0.3020484019280959,-0.3020484019280959
L14,endpoint_identity,90,-0.2547794993572433,-0.11109745178556163,0.14368204757168168
L14,endpoint_identity,93,0.0,-0.17172558861530307,-0.17172558861530307
L14,endpoint_identity,99,0.0,-0.5255684644406942,-0.5255684644406942
L14,endpoint_identity,100,0.0,-0.37732621922235987,-0.37732621922235987
L14,endpoint_identity,104,0.34578648203559736,-0.14090292963534612,-0.4866894116709435
L14,endpoint_identity,107,0.24652364745332855,0.0,-0.24652364745332855
L14,endpoint_identity,110,0.0,-0.33115527568072733,-0.33115527568072733
L14,endpoint_identity,115,0.15799530585909038,-0.04751815756462774,-0.20551346342371812
L14,endpoint_identity,117,0.0,-0.30345688823625083,-0.30345688823625083
L14,endpoint_identity,118,0.0,-0.5604359793970609,-0.560435979397061
L14,endpoint_identity,130,0.09579071761360447,-0.2097294166509618,-0.30552013426456626
L14,endpoint_identity,136,0.0,-0.03635192261370879,-0.03635192261370879
L14,endpoint_identity,138,0.0,-0.20031167637116476,-0.20031167637116476
L14,endpoint_identity,140,0.4040801371451409,0.08401718441597272,-0.3200629527291682
L14,endpoint_identity,144,0.0946273852644266,-0.12588919068361704,-0.22051657594804364
L14,endpoint_identity,149,-0.47980523330972114,-0.5476447072883337,-0.06783947397861256
L14,endpoint_identity,156,0.0,-0.253334285501728,-0.253334285501728
L14,endpoint_identity,158,-0.015152906827883617,-0.23698559982851097,-0.22183269300062736
L14,endpoint_identity,160,0.0,-0.19085055462210732,-0.19085055462210732
L14,endpoint_identity,162,-0.372782723897144,-0.17833360468039205,0.1944491192167519
L14,endpoint_identity,163,-0.12443020186123588,-0.07534764889376055,0.049082552967475324
L14,endpoint_identity,168,0.0,-0.1397473655990371,-0.13974736559903705
L14,endpoint_identity,170,0.0,-0.28631663420569875,-0.28631663420569875
L14,endpoint_identity,172,0.0,-0.3058794072601041,-0.3058794072601041
L14,endpoint_identity,175,0.0,0.09111400662993807,0.09111400662993807
L14,endpoint_identity,176,0.0,-0.2782361069941701,-0.2782361069941701
L14,endpoint_identity,180,0.0317708475563121,0.0007361466832507269,-0.03103470087306137
L14,endpoint_identity,182,-0.05491563210174999,-0.055911711827800414,-0.000996079726050425
L14,endpoint_identity,183,0.0,-0.11227707986443036,-0.11227707986443036
L14,endpoint_identity,184,0.0,-0.05074697317834098,-0.05074697317834098
L14,endpoint_identity,186,0.0,-0.04031921186988652,-0.04031921186988652
L14,endpoint_identity,191,0.0,-0.40175585245928835,-0.40175585245928835
L14,endpoint_identity,192,0.0,-0.2488223520677887,-0.2488223520677887
L14,endpoint_identity,193,-0.5479435613021169,-0.6918091097112664,-0.14386554840914956
L14,endpoint_identity_suffix,1,-0.04091236952267785,-0.16143261322390523,-0.12052024370122738
L14,endpoint_identity_suffix,2,0.2602497545352932,-0.057723192042964167,-0.31797294657825736
L14,endpoint_identity_suffix,3,0.0,-0.2816467139018356,-0.2816467139018356
L14,endpoint_identity_suffix,9,-0.4676493840165631,-0.6857512837765107,-0.21810189975994768
L14,endpoint_identity_suffix,11,0.0,-0.06895278080438705,-0.06895278080438705
L14,endpoint_identity_suffix,15,0.09406652593720266,0.17011868151639353,0.07605215557919087
L14,endpoint_identity_suffix,16,0.2505951569460161,-0.08329919296544208,-0.33389434991145817
L14,endpoint_identity_suffix,20,0.0,-0.45568618759194135,-0.45568618759194135
L14,endpoint_identity_suffix,23,0.0,-0.7533600100765816,-0.7533600100765816
L14,endpoint_identity_suffix,24,0.0,-0.0116291947032936,-0.0116291947032936
L14,endpoint_identity_suffix,26,0.06886184223389091,-0.4224606969836411,-0.491322539217532
L14,endpoint_identity_suffix,31,0.06849700056865432,-0.3297468082557007,-0.39824380882435495
L14,endpoint_identity_suffix,36,0.0,-0.9016341915099153,-0.9016341915099153
L14,endpoint_identity_suffix,37,0.0,-0.5311913693793895,-0.5311913693793895
L14,endpoint_identity_suffix,39,0.0,-0.14937517485723728,-0.14937517485723728
L14,endpoint_identity_suffix,46,0.0,-0.4671530804450788,-0.46715308044507886
L14,endpoint_identity_suffix,47,-0.03170971366765807,-0.5004396481712844,-0.4687299345036263
L14,endpoint_identity_suffix,56,0.0327398252102713,-0.3968091125431893,-0.4295489377534606
L14,endpoint_identity_suffix,59,-0.41147222755285595,-0.2997120126909685,0.11176021486188747
L14,endpoint_identity_suffix,62,0.041434841634060415,-0.49047627275092887,-0.5319111143849893
L14,endpoint_identity_suffix,63,0.0,-0.26906729008729846,-0.26906729008729846
L14,endpoint_identity_suffix,72,0.3019127755571196,0.29352771489820906,-0.008385060658910537
L14,endpoint_identity_suffix,74,-0.1338165070582118,-0.21138721560458384,-0.07757070854637205
L14,endpoint_identity_suffix,79,0.1712721052071986,-0.002945987292550134,-0.17421809249974873
L14,endpoint_identity_suffix,81,-0.01715295753860352,-0.8862339900259419,-0.8690810324873386
L14,endpoint_identity_suffix,82,-0.037627243683747036,-0.06402144080928496,-0.02639419712553792
L14,endpoint_identity_suffix,84,-0.3889575701444143,-0.4740326600490484,-0.08507508990463414
L14,endpoint_identity_suffix,87,0.34617266385682754,-0.13992754797596785,-0.4861002118327954
L14,endpoint_identity_suffix,89,0.0,-0.72103216571707,-0.72103216571707
L14,endpoint_identity_suffix,93,0.0,-0.19272581792547316,-0.1927258179254731
L14,endpoint_identity_suffix,100,0.0,-0.3087622437720501,-0.3087622437720501
L14,endpoint_identity_suffix,104,0.34578648203559736,-0.14090292963534612,-0.4866894116709435
L14,endpoint_identity_suffix,107,0.45842311969373206,0.19296894119499108,-0.265454178498741
L14,endpoint_identity_suffix,110,0.0,-0.30907110098815826,-0.30907110098815826
L14,endpoint_identity_suffix,115,0.15799530585909038,-0.04751815756462774,-0.20551346342371812
L14,endpoint_identity_suffix,117,0.0,-0.2892756817909743,-0.2892756817909743
L14,endpoint_identity_suffix,118,-0.09232917817900613,-0.8689515791373255,-0.7766224009583194
L14,endpoint_identity_suffix,130,0.15748298562415486,-0.11362008479663321,-0.2711030704207881
L14,endpoint_identity_suffix,136,0.0,-0.03635192261370879,-0.03635192261370879
L14,endpoint_identity_suffix,138,0.0,-0.20031167637116476,-0.20031167637116476
L14,endpoint_identity_suffix,140,0.4040801371451409,0.08401718441597272,-0.3200629527291682
L14,endpoint_identity_suffix,144,0.1219418314069678,-0.12588919068361704,-0.24783102209058483
L14,endpoint_identity_suffix,156,0.17378546127348815,-0.2679905140655565,-0.44177597533904467
L14,endpoint_identity_suffix,158,0.195019851564043,-0.1307092924324491,-0.3257291439964921
L14,endpoint_identity_suffix,160,0.0,-0.19085055462210732,-0.19085055462210732
L14,endpoint_identity_suffix,162,-0.35652810614711117,-0.17833360468039205,0.1781945014667191
L14,endpoint_identity_suffix,163,0.027338746121068347,-0.09535416890690696,-0.1226929150279753
L14,endpoint_identity_suffix,168,0.0,-0.6696544452477369,-0.6696544452477368
L14,endpoint_identity_suffix,170,0.03804348749535158,-0.35174756654758665,-0.38979105404293823
L14,endpoint_identity_suffix,172,0.0,-0.3058794072601041,-0.3058794072601041
L14,endpoint_identity_suffix,175,0.0,0.049826699292805365,0.049826699292805365
L14,endpoint_identity_suffix,176,0.0,-0.5228718894892879,-0.5228718894892879
L14,endpoint_identity_suffix,180,0.0317708475563121,0.0007361466832507269,-0.03103470087306137
L14,endpoint_identity_suffix,182,0.22653117674103607,0.1217384899931051,-0.10479268674793096
L14,endpoint_identity_suffix,183,0.17176395663373467,0.0017563243003251294,-0.17000763233340954
L14,endpoint_identity_suffix,184,0.0,-0.05074697317834098,-0.05074697317834098
L14,endpoint_identity_suffix,186,0.0,-0.026351132641545982,-0.026351132641545982
L14,endpoint_identity_suffix,191,0.0,-0.2515698029797896,-0.2515698029797896
L14,endpoint_identity_suffix,192,0.0,-0.6068576987400907,-0.6068576987400907
L14,endpoint_identity_suffix,193,-0.5479435613021169,-0.6918091097112664,-0.14386554840914956
L15,endpoint_equality,1,0.0,-0.04768286868501992,-0.04768286868501992
L15,endpoint_equality,2,0.0,-0.06326377080162171,-0.06326377080162171
L15,endpoint_equality,3,0.0,-0.2702918854974422,-0.2702918854974422
L15,endpoint_equality,4,0.0,0.029779982569122954,0.029779982569122954
L15,endpoint_equality,8,0.276079449706747,0.0,-0.276079449706747
L15,endpoint_equality,9,0.0,-0.11624837944119437,-0.11624837944119437
L15,endpoint_equality,11,0.0,0.02886487085297751,0.02886487085297751
L15,endpoint_equality,15,0.0,-0.06631513979943104,-0.06631513979943104
L15,endpoint_equality,16,0.16554928953929382,-0.04568199831910902,-0.21123128785840284
L15,endpoint_equality,20,0.0,-0.38442266653577917,-0.38442266653577917
L15,endpoint_equality,23,0.0,-0.4451404629704241,-0.4451404629704241
L15,endpoint_equality,24,0.0,0.09029497427722544,0.09029497427722544
L15,endpoint_equality,25,-2.220446049250313e-16,-0.4525905064679301,-0.45259050646792987
L15,endpoint_equality,26,0.0,-0.10581722245349856,-0.10581722245349856
L15,endpoint_equality,31,0.0,-0.4289315057126306,-0.42893150571263067
L15,endpoint_equality,36,0.0,-0.6712663535757077,-0.6712663535757077
L15,endpoint_equality,37,0.0,-0.19427992477329492,-0.19427992477329492
L15,endpoint_equality,39,0.0,0.030132701427990405,0.030132701427990405
L15,endpoint_equality,46,0.0,-0.4401874061260769,-0.4401874061260769
L15,endpoint_equality,47,0.0,-0.09399763721807697,-0.09399763721807697
L15,endpoint_equality,48,0.08770034714855124,-0.056492432309311,-0.14419277945786224
L15,endpoint_equality,50,0.0,0.036596834044183124,0.036596834044183124
L15,endpoint_equality,53,0.0,0.039257678736102974,0.039257678736102974
L15,endpoint_equality,54,0.0,-0.22784520415870657,-0.22784520415870657
L15,endpoint_equality,56,0.0,-0.29603340720455984,-0.29603340720455984
L15,endpoint_equality,57,0.0,0.27169624559943173,0.27169624559943173
L15,endpoint_equality,59,0.0,-0.11591467320663695,-0.11591467320663695
L15,endpoint_equality,62,0.0,-0.4111887098828507,-0.4111887098828507
L15,endpoint_equality,63,0.0,-0.18236087909799115,-0.18236087909799115
L15,endpoint_equality,72,0.0,0.09027590348812842,0.09027590348812842
L15,endpoint_equality,74,0.05814600592853614,0.0,-0.05814600592853614
L15,endpoint_equality,79,0.0,-0.07181396495889114,-0.07181396495889114
L15,endpoint_equality,80,0.27839120152995234,-0.07620603681622584,-0.3545972383461782
L15,endpoint_equality,81,0.0,-0.36077289943504587,-0.36077289943504587
L15,endpoint_equality,82,0.0,0.009958250118664802,0.009958250118664802
L15,endpoint_equality,83,0.0,-0.5042093106296318,-0.5042093106296318
L15,endpoint_equality,84,0.0,-0.1531359728512509,-0.1531359728512509
L15,endpoint_equality,87,0.26335322707208186,-0.05133422738777105,-0.3146874544598529
L15,endpoint_equality,89,0.0,-0.32965984249859337,-0.32965984249859337
L15,endpoint_equality,90,0.0,-0.004928401740129207,-0.004928401740129207
L15,endpoint_equality,91,0.0,0.11339301402045665,0.11339301402045665
L15,endpoint_equality,93,0.0,-0.165780466769907,-0.165780466769907
L15,endpoint_equality,98,0.0,-0.3428005734076778,-0.3428005734076778
L15,endpoint_equality,99,0.0,-0.46997168518244015,-0.46997168518244015
L15,endpoint_equality,100,0.0,-0.362421716433611,-0.362421716433611
L15,endpoint_equality,104,0.331706260419838,0.0,-0.331706260419838
L15,endpoint_equality,107,0.2063390638361413,0.0,-0.2063390638361413
L15,endpoint_equality,109,0.15647646769729606,-0.052565798321928536,-0.2090422660192246
L15,endpoint_equality,110,0.0,-0.30446379396293766,-0.30446379396293766
L15,endpoint_equality,114,0.0,-0.32784344526496934,-0.32784344526496934
L15,endpoint_equality,115,0.0,-0.038918419785964,-0.038918419785964
L15,endpoint_equality,117,0.0,-0.45958946950643065,-0.45958946950643065
L15,endpoint_equality,118,0.0,-0.29260165003114047,-0.29260165003114047
L15,endpoint_equality,128,0.0,-0.04338587593065979,-0.04338587593065979
L15,endpoint_equality,130,0.03346198919187271,0.0,-0.03346198919187271
L15,endpoint_equality,136,0.0,0.08705850834759099,0.08705850834759099
L15,endpoint_equality,138,0.0,-0.3685178998569335,-0.3685178998569335
L15,endpoint_equality,140,0.0,-0.1447524445006424,-0.1447524445006424
L15,endpoint_equality,142,0.0,-0.6483460351378694,-0.6483460351378694
L15,endpoint_equality,144,0.13046719252040773,-0.025661944631518496,-0.15612913715192622
L15,endpoint_equality,149,0.0,-0.16842970929394296,-0.16842970929394296
L15,endpoint_equality,152,0.0,-0.08476001537847067,-0.08476001537847067
L15,endpoint_equality,153,0.0,0.006877179690141455,0.006877179690141455
L15,endpoint_equality,156,0.0,-0.2787401787714653,-0.2787401787714653
L15,endpoint_equality,158,0.0,-0.08221987725581892,-0.08221987725581892
L15,endpoint_equality,159,0.0,-0.4540621140916037,-0.4540621140916037
L15,endpoint_equality,160,0.0,-0.1126894950763151,-0.1126894950763151
L15,endpoint_equality,162,0.0,-0.21327255279252344,-0.21327255279252344
L15,endpoint_equality,163,0.0,-0.021146287181309287,-0.021146287181309287
L15,endpoint_equality,165,-2.7755575615628914e-17,-0.6486259845196489,-0.6486259845196489
L15,endpoint_equality,167,0.0,0.09144546558580724,0.09144546558580724
L15,endpoint_equality,168,0.0,-0.13361874879155267,-0.13361874879155278
L15,endpoint_equality,170,0.0,-0.28061674118715163,-0.28061674118715163
L15,endpoint_equality,172,0.0,-0.23664807960656897,-0.23664807960656897
L15,endpoint_equality,173,0.0,-0.16170135960372245,-0.16170135960372245
L15,endpoint_equality,175,0.0,0.024020570695307386,0.024020570695307386
L15,endpoint_equality,176,0.0,-0.26635168716606705,-0.26635168716606705
L15,endpoint_equality,180,0.0,0.043965317282780525,0.043965317282780525
L15,endpoint_equality,181,0.0,-0.2897234739489375,-0.2897234739489375
L15,endpoint_equality,182,0.0,0.02843886593599887,0.02843886593599887
L15,endpoint_equality,183,0.0,-0.010688682028280994,-0.010688682028280994
L15,endpoint_equality,184,0.0,-0.15129496075829607,-0.15129496075829607
L15,endpoint_equality,185,0.0,0.06098564824455166,0.06098564824455166
L15,endpoint_equality,186,0.0,0.02520276077184036,0.02520276077184036
L15,endpoint_equality,191,0.0,-0.5443761503511424,-0.5443761503511424
L15,endpoint_equality,192,0.0,-0.28317992931902547,-0.28317992931902547
L15,endpoint_equality,193,0.0,-0.29673249496549836,-0.29673249496549836
L15,endpoint_equality,196,0.0,0.16801716141000234,0.16801716141000234
L15,endpoint_identity,1,-0.04578077369586331,-0.1776820412206883,-0.131901267524825
L15,endpoint_identity,2,0.27306299704853154,-0.051797295584040004,-0.32486029263257155
L15,endpoint_identity,3,0.0,-0.23539270828451242,-0.23539270828451242
L15,endpoint_identity,9,-0.4511306172886928,-0.6875099591775491,-0.23637934188885623
L15,endpoint_identity,11,0.0,-0.08324851774649678,-0.08324851774649678
L15,endpoint_identity,15,-0.024372749342996824,-0.09370866851258919,-0.06933591916959236
L15,endpoint_identity,16,0.24500974719752655,-0.07605240434988891,-0.32106215154741546
L15,endpoint_identity,20,0.0,-0.49252075046153476,-0.49252075046153476
L15,endpoint_identity,23,0.0,-0.19818873090459022,-0.19818873090459022
L15,endpoint_identity,24,0.0,-0.03062631853948039,-0.03062631853948039
L15,endpoint_identity,25,2.220446049250313e-16,-0.9601200636634927,-0.9601200636634929
L15,endpoint_identity,26,-0.11422818738086771,-0.18673627491793876,-0.07250808753707105
L15,endpoint_identity,31,0.0,-0.3358137122147463,-0.3358137122147464
L15,endpoint_identity,36,0.0,-0.7096143085595206,-0.7096143085595206
L15,endpoint_identity,37,0.0,-0.5025496987115883,-0.5025496987115883
L15,endpoint_identity,39,0.0,-0.13479776892193973,-0.13479776892193973
L15,endpoint_identity,46,0.0,-0.45492546613251583,-0.45492546613251583
L15,endpoint_identity,47,-0.009350201700574767,-0.5053214983214382,-0.4959712966208635
L15,endpoint_identity,48,-0.293339415297887,-0.4171139624003286,-0.12377454710244162
L15,endpoint_identity,54,0.0,-0.2230110227061699,-0.2230110227061699
L15,endpoint_identity,56,0.0,-0.2969811126255604,-0.2969811126255604
L15,endpoint_identity,57,-0.6368828625429637,-0.1411606192220507,0.495722243320913
L15,endpoint_identity,59,-0.43122107356143213,-0.2882110435729721,0.14301002998846002
L15,endpoint_identity,62,0.0,-0.5037378199338757,-0.5037378199338757
L15,endpoint_identity,63,0.0,-0.19313988748371003,-0.19313988748371003
L15,endpoint_identity,72,0.0,0.2006671467931005,0.2006671467931005
L15,endpoint_identity,74,-0.22231943949701388,-0.21465882887041,0.007660610626603892
L15,endpoint_identity,79,-0.14162886168507238,-0.26400445254728444,-0.12237559086221206
L15,endpoint_identity,80,-0.40180284201640815,-0.8762591763381382,-0.47445633432173007
L15,endpoint_identity,81,0.0,-0.4874600517983112,-0.4874600517983112
L15,endpoint_identity,82,-0.048174635494540485,-0.060990896598775324,-0.012816261104234838
L15,endpoint_identity,84,-0.4055103708978171,-0.4520283454497217,-0.046517974551904595
L15,endpoint_identity,87,0.3456511105321075,-0.13837389208284057,-0.4840250026149481
L15,endpoint_identity,89,0.0,-0.2803586520588479,-0.2803586520588479
L15,endpoint_identity,90,-0.2788421776898812,-0.10247842032960519,0.17636375736027599
L15,endpoint_identity,93,0.0,-0.165780466769907,-0.165780466769907
L15,endpoint_identity,99,0.0,-0.5073563393353607,-0.5073563393353607
L15,endpoint_identity,100,0.0,-0.36322284848816555,-0.36322284848816555
L15,endpoint_identity,104,0.3412569806684731,-0.16066213257256567,-0.5019191132410388
L15,endpoint_identity,107,0.25531915204066225,0.0,-0.25531915204066225
L15,endpoint_identity,110,0.0,-0.31816685294505787,-0.31816685294505787
L15,endpoint_identity,115,0.17299872721539655,-0.04983807283602437,-0.22283680005142092
L15,endpoint_identity,117,0.0,-0.2949705997671588,-0.2949705997671588
L15,endpoint_identity,118,5.551115123125783e-17,-0.56628384140997,-0.5662838414099701
L15,endpoint_identity,130,0.08651169091793542,-0.21527008917551138,-0.3017817800934468
L15,endpoint_identity,136,0.0,-0.03759500054657572,-0.03759500054657572
L15,endpoint_identity,138,0.0,-0.1762493562947316,-0.1762493562947316
L15,endpoint_identity,140,0.3930962064513863,0.07777025397595061,-0.3153259524754357
L15,endpoint_identity,144,0.09490844388775121,-0.11582687802377567,-0.21073532191152688
L15,endpoint_identity,149,-0.45773809274208355,-0.5351251106613223,-0.07738701791923874
L15,endpoint_identity,156,0.0,-0.25247093505024554,-0.25247093505024554
L15,endpoint_identity,158,-0.016116905903741152,-0.23312084971248626,-0.2170039438087451
L15,endpoint_identity,160,0.0,-0.18620856226440619,-0.18620856226440619
L15,endpoint_identity,162,-0.37906163680932564,-0.1692106266818505,0.2098510101274751
L15,endpoint_identity,163,-0.1279153039698967,-0.08156860995683379,0.046346694013062906
L15,endpoint_identity,168,0.0,-0.13722433678081325,-0.13722433678081325
L15,endpoint_identity,170,0.0,-0.28061674118715163,-0.28061674118715163
L15,endpoint_identity,172,0.0,-0.2820233169782935,-0.2820233169782935
L15,endpoint_identity,175,0.0,0.08948855121960264,0.08948855121960264
L15,endpoint_identity,176,0.0,-0.2860352944665532,-0.2860352944665532
L15,endpoint_identity,180,0.04450883354921609,0.006022376447373912,-0.038486457101842175
L15,endpoint_identity,182,-0.05656953506993223,-0.06307695042365769,-0.006507415353725454
L15,endpoint_identity,183,0.0,-0.09168465921558622,-0.09168465921558622
L15,endpoint_identity,184,0.0,-0.0470803069776482,-0.0470803069776482
L15,endpoint_identity,186,0.0,-0.045268580513937895,-0.045268580513937895
L15,endpoint_identity,191,0.0,-0.3942528541888016,-0.3942528541888016
L15,endpoint_identity,192,0.0,-0.2408825433492514,-0.2408825433492514
L15,endpoint_identity,193,-0.5477866211134679,-0.6808454835767117,-0.13305886246324383
L15,endpoint_identity_suffix,1,-0.04578077369586331,-0.1776820412206883,-0.131901267524825
L15,endpoint_identity_suffix,2,0.27306299704853154,-0.051797295584040004,-0.32486029263257155
L15,endpoint_identity_suffix,3,0.0,-0.271312929947362,-0.271312929947362
L15,endpoint_identity_suffix,9,-0.4737897817035073,-0.6875099591775491,-0.21372017747404173
L15,endpoint_identity_suffix,11,0.0,-0.08324851774649678,-0.08324851774649678
L15,endpoint_identity_suffix,15,0.10199086124561818,0.15808565654299378,0.0560947952973756
L15,endpoint_identity_suffix,16,0.2523934910579133,-0.07605240434988891,-0.3284458954078022
L15,endpoint_identity_suffix,20,0.0,-0.45325024918564993,-0.45325024918564993
L15,endpoint_identity_suffix,23,0.0,-0.7562621630684304,-0.7562621630684304
L15,endpoint_identity_suffix,24,0.0,-0.03062631853948039,-0.03062631853948039
L15,endpoint_identity_suffix,26,0.0698537225571293,-0.4106327458232474,-0.4804864683803767
L15,endpoint_identity_suffix,31,0.061162334347507674,-0.3358137122147463,-0.39697604656225405
L15,endpoint_identity_suffix,36,0.0,-0.915892506530401,-0.915892506530401
L15,endpoint_identity_suffix,37,0.0,-0.5025496987115883,-0.5025496987115883
L15,endpoint_identity_suffix,39,0.0,-0.13479776892193973,-0.13479776892193973
L15,endpoint_identity_suffix,46,0.0,-0.47306642954538586,-0.47306642954538586
L15,endpoint_identity_suffix,47,-0.009350201700574767,-0.494895636148733,-0.48554543444815823
L15,endpoint_identity_suffix,56,0.027322294599229413,-0.3908688543011595,-0.4181911489003889
L15,endpoint_identity_suffix,59,-0.40725649908275424,-0.2882110435729721,0.11904545550978207
L15,endpoint_identity_suffix,62,0.04017477874241526,-0.47245131754275205,-0.5126260962851673
L15,endpoint_identity_suffix,63,0.0,-0.25984239406986687,-0.25984239406986687
L15,endpoint_identity_suffix,72,0.30157471179612183,0.2837030872866354,-0.017871624509486428
L15,endpoint_identity_suffix,74,-0.13687039896336867,-0.20011055013093748,-0.06324015116756881
L15,endpoint_identity_suffix,79,0.16880686365074848,-0.008624110230724957,-0.17743097388147344
L15,endpoint_identity_suffix,81,-0.015197065903864104,-0.8816784394220241,-0.86648137351816
L15,endpoint_identity_suffix,82,-0.048174635494540485,-0.060990896598775324,-0.012816261104234838
L15,endpoint_identity_suffix,84,-0.3948496287829857,-0.4520283454497217,-0.05717871666673602
L15,endpoint_identity_suffix,87,0.3456511105321075,-0.13837389208284057,-0.4840250026149481
L15,endpoint_identity_suffix,89,0.0,-0.6816973041918343,-0.6816973041918343
L15,endpoint_identity_suffix,93,0.0,-0.17255368130950255,-0.17255368130950255
L15,endpoint_identity_suffix,100,0.0,-0.2995292277385959,-0.2995292277385959
L15,endpoint_identity_suffix,104,0.3412569806684731,-0.16066213257256567,-0.5019191132410388
L15,endpoint_identity_suffix,107,0.45019432109703605,0.1962246943154291,-0.25396962678160695
L15,endpoint_identity_suffix,110,0.0,-0.2967091541077602,-0.2967091541077602
L15,endpoint_identity_suffix,115,0.17299872721539655,-0.04983807283602437,-0.22283680005142092
L15,endpoint_identity_suffix,117,0.0,-0.28070536909798194,-0.28070536909798194
L15,endpoint_identity_suffix,118,-0.06622530134231341,-0.8795844331088828,-0.8133591317665694
L15,endpoint_identity_suffix,130,0.15197454201217364,-0.1195849829309461,-0.27155952494311975
L15,endpoint_identity_suffix,136,0.0,-0.03759500054657572,-0.03759500054657572
L15,endpoint_identity_suffix,138,0.0,-0.1762493562947316,-0.1762493562947316
L15,endpoint_identity_suffix,140,0.3930962064513863,0.07777025397595061,-0.3153259524754357
L15,endpoint_identity_suffix,144,0.12012595886456445,-0.11582687802377567,-0.23595283688834012
L15,endpoint_identity_suffix,156,0.18170004226622383,-0.26294823835470615,-0.44464828062093
L15,endpoint_identity_suffix,158,0.18446983705139963,-0.12763694103902123,-0.31210677809042087
L15,endpoint_identity_suffix,160,0.0,-0.18620856226440619,-0.18620856226440619
L15,endpoint_identity_suffix,162,-0.3639194954362647,-0.1692106266818505,0.19470886875441418
L15,endpoint_identity_suffix,163,0.02400566466526699,-0.09930066763129108,-0.12330633229655807
L15,endpoint_identity_suffix,168,0.0,-0.6980989651164675,-0.6980989651164675
L15,endpoint_identity_suffix,170,0.0382881300180567,-0.34838941075091256,-0.38667754076896926
L15,endpoint_identity_suffix,172,0.0,-0.2820233169782935,-0.2820233169782935
L15,endpoint_identity_suffix,175,0.0,0.05208635119903571,0.05208635119903571
L15,endpoint_identity_suffix,176,0.0,-0.5474128031620207,-0.5474128031620207
L15,endpoint_identity_suffix,180,0.04450883354921609,0.006022376447373912,-0.038486457101842175
L15,endpoint_identity_suffix,182,0.23177889545617703,0.10630673226567677,-0.12547216319050025
L15,endpoint_identity_suffix,183,0.1714571511872861,0.012759217058230243,-0.15869793412905586
L15,endpoint_identity_suffix,184,0.0,-0.0470803069776482,-0.0470803069776482
L15,endpoint_identity_suffix,186,0.0,-0.02272869377871256,-0.02272869377871256
L15,endpoint_identity_suffix,191,0.0,-0.22872542615999214,-0.22872542615999214
L15,endpoint_identity_suffix,192,0.0,-0.6288472909479124,-0.6288472909479124
L15,endpoint_identity_suffix,193,-0.5477866211134679,-0.6808454835767117,-0.13305886246324383
L16,endpoint_equality,1,0.0,-0.04716100021939629,-0.04716100021939629
L16,endpoint_equality,2,0.0,-0.0615722817717983,-0.0615722817717983
L16,endpoint_equality,3,0.0,-0.2620398573154653,-0.2620398573154653
L16,endpoint_equality,4,0.0,0.02968365382648419,0.02968365382648419
L16,endpoint_equality,8,0.27661194966034075,0.0,-0.27661194966034075
L16,endpoint_equality,9,0.0,-0.11430928167867238,-0.11430928167867238
L16,endpoint_equality,11,0.0,0.026159901007026365,0.026159901007026365
L16,endpoint_equality,15,0.0,-0.06433143601410052,-0.06433143601410052
L16,endpoint_equality,16,0.16472909217046006,-0.041292412047413185,-0.20602150421787324
L16,endpoint_equality,20,0.0,-0.36562634666630767,-0.36562634666630767
L16,endpoint_equality,23,0.0,-0.4383885919216911,-0.4383885919216911
L16,endpoint_equality,24,0.0,0.08740031790959946,0.08740031790959946
L16,endpoint_equality,25,-2.220446049250313e-16,-0.4381252187283259,-0.43812521872832566
L16,endpoint_equality,26,0.0,-0.10101327600088217,-0.10101327600088217
L16,endpoint_equality,31,0.0,-0.40652339427796236,-0.4065233942779624
L16,endpoint_equality,36,0.0,-0.6713192925877417,-0.6713192925877417
L16,endpoint_equality,37,0.0,-0.16878986466619983,-0.16878986466619983
L16,endpoint_equality,39,0.0,0.029542415904345365,0.029542415904345365
L16,endpoint_equality,46,0.0,-0.42826735756529233,-0.42826735756529233
L16,endpoint_equality,47,0.0,-0.09414982556308749,-0.09414982556308749
L16,endpoint_equality,48,0.0854700885767915,-0.05626565620506363,-0.14173574478185513
L16,endpoint_equality,50,0.0,0.03716875451673407,0.03716875451673407
L16,endpoint_equality,53,0.0,0.03692373420670392,0.03692373420670392
L16,endpoint_equality,54,0.0,-0.22357354823572417,-0.22357354823572417
L16,endpoint_equality,56,0.0,-0.2711317507912613,-0.2711317507912613
L16,endpoint_equality,57,0.0,0.2590259523745714,0.2590259523745714
L16,endpoint_equality,59,0.0,-0.10473137858739046,-0.10473137858739046
L16,endpoint_equality,62,0.0,-0.4056417182056705,-0.4056417182056705
L16,endpoint_equality,63,0.0,-0.17307256931126502,-0.17307256931126502
L16,endpoint_equality,72,0.0,0.0891858988379921,0.0891858988379921
L16,endpoint_equality,74,0.05741296762823689,0.0,-0.05741296762823689
L16,endpoint_equality,79,0.0,-0.07152152810257695,-0.07152152810257695
L16,endpoint_equality,80,0.2890992824191757,-0.07634751971858678,-0.3654468021377625
L16,endpoint_equality,81,0.0,-0.3456325858594389,-0.3456325858594389
L16,endpoint_equality,82,0.0,0.009635045161669131,0.009635045161669131
L16,endpoint_equality,83,0.0,-0.4860220443816231,-0.4860220443816231
L16,endpoint_equality,84,0.0,-0.14878887976344868,-0.14878887976344868
L16,endpoint_equality,87,0.2658977153218366,-0.051730879336870705,-0.3176285946587073
L16,endpoint_equality,89,0.0,-0.3227661736567049,-0.3227661736567049
L16,endpoint_equality,90,0.0,-0.004099674434764777,-0.004099674434764777
L16,endpoint_equality,91,0.0,0.1138047077335087,0.1138047077335087
L16,endpoint_equality,93,0.0,-0.1612563532377015,-0.1612563532377016
L16,endpoint_equality,98,0.0,-0.33174776809777795,-0.33174776809777784
L16,endpoint_equality,99,0.0,-0.45903698902902457,-0.45903698902902457
L16,endpoint_equality,100,0.0,-0.3513562741103001,-0.3513562741103001
L16,endpoint_equality,104,0.32592920814964,0.0,-0.32592920814964
L16,endpoint_equality,107,0.20576365435095834,0.0,-0.20576365435095834
L16,endpoint_equality,109,0.15380087577744372,-0.05049278669377988,-0.2042936624712236
L16,endpoint_equality,110,0.0,-0.30596513675085624,-0.30596513675085624
L16,endpoint_equality,114,0.0,-0.3342439064335939,-0.3342439064335939
L16,endpoint_equality,115,0.0,-0.03694215930384792,-0.03694215930384792
L16,endpoint_equality,117,0.0,-0.4520909727043988,-0.45209097270439874
L16,endpoint_equality,118,0.0,-0.2805420011291524,-0.28054200112915234
L16,endpoint_equality,128,0.0,-0.04391290567068595,-0.04391290567068595
L16,endpoint_equality,130,0.03242900286221262,0.0,-0.03242900286221262
L16,endpoint_equality,136,0.0,0.08887878455747722,0.08887878455747722
L16,endpoint_equality,138,0.0,-0.35978567451685584,-0.35978567451685584
L16,endpoint_equality,140,0.0,-0.14752303999853866,-0.14752303999853866
L16,endpoint_equality,142,0.0,-0.6333377210694635,-0.6333377210694635
L16,endpoint_equality,144,0.13662952193356648,-0.0247951063128653,-0.16142462824643178
L16,endpoint_equality,149,0.0,-0.16166803613636516,-0.16166803613636516
L16,endpoint_equality,152,0.0,-0.08011838357595913,-0.08011838357595913
L16,endpoint_equality,153,0.0,0.006649655389558973,0.006649655389558973
L16,endpoint_equality,156,0.0,-0.26928138823705106,-0.26928138823705106
L16,endpoint_equality,158,0.0,-0.08257313650676368,-0.08257313650676368
L16,endpoint_equality,159,0.0,-0.45013337099830064,-0.45013337099830064
L16,endpoint_equality,160,0.0,-0.09998974084406398,-0.09998974084406398
L16,endpoint_equality,162,0.0,-0.21346557914262776,-0.21346557914262776
L16,endpoint_equality,163,0.0,-0.021774690942085506,-0.021774690942085506
L16,endpoint_equality,165,-5.551115123125783e-17,-0.6481044762602987,-0.6481044762602985
L16,endpoint_equality,167,0.0,0.0875815570142251,0.0875815570142251
L16,endpoint_equality,168,0.0,-0.12625297525131096,-0.12625297525131085
L16,endpoint_equality,170,0.0,-0.2628459677122559,-0.2628459677122559
L16,endpoint_equality,172,0.0,-0.22191326986013815,-0.22191326986013815
L16,endpoint_equality,173,0.0,-0.1624354751071042,-0.1624354751071042
L16,endpoint_equality,175,0.0,0.022238999915120683,0.022238999915120683
L16,endpoint_equality,176,0.0,-0.2726586561939358,-0.27265865619393587
L16,endpoint_equality,180,0.0,0.04334193618436921,0.04334193618436921
L16,endpoint_equality,181,0.0,-0.2788088034167999,-0.2788088034167999
L16,endpoint_equality,182,0.0,0.02871333603166004,0.02871333603166004
L16,endpoint_equality,183,0.0,-0.010314658529830378,-0.010314658529830378
L16,endpoint_equality,184,0.0,-0.14961337036072364,-0.14961337036072364
L16,endpoint_equality,185,0.0,0.05996023627997982,0.05996023627997982
L16,endpoint_equality,186,0.0,0.024397516535121122,0.024397516535121122
L16,endpoint_equality,191,0.0,-0.5358187904580479,-0.5358187904580479
L16,endpoint_equality,192,0.0,-0.27021265766561864,-0.27021265766561864
L16,endpoint_equality,193,0.0,-0.2955215610459637,-0.2955215610459637
L16,endpoint_equality,196,0.0,0.1657475857907751,0.1657475857907751
L16,endpoint_identity,1,-0.04603170010360835,-0.18441389461058466,-0.1383821945069763
L16,endpoint_identity,2,0.2825370173636045,-0.042792666249106937,-0.3253296836127114
L16,endpoint_identity,3,0.0,-0.22027482554776923,-0.22027482554776923
L16,endpoint_identity,9,-0.48217792394154024,-0.6525098869535058,-0.17033196301196551
L16,endpoint_identity,11,0.0,-0.07533510240283992,-0.07533510240283992
L16,endpoint_identity,15,-0.03005619746786614,-0.10035565945696234,-0.0702994619890962
L16,endpoint_identity,16,0.2440510465996084,-0.07611831154613191,-0.3201693581457403
L16,endpoint_identity,20,0.0,-0.46475875209290796,-0.46475875209290796
L16,endpoint_identity,23,0.0,-0.20828634407148072,-0.20828634407148072
L16,endpoint_identity,24,0.0,-0.055793853435021745,-0.055793853435021745
L16,endpoint_identity,25,2.220446049250313e-16,-0.9474024234699221,-0.9474024234699223
L16,endpoint_identity,26,-0.11045291204807828,-0.17825872235449824,-0.06780581030641997
L16,endpoint_identity,31,0.0,-0.3186235195293772,-0.3186235195293772
L16,endpoint_identity,36,0.0,-0.7107285234712827,-0.7107285234712827
L16,endpoint_identity,37,0.0,-0.44638681945831415,-0.44638681945831415
L16,endpoint_identity,39,0.0,-0.11343194547390834,-0.11343194547390834
L16,endpoint_identity,46,0.0,-0.442738986773925,-0.442738986773925
L16,endpoint_identity,47,0.01513884219402395,-0.5051594389214074,-0.5202982811154313
L16,endpoint_identity,48,-0.2764570064575461,-0.3577597421122085,-0.0813027356546624
L16,endpoint_identity,54,0.0,-0.21876189860235773,-0.21876189860235773
L16,endpoint_identity,56,0.0,-0.27285154955874624,-0.27285154955874624
L16,endpoint_identity,57,-0.6302604050448612,-0.1345777294460062,0.495682675598855
L16,endpoint_identity,59,-0.4381807003543925,-0.24811503696284198,0.1900656633915505
L16,endpoint_identity,62,0.0,-0.4984399849488663,-0.4984399849488663
L16,endpoint_identity,63,0.0,-0.1836784053707774,-0.1836784053707774
L16,endpoint_identity,72,0.0,0.19881504930400917,0.19881504930400917
L16,endpoint_identity,74,-0.2189290101571284,-0.21178936477285504,0.007139645384273363
L16,endpoint_identity,79,-0.13204307853734942,-0.26438456533150434,-0.13234148679415492
L16,endpoint_identity,80,-0.39152881453366206,-0.8627678330855189,-0.47123901855185674
L16,endpoint_identity,81,0.0,-0.4794506047166187,-0.47945060471661877
L16,endpoint_identity,82,-0.029644955233134818,-0.040603430148324904,-0.010958474915190086
L16,endpoint_identity,84,-0.4193481931924685,-0.4221342245301013,-0.002786031337632777
L16,endpoint_identity,87,0.34899075135991076,-0.14961330947767681,-0.49860406083758757
L16,endpoint_identity,89,0.0,-0.2617841579343161,-0.2617841579343161
L16,endpoint_identity,90,-0.32545400085924037,-0.10011042815897642,0.22534357270026395
L16,endpoint_identity,93,0.0,-0.1612563532377015,-0.1612563532377016
L16,endpoint_identity,99,0.0,-0.4820196175371039,-0.4820196175371039
L16,endpoint_identity,100,0.0,-0.3518929184193448,-0.3518929184193448
L16,endpoint_identity,104,0.336401138202041,-0.16086798802358993,-0.4972691262256309
L16,endpoint_identity,107,0.26662973574811766,0.0,-0.26662973574811766
L16,endpoint_identity,110,0.0,-0.318443444939718,-0.318443444939718
L16,endpoint_identity,115,0.17231479289890128,-0.06191528078373709,-0.23423007368263837
L16,endpoint_identity,117,0.0,-0.28684564194970563,-0.2868456419497056
L16,endpoint_identity,118,1.1102230246251565e-16,-0.5811806498689946,-0.5811806498689946
L16,endpoint_identity,130,0.07271233316936931,-0.23457639038884626,-0.30728872355821557
L16,endpoint_identity,136,0.0,-0.04380783753974282,-0.04380783753974282
L16,endpoint_identity,138,0.0,-0.16335125476828605,-0.16335125476828605
L16,endpoint_identity,140,0.3885847430170454,0.0959703122812594,-0.29261443073578597
L16,endpoint_identity,144,0.09423043806231957,-0.09757814649033114,-0.1918085845526507
L16,endpoint_identity,149,-0.42174964903686574,-0.5025360219516761,-0.08078637291481039
L16,endpoint_identity,156,0.0,-0.24317837995192892,-0.24317837995192892
L16,endpoint_identity,158,-0.019401589288101873,-0.22799965924872811,-0.20859806996062624
L16,endpoint_identity,160,0.0,-0.1673038221528237,-0.1673038221528237
L16,endpoint_identity,162,-0.3930286547639108,-0.14041218732421656,0.25261646743969424
L16,endpoint_identity,163,-0.13273071877484566,-0.08629910553178899,0.04643161324305667
L16,endpoint_identity,168,0.0,-0.12961588615367003,-0.12961588615367003
L16,endpoint_identity,170,0.0,-0.2628459677122559,-0.2628459677122559
L16,endpoint_identity,172,0.0,-0.264350295071321,-0.264350295071321
L16,endpoint_identity,175,0.0,0.08919683681798651,0.08919683681798651
L16,endpoint_identity,176,0.0,-0.2923240171941921,-0.29232401719419215
L16,endpoint_identity,180,0.041093168144517245,0.0067505467380455375,-0.03434262140647171
L16,endpoint_identity,182,-0.06521076465966524,-0.07020399292596036,-0.004993228266295113
L16,endpoint_identity,183,0.0,-0.071031322500825,-0.071031322500825
L16,endpoint_identity,184,0.0,-0.03572736430855605,-0.03572736430855605
L16,endpoint_identity,186,0.0,-0.05060775060053335,-0.05060775060053335
L16,endpoint_identity,191,0.0,-0.37476376513038356,-0.37476376513038356
L16,endpoint_identity,192,0.0,-0.2253031456532807,-0.2253031456532807
L16,endpoint_identity,193,-0.5515919561017026,-0.6879081415709218,-0.1363161854692192
L16,endpoint_identity_suffix,1,-0.04603170010360835,-0.18441389461058466,-0.1383821945069763
L16,endpoint_identity_suffix,2,0.2825370173636045,-0.042792666249106937,-0.3253296836127114
L16,endpoint_identity_suffix,3,0.0,-0.2538653674244721,-0.2538653674244721
L16,endpoint_identity_suffix,9,-0.4990611195212056,-0.6525098869535058,-0.15344876743230018
L16,endpoint_identity_suffix,11,0.0,-0.07533510240283992,-0.07533510240283992
L16,endpoint_identity_suffix,15,0.1035337030970036,0.14794643234327798,0.044412729246274374
L16,endpoint_identity_suffix,16,0.2524899440586599,-0.07611831154613191,-0.3286082556047918
L16,endpoint_identity_suffix,20,0.0,-0.42531740993360534,-0.42531740993360534
L16,endpoint_identity_suffix,23,0.0,-0.7654275397999857,-0.7654275397999857
L16,endpoint_identity_suffix,24,0.0,-0.055793853435021745,-0.055793853435021745
L16,endpoint_identity_suffix,26,0.07584703894656264,-0.3998097102008735,-0.47565674914743616
L16,endpoint_identity_suffix,31,0.05516226395633855,-0.3186235195293772,-0.3737857834857158
L16,endpoint_identity_suffix,36,0.0,-0.9342089431470822,-0.9342089431470822
L16,endpoint_identity_suffix,37,0.0,-0.44638681945831415,-0.44638681945831415
L16,endpoint_identity_suffix,39,0.0,-0.11343194547390834,-0.11343194547390834
L16,endpoint_identity_suffix,46,0.0,-0.4627083842806704,-0.4627083842806704
L16,endpoint_identity_suffix,47,0.01513884219402395,-0.4946420119169299,-0.5097808541109539
L16,endpoint_identity_suffix,56,0.022233941961522508,-0.3512515719740633,-0.3734855139355858
L16,endpoint_identity_suffix,59,-0.41801893404165086,-0.24811503696284198,0.16990389707880893
L16,endpoint_identity_suffix,62,0.04536541009777961,-0.4649624208255031,-0.5103278309232827
L16,endpoint_identity_suffix,63,0.0,-0.24757047884878625,-0.24757047884878625
L16,endpoint_identity_suffix,72,0.29589180304578544,0.2666510117917077,-0.029240791254077747
L16,endpoint_identity_suffix,74,-0.13756543388717052,-0.1948111765980477,-0.05724574271087718
L16,endpoint_identity_suffix,79,0.18659586381544513,-0.020321171515936598,-0.20691703533138173
L16,endpoint_identity_suffix,81,-0.012648310679573449,-0.8791871138201011,-0.8665388031405277
L16,endpoint_identity_suffix,82,-0.029644955233134818,-0.040603430148324904,-0.010958474915190086
L16,endpoint_identity_suffix,84,-0.4063428532539437,-0.4221342245301013,-0.015791371276157595
L16,endpoint_identity_suffix,87,0.34899075135991076,-0.14961330947767681,-0.49860406083758757
L16,endpoint_identity_suffix,89,0.0,-0.6715656537066876,-0.6715656537066876
L16,endpoint_identity_suffix,93,0.0,-0.17920443390874596,-0.17920443390874596
L16,endpoint_identity_suffix,100,0.0,-0.2915166650832193,-0.2915166650832193
L16,endpoint_identity_suffix,104,0.336401138202041,-0.16086798802358993,-0.4972691262256309
L16,endpoint_identity_suffix,107,0.4489388822202729,0.20488109372048502,-0.24405778849978788
L16,endpoint_identity_suffix,110,0.0,-0.29670755571275054,-0.29670755571275054
L16,endpoint_identity_suffix,115,0.17231479289890128,-0.06191528078373709,-0.23423007368263837
L16,endpoint_identity_suffix,117,0.0,-0.2706342550493134,-0.2706342550493133
L16,endpoint_identity_suffix,118,-0.051142006083594954,-0.8964407186609156,-0.8452987125773205
L16,endpoint_identity_suffix,130,0.14180026778023092,-0.13969504229671692,-0.28149531007694784
L16,endpoint_identity_suffix,136,0.0,-0.04380783753974282,-0.04380783753974282
L16,endpoint_identity_suffix,138,0.0,-0.16335125476828605,-0.16335125476828605
L16,endpoint_identity_suffix,140,0.3885847430170454,0.0959703122812594,-0.29261443073578597
L16,endpoint_identity_suffix,144,0.11650761801264187,-0.09757814649033114,-0.214085764502973
L16,endpoint_identity_suffix,156,0.19817268000217592,-0.23052356550420394,-0.42869624550637986
L16,endpoint_identity_suffix,158,0.1770093744200386,-0.11905237483145137,-0.29606174925149
L16,endpoint_identity_suffix,160,0.0,-0.1673038221528237,-0.1673038221528237
L16,endpoint_identity_suffix,162,-0.37827181981207786,-0.14041218732421656,0.23785963248786135
L16,endpoint_identity_suffix,163,0.019649182521665587,-0.10387493123040847,-0.12352411375207406
L16,endpoint_identity_suffix,168,0.0,-0.7272197307179915,-0.7272197307179915
L16,endpoint_identity_suffix,170,0.0405269314614497,-0.33533201438048654,-0.37585894584193624
L16,endpoint_identity_suffix,172,0.0,-0.264350295071321,-0.264350295071321
L16,endpoint_identity_suffix,175,0.0,0.05878251332682538,0.05878251332682538
L16,endpoint_identity_suffix,176,0.0,-0.5816920310407491,-0.5816920310407492
L16,endpoint_identity_suffix,180,0.041093168144517245,0.0067505467380455375,-0.03434262140647171
L16,endpoint_identity_suffix,182,0.2338776159086967,0.08685058336490759,-0.14702703254378913
L16,endpoint_identity_suffix,183,0.17220169765208349,0.024993282325524335,-0.14720841532655915
L16,endpoint_identity_suffix,184,0.0,-0.03572736430855605,-0.03572736430855605
L16,endpoint_identity_suffix,186,0.0,-0.022208694163440956,-0.022208694163440956
L16,endpoint_identity_suffix,191,0.0,-0.1882568095930447,-0.1882568095930447
L16,endpoint_identity_suffix,192,0.0,-0.6754185166968015,-0.6754185166968015
L16,endpoint_identity_suffix,193,-0.5515919561017026,-0.6879081415709218,-0.1363161854692192
L17,endpoint_equality,1,0.0,-0.04710518839538569,-0.04710518839538569
L17,endpoint_equality,2,0.0,-0.05992481725238297,-0.05992481725238297
L17,endpoint_equality,3,0.0,-0.2586857124344888,-0.2586857124344888
L17,endpoint_equality,4,0.0,0.030544616060088847,0.030544616060088847
L17,endpoint_equality,8,0.26864222204068,0.0,-0.26864222204068
L17,endpoint_equality,9,0.0,-0.11054862825511269,-0.11054862825511269
L17,endpoint_equality,11,0.0,0.025698202452363983,0.025698202452363983
L17,endpoint_equality,15,0.0,-0.06354760651178015,-0.06354760651178015
L17,endpoint_equality,16,0.1650972587888424,-0.041576492236532925,-0.20667375102537533
L17,endpoint_equality,20,0.0,-0.36882721949333197,-0.36882721949333197
L17,endpoint_equality,23,0.0,-0.4454258942613184,-0.44542589426131846
L17,endpoint_equality,24,0.0,0.08679702227174813,0.08679702227174813
L17,endpoint_equality,25,-2.220446049250313e-16,-0.44200683630119353,-0.4420068363011933
L17,endpoint_equality,26,0.0,-0.10598838284104106,-0.10598838284104106
L17,endpoint_equality,31,0.0,-0.3992668974739969,-0.39926689747399696
L17,endpoint_equality,36,0.0,-0.6651217272926027,-0.6651217272926025
L17,endpoint_equality,37,0.0,-0.16196835824371836,-0.16196835824371836
L17,endpoint_equality,39,0.0,0.030389558891901647,0.030389558891901647
L17,endpoint_equality,46,0.0,-0.4128780907847701,-0.4128780907847701
L17,endpoint_equality,47,0.0,-0.09333288194535205,-0.09333288194535205
L17,endpoint_equality,48,0.08533185962427214,-0.05607853925445916,-0.1414103988787313
L17,endpoint_equality,50,0.0,0.03816961699049215,0.03816961699049215
L17,endpoint_equality,53,0.0,0.03456615536656105,0.03456615536656105
L17,endpoint_equality,54,0.0,-0.2245680818648329,-0.2245680818648329
L17,endpoint_equality,56,0.0,-0.2678909778826246,-0.2678909778826246
L17,endpoint_equality,57,0.0,0.2596918653079754,0.2596918653079754
L17,endpoint_equality,59,0.0,-0.10170792698282538,-0.10170792698282538
L17,endpoint_equality,62,0.0,-0.40593034533161465,-0.40593034533161465
L17,endpoint_equality,63,0.0,-0.17264860695540196,-0.17264860695540196
L17,endpoint_equality,72,0.0,0.0892064802979875,0.0892064802979875
L17,endpoint_equality,74,0.056113886237715405,0.0,-0.056113886237715405
L17,endpoint_equality,79,0.0,-0.07111070423048416,-0.07111070423048416
L17,endpoint_equality,80,0.2965160269046385,-0.0749960686054667,-0.3715120955101052
L17,endpoint_equality,81,0.0,-0.3444756212515049,-0.3444756212515049
L17,endpoint_equality,82,0.0,0.008983068839020225,0.008983068839020225
L17,endpoint_equality,83,0.0,-0.48367037842652816,-0.48367037842652816
L17,endpoint_equality,84,0.0,-0.15191784955315768,-0.15191784955315768
L17,endpoint_equality,87,0.2654815094324674,-0.055480830787591806,-0.3209623402200592
L17,endpoint_equality,89,0.0,-0.32553606863566864,-0.32553606863566864
L17,endpoint_equality,90,0.0,-0.003135324021457997,-0.003135324021457997
L17,endpoint_equality,91,0.0,0.11839604852653407,0.11839604852653407
L17,endpoint_equality,93,0.0,-0.16230485164076502,-0.16230485164076502
L17,endpoint_equality,98,0.0,-0.33849213863080563,-0.33849213863080563
L17,endpoint_equality,99,0.0,-0.45005910268535565,-0.45005910268535565
L17,endpoint_equality,100,0.0,-0.34379470011048074,-0.34379470011048074
L17,endpoint_equality,104,0.32867774108568537,0.0,-0.32867774108568537
L17,endpoint_equality,107,0.20507523126432403,0.0,-0.20507523126432403
L17,endpoint_equality,109,0.1553341720010475,-0.04908922192026832,-0.2044233939213158
L17,endpoint_equality,110,0.0,-0.30515719786708706,-0.30515719786708706
L17,endpoint_equality,114,0.0,-0.34290882131647205,-0.34290882131647205
L17,endpoint_equality,115,0.0,-0.03633031320511715,-0.03633031320511715
L17,endpoint_equality,117,0.0,-0.45564597917039296,-0.45564597917039296
L17,endpoint_equality,118,0.0,-0.2786723791993181,-0.2786723791993181
L17,endpoint_equality,128,0.0,-0.04412667720742225,-0.04412667720742225
L17,endpoint_equality,130,0.03130535704316406,0.0,-0.03130535704316406
L17,endpoint_equality,136,0.0,0.08810564770010054,0.08810564770010054
L17,endpoint_equality,138,0.0,-0.3685732762415602,-0.3685732762415602
L17,endpoint_equality,140,0.0,-0.14927910805091926,-0.14927910805091926
L17,endpoint_equality,142,5.551115123125783e-17,-0.6256555264179121,-0.6256555264179121
L17,endpoint_equality,144,0.14024595429867737,-0.024785198874414993,-0.16503115317309236
L17,endpoint_equality,149,0.0,-0.15748941785329107,-0.15748941785329107
L17,endpoint_equality,152,0.0,-0.07989177246045687,-0.07989177246045687
L17,endpoint_equality,153,0.0,0.006938400917342991,0.006938400917342991
L17,endpoint_equality,156,0.0,-0.268036113803237,-0.268036113803237
L17,endpoint_equality,158,0.0,-0.08254365631601979,-0.08254365631601979
L17,endpoint_equality,159,0.0,-0.4535168013810049,-0.4535168013810048
L17,endpoint_equality,160,0.0,-0.09384420145071326,-0.09384420145071326
L17,endpoint_equality,162,0.0,-0.21733403680801788,-0.21733403680801788
L17,endpoint_equality,163,0.0,-0.022198021730253314,-0.022198021730253314
L17,endpoint_equality,165,-5.551115123125783e-17,-0.6554346101441914,-0.6554346101441912
L17,endpoint_equality,167,0.0,0.08739761797149725,0.08739761797149725
L17,endpoint_equality,168,0.0,-0.1265767117933998,-0.1265767117933998
L17,endpoint_equality,170,0.0,-0.2552623410193029,-0.2552623410193029
L17,endpoint_equality,172,0.0,-0.20999098576182584,-0.20999098576182584
L17,endpoint_equality,173,0.0,-0.16598932180627002,-0.16598932180627002
L17,endpoint_equality,175,0.0,0.021890761625802613,0.021890761625802613
L17,endpoint_equality,176,0.0,-0.2778533201637152,-0.27785332016371517
L17,endpoint_equality,180,0.0,0.04304048988271725,0.04304048988271725
L17,endpoint_equality,181,0.0,-0.2816607936240064,-0.2816607936240064
L17,endpoint_equality,182,0.0,0.028720130550236922,0.028720130550236922
L17,endpoint_equality,183,0.0,-0.010446403759864165,-0.010446403759864165
L17,endpoint_equality,184,0.0,-0.1488111389967055,-0.1488111389967055
L17,endpoint_equality,185,0.0,0.059809247639148966,0.059809247639148966
L17,endpoint_equality,186,0.0,0.02444359229507076,0.02444359229507076
L17,endpoint_equality,191,0.0,-0.5444065848365592,-0.5444065848365592
L17,endpoint_equality,192,0.0,-0.2606044700361253,-0.2606044700361253
L17,endpoint_equality,193,0.0,-0.2945609603294792,-0.2945609603294792
L17,endpoint_equality,196,0.0,0.16706687017276334,0.16706687017276334
L17,endpoint_identity,1,-0.043619146203325965,-0.2053743677712936,-0.16175522156796762
L17,endpoint_identity,2,0.2918683664630838,-0.04597826996012455,-0.33784663642320834
L17,endpoint_identity,3,0.0,-0.21721980714094868,-0.21721980714094868
L17,endpoint_identity,9,-0.4985090239689014,-0.621644370821208,-0.1231353468523067
L17,endpoint_identity,11,0.0,-0.08292977026208792,-0.08292977026208792
L17,endpoint_identity,15,-0.030979075110721288,-0.10253681830823891,-0.07155774319751762
L17,endpoint_identity,16,0.24425318539743046,-0.0844734176499895,-0.32872660304741996
L17,endpoint_identity,20,0.0,-0.4670219391931121,-0.4670219391931121
L17,endpoint_identity,23,0.0,-0.24009384821974422,-0.24009384821974433
L17,endpoint_identity,24,0.0,-0.07011909450647247,-0.07011909450647247
L17,endpoint_identity,25,1.1102230246251565e-16,-0.9471259981847224,-0.9471259981847224
L17,endpoint_identity,26,-0.11446974275870836,-0.18703832266066067,-0.07256857990195231
L17,endpoint_identity,31,0.0,-0.31762986851731634,-0.31762986851731645
L17,endpoint_identity,36,0.0,-0.7046645302556862,-0.7046645302556862
L17,endpoint_identity,37,0.0,-0.44408429549832906,-0.44408429549832906
L17,endpoint_identity,39,0.0,-0.11364640849127161,-0.11364640849127161
L17,endpoint_identity,46,0.0,-0.42593388235543006,-0.42593388235543006
L17,endpoint_identity,47,0.041903215450785125,-0.5000516880962735,-0.5419549035470587
L17,endpoint_identity,48,-0.2690916726299269,-0.3086296021658299,-0.03953792953590307
L17,endpoint_identity,54,0.0,-0.22024861807849105,-0.22024861807849105
L17,endpoint_identity,56,0.0,-0.2699598861617246,-0.2699598861617246
L17,endpoint_identity,57,-0.6343349401566123,-0.1349237065566573,0.49941123359995493
L17,endpoint_identity,59,-0.4447873859499195,-0.23422729814958898,0.21056008780033053
L17,endpoint_identity,62,0.0,-0.49892885511067186,-0.49892885511067186
L17,endpoint_identity,63,0.0,-0.18387578928596127,-0.18387578928596127
L17,endpoint_identity,72,0.0,0.18822391698088803,0.18822391698088803
L17,endpoint_identity,74,-0.21319871037640326,-0.2128531835389219,0.00034552683748134694
L17,endpoint_identity,79,-0.133080141928143,-0.27029268119091565,-0.13721253926277266
L17,endpoint_identity,80,-0.3769141442231804,-0.8425708210324893,-0.46565667680930883
L17,endpoint_identity,81,0.0,-0.4723553790768251,-0.4723553790768251
L17,endpoint_identity,82,-0.027914265690483386,-0.031298492959273894,-0.0033842272687905073
L17,endpoint_identity,84,-0.43007447567694035,-0.41195583453410656,0.01811864114283379
L17,endpoint_identity,87,0.3484444811301133,-0.17414430583982243,-0.5225887869699357
L17,endpoint_identity,89,0.0,-0.23755049987436994,-0.23755049987436994
L17,endpoint_identity,90,-0.36954972035308553,-0.09438026229171315,0.2751694580613724
L17,endpoint_identity,93,0.0,-0.16230485164076502,-0.16230485164076502
L17,endpoint_identity,99,0.0,-0.4555422393783679,-0.4555422393783679
L17,endpoint_identity,100,0.0,-0.34455146773069023,-0.34455146773069023
L17,endpoint_identity,104,0.3145936111435155,-0.18036895107077422,-0.4949625622142897
L17,endpoint_identity,107,0.27398375697448374,0.0,-0.27398375697448374
L17,endpoint_identity,110,0.0,-0.313456249559233,-0.313456249559233
L17,endpoint_identity,115,0.18531604067924956,-0.06145016260801306,-0.24676620328726262
L17,endpoint_identity,117,0.0,-0.2955757324012652,-0.2955757324012652
L17,endpoint_identity,118,5.551115123125783e-17,-0.6010564016809091,-0.6010564016809092
L17,endpoint_identity,130,0.046602331318277734,-0.24161016400732271,-0.28821249532560045
L17,endpoint_identity,136,0.0,-0.05058942065275018,-0.05058942065275018
L17,endpoint_identity,138,0.0,-0.18004050287572526,-0.18004050287572526
L17,endpoint_identity,140,0.3862618995936208,0.0993140965716941,-0.2869478030219267
L17,endpoint_identity,144,0.09507311041317057,-0.0928625372957923,-0.18793564770896287
L17,endpoint_identity,149,-0.388392979414332,-0.48333307429089034,-0.09494009487655836
L17,endpoint_identity,156,0.0,-0.2421644302688084,-0.2421644302688084
L17,endpoint_identity,158,-0.01652869335789442,-0.2252244336559468,-0.20869574029805238
L17,endpoint_identity,160,0.0,-0.1591687428507933,-0.1591687428507933
L17,endpoint_identity,162,-0.4063755970310634,-0.14244690261208404,0.26392869441897937
L17,endpoint_identity,163,-0.13289221223039327,-0.08713612552627203,0.045756086704121235
L17,endpoint_identity,168,0.0,-0.12984593217424956,-0.12984593217424956
L17,endpoint_identity,170,0.0,-0.2552623410193029,-0.2552623410193029
L17,endpoint_identity,172,0.0,-0.24959994999526858,-0.24959994999526858
L17,endpoint_identity,175,0.0,0.08313203330211394,0.08313203330211394
L17,endpoint_identity,176,0.0,-0.2983793200708683,-0.29837932007086826
L17,endpoint_identity,180,0.04445096950902627,-0.003625475481787044,-0.048076444990813316
L17,endpoint_identity,182,-0.07073189822961146,-0.07771832416101931,-0.006986425931407858
L17,endpoint_identity,183,0.0,-0.06250924121495682,-0.06250924121495682
L17,endpoint_identity,184,0.0,-0.026307105893563554,-0.026307105893563554
L17,endpoint_identity,186,0.0,-0.054884359378276626,-0.054884359378276626
L17,endpoint_identity,191,0.0,-0.3750824616946342,-0.3750824616946342
L17,endpoint_identity,192,0.0,-0.21173626539996593,-0.21173626539996593
L17,endpoint_identity,193,-0.5595904687812789,-0.6871120469506469,-0.12752157816936793
L17,endpoint_identity_suffix,1,-0.043619146203325965,-0.2053743677712936,-0.16175522156796762
L17,endpoint_identity_suffix,2,0.2918683664630838,-0.04597826996012455,-0.33784663642320834
L17,endpoint_identity_suffix,3,0.0,-0.24814670103063885,-0.24814670103063885
L17,endpoint_identity_suffix,9,-0.5146668146570605,-0.621644370821208,-0.10697755616414756
L17,endpoint_identity_suffix,11,0.0,-0.08292977026208792,-0.08292977026208792
L17,endpoint_identity_suffix,15,0.1067492354090176,0.14620196248362105,0.039452727074603455
L17,endpoint_identity_suffix,16,0.2526152060234873,-0.0844734176499895,-0.3370886236734768
L17,endpoint_identity_suffix,20,0.0,-0.42640859256369823,-0.42640859256369823
L17,endpoint_identity_suffix,23,0.0,-0.7874169009804041,-0.7874169009804041
L17,endpoint_identity_suffix,24,0.0,-0.07011909450647247,-0.07011909450647247
L17,endpoint_identity_suffix,26,0.07273629226365275,-0.3994759769350211,-0.4722122691986739
L17,endpoint_identity_suffix,31,0.0529696669808683,-0.31762986851731634,-0.3705995354981847
L17,endpoint_identity_suffix,36,0.0,-0.9454723263091818,-0.9454723263091818
L17,endpoint_identity_suffix,37,0.0,-0.44408429549832906,-0.44408429549832906
L17,endpoint_identity_suffix,39,0.0,-0.11364640849127161,-0.11364640849127161
L17,endpoint_identity_suffix,46,0.0,-0.4517112159589005,-0.4517112159589005
L17,endpoint_identity_suffix,47,0.041903215450785125,-0.4901324559981056,-0.5320356714488907
L17,endpoint_identity_suffix,56,0.019607861746365862,-0.34587492073887527,-0.36548278248524113
L17,endpoint_identity_suffix,59,-0.4259983926880557,-0.23422729814958898,0.19177109453846675
L17,endpoint_identity_suffix,62,0.04586123195166658,-0.4647664021601834,-0.51062763411185
L17,endpoint_identity_suffix,63,0.0,-0.24421823097604278,-0.24421823097604278
L17,endpoint_identity_suffix,72,0.2904229589198153,0.25548330621237025,-0.034939652707445035
L17,endpoint_identity_suffix,74,-0.15211227402149968,-0.1925680864103173,-0.040455812388817625
L17,endpoint_identity_suffix,79,0.1854594600872257,-0.030161813198212428,-0.21562127328543812
L17,endpoint_identity_suffix,81,-0.012340256445366626,-0.8694428937297696,-0.8571026372844028
L17,endpoint_identity_suffix,82,-0.027914265690483386,-0.031298492959273894,-0.0033842272687905073
L17,endpoint_identity_suffix,84,-0.41764829622476746,-0.41195583453410656,0.005692461690660844
L17,endpoint_identity_suffix,87,0.3484444811301133,-0.17414430583982243,-0.5225887869699357
L17,endpoint_identity_suffix,89,0.0,-0.6641540180295855,-0.6641540180295855
L17,endpoint_identity_suffix,93,0.0,-0.1727058000012619,-0.1727058000012619
L17,endpoint_identity_suffix,100,0.0,-0.28538979560372757,-0.28538979560372757
L17,endpoint_identity_suffix,104,0.3145936111435155,-0.18036895107077422,-0.4949625622142897
L17,endpoint_identity_suffix,107,0.4474368682130708,0.2150115892220532,-0.23242527899101761
L17,endpoint_identity_suffix,110,0.0,-0.29200513436885045,-0.29200513436885045
L17,endpoint_identity_suffix,115,0.18531604067924956,-0.06145016260801306,-0.24676620328726262
L17,endpoint_identity_suffix,117,0.0,-0.2762683461225295,-0.2762683461225295
L17,endpoint_identity_suffix,118,-0.04096212614178418,-0.8991268183488442,-0.85816469220706
L17,endpoint_identity_suffix,130,0.11780968294957483,-0.1481694777039575,-0.26597916065353233
L17,endpoint_identity_suffix,136,0.0,-0.05058942065275018,-0.05058942065275018
L17,endpoint_identity_suffix,138,0.0,-0.18004050287572526,-0.18004050287572526
L17,endpoint_identity_suffix,140,0.3862618995936208,0.0993140965716941,-0.2869478030219267
L17,endpoint_identity_suffix,144,0.116048011377333,-0.0928625372957923,-0.2089105486731253
L17,endpoint_identity_suffix,156,0.20589981581088523,-0.22189249125688715,-0.4277923070677724
L17,endpoint_identity_suffix,158,0.17622661924787053,-0.11683087867750364,-0.29305749792537417
L17,endpoint_identity_suffix,160,0.0,-0.1591687428507933,-0.1591687428507933
L17,endpoint_identity_suffix,162,-0.3926680698242093,-0.14244690261208404,0.2502211672121253
L17,endpoint_identity_suffix,163,0.01758199677159622,-0.10293246816510093,-0.12051446493669715
L17,endpoint_identity_suffix,168,0.0,-0.7435355877165148,-0.7435355877165148
L17,endpoint_identity_suffix,170,0.04171517627484811,-0.32999190660741684,-0.37170708288226495
L17,endpoint_identity_suffix,172,0.0,-0.24959994999526858,-0.24959994999526858
L17,endpoint_identity_suffix,175,0.0,0.05690822353151881,0.05690822353151881
L17,endpoint_identity_suffix,176,0.0,-0.6020565622566533,-0.6020565622566532
L17,endpoint_identity_suffix,180,0.04445096950902627,-0.003625475481787044,-0.048076444990813316
L17,endpoint_identity_suffix,182,0.23560657766025916,0.0705947279325132,-0.16501184972774596
L17,endpoint_identity_suffix,183,0.17037027199831467,0.023427862635501784,-0.1469424093628129
L17,endpoint_identity_suffix,184,0.0,-0.026307105893563554,-0.026307105893563554
L17,endpoint_identity_suffix,186,0.0,-0.030547023560804965,-0.030547023560804965
L17,endpoint_identity_suffix,191,0.0,-0.1737977170414433,-0.1737977170414433
L17,endpoint_identity_suffix,192,0.0,-0.6968202086327995,-0.6968202086327995
L17,endpoint_identity_suffix,193,-0.5595904687812789,-0.6871120469506469,-0.12752157816936793
L18,endpoint_equality,1,0.0,-0.0466312785860985,-0.0466312785860985
L18,endpoint_equality,2,0.0,-0.05847947665776809,-0.05847947665776809
L18,endpoint_equality,3,0.0,-0.25800754847099483,-0.25800754847099483
L18,endpoint_equality,4,0.0,0.030598049482318146,0.030598049482318146
L18,endpoint_equality,8,0.26418076026118775,0.0,-0.26418076026118775
L18,endpoint_equality,9,0.0,-0.10953443865385137,-0.10953443865385137
L18,endpoint_equality,11,0.0,0.024549361672163927,0.024549361672163927
L18,endpoint_equality,15,0.0,-0.062641354693036,-0.062641354693036
L18,endpoint_equality,16,0.1675409533068738,-0.041403701465068776,-0.20894465477194257
L18,endpoint_equality,20,0.0,-0.3671670251256455,-0.3671670251256455
L18,endpoint_equality,23,0.0,-0.44284358587903994,-0.4428435858790399
L18,endpoint_equality,24,0.0,0.08567629025557244,0.08567629025557244
L18,endpoint_equality,25,-2.220446049250313e-16,-0.43829555543556165,-0.4382955554355614
L18,endpoint_equality,26,0.0,-0.1091696889741327,-0.1091696889741327
L18,endpoint_equality,31,0.0,-0.40330016438553673,-0.40330016438553673
L18,endpoint_equality,36,0.0,-0.6676080360440959,-0.667608036044096
L18,endpoint_equality,37,0.0,-0.15796345394763456,-0.15796345394763456
L18,endpoint_equality,39,0.0,0.030049753475216434,0.030049753475216434
L18,endpoint_equality,46,0.0,-0.41269367594481354,-0.41269367594481354
L18,endpoint_equality,47,0.0,-0.09194640759031525,-0.09194640759031525
L18,endpoint_equality,48,0.08257335254468368,-0.05576737123521225,-0.13834072377989592
L18,endpoint_equality,50,0.0,0.038963426089344555,0.038963426089344555
L18,endpoint_equality,53,0.0,0.03253027293542021,0.03253027293542021
L18,endpoint_equality,54,0.0,-0.2199551356884316,-0.2199551356884316
L18,endpoint_equality,56,0.0,-0.24799096091847606,-0.24799096091847606
L18,endpoint_equality,57,0.0,0.2603071648817784,0.2603071648817784
L18,endpoint_equality,59,0.0,-0.10037585156046269,-0.10037585156046269
L18,endpoint_equality,62,0.0,-0.4058856408552449,-0.4058856408552449
L18,endpoint_equality,63,0.0,-0.17838887196573439,-0.17838887196573444
L18,endpoint_equality,72,0.0,0.08916565029408863,0.08916565029408863
L18,endpoint_equality,74,0.0542437862381564,0.0,-0.0542437862381564
L18,endpoint_equality,79,0.0,-0.06968786270379712,-0.06968786270379712
L18,endpoint_equality,80,0.2955674309265932,-0.0742908713624768,-0.36985830228907
L18,endpoint_equality,81,0.0,-0.33907179437721313,-0.33907179437721313
L18,endpoint_equality,82,0.0,0.008696409218924561,0.008696409218924561
L18,endpoint_equality,83,0.0,-0.4789763664623391,-0.4789763664623391
L18,endpoint_equality,84,0.0,-0.14823330754314878,-0.14823330754314878
L18,endpoint_equality,87,0.26562321915830245,-0.05732693462750582,-0.32295015378580827
L18,endpoint_equality,89,0.0,-0.3233973092874912,-0.3233973092874912
L18,endpoint_equality,90,0.0,-0.0032792466120112884,-0.0032792466120112884
L18,endpoint_equality,91,0.0,0.11950511877738323,0.11950511877738323
L18,endpoint_equality,93,0.0,-0.16138012153242465,-0.16138012153242465
L18,endpoint_equality,98,0.0,-0.3415181782472785,-0.3415181782472785
L18,endpoint_equality,99,0.0,-0.449227083569656,-0.44922708356965607
L18,endpoint_equality,100,0.0,-0.33584632776146517,-0.33584632776146517
L18,endpoint_equality,104,0.3276915927209929,0.0,-0.3276915927209929
L18,endpoint_equality,107,0.19662303517736857,0.0,-0.19662303517736857
L18,endpoint_equality,109,0.15693961981007398,-0.04755456088052057,-0.20449418069059455
L18,endpoint_equality,110,0.0,-0.3027404011663154,-0.3027404011663154
L18,endpoint_equality,114,0.0,-0.3469163679884987,-0.3469163679884987
L18,endpoint_equality,115,0.0,-0.03327472154121436,-0.03327472154121436
L18,endpoint_equality,117,0.0,-0.44103372203565416,-0.4410337220356541
L18,endpoint_equality,118,0.0,-0.27160801829225123,-0.27160801829225123
L18,endpoint_equality,128,0.0,-0.044252600482910465,-0.044252600482910465
L18,endpoint_equality,130,0.030211041175125075,0.0,-0.030211041175125075
L18,endpoint_equality,136,0.0,0.09014445456539555,0.09014445456539555
L18,endpoint_equality,138,0.0,-0.37489297942444966,-0.37489297942444966
L18,endpoint_equality,140,0.0,-0.14708529396944225,-0.14708529396944225
L18,endpoint_equality,142,5.551115123125783e-17,-0.6123332557702736,-0.6123332557702736
L18,endpoint_equality,144,0.1442569052777557,-0.023830514076646603,-0.1680874193544023
L18,endpoint_equality,149,0.0,-0.15563825862772585,-0.15563825862772585
L18,endpoint_equality,152,0.0,-0.07764041419020362,-0.07764041419020362
L18,endpoint_equality,153,0.0,0.006915809492099356,0.006915809492099356
L18,endpoint_equality,156,0.0,-0.2623213903595216,-0.2623213903595216
L18,endpoint_equality,158,0.0,-0.08263160137190528,-0.08263160137190528
L18,endpoint_equality,159,0.0,-0.4379486415826259,-0.4379486415826258
L18,endpoint_equality,160,0.0,-0.08568595770464715,-0.08568595770464715
L18,endpoint_equality,162,0.0,-0.2179469682958468,-0.2179469682958468
L18,endpoint_equality,163,0.0,-0.022530122711472922,-0.022530122711472922
L18,endpoint_equality,165,0.0,-0.6560826872224945,-0.6560826872224945
L18,endpoint_equality,167,0.0,0.08809772257104487,0.08809772257104487
L18,endpoint_equality,168,0.0,-0.12771892682754005,-0.12771892682754005
L18,endpoint_equality,170,0.0,-0.2531382502141548,-0.25313825021415487
L18,endpoint_equality,172,0.0,-0.19679230207680698,-0.19679230207680698
L18,endpoint_equality,173,0.0,-0.16757332710377004,-0.16757332710377004
L18,endpoint_equality,175,0.0,0.02102923050906469,0.02102923050906469
L18,endpoint_equality,176,0.0,-0.2765146260541198,-0.27651462605411975
L18,endpoint_equality,180,0.0,0.04325161627595375,0.04325161627595375
L18,endpoint_equality,181,0.0,-0.27724638985562,-0.27724638985562
L18,endpoint_equality,182,0.0,0.02849000094668952,0.02849000094668952
L18,endpoint_equality,183,0.0,-0.010451261638243503,-0.010451261638243503
L18,endpoint_equality,184,0.0,-0.1481752361100268,-0.1481752361100268
L18,endpoint_equality,185,0.0,0.059482177757986365,0.059482177757986365
L18,endpoint_equality,186,0.0,0.024424394499908963,0.024424394499908963
L18,endpoint_equality,191,0.0,-0.5488831023362467,-0.5488831023362467
L18,endpoint_equality,192,0.0,-0.25832924407024305,-0.25832924407024305
L18,endpoint_equality,193,0.0,-0.2899852361103463,-0.2899852361103463
L18,endpoint_equality,196,0.0,0.16530819654009177,0.16530819654009177
L18,endpoint_identity,1,-0.044599694392385425,-0.22365920163220476,-0.17905950723981934
L18,endpoint_identity,2,0.28480176682364855,-0.04216321812814483,-0.3269649849517934
L18,endpoint_identity,3,0.0,-0.226496000310083,-0.226496000310083
L18,endpoint_identity,9,-0.5067632513082628,-0.6301333587465503,-0.12337010743828736
L18,endpoint_identity,11,0.0,-0.08667837546892221,-0.08667837546892221
L18,endpoint_identity,15,-0.03467793256908669,-0.10958784996275717,-0.07490991739367048
L18,endpoint_identity,16,0.2471151864975374,-0.09037368055387973,-0.3374888670514171
L18,endpoint_identity,20,0.0,-0.46517410189390807,-0.46517410189390807
L18,endpoint_identity,23,0.0,-0.25338994846486484,-0.25338994846486473
L18,endpoint_identity,24,0.0,-0.0847469023916686,-0.0847469023916686
L18,endpoint_identity,25,0.0,-0.9572499042700501,-0.9572499042700501
L18,endpoint_identity,26,-0.12275210318920649,-0.19265239230729336,-0.06990028911808688
L18,endpoint_identity,31,0.0,-0.3167691723742514,-0.3167691723742514
L18,endpoint_identity,36,0.0,-0.7087750615353696,-0.7087750615353696
L18,endpoint_identity,37,0.0,-0.4460070375033549,-0.4460070375033549
L18,endpoint_identity,39,0.0,-0.11919668270139017,-0.11919668270139017
L18,endpoint_identity,46,0.0,-0.42762204951866667,-0.42762204951866667
L18,endpoint_identity,47,0.05938445589129304,-0.49249182320624607,-0.5518762790975391
L18,endpoint_identity,48,-0.26481878491140826,-0.2734171426254549,-0.0085983577140466
L18,endpoint_identity,54,0.0,-0.21550616650904475,-0.21550616650904475
L18,endpoint_identity,56,0.0,-0.24733139099096524,-0.24733139099096524
L18,endpoint_identity,57,-0.6215921454729005,-0.1352433873408121,0.4863487581320885
L18,endpoint_identity,59,-0.45022584993245546,-0.2315020535294301,0.2187237964030253
L18,endpoint_identity,62,0.0,-0.5011976787537378,-0.5011976787537378
L18,endpoint_identity,63,0.0,-0.190788539501079,-0.19078853950107905
L18,endpoint_identity,72,0.0,0.1817439564254666,0.1817439564254666
L18,endpoint_identity,74,-0.20546476047954498,-0.21817248413549595,-0.012707723655950964
L18,endpoint_identity,79,-0.13385085325881851,-0.2721432915656319,-0.13829243830681337
L18,endpoint_identity,80,-0.36478461028735376,-0.8376931869670965,-0.47290857667974273
L18,endpoint_identity,81,0.0,-0.47331319804354366,-0.47331319804354366
L18,endpoint_identity,82,-0.021832518203835916,-0.016208857610969796,0.00562366059286612
L18,endpoint_identity,84,-0.4356564506150502,-0.4041991064711754,0.0314573441438748
L18,endpoint_identity,87,0.3486304751452721,-0.18393248887319236,-0.5325629640184645
L18,endpoint_identity,89,0.0,-0.22398791735508705,-0.22398791735508705
L18,endpoint_identity,90,-0.37360223245330254,-0.09404100109518243,0.27956123135812017
L18,endpoint_identity,93,0.0,-0.16138012153242465,-0.16138012153242465
L18,endpoint_identity,99,0.0,-0.44819057287769837,-0.4481905728776984
L18,endpoint_identity,100,0.0,-0.3365159183891395,-0.3365159183891395
L18,endpoint_identity,104,0.30264649530415766,-0.19729652496656214,-0.4999430202707198
L18,endpoint_identity,107,0.2700377017953659,0.0,-0.2700377017953659
L18,endpoint_identity,110,0.0,-0.30569833505913835,-0.30569833505913835
L18,endpoint_identity,115,0.19498508769745349,-0.06774117151130632,-0.2627262592087598
L18,endpoint_identity,117,0.0,-0.27901104904420937,-0.2790110490442093
L18,endpoint_identity,118,0.0,-0.6183208997660801,-0.6183208997660801
L18,endpoint_identity,130,0.016757285492214224,-0.23469081108745649,-0.2514480965796707
L18,endpoint_identity,136,0.0,-0.06637276156093708,-0.06637276156093708
L18,endpoint_identity,138,0.0,-0.18242513129315685,-0.18242513129315685
L18,endpoint_identity,140,0.38148388233230734,0.07713975819888086,-0.3043441241334265
L18,endpoint_identity,144,0.09194145532943432,-0.0890049595309832,-0.18094641486041751
L18,endpoint_identity,149,-0.37848777272342693,-0.476151604893297,-0.09766383216987007
L18,endpoint_identity,156,0.0,-0.2368880808390238,-0.2368880808390238
L18,endpoint_identity,158,-0.014252190780668639,-0.22570568048155493,-0.2114534897008863
L18,endpoint_identity,160,0.0,-0.14922823191533796,-0.14922823191533796
L18,endpoint_identity,162,-0.40420732669379583,-0.16477127035682937,0.2394360563369664
L18,endpoint_identity,163,-0.13478075976421455,-0.09011362548622892,0.04466713427798563
L18,endpoint_identity,168,0.0,-0.1306992627461655,-0.1306992627461655
L18,endpoint_identity,170,0.0,-0.2531382502141548,-0.25313825021415487
L18,endpoint_identity,172,0.0,-0.23387018177232155,-0.23387018177232155
L18,endpoint_identity,175,0.0,0.08117806141272088,0.08117806141272088
L18,endpoint_identity,176,0.0,-0.2975037108410602,-0.29750371084106014
L18,endpoint_identity,180,0.04643488191885181,-0.013169439251197623,-0.059604321170049435
L18,endpoint_identity,182,-0.0706792498284502,-0.08759453559026475,-0.016915285761814558
L18,endpoint_identity,183,0.0,-0.05591763396433724,-0.05591763396433724
L18,endpoint_identity,184,0.0,-0.02247503584432109,-0.02247503584432109
L18,endpoint_identity,186,0.0,-0.06272047214078258,-0.06272047214078258
L18,endpoint_identity,191,0.0,-0.3845655440578183,-0.3845655440578183
L18,endpoint_identity,192,0.0,-0.20370181999546788,-0.20370181999546788
L18,endpoint_identity,193,-0.5642723769638437,-0.6731909453566529,-0.10891856839280922
L18,endpoint_identity_suffix,1,-0.044599694392385425,-0.22365920163220476,-0.17905950723981934
L18,endpoint_identity_suffix,2,0.28480176682364855,-0.04216321812814483,-0.3269649849517934
L18,endpoint_identity_suffix,3,0.0,-0.25550863630397735,-0.25550863630397735
L18,endpoint_identity_suffix,9,-0.5209182974116813,-0.6301333587465503,-0.10921506133486902
L18,endpoint_identity_suffix,11,0.0,-0.08667837546892221,-0.08667837546892221
L18,endpoint_identity_suffix,15,0.10326916598932923,0.1323166667584268,0.029047500769097567
L18,endpoint_identity_suffix,16,0.25488742451640767,-0.09037368055387973,-0.3452611050702874
L18,endpoint_identity_suffix,20,0.0,-0.42204790392721325,-0.42204790392721325
L18,endpoint_identity_suffix,23,0.0,-0.7804179082035921,-0.780417908203592
L18,endpoint_identity_suffix,24,0.0,-0.0847469023916686,-0.0847469023916686
L18,endpoint_identity_suffix,26,0.07026093243186349,-0.41294534016894247,-0.48320627260080595
L18,endpoint_identity_suffix,31,0.05089512125608009,-0.3167691723742514,-0.3676642936303315
L18,endpoint_identity_suffix,36,0.0,-0.9511460723785874,-0.9511460723785875
L18,endpoint_identity_suffix,37,0.0,-0.4460070375033549,-0.4460070375033549
L18,endpoint_identity_suffix,39,0.0,-0.11919668270139017,-0.11919668270139017
L18,endpoint_identity_suffix,46,0.0,-0.45243570043766546,-0.45243570043766546
L18,endpoint_identity_suffix,47,0.05938445589129304,-0.4804627309926882,-0.5398471868839813
L18,endpoint_identity_suffix,56,0.019542578412874323,-0.3228117528150376,-0.3423543312279119
L18,endpoint_identity_suffix,59,-0.4339894876748146,-0.2315020535294301,0.2024874341453845
L18,endpoint_identity_suffix,62,0.0457114398024272,-0.4637217429069499,-0.5094331827093771
L18,endpoint_identity_suffix,63,0.0,-0.25662596209057453,-0.2566259620905746
L18,endpoint_identity_suffix,72,0.2892327751755782,0.2524930475128283,-0.03673972766274991
L18,endpoint_identity_suffix,74,-0.14594573457034954,-0.1954025804452897,-0.04945684587494015
L18,endpoint_identity_suffix,79,0.18820047599581857,-0.0389483954565959,-0.22714887145241447
L18,endpoint_identity_suffix,81,-0.010210131982514192,-0.8691604718684454,-0.8589503398859311
L18,endpoint_identity_suffix,82,-0.021832518203835916,-0.016208857610969796,0.00562366059286612
L18,endpoint_identity_suffix,84,-0.4253593187045305,-0.4041991064711754,0.02116021223335507
L18,endpoint_identity_suffix,87,0.3486304751452721,-0.18393248887319236,-0.5325629640184645
L18,endpoint_identity_suffix,89,0.0,-0.6505805967175339,-0.6505805967175339
L18,endpoint_identity_suffix,93,0.0,-0.16520578778852502,-0.16520578778852502
L18,endpoint_identity_suffix,100,0.0,-0.27680481112020505,-0.27680481112020505
L18,endpoint_identity_suffix,104,0.30264649530415766,-0.19729652496656214,-0.4999430202707198
L18,endpoint_identity_suffix,107,0.42899571311425955,0.222443039754612,-0.20655267335964755
L18,endpoint_identity_suffix,110,0.0,-0.28381885991629774,-0.28381885991629774
L18,endpoint_identity_suffix,115,0.19498508769745349,-0.06774117151130632,-0.2627262592087598
L18,endpoint_identity_suffix,117,0.0,-0.25401806124620974,-0.2540180612462097
L18,endpoint_identity_suffix,118,-0.027325878005503595,-0.9083543012903733,-0.8810284232848697
L18,endpoint_identity_suffix,130,0.0905930226024303,-0.1419212727109026,-0.2325142953133329
L18,endpoint_identity_suffix,136,0.0,-0.06637276156093708,-0.06637276156093708
L18,endpoint_identity_suffix,138,0.0,-0.18242513129315685,-0.18242513129315685
L18,endpoint_identity_suffix,140,0.38148388233230734,0.07713975819888086,-0.3043441241334265
L18,endpoint_identity_suffix,144,0.11032144849573966,-0.0890049595309832,-0.19932640802672286
L18,endpoint_identity_suffix,156,0.21106401661982066,-0.208303562352523,-0.41936757897234367
L18,endpoint_identity_suffix,158,0.17544653081423733,-0.1147691844442904,-0.29021571525852774
L18,endpoint_identity_suffix,160,0.0,-0.14922823191533796,-0.14922823191533796
L18,endpoint_identity_suffix,162,-0.39165788179946165,-0.16477127035682937,0.22688661144263222
L18,endpoint_identity_suffix,163,0.014411916212223486,-0.10672649716062244,-0.12113841337284592
L18,endpoint_identity_suffix,168,0.0,-0.7640708366226698,-0.7640708366226698
L18,endpoint_identity_suffix,170,0.04199270132416677,-0.32925296572517637,-0.3712456670493432
L18,endpoint_identity_suffix,172,0.0,-0.23387018177232155,-0.23387018177232155
L18,endpoint_identity_suffix,175,0.0,0.058283549252446276,0.058283549252446276
L18,endpoint_identity_suffix,176,0.0,-0.6335989807724326,-0.6335989807724325
L18,endpoint_identity_suffix,180,0.04643488191885181,-0.013169439251197623,-0.059604321170049435
L18,endpoint_identity_suffix,182,0.23836152005307754,0.05174704510907824,-0.1866144749439993
L18,endpoint_identity_suffix,183,0.16899844088267335,0.021954374218777994,-0.14704406666389536
L18,endpoint_identity_suffix,184,0.0,-0.02247503584432109,-0.02247503584432109
L18,endpoint_identity_suffix,186,0.0,-0.03601206482677499,-0.03601206482677499
L18,endpoint_identity_suffix,191,0.0,-0.17972513982011729,-0.17972513982011729
L18,endpoint_identity_suffix,192,0.0,-0.7228434203886365,-0.7228434203886365
L18,endpoint_identity_suffix,193,-0.5642723769638437,-0.6731909453566529,-0.10891856839280922
L19,endpoint_equality,1,0.0,-0.042070275602303475,-0.042070275602303475
L19,endpoint_equality,2,0.0,-0.058852376459729294,-0.058852376459729294
L19,endpoint_equality,3,0.0,-0.24384518886452888,-0.24384518886452888
L19,endpoint_equality,4,0.0,0.030578853128764516,0.030578853128764516
L19,endpoint_equality,8,0.2671052100603606,0.0,-0.2671052100603606
L19,endpoint_equality,9,0.0,-0.10657765958622034,-0.10657765958622034
L19,endpoint_equality,11,0.0,0.02253044960862205,0.02253044960862205
L19,endpoint_equality,15,0.0,-0.061327729639322426,-0.061327729639322426
L19,endpoint_equality,16,0.1688820539662368,-0.03936044014477802,-0.2082424941110148
L19,endpoint_equality,20,0.0,-0.3501557058629742,-0.3501557058629742
L19,endpoint_equality,23,0.0,-0.4388550725046948,-0.4388550725046948
L19,endpoint_equality,24,0.0,0.08378500554801072,0.08378500554801072
L19,endpoint_equality,25,-1.1102230246251565e-16,-0.418006523004408,-0.4180065230044079
L19,endpoint_equality,26,0.0,-0.10769951715545711,-0.10769951715545711
L19,endpoint_equality,31,0.0,-0.3926265430571829,-0.3926265430571829
L19,endpoint_equality,36,0.0,-0.6679620112373259,-0.6679620112373259
L19,endpoint_equality,37,0.0,-0.15070970283865137,-0.15070970283865137
L19,endpoint_equality,39,0.0,0.027987924766325056,0.027987924766325056
L19,endpoint_equality,46,0.0,-0.3963917189420463,-0.3963917189420463
L19,endpoint_equality,47,0.0,-0.08649872527051561,-0.08649872527051561
L19,endpoint_equality,48,0.08216602044570809,-0.05557543424372713,-0.13774145468943522
L19,endpoint_equality,50,0.0,0.03805621123579228,0.03805621123579228
L19,endpoint_equality,53,0.0,0.028146853038790276,0.028146853038790276
L19,endpoint_equality,54,0.0,-0.20646476905044664,-0.20646476905044664
L19,endpoint_equality,56,0.0,-0.21134309875772606,-0.21134309875772606
L19,endpoint_equality,57,0.0,0.2571405041635697,0.2571405041635697
L19,endpoint_equality,59,0.0,-0.09117169419688653,-0.09117169419688653
L19,endpoint_equality,62,0.0,-0.3838283042789514,-0.3838283042789514
L19,endpoint_equality,63,0.0,-0.17398870833907232,-0.17398870833907232
L19,endpoint_equality,72,0.0,0.09097552236788453,0.09097552236788453
L19,endpoint_equality,74,0.053637766819556676,0.0,-0.053637766819556676
L19,endpoint_equality,79,0.0,-0.06609739407854787,-0.06609739407854787
L19,endpoint_equality,80,0.30684201022552393,-0.06348197852510484,-0.3703239887506288
L19,endpoint_equality,81,0.0,-0.3357428786498027,-0.3357428786498027
L19,endpoint_equality,82,0.0,0.008359050327699125,0.008359050327699125
L19,endpoint_equality,83,0.0,-0.46825076494653217,-0.46825076494653217
L19,endpoint_equality,84,0.0,-0.13932032227329527,-0.13932032227329527
L19,endpoint_equality,87,0.266929461073077,-0.05841050486919719,-0.3253399659422742
L19,endpoint_equality,89,0.0,-0.3128105722389235,-0.3128105722389235
L19,endpoint_equality,90,0.0,-0.002653978187978412,-0.002653978187978412
L19,endpoint_equality,91,0.0,0.11972110618682619,0.11972110618682619
L19,endpoint_equality,93,0.0,-0.15684948579062652,-0.15684948579062652
L19,endpoint_equality,98,0.0,-0.3380673542162208,-0.3380673542162208
L19,endpoint_equality,99,0.0,-0.4345440575184719,-0.4345440575184719
L19,endpoint_equality,100,0.0,-0.3136393916245629,-0.3136393916245629
L19,endpoint_equality,104,0.3296899848595449,0.0,-0.3296899848595449
L19,endpoint_equality,107,0.18056971824096446,0.0,-0.18056971824096446
L19,endpoint_equality,109,0.15334730912504135,-0.046370001327033616,-0.19971731045207497
L19,endpoint_equality,110,0.0,-0.3077583231108475,-0.3077583231108475
L19,endpoint_equality,114,0.0,-0.3472998896041958,-0.3472998896041958
L19,endpoint_equality,115,0.0,-0.027948718807159212,-0.027948718807159212
L19,endpoint_equality,117,0.0,-0.42904420432486834,-0.42904420432486834
L19,endpoint_equality,118,0.0,-0.26779003450868155,-0.26779003450868155
L19,endpoint_equality,128,0.0,-0.044121405216447585,-0.044121405216447585
L19,endpoint_equality,130,0.029258781670925438,0.0,-0.029258781670925438
L19,endpoint_equality,136,0.0,0.09233384642406772,0.09233384642406772
L19,endpoint_equality,138,0.0,-0.3730665088779642,-0.3730665088779642
L19,endpoint_equality,140,0.0,-0.13501376329086545,-0.13501376329086545
L19,endpoint_equality,142,5.551115123125783e-17,-0.6063398092764712,-0.6063398092764714
L19,endpoint_equality,144,0.14701205291446884,-0.02317912109585074,-0.17019117401031958
L19,endpoint_equality,149,0.0,-0.15385072391599075,-0.15385072391599075
L19,endpoint_equality,152,0.0,-0.07409916478079737,-0.07409916478079737
L19,endpoint_equality,153,0.0,0.007153203346778492,0.007153203346778492
L19,endpoint_equality,156,0.0,-0.25557362506110615,-0.25557362506110615
L19,endpoint_equality,158,0.0,-0.08176496706300984,-0.08176496706300984
L19,endpoint_equality,159,0.0,-0.4082275265584977,-0.4082275265584976
L19,endpoint_equality,160,0.0,-0.07348595960124138,-0.07348595960124138
L19,endpoint_equality,162,0.0,-0.2165069904330672,-0.2165069904330672
L19,endpoint_equality,163,0.0,-0.021881698513140924,-0.021881698513140924
L19,endpoint_equality,165,-2.7755575615628914e-17,-0.6559319891189817,-0.6559319891189815
L19,endpoint_equality,167,0.0,0.08592473252261246,0.08592473252261246
L19,endpoint_equality,168,0.0,-0.12509662369295682,-0.12509662369295693
L19,endpoint_equality,170,0.0,-0.2446499528628191,-0.24464995286281904
L19,endpoint_equality,172,0.0,-0.17339542733681146,-0.17339542733681146
L19,endpoint_equality,173,0.0,-0.17085052071827111,-0.17085052071827111
L19,endpoint_equality,175,0.0,0.019511629376836925,0.019511629376836925
L19,endpoint_equality,176,0.0,-0.27194075750497715,-0.27194075750497715
L19,endpoint_equality,180,0.0,0.0428717085174235,0.0428717085174235
L19,endpoint_equality,181,0.0,-0.2613744041694861,-0.2613744041694861
L19,endpoint_equality,182,0.0,0.02755741238699838,0.02755741238699838
L19,endpoint_equality,183,0.0,-0.010155647200672524,-0.010155647200672524
L19,endpoint_equality,184,0.0,-0.148412393999396,-0.148412393999396
L19,endpoint_equality,185,0.0,0.05787650861744953,0.05787650861744953
L19,endpoint_equality,186,0.0,0.024157967875007458,0.024157967875007458
L19,endpoint_equality,191,0.0,-0.5465290395865022,-0.5465290395865022
L19,endpoint_equality,192,0.0,-0.2481513397933076,-0.2481513397933076
L19,endpoint_equality,193,0.0,-0.27826422202762113,-0.27826422202762113
L19,endpoint_equality,196,0.0,0.15827695209190318,0.15827695209190318
L19,endpoint_identity,1,-0.044511147897157155,-0.21421492488057914,-0.16970377698342198
L19,endpoint_identity,2,0.2881887368105476,-0.04614176678285342,-0.334330503593401
L19,endpoint_identity,3,0.0,-0.21491069269642504,-0.21491069269642504
L19,endpoint_identity,9,-0.5048568903253686,-0.5883270725826946,-0.08347018225732594
L19,endpoint_identity,11,0.0,-0.07919960227343292,-0.07919960227343292
L19,endpoint_identity,15,-0.035052220704413495,-0.10986906649381267,-0.07481684578939918
L19,endpoint_identity,16,0.24989519210383748,-0.0860895371115491,-0.3359847292153866
L19,endpoint_identity,20,0.0,-0.44006043700845887,-0.44006043700845887
L19,endpoint_identity,23,0.0,-0.2669747224687571,-0.2669747224687571
L19,endpoint_identity,24,0.0,-0.1083593671864328,-0.1083593671864328
L19,endpoint_identity,25,2.220446049250313e-16,-0.9618466910580863,-0.9618466910580865
L19,endpoint_identity,26,-0.12750742441480284,-0.19005797145080683,-0.06255054703600399
L19,endpoint_identity,31,0.0,-0.30076180310361245,-0.30076180310361245
L19,endpoint_identity,36,0.0,-0.7095714658407186,-0.7095714658407186
L19,endpoint_identity,37,0.0,-0.39473653509961526,-0.39473653509961526
L19,endpoint_identity,39,0.0,-0.11463165106589779,-0.11463165106589779
L19,endpoint_identity,46,0.0,-0.4072980617763934,-0.4072980617763934
L19,endpoint_identity,47,0.06789396481662724,-0.46135099718343775,-0.529244962000065
L19,endpoint_identity,48,-0.2581345232948534,-0.22332168186429702,0.03481284143055641
L19,endpoint_identity,54,0.0,-0.20111928620029096,-0.20111928620029096
L19,endpoint_identity,56,0.0,-0.20670846580706814,-0.20670846580706814
L19,endpoint_identity,57,-0.624240610319827,-0.1335981390347034,0.4906424712851236
L19,endpoint_identity,59,-0.45723175762648527,-0.20936367390488597,0.2478680837215993
L19,endpoint_identity,62,0.0,-0.47290818066026696,-0.47290818066026696
L19,endpoint_identity,63,0.0,-0.18667268476907284,-0.18667268476907284
L19,endpoint_identity,72,0.0,0.19393816568490463,0.19393816568490463
L19,endpoint_identity,74,-0.2026035941800876,-0.22185184964642135,-0.01924825546633374
L19,endpoint_identity,79,-0.12967014911488062,-0.27170897163393537,-0.14203882251905475
L19,endpoint_identity,80,-0.34933796044681803,-0.6974722638148517,-0.3481343033680337
L19,endpoint_identity,81,0.0,-0.475262249719544,-0.475262249719544
L19,endpoint_identity,82,-0.02542605003345022,-0.017175368462981844,0.008250681570468377
L19,endpoint_identity,84,-0.43608156781860286,-0.3565486959713672,0.07953287184723568
L19,endpoint_identity,87,0.3503449176584139,-0.17886921428416813,-0.529214131942582
L19,endpoint_identity,89,0.0,-0.19270229592743993,-0.19270229592743993
L19,endpoint_identity,90,-0.40156265992877,-0.08504494952358543,0.3165177104051845
L19,endpoint_identity,93,0.0,-0.15684948579062652,-0.15684948579062652
L19,endpoint_identity,99,0.0,-0.4176650189344415,-0.4176650189344415
L19,endpoint_identity,100,0.0,-0.3131660267618793,-0.3131660267618793
L19,endpoint_identity,104,0.30195696140434347,-0.19978471975995626,-0.5017416811642997
L19,endpoint_identity,107,0.2542593351081074,0.0,-0.2542593351081074
L19,endpoint_identity,110,0.0,-0.3066525137688605,-0.3066525137688605
L19,endpoint_identity,115,0.19125170466654673,-0.06185441000026759,-0.2531061146668143
L19,endpoint_identity,117,0.0,-0.26479591195460384,-0.26479591195460384
L19,endpoint_identity,118,5.551115123125783e-17,-0.6459111378430366,-0.6459111378430367
L19,endpoint_identity,130,0.0025597104283922034,-0.2236519820191375,-0.2262116924475297
L19,endpoint_identity,136,0.0,-0.08056999914982121,-0.08056999914982121
L19,endpoint_identity,138,0.0,-0.19413814526548712,-0.19413814526548712
L19,endpoint_identity,140,0.3874244295289454,0.05045374984320938,-0.336970679685736
L19,endpoint_identity,144,0.09047649017318038,-0.08857198222465645,-0.17904847239783683
L19,endpoint_identity,149,-0.38362964720767784,-0.468782030895718,-0.08515238368804018
L19,endpoint_identity,156,0.0,-0.22985095845428494,-0.22985095845428494
L19,endpoint_identity,158,-0.011257557737160417,-0.22299051683325644,-0.21173295909609602
L19,endpoint_identity,160,0.0,-0.143603640467302,-0.143603640467302
L19,endpoint_identity,162,-0.4189178140626847,-0.1878424145357237,0.231075399526961
L19,endpoint_identity,163,-0.14346017580016468,-0.08419664818312422,0.05926352761704046
L19,endpoint_identity,168,0.0,-0.12772287875819188,-0.12772287875819188
L19,endpoint_identity,170,0.0,-0.2446499528628191,-0.24464995286281904
L19,endpoint_identity,172,0.0,-0.2041351613294784,-0.2041351613294784
L19,endpoint_identity,175,0.0,0.07305194701554352,0.07305194701554352
L19,endpoint_identity,176,0.0,-0.29262819550070307,-0.29262819550070307
L19,endpoint_identity,180,0.07629124891916006,-0.01771518972061603,-0.09400643863977609
L19,endpoint_identity,182,-0.07752336378797242,-0.08185022848530255,-0.004326864697330124
L19,endpoint_identity,183,0.0,-0.05695257585364888,-0.05695257585364888
L19,endpoint_identity,184,0.0,-0.028358484760429015,-0.028358484760429015
L19,endpoint_identity,186,0.0,-0.058427610698841725,-0.058427610698841725
L19,endpoint_identity,191,0.0,-0.3833990305876044,-0.3833990305876044
L19,endpoint_identity,192,0.0,-0.18916686558326634,-0.18916686558326634
L19,endpoint_identity,193,-0.565882102892576,-0.629173681012726,-0.06329157812014996
L19,endpoint_identity_suffix,1,-0.044511147897157155,-0.21421492488057914,-0.16970377698342198
L19,endpoint_identity_suffix,2,0.2881887368105476,-0.04614176678285342,-0.334330503593401
L19,endpoint_identity_suffix,3,0.0,-0.23983335291416408,-0.23983335291416408
L19,endpoint_identity_suffix,9,-0.5194306304009604,-0.5883270725826946,-0.06889644218173419
L19,endpoint_identity_suffix,11,0.0,-0.07919960227343292,-0.07919960227343292
L19,endpoint_identity_suffix,15,0.10267097010580795,0.12581189037905527,0.023140920273247323
L19,endpoint_identity_suffix,16,0.25752425575327953,-0.0860895371115491,-0.3436137928648286
L19,endpoint_identity_suffix,20,0.0,-0.3953939269276381,-0.3953939269276381
L19,endpoint_identity_suffix,23,0.0,-0.7870548899712183,-0.7870548899712183
L19,endpoint_identity_suffix,24,0.0,-0.1083593671864328,-0.1083593671864328
L19,endpoint_identity_suffix,26,0.05572932382068907,-0.4595617005841305,-0.5152910244048196
L19,endpoint_identity_suffix,31,0.048705344812631335,-0.30076180310361245,-0.3494671479162438
L19,endpoint_identity_suffix,36,0.0,-0.9564810673172589,-0.9564810673172589
L19,endpoint_identity_suffix,37,0.0,-0.39473653509961526,-0.39473653509961526
L19,endpoint_identity_suffix,39,0.0,-0.11463165106589779,-0.11463165106589779
L19,endpoint_identity_suffix,46,0.0,-0.42690040572606625,-0.42690040572606625
L19,endpoint_identity_suffix,47,0.06789396481662724,-0.44370652734163674,-0.511600492158264
L19,endpoint_identity_suffix,56,0.0196700802574431,-0.26567070928690295,-0.28534078954434605
L19,endpoint_identity_suffix,59,-0.444778488368948,-0.20936367390488597,0.23541481446406198
L19,endpoint_identity_suffix,62,0.04569668413487127,-0.4341998730714036,-0.4798965572062749
L19,endpoint_identity_suffix,63,0.0,-0.24830810986698804,-0.24830810986698804
L19,endpoint_identity_suffix,72,0.28801854604171584,0.26800681847495145,-0.020011727566764392
L19,endpoint_identity_suffix,74,-0.15555250230732803,-0.19525403316175038,-0.03970153085442235
L19,endpoint_identity_suffix,79,0.19718013119988975,-0.04204543012904227,-0.23922556132893202
L19,endpoint_identity_suffix,81,-0.009131430498343529,-0.8720633389878443,-0.8629319084895006
L19,endpoint_identity_suffix,82,-0.02542605003345022,-0.017175368462981844,0.008250681570468377
L19,endpoint_identity_suffix,84,-0.4265440629331842,-0.3565486959713672,0.06999536696181696
L19,endpoint_identity_suffix,87,0.3503449176584139,-0.17886921428416813,-0.529214131942582
L19,endpoint_identity_suffix,89,0.0,-0.6440258513444754,-0.6440258513444754
L19,endpoint_identity_suffix,93,0.0,-0.13596317602882235,-0.13596317602882235
L19,endpoint_identity_suffix,100,0.0,-0.25101732536402654,-0.25101732536402654
L19,endpoint_identity_suffix,104,0.30195696140434347,-0.19978471975995626,-0.5017416811642997
L19,endpoint_identity_suffix,107,0.3939702943439236,0.2250142396372783,-0.16895605470664532
L19,endpoint_identity_suffix,110,0.0,-0.2845357655435765,-0.2845357655435765
L19,endpoint_identity_suffix,115,0.19125170466654673,-0.06185441000026759,-0.2531061146668143
L19,endpoint_identity_suffix,117,0.0,-0.2374667441484113,-0.2374667441484113
L19,endpoint_identity_suffix,118,-0.018103814634700177,-0.9195103193427265,-0.9014065047080264
L19,endpoint_identity_suffix,130,0.07817705114947127,-0.1302378602798695,-0.20841491142934077
L19,endpoint_identity_suffix,136,0.0,-0.08056999914982121,-0.08056999914982121
L19,endpoint_identity_suffix,138,0.0,-0.19413814526548712,-0.19413814526548712
L19,endpoint_identity_suffix,140,0.3874244295289454,0.05045374984320938,-0.336970679685736
L19,endpoint_identity_suffix,144,0.10640536039908699,-0.08857198222465645,-0.19497734262374344
L19,endpoint_identity_suffix,156,0.2221693191538281,-0.2132543938997854,-0.4354237130536135
L19,endpoint_identity_suffix,158,0.18522372912254825,-0.10978407482323371,-0.29500780394578197
L19,endpoint_identity_suffix,160,0.0,-0.143603640467302,-0.143603640467302
L19,endpoint_identity_suffix,162,-0.4076476569259662,-0.1878424145357237,0.21980524239024246
L19,endpoint_identity_suffix,163,0.015036061469768769,-0.10579847943109233,-0.1208345409008611
L19,endpoint_identity_suffix,168,0.0,-0.7937534832738535,-0.7937534832738536
L19,endpoint_identity_suffix,170,0.0425886165902023,-0.3228363280851594,-0.36542494467536163
L19,endpoint_identity_suffix,172,0.0,-0.2041351613294784,-0.2041351613294784
L19,endpoint_identity_suffix,175,0.0,0.05200354285767328,0.05200354285767328
L19,endpoint_identity_suffix,176,0.0,-0.6730239777311411,-0.6730239777311411
L19,endpoint_identity_suffix,180,0.07629124891916006,-0.01771518972061603,-0.09400643863977609
L19,endpoint_identity_suffix,182,0.23876560439692152,0.04525745130471881,-0.1935081530922027
L19,endpoint_identity_suffix,183,0.16844148078346743,0.009458663391849864,-0.15898281739161757
L19,endpoint_identity_suffix,184,0.0,-0.028358484760429015,-0.028358484760429015
L19,endpoint_identity_suffix,186,0.0,-0.03164275428741359,-0.03164275428741359
L19,endpoint_identity_suffix,191,0.0,-0.18185124764850702,-0.18185124764850702
L19,endpoint_identity_suffix,192,0.0,-0.7496553506231299,-0.7496553506231299
L19,endpoint_identity_suffix,193,-0.565882102892576,-0.629173681012726,-0.06329157812014996
L20,endpoint_equality,1,0.0,-0.03922079645521914,-0.03922079645521914
L20,endpoint_equality,2,0.0,-0.05688178597873206,-0.05688178597873206
L20,endpoint_equality,3,0.0,-0.23568173193407937,-0.23568173193407937
L20,endpoint_equality,4,0.0,0.030228370062082455,0.030228370062082455
L20,endpoint_equality,8,0.2644683220322843,0.0,-0.2644683220322843
L20,endpoint_equality,9,0.0,-0.10419364360131633,-0.10419364360131633
L20,endpoint_equality,11,0.0,0.02117190695990301,0.02117190695990301
L20,endpoint_equality,15,0.0,-0.06074701321881393,-0.06074701321881393
L20,endpoint_equality,16,0.16979361006164473,-0.03853829419893651,-0.20833190426058124
L20,endpoint_equality,20,0.0,-0.3370254331074385,-0.3370254331074385
L20,endpoint_equality,23,0.0,-0.43743165226190805,-0.4374316522619081
L20,endpoint_equality,24,0.0,0.07819226746742358,0.07819226746742358
L20,endpoint_equality,25,-2.220446049250313e-16,-0.40088591130421525,-0.400885911304215
L20,endpoint_equality,26,0.0,-0.10478028575478571,-0.10478028575478571
L20,endpoint_equality,31,0.0,-0.3839724469700905,-0.3839724469700905
L20,endpoint_equality,36,0.0,-0.6735705097575521,-0.6735705097575521
L20,endpoint_equality,37,0.0,-0.15051609444931346,-0.15051609444931335
L20,endpoint_equality,39,0.0,0.026673882080100464,0.026673882080100464
L20,endpoint_equality,46,0.0,-0.38349304669605067,-0.3834930466960506
L20,endpoint_equality,47,0.0,-0.08090173433959102,-0.08090173433959102
L20,endpoint_equality,48,0.08406597474026689,-0.055764194384589016,-0.1398301691248559
L20,endpoint_equality,50,0.0,0.03695450623473073,0.03695450623473073
L20,endpoint_equality,53,0.0,0.02619935287003594,0.02619935287003594
L20,endpoint_equality,54,0.0,-0.19578258167641416,-0.19578258167641416
L20,endpoint_equality,56,0.0,-0.19090652150625698,-0.19090652150625698
L20,endpoint_equality,57,0.0,0.25619258002806566,0.25619258002806566
L20,endpoint_equality,59,0.0,-0.09005391422449116,-0.09005391422449116
L20,endpoint_equality,62,0.0,-0.37439990024432634,-0.37439990024432634
L20,endpoint_equality,63,0.0,-0.17574656919254494,-0.1757465691925449
L20,endpoint_equality,72,0.0,0.0907420724388952,0.0907420724388952
L20,endpoint_equality,74,0.05232384760418607,0.0,-0.05232384760418607
L20,endpoint_equality,79,0.0,-0.06369196464963833,-0.06369196464963833
L20,endpoint_equality,80,0.30900617302017674,-0.05690200141856838,-0.3659081744387451
L20,endpoint_equality,81,0.0,-0.3263769534405565,-0.3263769534405565
L20,endpoint_equality,82,0.0,0.008341995146383896,0.008341995146383896
L20,endpoint_equality,83,0.0,-0.457935815941488,-0.45793581594148813
L20,endpoint_equality,84,0.0,-0.1335474639744605,-0.1335474639744605
L20,endpoint_equality,87,0.26454358022548385,-0.05681917919096602,-0.3213627594164499
L20,endpoint_equality,89,0.0,-0.30827818222437386,-0.30827818222437386
L20,endpoint_equality,90,0.0,-0.003330346136843909,-0.003330346136843909
L20,endpoint_equality,91,0.0,0.12237782499552174,0.12237782499552174
L20,endpoint_equality,93,0.0,-0.1618745367583746,-0.1618745367583746
L20,endpoint_equality,98,0.0,-0.33064480831802545,-0.33064480831802534
L20,endpoint_equality,99,0.0,-0.423129796034025,-0.42312979603402495
L20,endpoint_equality,100,0.0,-0.31345246134568516,-0.31345246134568516
L20,endpoint_equality,104,0.3315767625445787,0.0,-0.3315767625445787
L20,endpoint_equality,107,0.17911854267458394,0.0,-0.17911854267458394
L20,endpoint_equality,109,0.15799604946581303,-0.04562049704343418,-0.2036165465092472
L20,endpoint_equality,110,0.0,-0.30544277377578544,-0.30544277377578544
L20,endpoint_equality,114,0.0,-0.3500694057189132,-0.3500694057189132
L20,endpoint_equality,115,0.0,-0.023414120319768195,-0.023414120319768195
L20,endpoint_equality,117,0.0,-0.4212860225212771,-0.4212860225212771
L20,endpoint_equality,118,0.0,-0.26733519930488336,-0.26733519930488336
L20,endpoint_equality,128,0.0,-0.04444071628936541,-0.04444071628936541
L20,endpoint_equality,130,0.02888117148852165,0.0,-0.02888117148852165
L20,endpoint_equality,136,0.0,0.09235391940319926,0.09235391940319926
L20,endpoint_equality,138,0.0,-0.3788291644769287,-0.3788291644769287
L20,endpoint_equality,140,0.0,-0.13196914312436359,-0.13196914312436359
L20,endpoint_equality,142,1.1102230246251565e-16,-0.6011996297659751,-0.6011996297659752
L20,endpoint_equality,144,0.1457335093993748,-0.022412754762027864,-0.16814626416140266
L20,endpoint_equality,149,0.0,-0.15505753993808902,-0.15505753993808902
L20,endpoint_equality,152,0.0,-0.06894686041732201,-0.06894686041732201
L20,endpoint_equality,153,0.0,0.007847100457267997,0.007847100457267997
L20,endpoint_equality,156,0.0,-0.2522113882934496,-0.2522113882934496
L20,endpoint_equality,158,0.0,-0.08223659029015984,-0.08223659029015984
L20,endpoint_equality,159,0.0,-0.39621585923626035,-0.39621585923626046
L20,endpoint_equality,160,0.0,-0.06603888880605302,-0.06603888880605302
L20,endpoint_equality,162,0.0,-0.2163302863936477,-0.2163302863936477
L20,endpoint_equality,163,0.0,-0.02131727428965191,-0.02131727428965191
L20,endpoint_equality,165,-2.7755575615628914e-17,-0.6637662201508865,-0.6637662201508864
L20,endpoint_equality,167,0.0,0.08284717829867527,0.08284717829867527
L20,endpoint_equality,168,0.0,-0.1269605636258746,-0.1269605636258746
L20,endpoint_equality,170,0.0,-0.2391394679666501,-0.23913946796665014
L20,endpoint_equality,172,0.0,-0.16267887211450094,-0.16267887211450094
L20,endpoint_equality,173,0.0,-0.172604443160276,-0.172604443160276
L20,endpoint_equality,175,0.0,0.018136304345484966,0.018136304345484966
L20,endpoint_equality,176,0.0,-0.2702457832415365,-0.2702457832415365
L20,endpoint_equality,180,0.0,0.043056426066832465,0.043056426066832465
L20,endpoint_equality,181,0.0,-0.2438865493391793,-0.2438865493391793
L20,endpoint_equality,182,0.0,0.02749805928266702,0.02749805928266702
L20,endpoint_equality,183,0.0,-0.009743104469994268,-0.009743104469994268
L20,endpoint_equality,184,0.0,-0.14824395410423197,-0.14824395410423197
L20,endpoint_equality,185,0.0,0.05761343289434673,0.05761343289434673
L20,endpoint_equality,186,0.0,0.02318043342867071,0.02318043342867071
L20,endpoint_equality,191,0.0,-0.5459057538545607,-0.5459057538545607
L20,endpoint_equality,192,0.0,-0.2402219305130333,-0.2402219305130333
L20,endpoint_equality,193,0.0,-0.2653531818909921,-0.2653531818909921
L20,endpoint_equality,196,0.0,0.1527820908859332,0.1527820908859332
L20,endpoint_identity,1,-0.03671191424845477,-0.20796927023672196,-0.1712573559882672
L20,endpoint_identity,2,0.29374453442309123,-0.05689746072881019,-0.3506419951519014
L20,endpoint_identity,3,0.0,-0.21423074363015926,-0.21423074363015926
L20,endpoint_identity,9,-0.5009442890404064,-0.5718666093277337,-0.07092232028732726
L20,endpoint_identity,11,0.0,-0.07986277399034325,-0.07986277399034325
L20,endpoint_identity,15,-0.035964931594388405,-0.11413611184240846,-0.07817118024802006
L20,endpoint_identity,16,0.2500181286485873,-0.08722897998786427,-0.3372471086364516
L20,endpoint_identity,20,0.0,-0.42249780873030285,-0.42249780873030285
L20,endpoint_identity,23,0.0,-0.26707195000913986,-0.26707195000913986
L20,endpoint_identity,24,0.0,-0.1146277185550868,-0.1146277185550868
L20,endpoint_identity,25,2.220446049250313e-16,-0.9643863512343195,-0.9643863512343197
L20,endpoint_identity,26,-0.13351168418777254,-0.1849063866260926,-0.051394702438320006
L20,endpoint_identity,31,0.0,-0.2789204129447228,-0.2789204129447228
L20,endpoint_identity,36,0.0,-0.7166397836754654,-0.7166397836754654
L20,endpoint_identity,37,0.0,-0.374216037698076,-0.37421603769807593
L20,endpoint_identity,39,0.0,-0.11257495894154701,-0.11257495894154701
L20,endpoint_identity,46,0.0,-0.39308867104730527,-0.3930886710473052
L20,endpoint_identity,47,0.08941196747077584,-0.4290726001150482,-0.5184845675858241
L20,endpoint_identity,48,-0.2596184837602225,-0.21567890326034778,0.043939580499874786
L20,endpoint_identity,54,0.0,-0.18999986347486553,-0.18999986347486553
L20,endpoint_identity,56,0.0,-0.18318161120312992,-0.18318161120312992
L20,endpoint_identity,57,-0.6500104038421106,-0.1331056421374861,0.5169047617046245
L20,endpoint_identity,59,-0.4572046666064758,-0.20682840608107378,0.2503762605254021
L20,endpoint_identity,62,0.0,-0.45954285542782236,-0.45954285542782236
L20,endpoint_identity,63,0.0,-0.1881113769766709,-0.18811137697667085
L20,endpoint_identity,72,0.0,0.19309592263249775,0.19309592263249775
L20,endpoint_identity,74,-0.1972767043579146,-0.22670412469916268,-0.029427420341248067
L20,endpoint_identity,79,-0.1291610406523589,-0.2697635195008019,-0.140602478848443
L20,endpoint_identity,80,-0.3406762222287892,-0.617882990401627,-0.2772067681728378
L20,endpoint_identity,81,0.0,-0.4612984572628963,-0.46129845726289626
L20,endpoint_identity,82,-0.022932693413164174,-0.02311036544785905,-0.0001776720346948757
L20,endpoint_identity,84,-0.4397635698057401,-0.3351201793498322,0.10464339045590787
L20,endpoint_identity,87,0.34721344904594786,-0.1768185978509551,-0.524032046896903
L20,endpoint_identity,89,0.0,-0.17660631463064247,-0.17660631463064247
L20,endpoint_identity,90,-0.4080719876287274,-0.07399686220532176,0.33407512542340556
L20,endpoint_identity,93,0.0,-0.1618745367583746,-0.1618745367583746
L20,endpoint_identity,99,0.0,-0.3906703066799846,-0.3906703066799846
L20,endpoint_identity,100,0.0,-0.3134361369453508,-0.3134361369453508
L20,endpoint_identity,104,0.2889297470420239,-0.20681417205236752,-0.4957439190943914
L20,endpoint_identity,107,0.25578897368660036,0.0,-0.25578897368660036
L20,endpoint_identity,110,0.0,-0.30265761213193043,-0.30265761213193043
L20,endpoint_identity,115,0.19615796143294562,-0.06133039204007695,-0.25748835347302257
L20,endpoint_identity,117,0.0,-0.25589412446044035,-0.25589412446044035
L20,endpoint_identity,118,2.7755575615628914e-17,-0.6662204990135352,-0.6662204990135352
L20,endpoint_identity,130,0.0033133620455390034,-0.2154711070533013,-0.2187844690988403
L20,endpoint_identity,136,0.0,-0.09220724712034922,-0.09220724712034922
L20,endpoint_identity,138,0.0,-0.21016780299087534,-0.21016780299087534
L20,endpoint_identity,140,0.3841632385122087,0.03298272668456015,-0.35118051182764853
L20,endpoint_identity,144,0.08569969353285589,-0.09021339059821099,-0.17591308413106688
L20,endpoint_identity,149,-0.36852599892090854,-0.4725798109308671,-0.10405381200995856
L20,endpoint_identity,156,0.0,-0.22568209031302,-0.22568209031302
L20,endpoint_identity,158,-0.012923134725347896,-0.2219442334008277,-0.2090210986754798
L20,endpoint_identity,160,0.0,-0.13769839785852045,-0.13769839785852045
L20,endpoint_identity,162,-0.413874946088018,-0.19193317633103923,0.22194176975697877
L20,endpoint_identity,163,-0.14836252496151803,-0.08010346902645904,0.06825905593505899
L20,endpoint_identity,168,0.0,-0.12947183118017846,-0.12947183118017846
L20,endpoint_identity,170,0.0,-0.2391394679666501,-0.23913946796665014
L20,endpoint_identity,172,0.0,-0.18922435110174085,-0.18922435110174085
L20,endpoint_identity,175,0.0,0.06607416775690478,0.06607416775690478
L20,endpoint_identity,176,0.0,-0.29066788541610233,-0.29066788541610233
L20,endpoint_identity,180,0.08042238841615512,-0.02238953904543406,-0.10281192746158918
L20,endpoint_identity,182,-0.07900785446681613,-0.09061816018177071,-0.011610305714954583
L20,endpoint_identity,183,0.0,-0.06334360827598928,-0.06334360827598928
L20,endpoint_identity,184,0.0,-0.03303637487149991,-0.03303637487149991
L20,endpoint_identity,186,0.0,-0.0581463307125778,-0.0581463307125778
L20,endpoint_identity,191,0.0,-0.38418790782436385,-0.38418790782436385
L20,endpoint_identity,192,0.0,-0.17536182909120468,-0.17536182909120468
L20,endpoint_identity,193,-0.5629449164761435,-0.5815040965402303,-0.018559180064086744
L20,endpoint_identity_suffix,1,-0.03671191424845477,-0.20796927023672196,-0.1712573559882672
L20,endpoint_identity_suffix,2,0.29374453442309123,-0.05689746072881019,-0.3506419951519014
L20,endpoint_identity_suffix,3,0.0,-0.23800297502973455,-0.23800297502973455
L20,endpoint_identity_suffix,9,-0.5128103577012392,-0.5718666093277337,-0.05905625162649447
L20,endpoint_identity_suffix,11,0.0,-0.07986277399034325,-0.07986277399034325
L20,endpoint_identity_suffix,15,0.10327147528580727,0.11908392219974928,0.015812446913942013
L20,endpoint_identity_suffix,16,0.2577213831029286,-0.08722897998786427,-0.34495036309079286
L20,endpoint_identity_suffix,20,0.0,-0.37975643713324714,-0.37975643713324714
L20,endpoint_identity_suffix,23,0.0,-0.7891606859819023,-0.7891606859819023
L20,endpoint_identity_suffix,24,0.0,-0.1146277185550868,-0.1146277185550868
L20,endpoint_identity_suffix,26,0.03534883420083246,-0.4547353477466093,-0.49008418194744174
L20,endpoint_identity_suffix,31,0.04563580162396444,-0.2789204129447228,-0.3245562145686872
L20,endpoint_identity_suffix,36,0.0,-0.9676825775137052,-0.9676825775137052
L20,endpoint_identity_suffix,37,0.0,-0.374216037698076,-0.37421603769807593
L20,endpoint_identity_suffix,39,0.0,-0.11257495894154701,-0.11257495894154701
L20,endpoint_identity_suffix,46,0.0,-0.41481993408221796,-0.4148199340822179
L20,endpoint_identity_suffix,47,0.08941196747077584,-0.40893780701482785,-0.4983497744856037
L20,endpoint_identity_suffix,56,0.01785923235312903,-0.2388042661606058,-0.2566634985137348
L20,endpoint_identity_suffix,59,-0.44613788732999227,-0.20682840608107378,0.2393094812489185
L20,endpoint_identity_suffix,62,0.04613888346144335,-0.4279154441053049,-0.47405432756674826
L20,endpoint_identity_suffix,63,0.0,-0.2506342103751642,-0.25063421037516415
L20,endpoint_identity_suffix,72,0.28558436016134514,0.2660476351322032,-0.019536725029141944
L20,endpoint_identity_suffix,74,-0.16292738349324792,-0.2032043109950019,-0.04027692750175399
L20,endpoint_identity_suffix,79,0.19928620161955513,-0.031722089336698955,-0.23100829095625408
L20,endpoint_identity_suffix,81,-0.007225931915756767,-0.8478617550901748,-0.840635823174418
L20,endpoint_identity_suffix,82,-0.022932693413164174,-0.02311036544785905,-0.0001776720346948757
L20,endpoint_identity_suffix,84,-0.4308889471683731,-0.3351201793498322,0.09576876781854093
L20,endpoint_identity_suffix,87,0.34721344904594786,-0.1768185978509551,-0.524032046896903
L20,endpoint_identity_suffix,89,0.0,-0.6501132651609984,-0.6501132651609984
L20,endpoint_identity_suffix,93,0.0,-0.13152687279039865,-0.13152687279039865
L20,endpoint_identity_suffix,100,0.0,-0.24952854246973222,-0.24952854246973222
L20,endpoint_identity_suffix,104,0.2889297470420239,-0.20681417205236752,-0.4957439190943914
L20,endpoint_identity_suffix,107,0.39080409310818354,0.23230370154241498,-0.15850039156576856
L20,endpoint_identity_suffix,110,0.0,-0.28147741104008817,-0.28147741104008817
L20,endpoint_identity_suffix,115,0.19615796143294562,-0.06133039204007695,-0.25748835347302257
L20,endpoint_identity_suffix,117,0.0,-0.2259643512142694,-0.2259643512142694
L20,endpoint_identity_suffix,118,-0.015431792526477,-0.9275372905213206,-0.9121054979948438
L20,endpoint_identity_suffix,130,0.08072762227960306,-0.12183465827984763,-0.2025622805594507
L20,endpoint_identity_suffix,136,0.0,-0.09220724712034922,-0.09220724712034922
L20,endpoint_identity_suffix,138,0.0,-0.21016780299087534,-0.21016780299087534
L20,endpoint_identity_suffix,140,0.3841632385122087,0.03298272668456015,-0.35118051182764853
L20,endpoint_identity_suffix,144,0.10131430337498926,-0.09021339059821099,-0.19152769397320024
L20,endpoint_identity_suffix,156,0.2284465863085372,-0.21342054838719737,-0.4418671346957346
L20,endpoint_identity_suffix,158,0.18314880041204984,-0.10345471410788809,-0.28660351451993793
L20,endpoint_identity_suffix,160,0.0,-0.13769839785852045,-0.13769839785852045
L20,endpoint_identity_suffix,162,-0.4035085693499783,-0.19193317633103923,0.21157539301893902
L20,endpoint_identity_suffix,163,0.011373045156318873,-0.1053743567271056,-0.11674740188342447
L20,endpoint_identity_suffix,168,0.0,-0.7997147433375824,-0.7997147433375824
L20,endpoint_identity_suffix,170,0.04239155266549033,-0.3184208334477452,-0.3608123861132356
L20,endpoint_identity_suffix,172,0.0,-0.18922435110174085,-0.18922435110174085
L20,endpoint_identity_suffix,175,0.0,0.04514751330669209,0.04514751330669209
L20,endpoint_identity_suffix,176,0.0,-0.7058320501244041,-0.7058320501244041
L20,endpoint_identity_suffix,180,0.08042238841615512,-0.02238953904543406,-0.10281192746158918
L20,endpoint_identity_suffix,182,0.23709301116877357,0.02489308570622173,-0.21219992546255184
L20,endpoint_identity_suffix,183,0.16904401840305283,0.00017324981610000734,-0.16887076858695282
L20,endpoint_identity_suffix,184,0.0,-0.03303637487149991,-0.03303637487149991
L20,endpoint_identity_suffix,186,0.0,-0.032467229650165796,-0.032467229650165796
L20,endpoint_identity_suffix,191,0.0,-0.16830164897861433,-0.16830164897861433
L20,endpoint_identity_suffix,192,0.0,-0.7681430482034515,-0.7681430482034515
L20,endpoint_identity_suffix,193,-0.5629449164761435,-0.5815040965402303,-0.018559180064086744
L21,endpoint_equality,1,0.0,-0.03555189864588537,-0.03555189864588537
L21,endpoint_equality,2,0.0,-0.05506227443556089,-0.05506227443556089
L21,endpoint_equality,3,0.0,-0.2313407228009462,-0.2313407228009462
L21,endpoint_equality,4,0.0,0.029833391210765114,0.029833391210765114
L21,endpoint_equality,8,0.27272968155166966,0.0,-0.27272968155166966
L21,endpoint_equality,9,0.0,-0.0989906712563946,-0.0989906712563946
L21,endpoint_equality,11,0.0,0.018744100696444166,0.018744100696444166
L21,endpoint_equality,15,0.0,-0.05712389453276634,-0.05712389453276634
L21,endpoint_equality,16,0.170648046788753,-0.038320345509292864,-0.20896839229804587
L21,endpoint_equality,20,0.0,-0.30440716679071456,-0.30440716679071456
L21,endpoint_equality,23,0.0,-0.43720640990275617,-0.43720640990275617
L21,endpoint_equality,24,0.0,0.07217750658501543,0.07217750658501543
L21,endpoint_equality,25,-1.1102230246251565e-16,-0.3886300650010851,-0.388630065001085
L21,endpoint_equality,26,0.0,-0.0999612045996916,-0.0999612045996916
L21,endpoint_equality,31,0.0,-0.36392165393192066,-0.36392165393192066
L21,endpoint_equality,36,0.0,-0.6680932418307773,-0.6680932418307773
L21,endpoint_equality,37,0.0,-0.14579820129980248,-0.14579820129980248
L21,endpoint_equality,39,0.0,0.023390477336977966,0.023390477336977966
L21,endpoint_equality,46,0.0,-0.3612300544034851,-0.3612300544034851
L21,endpoint_equality,47,0.0,-0.07138697264526317,-0.07138697264526317
L21,endpoint_equality,48,0.08278314633013667,-0.055066610291894635,-0.13784975662203136
L21,endpoint_equality,50,0.0,0.03502254276131378,0.03502254276131378
L21,endpoint_equality,53,0.0,0.02183875445401684,0.02183875445401684
L21,endpoint_equality,54,0.0,-0.19035704796086195,-0.19035704796086195
L21,endpoint_equality,56,0.0,-0.16728811734017646,-0.16728811734017646
L21,endpoint_equality,57,0.0,0.24214845634009274,0.24214845634009274
L21,endpoint_equality,59,0.0,-0.07752400375486546,-0.07752400375486546
L21,endpoint_equality,62,0.0,-0.35217804400155905,-0.35217804400155905
L21,endpoint_equality,63,0.0,-0.1770883619562772,-0.17708836195627714
L21,endpoint_equality,72,0.0,0.09107095143866317,0.09107095143866317
L21,endpoint_equality,74,0.05094130335411695,0.0,-0.05094130335411695
L21,endpoint_equality,79,0.0,-0.05777864801889776,-0.05777864801889776
L21,endpoint_equality,80,0.31672405854097985,-0.05019906734764956,-0.3669231258886294
L21,endpoint_equality,81,0.0,-0.32031133445513604,-0.32031133445513604
L21,endpoint_equality,82,0.0,0.008043149559632923,0.008043149559632923
L21,endpoint_equality,83,0.0,-0.4473235466037244,-0.4473235466037244
L21,endpoint_equality,84,0.0,-0.12625980892949307,-0.12625980892949307
L21,endpoint_equality,87,0.26330611176062,-0.057468126244180295,-0.3207742380048003
L21,endpoint_equality,89,0.0,-0.3029748551611442,-0.3029748551611442
L21,endpoint_equality,90,0.0,-0.002522133695332718,-0.002522133695332718
L21,endpoint_equality,91,0.0,0.12901370104929533,0.12901370104929533
L21,endpoint_equality,93,0.0,-0.15232028144086462,-0.15232028144086462
L21,endpoint_equality,98,0.0,-0.32369042065514386,-0.32369042065514386
L21,endpoint_equality,99,0.0,-0.38878848568310187,-0.38878848568310187
L21,endpoint_equality,100,0.0,-0.29851702354770293,-0.29851702354770293
L21,endpoint_equality,104,0.33389611495651017,0.0,-0.33389611495651017
L21,endpoint_equality,107,0.1777404314478227,0.0,-0.1777404314478227
L21,endpoint_equality,109,0.16470467261691946,-0.04610853707111651,-0.21081320968803596
L21,endpoint_equality,110,0.0,-0.282794255441596,-0.282794255441596
L21,endpoint_equality,114,0.0,-0.33257519489505993,-0.33257519489505993
L21,endpoint_equality,115,0.0,-0.02066672207814113,-0.02066672207814113
L21,endpoint_equality,117,0.0,-0.4081683246260164,-0.4081683246260164
L21,endpoint_equality,118,0.0,-0.2604544868418335,-0.2604544868418335
L21,endpoint_equality,128,0.0,-0.04350359280114757,-0.04350359280114757
L21,endpoint_equality,130,0.02947996550094467,0.0,-0.02947996550094467
L21,endpoint_equality,136,0.0,0.08768067492059184,0.08768067492059184
L21,endpoint_equality,138,0.0,-0.3723749734038053,-0.3723749734038053
L21,endpoint_equality,140,0.0,-0.11729727971019754,-0.11729727971019754
L21,endpoint_equality,142,1.6653345369377348e-16,-0.615021143423476,-0.6150211434234762
L21,endpoint_equality,144,0.1472199376340343,-0.0183838029345591,-0.1656037405685934
L21,endpoint_equality,149,0.0,-0.1483784540639821,-0.1483784540639821
L21,endpoint_equality,152,0.0,-0.06412334179553758,-0.06412334179553758
L21,endpoint_equality,153,0.0,0.008043675631725256,0.008043675631725256
L21,endpoint_equality,156,0.0,-0.239582393948237,-0.239582393948237
L21,endpoint_equality,158,0.0,-0.08104424143423139,-0.08104424143423139
L21,endpoint_equality,159,0.0,-0.3787984449635431,-0.3787984449635431
L21,endpoint_equality,160,0.0,-0.05099926158192836,-0.05099926158192836
L21,endpoint_equality,162,0.0,-0.21226145280793873,-0.21226145280793873
L21,endpoint_equality,163,0.0,-0.019168535059765013,-0.019168535059765013
L21,endpoint_equality,165,-2.7755575615628914e-17,-0.6517373999641143,-0.6517373999641143
L21,endpoint_equality,167,0.0,0.0802799872023452,0.0802799872023452
L21,endpoint_equality,168,0.0,-0.12003110785859439,-0.12003110785859439
L21,endpoint_equality,170,0.0,-0.22529640259948613,-0.22529640259948608
L21,endpoint_equality,172,0.0,-0.1453941722385923,-0.1453941722385923
L21,endpoint_equality,173,0.0,-0.1691168298125223,-0.1691168298125223
L21,endpoint_equality,175,0.0,0.016827979711262486,0.016827979711262486
L21,endpoint_equality,176,0.0,-0.25430729096876126,-0.25430729096876126
L21,endpoint_equality,180,0.0,0.042056246793088725,0.042056246793088725
L21,endpoint_equality,181,0.0,-0.22930483857484685,-0.22930483857484685
L21,endpoint_equality,182,0.0,0.026445872167770945,0.026445872167770945
L21,endpoint_equality,183,0.0,-0.00906514127053426,-0.00906514127053426
L21,endpoint_equality,184,0.0,-0.14528321261669563,-0.14528321261669563
L21,endpoint_equality,185,0.0,0.054599580383428936,0.054599580383428936
L21,endpoint_equality,186,0.0,0.021442502383342887,0.021442502383342887
L21,endpoint_equality,191,0.0,-0.5362942681039867,-0.5362942681039867
L21,endpoint_equality,192,0.0,-0.22233606210481938,-0.22233606210481938
L21,endpoint_equality,193,0.0,-0.2477631189298397,-0.2477631189298397
L21,endpoint_equality,196,0.0,0.1406243472770392,0.1406243472770392
L21,endpoint_identity,1,-0.030931303354764683,-0.19634525952410387,-0.16541395616933918
L21,endpoint_identity,2,0.29466851439507735,-0.06212169252986999,-0.35679020692494734
L21,endpoint_identity,3,0.0,-0.21857099074290864,-0.21857099074290864
L21,endpoint_identity,9,-0.5135586936020435,-0.5316789869751977,-0.018120293373154128
L21,endpoint_identity,11,0.0,-0.0806863159054072,-0.0806863159054072
L21,endpoint_identity,15,-0.029052920969877105,-0.11194101448868632,-0.08288809351880921
L21,endpoint_identity,16,0.25256311811040566,-0.09010926580524958,-0.34267238391565524
L21,endpoint_identity,20,0.0,-0.37580281197078,-0.37580281197078
L21,endpoint_identity,23,0.0,-0.2746917953676976,-0.2746917953676976
L21,endpoint_identity,24,0.0,-0.11221546327367404,-0.11221546327367404
L21,endpoint_identity,25,1.1102230246251565e-16,-0.9728390885827005,-0.9728390885827006
L21,endpoint_identity,26,-0.1382800767632103,-0.1764021257641617,-0.0381220490009514
L21,endpoint_identity,31,0.0,-0.24480608796869452,-0.24480608796869452
L21,endpoint_identity,36,0.0,-0.7116551109474083,-0.7116551109474083
L21,endpoint_identity,37,0.0,-0.2994755344355827,-0.2994755344355827
L21,endpoint_identity,39,0.0,-0.1064984357254708,-0.1064984357254708
L21,endpoint_identity,46,0.0,-0.3668108824254168,-0.3668108824254168
L21,endpoint_identity,47,0.10217335036221042,-0.3755278537352563,-0.47770120409746675
L21,endpoint_identity,48,-0.2517535705482423,-0.15418372203119413,0.0975698485170482
L21,endpoint_identity,54,0.0,-0.184808366548048,-0.184808366548048
L21,endpoint_identity,56,0.0,-0.1561154436569394,-0.1561154436569394
L21,endpoint_identity,57,-0.6503309750069843,-0.12580897452306494,0.5245220004839195
L21,endpoint_identity,59,-0.47425341494433626,-0.16056416368421322,0.31368925126012304
L21,endpoint_identity,62,0.0,-0.43085012212711493,-0.43085012212711493
L21,endpoint_identity,63,0.0,-0.18972139451145886,-0.1897213945114588
L21,endpoint_identity,72,0.0,0.20642424350438604,0.20642424350438604
L21,endpoint_identity,74,-0.19168370113531757,-0.22577030818585297,-0.0340866070505354
L21,endpoint_identity,79,-0.13039462222822096,-0.24149747890035356,-0.1111028566721326
L21,endpoint_identity,80,-0.32772388914794337,-0.5516729026805886,-0.22394901353264518
L21,endpoint_identity,81,0.0,-0.4560669130001854,-0.4560669130001855
L21,endpoint_identity,82,-0.029062771929499354,-0.030926922314503003,-0.001864150385003649
L21,endpoint_identity,84,-0.4332528577130019,-0.2696083042292883,0.16364455348371365
L21,endpoint_identity,87,0.34558927168581377,-0.14521244285880996,-0.49080171454462374
L21,endpoint_identity,89,0.0,-0.16503500807494498,-0.16503500807494498
L21,endpoint_identity,90,-0.42476044926187206,-0.07063181366046001,0.35412863560141206
L21,endpoint_identity,93,0.0,-0.15232028144086462,-0.15232028144086462
L21,endpoint_identity,99,0.0,-0.3012282680682552,-0.3012282680682552
L21,endpoint_identity,100,0.0,-0.29835464172985793,-0.29835464172985793
L21,endpoint_identity,104,0.31567347453625716,-0.16968378872082424,-0.4853572632570814
L21,endpoint_identity,107,0.25665000672142746,0.0,-0.25665000672142746
L21,endpoint_identity,110,0.0,-0.2712172516058724,-0.2712172516058724
L21,endpoint_identity,115,0.16729324399487,-0.04413326191029143,-0.21142650590516143
L21,endpoint_identity,117,0.0,-0.23715807440562287,-0.23715807440562287
L21,endpoint_identity,118,0.0,-0.6805792740417209,-0.6805792740417209
L21,endpoint_identity,130,0.00553739342416304,-0.20053198594193045,-0.20606937936609349
L21,endpoint_identity,136,0.0,-0.08840264660682062,-0.08840264660682062
L21,endpoint_identity,138,0.0,-0.212922862364747,-0.212922862364747
L21,endpoint_identity,140,0.3852806401396299,0.02826156431596738,-0.35701907582366255
L21,endpoint_identity,144,0.08682208708617123,-0.07829905805840243,-0.16512114514457366
L21,endpoint_identity,149,-0.35514704152281706,-0.44333541826008094,-0.08818837673726387
L21,endpoint_identity,156,0.0,-0.21387136345596547,-0.21387136345596547
L21,endpoint_identity,158,-0.014991859650856143,-0.20084038738017562,-0.18584852772931948
L21,endpoint_identity,160,0.0,-0.11639315659915339,-0.11639315659915339
L21,endpoint_identity,162,-0.41464846193644533,-0.1872963034543681,0.22735215848207724
L21,endpoint_identity,163,-0.14933169627469078,-0.06810976656378731,0.08122192971090347
L21,endpoint_identity,168,0.0,-0.12214707053319052,-0.12214707053319052
L21,endpoint_identity,170,0.0,-0.22529640259948613,-0.22529640259948608
L21,endpoint_identity,172,0.0,-0.16274903962084375,-0.16274903962084375
L21,endpoint_identity,175,0.0,0.0626113191623201,0.0626113191623201
L21,endpoint_identity,176,0.0,-0.27213121045760225,-0.27213121045760225
L21,endpoint_identity,180,0.0942836078116488,-0.0027711368436957873,-0.09705474465534458
L21,endpoint_identity,182,-0.08105082412167797,-0.076620625382535,0.004430198739142965
L21,endpoint_identity,183,0.0,-0.07623741794278072,-0.07623741794278072
L21,endpoint_identity,184,0.0,-0.027252161297382616,-0.027252161297382616
L21,endpoint_identity,186,0.0,-0.051719881311754756,-0.051719881311754756
L21,endpoint_identity,191,0.0,-0.3769612174267919,-0.3769612174267919
L21,endpoint_identity,192,0.0,-0.14952596078693092,-0.14952596078693092
L21,endpoint_identity,193,-0.5544301548452067,-0.5163372395113244,0.03809291533388237
L21,endpoint_identity_suffix,1,-0.030931303354764683,-0.19634525952410387,-0.16541395616933918
L21,endpoint_identity_suffix,2,0.29466851439507735,-0.06212169252986999,-0.35679020692494734
L21,endpoint_identity_suffix,3,0.0,-0.2452258747761783,-0.2452258747761783
L21,endpoint_identity_suffix,9,-0.5242576758161672,-0.5316789869751977,-0.007421311159030386
L21,endpoint_identity_suffix,11,0.0,-0.0806863159054072,-0.0806863159054072
L21,endpoint_identity_suffix,15,0.11091983004962946,0.10632107364795718,-0.004598756401672288
L21,endpoint_identity_suffix,16,0.26031427563867315,-0.09010926580524958,-0.35042354144392274
L21,endpoint_identity_suffix,20,0.0,-0.3369592452546827,-0.3369592452546827
L21,endpoint_identity_suffix,23,0.0,-0.785543324356922,-0.785543324356922
L21,endpoint_identity_suffix,24,0.0,-0.11221546327367404,-0.11221546327367404
L21,endpoint_identity_suffix,26,0.013766629471512637,-0.4299083671282402,-0.44367499659975285
L21,endpoint_identity_suffix,31,0.047641910818309596,-0.24480608796869452,-0.2924479987870041
L21,endpoint_identity_suffix,36,0.0,-0.9823946894619867,-0.9823946894619866
L21,endpoint_identity_suffix,37,0.0,-0.2994755344355827,-0.2994755344355827
L21,endpoint_identity_suffix,39,0.0,-0.1064984357254708,-0.1064984357254708
L21,endpoint_identity_suffix,46,0.0,-0.3872979140681089,-0.3872979140681089
L21,endpoint_identity_suffix,47,0.10217335036221042,-0.35279603775685775,-0.4549693881190682
L21,endpoint_identity_suffix,56,0.017261489183904244,-0.21140062381105584,-0.2286621129949601
L21,endpoint_identity_suffix,59,-0.46479953740809676,-0.16056416368421322,0.30423537372388354
L21,endpoint_identity_suffix,62,0.04682839815277817,-0.4032374365894632,-0.4500658347422414
L21,endpoint_identity_suffix,63,0.0,-0.25255577978534416,-0.2525557797853441
L21,endpoint_identity_suffix,72,0.29087388686464344,0.2815739370931809,-0.009299949771462535
L21,endpoint_identity_suffix,74,-0.1713820982033447,-0.20019797621816204,-0.02881587801481733
L21,endpoint_identity_suffix,79,0.21441338669555488,-0.02271622680075147,-0.23712961349630635
L21,endpoint_identity_suffix,81,-0.00696365939318061,-0.8348345851079596,-0.827870925714779
L21,endpoint_identity_suffix,82,-0.029062771929499354,-0.030926922314503003,-0.001864150385003649
L21,endpoint_identity_suffix,84,-0.4272515609719476,-0.2696083042292883,0.15764325674265933
L21,endpoint_identity_suffix,87,0.34558927168581377,-0.14521244285880996,-0.49080171454462374
L21,endpoint_identity_suffix,89,0.0,-0.6517914973710321,-0.6517914973710321
L21,endpoint_identity_suffix,93,0.0,-0.08766725964219013,-0.08766725964219013
L21,endpoint_identity_suffix,100,0.0,-0.23605184180779748,-0.23605184180779748
L21,endpoint_identity_suffix,104,0.31567347453625716,-0.16968378872082424,-0.4853572632570814
L21,endpoint_identity_suffix,107,0.38779730497706777,0.23613413998996458,-0.1516631649871032
L21,endpoint_identity_suffix,110,0.0,-0.2538001693229144,-0.2538001693229144
L21,endpoint_identity_suffix,115,0.16729324399487,-0.04413326191029143,-0.21142650590516143
L21,endpoint_identity_suffix,117,0.0,-0.2004959440680446,-0.2004959440680446
L21,endpoint_identity_suffix,118,-0.01316860130075731,-0.9373713347107565,-0.9242027334099991
L21,endpoint_identity_suffix,130,0.08700680708206665,-0.1074211438155841,-0.19442795089765075
L21,endpoint_identity_suffix,136,0.0,-0.08840264660682062,-0.08840264660682062
L21,endpoint_identity_suffix,138,0.0,-0.212922862364747,-0.212922862364747
L21,endpoint_identity_suffix,140,0.3852806401396299,0.02826156431596738,-0.35701907582366255
L21,endpoint_identity_suffix,144,0.10098494316861173,-0.07829905805840243,-0.17928400122701416
L21,endpoint_identity_suffix,156,0.2423459442851884,-0.22242925992953788,-0.4647752042147263
L21,endpoint_identity_suffix,158,0.18344883336934614,-0.07650044893958796,-0.2599492823089341
L21,endpoint_identity_suffix,160,0.0,-0.11639315659915339,-0.11639315659915339
L21,endpoint_identity_suffix,162,-0.4038368005092206,-0.1872963034543681,0.21654049705485257
L21,endpoint_identity_suffix,163,0.01731526580991527,-0.10816269724827898,-0.12547796305819425
L21,endpoint_identity_suffix,168,0.0,-0.8298726255149338,-0.8298726255149338
L21,endpoint_identity_suffix,170,0.04392973239365716,-0.30615446121747913,-0.35008419361113624
L21,endpoint_identity_suffix,172,0.0,-0.16274903962084375,-0.16274903962084375
L21,endpoint_identity_suffix,175,0.0,0.04493526705536399,0.04493526705536399
L21,endpoint_identity_suffix,176,0.0,-0.7515602032930995,-0.7515602032930995
L21,endpoint_identity_suffix,180,0.0942836078116488,-0.0027711368436957873,-0.09705474465534458
L21,endpoint_identity_suffix,182,0.24274370370759446,0.030652328536129092,-0.21209137517146537
L21,endpoint_identity_suffix,183,0.16870367123535868,-0.016507033245256375,-0.18521070448061505
L21,endpoint_identity_suffix,184,0.0,-0.027252161297382616,-0.027252161297382616
L21,endpoint_identity_suffix,186,0.0,-0.02647454055160492,-0.02647454055160492
L21,endpoint_identity_suffix,191,0.0,-0.14801159549749066,-0.14801159549749066
L21,endpoint_identity_suffix,192,0.0,-0.7815700302930801,-0.7815700302930801
L21,endpoint_identity_suffix,193,-0.5544301548452067,-0.5163372395113244,0.03809291533388237
L22,endpoint_equality,1,0.0,-0.03126976417543692,-0.03126976417543692
L22,endpoint_equality,2,0.0,-0.05222068796271295,-0.05222068796271295
L22,endpoint_equality,3,0.0,-0.21276825479705608,-0.21276825479705608
L22,endpoint_equality,4,0.0,0.02947210206882822,0.02947210206882822
L22,endpoint_equality,8,0.2835217374950778,0.0,-0.2835217374950778
L22,endpoint_equality,9,0.0,-0.09873899805671549,-0.09873899805671549
L22,endpoint_equality,11,0.0,0.016641555880425596,0.016641555880425596
L22,endpoint_equality,15,0.0,-0.05367351444497248,-0.05367351444497248
L22,endpoint_equality,16,0.17438349438480982,-0.0384134448504565,-0.21279693923526632
L22,endpoint_equality,20,0.0,-0.270981784100783,-0.270981784100783
L22,endpoint_equality,23,0.0,-0.4276989088393185,-0.4276989088393185
L22,endpoint_equality,24,0.0,0.06897301944051004,0.06897301944051004
L22,endpoint_equality,25,-1.1102230246251565e-16,-0.37228755577833306,-0.37228755577833295
L22,endpoint_equality,26,0.0,-0.0902355654075635,-0.0902355654075635
L22,endpoint_equality,31,0.0,-0.3513803310894561,-0.3513803310894561
L22,endpoint_equality,36,0.0,-0.6656285088295758,-0.6656285088295758
L22,endpoint_equality,37,0.0,-0.14713111805035273,-0.14713111805035273
L22,endpoint_equality,39,0.0,0.019068136340550046,0.019068136340550046
L22,endpoint_equality,46,0.0,-0.3366344296865137,-0.3366344296865136
L22,endpoint_equality,47,0.0,-0.06372760000924438,-0.06372760000924438
L22,endpoint_equality,48,0.08432234533287986,-0.055022569750466266,-0.13934491508334612
L22,endpoint_equality,50,0.0,0.03275290176012002,0.03275290176012002
L22,endpoint_equality,53,0.0,0.017509018400137633,0.017509018400137633
L22,endpoint_equality,54,0.0,-0.17390334247583594,-0.17390334247583594
L22,endpoint_equality,56,0.0,-0.1418042860015759,-0.1418042860015759
L22,endpoint_equality,57,0.0,0.22831514801372987,0.22831514801372987
L22,endpoint_equality,59,0.0,-0.06122025931285924,-0.06122025931285924
L22,endpoint_equality,62,0.0,-0.33298249439198035,-0.33298249439198035
L22,endpoint_equality,63,0.0,-0.17268535829893739,-0.17268535829893744
L22,endpoint_equality,72,0.0,0.09033413329543916,0.09033413329543916
L22,endpoint_equality,74,0.05095059166096361,0.0,-0.05095059166096361
L22,endpoint_equality,79,0.0,-0.05145881307248823,-0.05145881307248823
L22,endpoint_equality,80,0.3269117026566577,-0.04207667626895084,-0.36898837892560854
L22,endpoint_equality,81,0.0,-0.3150969465371416,-0.3150969465371416
L22,endpoint_equality,82,0.0,0.007496850969074709,0.007496850969074709
L22,endpoint_equality,83,0.0,-0.43511564903992994,-0.43511564903992994
L22,endpoint_equality,84,0.0,-0.11991577949095888,-0.11991577949095888
L22,endpoint_equality,87,0.27193542886129274,-0.05706128903172569,-0.32899671789301843
L22,endpoint_equality,89,0.0,-0.3010267392947512,-0.3010267392947512
L22,endpoint_equality,90,0.0,-0.001727457543790667,-0.001727457543790667
L22,endpoint_equality,91,0.0,0.13146386454093328,0.13146386454093328
L22,endpoint_equality,93,0.0,-0.14311891734212068,-0.14311891734212068
L22,endpoint_equality,98,0.0,-0.314709337452044,-0.314709337452044
L22,endpoint_equality,99,0.0,-0.36463318173701287,-0.36463318173701287
L22,endpoint_equality,100,0.0,-0.29006790368851953,-0.29006790368851953
L22,endpoint_equality,104,0.3381384643355332,0.0,-0.3381384643355332
L22,endpoint_equality,107,0.17102036011486754,0.0,-0.17102036011486754
L22,endpoint_equality,109,0.16917987234770426,-0.047519096984167675,-0.21669896933187194
L22,endpoint_equality,110,0.0,-0.2734127406976178,-0.2734127406976178
L22,endpoint_equality,114,0.0,-0.3236081827356968,-0.3236081827356968
L22,endpoint_equality,115,0.0,-0.017020818722776943,-0.017020818722776943
L22,endpoint_equality,117,0.0,-0.3976895373700632,-0.39768953737006313
L22,endpoint_equality,118,0.0,-0.27400962798280315,-0.27400962798280315
L22,endpoint_equality,128,0.0,-0.04280674000110851,-0.04280674000110851
L22,endpoint_equality,130,0.029283096299706046,0.0,-0.029283096299706046
L22,endpoint_equality,136,0.0,0.0828706456898951,0.0828706456898951
L22,endpoint_equality,138,0.0,-0.36700901753251114,-0.36700901753251114
L22,endpoint_equality,140,0.0,-0.10156080591689065,-0.10156080591689065
L22,endpoint_equality,142,0.0,-0.61257696018514,-0.6125769601851399
L22,endpoint_equality,144,0.15073817650188337,-0.017417604184866597,-0.16815578068674997
L22,endpoint_equality,149,0.0,-0.14577702442337226,-0.14577702442337226
L22,endpoint_equality,152,0.0,-0.055310195150227726,-0.055310195150227726
L22,endpoint_equality,153,0.0,0.007794193211893896,0.007794193211893896
L22,endpoint_equality,156,0.0,-0.21998154045617824,-0.21998154045617824
L22,endpoint_equality,158,0.0,-0.0815064802652119,-0.0815064802652119
L22,endpoint_equality,159,0.0,-0.3406398669163836,-0.3406398669163835
L22,endpoint_equality,160,0.0,-0.043671338192389664,-0.043671338192389664
L22,endpoint_equality,162,0.0,-0.2097359007382983,-0.2097359007382983
L22,endpoint_equality,163,0.0,-0.01722225174492409,-0.01722225174492409
L22,endpoint_equality,165,-2.7755575615628914e-17,-0.6447494822881467,-0.6447494822881465
L22,endpoint_equality,167,0.0,0.07683306944382329,0.07683306944382329
L22,endpoint_equality,168,0.0,-0.10975963561192592,-0.10975963561192592
L22,endpoint_equality,170,0.0,-0.21057770881822524,-0.21057770881822518
L22,endpoint_equality,172,0.0,-0.13799594359735923,-0.13799594359735923
L22,endpoint_equality,173,0.0,-0.16722759563949374,-0.16722759563949374
L22,endpoint_equality,175,0.0,0.015417054637324012,0.015417054637324012
L22,endpoint_equality,176,0.0,-0.2355924627488748,-0.2355924627488748
L22,endpoint_equality,180,0.0,0.041661589207173,0.041661589207173
L22,endpoint_equality,181,0.0,-0.20304498790390313,-0.20304498790390313
L22,endpoint_equality,182,0.0,0.025488025101595202,0.025488025101595202
L22,endpoint_equality,183,0.0,-0.008074689586307304,-0.008074689586307304
L22,endpoint_equality,184,0.0,-0.14329435926443912,-0.14329435926443912
L22,endpoint_equality,185,0.0,0.05302640538624992,0.05302640538624992
L22,endpoint_equality,186,0.0,0.019675948030883905,0.019675948030883905
L22,endpoint_equality,191,0.0,-0.5230303058865827,-0.5230303058865827
L22,endpoint_equality,192,0.0,-0.2008500057333602,-0.2008500057333602
L22,endpoint_equality,193,0.0,-0.2336515332994098,-0.2336515332994098
L22,endpoint_equality,196,0.0,0.12741033527088907,0.12741033527088907
L22,endpoint_identity,1,-0.027847037562466426,-0.17594086602724102,-0.1480938284647746
L22,endpoint_identity,2,0.31257422440730764,-0.05158740260845107,-0.3641616270157587
L22,endpoint_identity,3,0.0,-0.2090851056639611,-0.2090851056639611
L22,endpoint_identity,9,-0.5252709433921897,-0.5001479497732906,0.025122993618899137
L22,endpoint_identity,11,0.0,-0.08146281285879797,-0.08146281285879797
L22,endpoint_identity,15,-0.026664260507183846,-0.11621538066705939,-0.08955112015987554
L22,endpoint_identity,16,0.25947618444791754,-0.07589679605296817,-0.3353729805008857
L22,endpoint_identity,20,0.0,-0.32690045399084067,-0.32690045399084067
L22,endpoint_identity,23,0.0,-0.2650183349218148,-0.2650183349218148
L22,endpoint_identity,24,0.0,-0.11369986396937737,-0.11369986396937737
L22,endpoint_identity,25,1.1102230246251565e-16,-0.972823017479255,-0.9728230174792551
L22,endpoint_identity,26,-0.1448752584092622,-0.15923923307217058,-0.014363974662908396
L22,endpoint_identity,31,0.0,-0.21823623325388286,-0.21823623325388286
L22,endpoint_identity,36,0.0,-0.7075456316861592,-0.7075456316861592
L22,endpoint_identity,37,0.0,-0.19938798780526312,-0.19938798780526312
L22,endpoint_identity,39,0.0,-0.11410431003590116,-0.11410431003590116
L22,endpoint_identity,46,0.0,-0.3390084781824454,-0.3390084781824454
L22,endpoint_identity,47,0.12163340453785865,-0.33219625006237186,-0.4538296546002305
L22,endpoint_identity,48,-0.25262017957572025,-0.13387387112197313,0.11874630845374712
L22,endpoint_identity,54,0.0,-0.16838885753077248,-0.16838885753077248
L22,endpoint_identity,56,0.0,-0.1278617545954286,-0.1278617545954286
L22,endpoint_identity,57,-0.6532666452767097,-0.11862183667752413,0.5346448085991857
L22,endpoint_identity,59,-0.4978721872915191,-0.114782650528783,0.38308953676273616
L22,endpoint_identity,62,0.0,-0.4035585092910783,-0.4035585092910783
L22,endpoint_identity,63,0.0,-0.18538018967472603,-0.18538018967472608
L22,endpoint_identity,72,0.0,0.2118874082371095,0.2118874082371095
L22,endpoint_identity,74,-0.19140617941738436,-0.22958131397037373,-0.038175134552989376
L22,endpoint_identity,79,-0.12900121937478515,-0.21406945099096597,-0.08506823161618082
L22,endpoint_identity,80,-0.3241111981156996,-0.4387386569940225,-0.11462745887832287
L22,endpoint_identity,81,0.0,-0.45091600820403055,-0.4509160082040306
L22,endpoint_identity,82,-0.03507865029844903,-0.033439274911254646,0.0016393753871943861
L22,endpoint_identity,84,-0.4431881801248354,-0.22989557739356326,0.21329260273127215
L22,endpoint_identity,87,0.3569152503804467,-0.09036468490368876,-0.44727993528413545
L22,endpoint_identity,89,0.0,-0.15439328051219903,-0.15439328051219903
L22,endpoint_identity,90,-0.4464827032286768,-0.06659613481952964,0.37988656840914714
L22,endpoint_identity,93,0.0,-0.14311891734212068,-0.14311891734212068
L22,endpoint_identity,99,0.0,-0.2316840933489508,-0.2316840933489508
L22,endpoint_identity,100,0.0,-0.28905918112095064,-0.28905918112095064
L22,endpoint_identity,104,0.34580888776188656,-0.15560106755957182,-0.5014099553214584
L22,endpoint_identity,107,0.24823388946070768,0.0,-0.24823388946070768
L22,endpoint_identity,110,0.0,-0.25512764679054956,-0.25512764679054956
L22,endpoint_identity,115,0.14440508624209625,-0.0400626404574107,-0.18446772669950695
L22,endpoint_identity,117,0.0,-0.21967371764677357,-0.21967371764677357
L22,endpoint_identity,118,2.7755575615628914e-17,-0.7027931531604217,-0.7027931531604218
L22,endpoint_identity,130,1.80722875557926e-05,-0.18912516084957276,-0.18914323313712855
L22,endpoint_identity,136,0.0,-0.07213959132348591,-0.07213959132348591
L22,endpoint_identity,138,0.0,-0.22157829294578502,-0.22157829294578502
L22,endpoint_identity,140,0.38267691001409543,0.016246909497001027,-0.3664300005170944
L22,endpoint_identity,144,0.08981444487309787,-0.0575496159799882,-0.14736406085308607
L22,endpoint_identity,149,-0.3432453434086257,-0.4265363556919872,-0.0832910122833615
L22,endpoint_identity,156,0.0,-0.19284371314532245,-0.19284371314532245
L22,endpoint_identity,158,-0.01472243466463563,-0.18266058719763034,-0.1679381525329947
L22,endpoint_identity,160,0.0,-0.10651206794964763,-0.10651206794964763
L22,endpoint_identity,162,-0.42888525097466423,-0.20061272153342447,0.22827252944123977
L22,endpoint_identity,163,-0.14861937411820014,-0.05907678130309457,0.08954259281510557
L22,endpoint_identity,168,0.0,-0.1115127673876315,-0.1115127673876315
L22,endpoint_identity,170,0.0,-0.21057770881822524,-0.21057770881822518
L22,endpoint_identity,172,0.0,-0.1560081013771073,-0.1560081013771073
L22,endpoint_identity,175,0.0,0.05738016052008055,0.05738016052008055
L22,endpoint_identity,176,0.0,-0.2496860244832474,-0.2496860244832474
L22,endpoint_identity,180,0.10297957139379399,0.029813843613720747,-0.07316572778007324
L22,endpoint_identity,182,-0.08122911539654454,-0.06869426386150712,0.012534851535037417
L22,endpoint_identity,183,0.0,-0.0898333015204964,-0.0898333015204964
L22,endpoint_identity,184,0.0,-0.023325765631796225,-0.023325765631796225
L22,endpoint_identity,186,0.0,-0.06170230699490831,-0.06170230699490831
L22,endpoint_identity,191,0.0,-0.3575339785879301,-0.3575339785879301
L22,endpoint_identity,192,0.0,-0.1201597470995126,-0.1201597470995126
L22,endpoint_identity,193,-0.5508878042528651,-0.4466506730699483,0.10423713118291678
L22,endpoint_identity_suffix,1,-0.027847037562466426,-0.17594086602724102,-0.1480938284647746
L22,endpoint_identity_suffix,2,0.31257422440730764,-0.05158740260845107,-0.3641616270157587
L22,endpoint_identity_suffix,3,0.0,-0.23676917191983915,-0.23676917191983915
L22,endpoint_identity_suffix,9,-0.5338461465645294,-0.5001479497732906,0.03369819679123892
L22,endpoint_identity_suffix,11,0.0,-0.08146281285879797,-0.08146281285879797
L22,endpoint_identity_suffix,15,0.11911308203390147,0.08891977452610145,-0.030193307507800027
L22,endpoint_identity_suffix,16,0.26694198872481034,-0.07589679605296817,-0.3428387847777785
L22,endpoint_identity_suffix,20,0.0,-0.2937402499804749,-0.2937402499804749
L22,endpoint_identity_suffix,23,0.0,-0.7641811417019793,-0.7641811417019793
L22,endpoint_identity_suffix,24,0.0,-0.11369986396937737,-0.11369986396937737
L22,endpoint_identity_suffix,26,0.0016624545244451339,-0.3879187771775676,-0.38958123170201275
L22,endpoint_identity_suffix,31,0.04274628010981782,-0.21823623325388286,-0.2609825133637007
L22,endpoint_identity_suffix,36,0.0,-0.9965565038638176,-0.9965565038638176
L22,endpoint_identity_suffix,37,0.0,-0.19938798780526312,-0.19938798780526312
L22,endpoint_identity_suffix,39,0.0,-0.11410431003590116,-0.11410431003590116
L22,endpoint_identity_suffix,46,0.0,-0.3615232048515409,-0.3615232048515409
L22,endpoint_identity_suffix,47,0.12163340453785865,-0.3100585610422668,-0.43169196558012546
L22,endpoint_identity_suffix,56,0.015513251380430026,-0.18039369451639586,-0.1959069458968259
L22,endpoint_identity_suffix,59,-0.48956690918044726,-0.114782650528783,0.3747842586516642
L22,endpoint_identity_suffix,62,0.048218382205417853,-0.38393370733150545,-0.4321520895369233
L22,endpoint_identity_suffix,63,0.0,-0.24635046638463154,-0.2463504663846316
L22,endpoint_identity_suffix,72,0.29362165966802456,0.28257524160044734,-0.011046418067577224
L22,endpoint_identity_suffix,74,-0.1822401395292646,-0.2046821487482533,-0.0224420092189887
L22,endpoint_identity_suffix,79,0.24329777448737389,-0.009534453835654322,-0.2528322283230282
L22,endpoint_identity_suffix,81,-0.006048188781096309,-0.8202237195248541,-0.8141755307437578
L22,endpoint_identity_suffix,82,-0.03507865029844903,-0.033439274911254646,0.0016393753871943861
L22,endpoint_identity_suffix,84,-0.43747362999845496,-0.22989557739356326,0.2075780526048917
L22,endpoint_identity_suffix,87,0.3569152503804467,-0.09036468490368876,-0.44727993528413545
L22,endpoint_identity_suffix,89,0.0,-0.6529201499723205,-0.6529201499723205
L22,endpoint_identity_suffix,93,0.0,-0.04153973502070074,-0.04153973502070074
L22,endpoint_identity_suffix,100,0.0,-0.23150485830683643,-0.23150485830683643
L22,endpoint_identity_suffix,104,0.34580888776188656,-0.15560106755957182,-0.5014099553214584
L22,endpoint_identity_suffix,107,0.3731353311597111,0.23439787011929125,-0.13873746104041984
L22,endpoint_identity_suffix,110,0.0,-0.240858102985963,-0.240858102985963
L22,endpoint_identity_suffix,115,0.14440508624209625,-0.0400626404574107,-0.18446772669950695
L22,endpoint_identity_suffix,117,0.0,-0.176046402564626,-0.176046402564626
L22,endpoint_identity_suffix,118,-0.0019910754314075296,-0.949238684809672,-0.9472476093782645
L22,endpoint_identity_suffix,130,0.0864387632534459,-0.09740984153192489,-0.1838486047853708
L22,endpoint_identity_suffix,136,0.0,-0.07213959132348591,-0.07213959132348591
L22,endpoint_identity_suffix,138,0.0,-0.22157829294578502,-0.22157829294578502
L22,endpoint_identity_suffix,140,0.38267691001409543,0.016246909497001027,-0.3664300005170944
L22,endpoint_identity_suffix,144,0.10224349710476088,-0.0575496159799882,-0.15979311308474908
L22,endpoint_identity_suffix,156,0.2660091281484007,-0.2151012646842262,-0.4811103928326269
L22,endpoint_identity_suffix,158,0.19238103372170368,-0.043587387347903794,-0.23596842106960747
L22,endpoint_identity_suffix,160,0.0,-0.10651206794964763,-0.10651206794964763
L22,endpoint_identity_suffix,162,-0.4191478690753828,-0.20061272153342447,0.21853514754195835
L22,endpoint_identity_suffix,163,0.025397068581423765,-0.11276451783705599,-0.13816158641847975
L22,endpoint_identity_suffix,168,0.0,-0.8669227615961334,-0.8669227615961334
L22,endpoint_identity_suffix,170,0.04502698390084753,-0.2942144338470849,-0.3392414177479324
L22,endpoint_identity_suffix,172,0.0,-0.1560081013771073,-0.1560081013771073
L22,endpoint_identity_suffix,175,0.0,0.0412335548150653,0.0412335548150653
L22,endpoint_identity_suffix,176,0.0,-0.8005892485688688,-0.8005892485688688
L22,endpoint_identity_suffix,180,0.10297957139379399,0.029813843613720747,-0.07316572778007324
L22,endpoint_identity_suffix,182,0.2501191191026474,0.03567440099769148,-0.2144447181049559
L22,endpoint_identity_suffix,183,0.1707756547288234,-0.035645237592424994,-0.20642089232124838
L22,endpoint_identity_suffix,184,0.0,-0.023325765631796225,-0.023325765631796225
L22,endpoint_identity_suffix,186,0.0,-0.035824409862853734,-0.035824409862853734
L22,endpoint_identity_suffix,191,0.0,-0.14517593452614241,-0.14517593452614241
L22,endpoint_identity_suffix,192,0.0,-0.7993817760698883,-0.7993817760698883
L22,endpoint_identity_suffix,193,-0.5508878042528651,-0.4466506730699483,0.10423713118291678
L23,endpoint_equality,1,0.0,-0.0283296394560002,-0.0283296394560002
L23,endpoint_equality,2,0.0,-0.04862550446765668,-0.04862550446765668
L23,endpoint_equality,3,0.0,-0.20044795732889842,-0.20044795732889842
L23,endpoint_equality,4,0.0,0.028782961800299045,0.028782961800299045
L23,endpoint_equality,8,0.2888819134845855,0.0,-0.2888819134845855
L23,endpoint_equality,9,0.0,-0.09627134674457438,-0.09627134674457438
L23,endpoint_equality,11,0.0,0.015555795593893862,0.015555795593893862
L23,endpoint_equality,15,0.0,-0.053649690801003125,-0.053649690801003125
L23,endpoint_equality,16,0.1737073447756442,-0.03785363531578767,-0.21156098009143187
L23,endpoint_equality,20,0.0,-0.23486300633249968,-0.23486300633249968
L23,endpoint_equality,23,0.0,-0.4261567670293904,-0.42615676702939037
L23,endpoint_equality,24,0.0,0.060620370444099736,0.060620370444099736
L23,endpoint_equality,25,-2.220446049250313e-16,-0.35756622038115615,-0.35756622038115593
L23,endpoint_equality,26,0.0,-0.08051977946603595,-0.08051977946603595
L23,endpoint_equality,31,0.0,-0.3385881789531956,-0.3385881789531957
L23,endpoint_equality,36,0.0,-0.6585776784475981,-0.6585776784475981
L23,endpoint_equality,37,0.0,-0.1505358992306396,-0.1505358992306396
L23,endpoint_equality,39,0.0,0.015112474121647068,0.015112474121647068
L23,endpoint_equality,46,0.0,-0.3131069739403136,-0.3131069739403136
L23,endpoint_equality,47,0.0,-0.05675358005988507,-0.05675358005988507
L23,endpoint_equality,48,0.0853309252537714,-0.05540224275197758,-0.14073316800574898
L23,endpoint_equality,50,0.0,0.030749015751202924,0.030749015751202924
L23,endpoint_equality,53,0.0,0.0151338675923125,0.0151338675923125
L23,endpoint_equality,54,0.0,-0.16395274971278906,-0.16395274971278906
L23,endpoint_equality,56,0.0,-0.12615990812821254,-0.12615990812821254
L23,endpoint_equality,57,0.0,0.2182876989144502,0.2182876989144502
L23,endpoint_equality,59,0.0,-0.04539265845691909,-0.04539265845691909
L23,endpoint_equality,62,0.0,-0.30176451955048456,-0.30176451955048456
L23,endpoint_equality,63,0.0,-0.16895826119056934,-0.16895826119056934
L23,endpoint_equality,72,0.0,0.09021846599223327,0.09021846599223327
L23,endpoint_equality,74,0.05216788586849219,0.0,-0.05216788586849219
L23,endpoint_equality,79,0.0,-0.04679354684933035,-0.04679354684933035
L23,endpoint_equality,80,0.3319977555893725,-0.0358487494799149,-0.3678465050692874
L23,endpoint_equality,81,0.0,-0.31176886787504754,-0.31176886787504765
L23,endpoint_equality,82,0.0,0.007080773254772854,0.007080773254772854
L23,endpoint_equality,83,0.0,-0.44214100533957057,-0.4421410053395707
L23,endpoint_equality,84,0.0,-0.11648069999272992,-0.11648069999272992
L23,endpoint_equality,87,0.27152242356471357,-0.05552720519423349,-0.32704962875894705
L23,endpoint_equality,89,0.0,-0.29206061445239384,-0.29206061445239384
L23,endpoint_equality,90,0.0,-6.816994355740569e-05,-6.816994355740569e-05
L23,endpoint_equality,91,0.0,0.13691305957582323,0.13691305957582323
L23,endpoint_equality,93,0.0,-0.13779274582417556,-0.13779274582417556
L23,endpoint_equality,98,0.0,-0.30129833361610225,-0.30129833361610225
L23,endpoint_equality,99,0.0,-0.3395602721243166,-0.3395602721243166
L23,endpoint_equality,100,0.0,-0.27053723074395497,-0.27053723074395497
L23,endpoint_equality,104,0.3359047439366938,0.0,-0.3359047439366938
L23,endpoint_equality,107,0.16502663199058865,0.0,-0.16502663199058865
L23,endpoint_equality,109,0.1646579306090621,-0.04331391088670378,-0.20797184149576586
L23,endpoint_equality,110,0.0,-0.25385954221924,-0.25385954221924
L23,endpoint_equality,114,0.0,-0.32325899713710193,-0.32325899713710193
L23,endpoint_equality,115,0.0,-0.013477162717317137,-0.013477162717317137
L23,endpoint_equality,117,0.0,-0.38240994180087007,-0.38240994180087007
L23,endpoint_equality,118,0.0,-0.28288455638161414,-0.28288455638161414
L23,endpoint_equality,128,0.0,-0.04314441247377565,-0.04314441247377565
L23,endpoint_equality,130,0.029258870408627513,0.0,-0.029258870408627513
L23,endpoint_equality,136,0.0,0.08054255533276655,0.08054255533276655
L23,endpoint_equality,138,0.0,-0.3546517110209798,-0.3546517110209798
L23,endpoint_equality,140,0.0,-0.08790161406891417,-0.08790161406891417
L23,endpoint_equality,142,0.0,-0.6236309463853,-0.6236309463853
L23,endpoint_equality,144,0.1512622337700218,-0.01542044867126724,-0.16668268244128903
L23,endpoint_equality,149,0.0,-0.1399484416913448,-0.1399484416913448
L23,endpoint_equality,152,0.0,-0.05275034548954993,-0.05275034548954993
L23,endpoint_equality,153,0.0,0.007334911818652312,0.007334911818652312
L23,endpoint_equality,156,0.0,-0.20792678677605603,-0.20792678677605603
L23,endpoint_equality,158,0.0,-0.08125498141701515,-0.08125498141701515
L23,endpoint_equality,159,0.0,-0.31252290407560224,-0.31252290407560235
L23,endpoint_equality,160,0.0,-0.03900689335915719,-0.03900689335915719
L23,endpoint_equality,162,0.0,-0.2057725248997483,-0.2057725248997483
L23,endpoint_equality,163,0.0,-0.016459195628992784,-0.016459195628992784
L23,endpoint_equality,165,-2.7755575615628914e-17,-0.644257592480258,-0.644257592480258
L23,endpoint_equality,167,0.0,0.07246779411652726,0.07246779411652726
L23,endpoint_equality,168,0.0,-0.102503927179326,-0.102503927179326
L23,endpoint_equality,170,0.0,-0.19863381704374627,-0.19863381704374633
L23,endpoint_equality,172,0.0,-0.12269280328290533,-0.12269280328290533
L23,endpoint_equality,173,0.0,-0.16549992192993357,-0.16549992192993357
L23,endpoint_equality,175,0.0,0.014272671370892942,0.014272671370892942
L23,endpoint_equality,176,0.0,-0.21903619166344024,-0.21903619166344024
L23,endpoint_equality,180,0.0,0.04237196120011544,0.04237196120011544
L23,endpoint_equality,181,0.0,-0.18631111538655865,-0.18631111538655865
L23,endpoint_equality,182,0.0,0.02523334751164219,0.02523334751164219
L23,endpoint_equality,183,0.0,-0.00730763157115355,-0.00730763157115355
L23,endpoint_equality,184,0.0,-0.14224650255475857,-0.14224650255475857
L23,endpoint_equality,185,0.0,0.05146398871280988,0.05146398871280988
L23,endpoint_equality,186,0.0,0.01782052484815666,0.01782052484815666
L23,endpoint_equality,191,0.0,-0.5196419496870284,-0.5196419496870284
L23,endpoint_equality,192,0.0,-0.19225023785491457,-0.19225023785491457
L23,endpoint_equality,193,0.0,-0.2165863566765106,-0.2165863566765106
L23,endpoint_equality,196,0.0,0.1167994384442601,0.1167994384442601
L23,endpoint_identity,1,-0.03005354531062998,-0.15065004401601256,-0.12059649870538258
L23,endpoint_identity,2,0.3102387823691436,-0.04369313049843626,-0.35393191286757986
L23,endpoint_identity,3,0.0,-0.2006005655656964,-0.2006005655656964
L23,endpoint_identity,9,-0.5416412095304906,-0.4542372755495858,0.08740393398090468
L23,endpoint_identity,11,0.0,-0.07867225173732839,-0.07867225173732839
L23,endpoint_identity,15,-0.02548579994232103,-0.13419289448755145,-0.10870709454523042
L23,endpoint_identity,16,0.25769682627808865,-0.08030136962240952,-0.3379981959004982
L23,endpoint_identity,20,0.0,-0.27477808843644114,-0.27477808843644114
L23,endpoint_identity,23,0.0,-0.26862661085857586,-0.26862661085857575
L23,endpoint_identity,24,0.0,-0.10202378606441553,-0.10202378606441553
L23,endpoint_identity,25,1.1102230246251565e-16,-0.9749535490839725,-0.9749535490839725
L23,endpoint_identity,26,-0.1470284776304715,-0.142093728469475,0.0049347491609965655
L23,endpoint_identity,31,0.0,-0.19676569353333329,-0.19676569353333329
L23,endpoint_identity,36,0.0,-0.6966774312371922,-0.6966774312371922
L23,endpoint_identity,37,0.0,-0.17204895134742482,-0.17204895134742482
L23,endpoint_identity,39,0.0,-0.10113407863449875,-0.10113407863449875
L23,endpoint_identity,46,0.0,-0.31229894544871106,-0.31229894544871106
L23,endpoint_identity,47,0.13817097681858614,-0.29279756080303965,-0.4309685376216258
L23,endpoint_identity,48,-0.258529434863935,-0.11486771024933307,0.14366172461460192
L23,endpoint_identity,54,0.0,-0.1586668709130583,-0.1586668709130583
L23,endpoint_identity,56,0.0,-0.10997561646396203,-0.10997561646396203
L23,endpoint_identity,57,-0.6586496584892292,-0.1134120446873953,0.545237613801834
L23,endpoint_identity,59,-0.4964881083344976,-0.0670518668234712,0.42943624151102644
L23,endpoint_identity,62,0.0,-0.3620145854839566,-0.3620145854839566
L23,endpoint_identity,63,0.0,-0.18172895147690749,-0.18172895147690749
L23,endpoint_identity,72,0.0,0.21880229653485173,0.21880229653485173
L23,endpoint_identity,74,-0.1960250466478473,-0.2374473341437724,-0.04142228749592508
L23,endpoint_identity,79,-0.12276664140657167,-0.1902488834999556,-0.06748224209338394
L23,endpoint_identity,80,-0.3311123176874911,-0.3437753920654347,-0.012663074377943562
L23,endpoint_identity,81,0.0,-0.4457903216627437,-0.44579032166274374
L23,endpoint_identity,82,-0.03915773556008606,-0.03916409448699065,-6.358926904592721e-06
L23,endpoint_identity,84,-0.4358271936538784,-0.21586786190318286,0.21995933175069549
L23,endpoint_identity,87,0.35637318092868675,-0.05989969220225411,-0.41627287313094086
L23,endpoint_identity,89,0.0,-0.13913473229261064,-0.13913473229261064
L23,endpoint_identity,90,-0.4501202268280785,-0.05218742112814345,0.39793280569993505
L23,endpoint_identity,93,0.0,-0.13779274582417556,-0.13779274582417556
L23,endpoint_identity,99,0.0,-0.16945906490079232,-0.16945906490079232
L23,endpoint_identity,100,0.0,-0.2686727062579235,-0.2686727062579235
L23,endpoint_identity,104,0.372158610428722,-0.13171208167538828,-0.5038706921041103
L23,endpoint_identity,107,0.2343054365684717,0.0,-0.2343054365684717
L23,endpoint_identity,110,0.0,-0.22793689010857987,-0.22793689010857987
L23,endpoint_identity,115,0.1399391752623549,-0.0276947845727864,-0.1676339598351413
L23,endpoint_identity,117,0.0,-0.19450056357460943,-0.19450056357460943
L23,endpoint_identity,118,2.7755575615628914e-17,-0.7169326406820229,-0.716932640682023
L23,endpoint_identity,130,-0.00638338770019109,-0.1825621695193418,-0.1761787818191507
L23,endpoint_identity,136,0.0,-0.04392262972164174,-0.04392262972164174
L23,endpoint_identity,138,0.0,-0.20846561121129636,-0.20846561121129636
L23,endpoint_identity,140,0.3799454889109063,0.009047690265144626,-0.37089779864576167
L23,endpoint_identity,144,0.09130841393465783,-0.036278579998484606,-0.12758699393314243
L23,endpoint_identity,149,-0.3375861456585767,-0.3970911397692476,-0.059504994110670895
L23,endpoint_identity,156,0.0,-0.1802000908957957,-0.1802000908957957
L23,endpoint_identity,158,-0.01632428345482173,-0.18196166300175887,-0.16563737954693714
L23,endpoint_identity,160,0.0,-0.09405405230162889,-0.09405405230162889
L23,endpoint_identity,162,-0.43025870648893305,-0.19471414720104718,0.23554455928788587
L23,endpoint_identity,163,-0.15347835051100966,-0.05157108700161661,0.10190726350939305
L23,endpoint_identity,168,0.0,-0.10387052126020968,-0.10387052126020968
L23,endpoint_identity,170,0.0,-0.19863381704374627,-0.19863381704374633
L23,endpoint_identity,172,0.0,-0.1346845803922534,-0.1346845803922534
L23,endpoint_identity,175,0.0,0.055168272395738294,0.055168272395738294
L23,endpoint_identity,176,0.0,-0.23062730898647466,-0.23062730898647454
L23,endpoint_identity,180,0.12638709791758995,0.04986829358343914,-0.07651880433415081
L23,endpoint_identity,182,-0.0743812520372773,-0.04993350373945571,0.024447748297821592
L23,endpoint_identity,183,0.0,-0.09994876651216122,-0.09994876651216122
L23,endpoint_identity,184,0.0,-0.01243162178452173,-0.01243162178452173
L23,endpoint_identity,186,0.0,-0.060131568294249815,-0.060131568294249815
L23,endpoint_identity,191,0.0,-0.3477902367023008,-0.3477902367023008
L23,endpoint_identity,192,0.0,-0.10754087141556401,-0.10754087141556401
L23,endpoint_identity,193,-0.5431132055726865,-0.38574595993844485,0.15736724563424165
L23,endpoint_identity_suffix,1,-0.03005354531062998,-0.15065004401601256,-0.12059649870538258
L23,endpoint_identity_suffix,2,0.3102387823691436,-0.04369313049843626,-0.35393191286757986
L23,endpoint_identity_suffix,3,0.0,-0.23032612029688515,-0.23032612029688515
L23,endpoint_identity_suffix,9,-0.5501853989247196,-0.4542372755495858,0.09594812337513381
L23,endpoint_identity_suffix,11,0.0,-0.07867225173732839,-0.07867225173732839
L23,endpoint_identity_suffix,15,0.12105485745727407,0.07077950098690633,-0.05027535647036774
L23,endpoint_identity_suffix,16,0.265889598386559,-0.08030136962240952,-0.34619096800896854
L23,endpoint_identity_suffix,20,0.0,-0.24981001263021207,-0.24981001263021207
L23,endpoint_identity_suffix,23,0.0,-0.7485015342110967,-0.7485015342110966
L23,endpoint_identity_suffix,24,0.0,-0.10202378606441553,-0.10202378606441553
L23,endpoint_identity_suffix,26,-0.0025212653894275405,-0.31237706409010113,-0.3098557987006736
L23,endpoint_identity_suffix,31,0.04187847976016179,-0.19676569353333329,-0.2386441732934952
L23,endpoint_identity_suffix,36,0.0,-1.0051888957213109,-1.0051888957213109
L23,endpoint_identity_suffix,37,0.0,-0.17204895134742482,-0.17204895134742482
L23,endpoint_identity_suffix,39,0.0,-0.10113407863449875,-0.10113407863449875
L23,endpoint_identity_suffix,46,0.0,-0.33706675177982026,-0.33706675177982026
L23,endpoint_identity_suffix,47,0.13817097681858614,-0.27065117829022645,-0.4088221551088126
L23,endpoint_identity_suffix,56,0.014762551720880146,-0.1619542387540408,-0.17671679047492095
L23,endpoint_identity_suffix,59,-0.48842440231207346,-0.0670518668234712,0.4213725354886022
L23,endpoint_identity_suffix,62,0.05147183118843657,-0.3489456999795436,-0.4004175311679802
L23,endpoint_identity_suffix,63,0.0,-0.25080898056591583,-0.25080898056591583
L23,endpoint_identity_suffix,72,0.30009754644215536,0.28804791537699526,-0.012049631065160105
L23,endpoint_identity_suffix,74,-0.19238981188913962,-0.21405997919198272,-0.021670167302843102
L23,endpoint_identity_suffix,79,0.2641440197735163,0.009362789764137514,-0.2547812300093788
L23,endpoint_identity_suffix,81,-0.005817488224048484,-0.7955605796916259,-0.7897430914675774
L23,endpoint_identity_suffix,82,-0.03915773556008606,-0.03916409448699065,-6.358926904592721e-06
L23,endpoint_identity_suffix,84,-0.4263659760364314,-0.21586786190318286,0.2104981141332486
L23,endpoint_identity_suffix,87,0.35637318092868675,-0.05989969220225411,-0.41627287313094086
L23,endpoint_identity_suffix,89,0.0,-0.6316986760404781,-0.6316986760404781
L23,endpoint_identity_suffix,93,0.0,-0.03446795399513336,-0.03446795399513336
L23,endpoint_identity_suffix,100,0.0,-0.21424050470342537,-0.21424050470342537
L23,endpoint_identity_suffix,104,0.372158610428722,-0.13171208167538828,-0.5038706921041103
L23,endpoint_identity_suffix,107,0.3600581061612844,0.23203869958410372,-0.1280194065771807
L23,endpoint_identity_suffix,110,0.0,-0.2151384854952899,-0.2151384854952899
L23,endpoint_identity_suffix,115,0.1399391752623549,-0.0276947845727864,-0.1676339598351413
L23,endpoint_identity_suffix,117,0.0,-0.1460930790454673,-0.1460930790454673
L23,endpoint_identity_suffix,118,-0.0011767162750450644,-0.9561324637654874,-0.9549557474904424
L23,endpoint_identity_suffix,130,0.0814019467366166,-0.08981555877323644,-0.17121750550985304
L23,endpoint_identity_suffix,136,0.0,-0.04392262972164174,-0.04392262972164174
L23,endpoint_identity_suffix,138,0.0,-0.20846561121129636,-0.20846561121129636
L23,endpoint_identity_suffix,140,0.3799454889109063,0.009047690265144626,-0.37089779864576167
L23,endpoint_identity_suffix,144,0.10356397798445016,-0.036278579998484606,-0.13984255798293477
L23,endpoint_identity_suffix,156,0.27509780973002596,-0.20101659255488458,-0.47611440228491053
L23,endpoint_identity_suffix,158,0.2016240547264999,-0.03996585067892844,-0.24158990540542835
L23,endpoint_identity_suffix,160,0.0,-0.09405405230162889,-0.09405405230162889
L23,endpoint_identity_suffix,162,-0.4208194987119866,-0.19471414720104718,0.22610535151093936
L23,endpoint_identity_suffix,163,0.01936221571883323,-0.10826915728718212,-0.12763137300601535
L23,endpoint_identity_suffix,168,0.0,-0.8870483949580256,-0.8870483949580256
L23,endpoint_identity_suffix,170,0.04672961161338235,-0.2849044192232223,-0.3316340308366047
L23,endpoint_identity_suffix,172,0.0,-0.1346845803922534,-0.1346845803922534
L23,endpoint_identity_suffix,175,0.0,0.04155938590094599,0.04155938590094599
L23,endpoint_identity_suffix,176,0.0,-0.8194591736577121,-0.8194591736577121
L23,endpoint_identity_suffix,180,0.12638709791758995,0.04986829358343914,-0.07651880433415081
L23,endpoint_identity_suffix,182,0.2682528555254984,0.0575655722403543,-0.21068728328514408
L23,endpoint_identity_suffix,183,0.17188494392685238,-0.04900944160078735,-0.22089438552763974
L23,endpoint_identity_suffix,184,0.0,-0.01243162178452173,-0.01243162178452173
L23,endpoint_identity_suffix,186,0.0,-0.03444554308990355,-0.03444554308990355
L23,endpoint_identity_suffix,191,0.0,-0.1352470360306488,-0.1352470360306488
L23,endpoint_identity_suffix,192,0.0,-0.7990511928815535,-0.7990511928815535
L23,endpoint_identity_suffix,193,-0.5431132055726865,-0.38574595993844485,0.15736724563424165
L24,endpoint_equality,1,0.0,-0.027952286058619435,-0.027952286058619435
L24,endpoint_equality,2,0.0,-0.04421827881994855,-0.04421827881994855
L24,endpoint_equality,3,0.0,-0.1786396514115427,-0.1786396514115427
L24,endpoint_equality,4,0.0,0.02804242999527018,0.02804242999527018
L24,endpoint_equality,8,0.2896788021319885,0.0,-0.2896788021319885
L24,endpoint_equality,9,0.0,-0.09407785052294582,-0.09407785052294582
L24,endpoint_equality,11,0.0,0.013904536701442094,0.013904536701442094
L24,endpoint_equality,15,0.0,-0.05236652784262952,-0.05236652784262952
L24,endpoint_equality,16,0.17352847429969065,-0.03412329293039362,-0.20765176723008427
L24,endpoint_equality,20,0.0,-0.19362834881665303,-0.19362834881665303
L24,endpoint_equality,23,0.0,-0.407993308772691,-0.407993308772691
L24,endpoint_equality,24,0.0,0.05151285908919734,0.05151285908919734
L24,endpoint_equality,25,-2.220446049250313e-16,-0.349385938946022,-0.34938593894602177
L24,endpoint_equality,26,0.0,-0.06740482762157107,-0.06740482762157107
L24,endpoint_equality,31,0.0,-0.32543994054407965,-0.32543994054407976
L24,endpoint_equality,36,0.0,-0.6474299985279695,-0.6474299985279696
L24,endpoint_equality,37,0.0,-0.15258179261987959,-0.15258179261987959
L24,endpoint_equality,39,0.0,0.012592244938137487,0.012592244938137487
L24,endpoint_equality,46,0.0,-0.30368899977347075,-0.30368899977347075
L24,endpoint_equality,47,0.0,-0.04993618676172251,-0.04993618676172251
L24,endpoint_equality,48,0.08047247641396776,-0.055042721022647845,-0.13551519743661566
L24,endpoint_equality,50,0.0,0.029080217152264387,0.029080217152264387
L24,endpoint_equality,53,0.0,0.013043929673716148,0.013043929673716148
L24,endpoint_equality,54,0.0,-0.1551341261073622,-0.1551341261073622
L24,endpoint_equality,56,0.0,-0.11073976902708038,-0.11073976902708038
L24,endpoint_equality,57,0.0,0.20765977295928406,0.20765977295928406
L24,endpoint_equality,59,0.0,-0.03265781790010225,-0.03265781790010225
L24,endpoint_equality,62,0.0,-0.25617399241226524,-0.25617399241226524
L24,endpoint_equality,63,0.0,-0.1596614716247804,-0.1596614716247804
L24,endpoint_equality,72,0.0,0.09099242521547979,0.09099242521547979
L24,endpoint_equality,74,0.0530532639638992,0.0,-0.0530532639638992
L24,endpoint_equality,79,0.0,-0.0429616612394752,-0.0429616612394752
L24,endpoint_equality,80,0.33232127068019945,-0.029214599153810195,-0.36153586983400965
L24,endpoint_equality,81,0.0,-0.2813832095704055,-0.2813832095704055
L24,endpoint_equality,82,0.0,0.006280896934905966,0.006280896934905966
L24,endpoint_equality,83,0.0,-0.43796050399386033,-0.4379605039938602
L24,endpoint_equality,84,0.0,-0.11723827942368636,-0.11723827942368636
L24,endpoint_equality,87,0.2703315018639356,-0.054183732161406484,-0.3245152340253421
L24,endpoint_equality,89,0.0,-0.28178802355921306,-0.28178802355921306
L24,endpoint_equality,90,0.0,0.001166507389583682,0.001166507389583682
L24,endpoint_equality,91,0.0,0.14631932850778817,0.14631932850778817
L24,endpoint_equality,93,0.0,-0.11842801721796625,-0.11842801721796625
L24,endpoint_equality,98,0.0,-0.29489436709897654,-0.29489436709897654
L24,endpoint_equality,99,0.0,-0.3170211888829728,-0.3170211888829728
L24,endpoint_equality,100,0.0,-0.2499392793911357,-0.2499392793911357
L24,endpoint_equality,104,0.33430668222874693,0.0,-0.33430668222874693
L24,endpoint_equality,107,0.16164926514981381,0.0,-0.16164926514981381
L24,endpoint_equality,109,0.1596700017000492,-0.043096787544605775,-0.20276678924465497
L24,endpoint_equality,110,0.0,-0.2332547674043448,-0.2332547674043448
L24,endpoint_equality,114,0.0,-0.3203534843299257,-0.3203534843299257
L24,endpoint_equality,115,0.0,-0.011558783026373698,-0.011558783026373698
L24,endpoint_equality,117,0.0,-0.3757376926833511,-0.37573769268335117
L24,endpoint_equality,118,0.0,-0.28046171791599483,-0.2804617179159947
L24,endpoint_equality,128,0.0,-0.043162219688018366,-0.043162219688018366
L24,endpoint_equality,130,0.028508182936065607,0.0,-0.028508182936065607
L24,endpoint_equality,136,0.0,0.07644287944202044,0.07644287944202044
L24,endpoint_equality,138,0.0,-0.34056465275192727,-0.34056465275192727
L24,endpoint_equality,140,0.0,-0.07021621938255218,-0.07021621938255218
L24,endpoint_equality,142,5.551115123125783e-17,-0.607819967655282,-0.607819967655282
L24,endpoint_equality,144,0.14865513047550716,-0.01434319141334539,-0.16299832188885255
L24,endpoint_equality,149,0.0,-0.13528158683719815,-0.13528158683719815
L24,endpoint_equality,152,0.0,-0.04681415354292873,-0.04681415354292873
L24,endpoint_equality,153,0.0,0.007015187626014496,0.007015187626014496
L24,endpoint_equality,156,0.0,-0.18845056146094086,-0.18845056146094086
L24,endpoint_equality,158,0.0,-0.07770537632451324,-0.07770537632451324
L24,endpoint_equality,159,0.0,-0.28840153756224485,-0.28840153756224485
L24,endpoint_equality,160,0.0,-0.03308284541342532,-0.03308284541342532
L24,endpoint_equality,162,0.0,-0.20024455541312913,-0.20024455541312913
L24,endpoint_equality,163,0.0,-0.015389696294928257,-0.015389696294928257
L24,endpoint_equality,165,-8.326672684688674e-17,-0.6459819661128904,-0.6459819661128903
L24,endpoint_equality,167,0.0,0.06779022788103295,0.06779022788103295
L24,endpoint_equality,168,0.0,-0.09129610045253422,-0.09129610045253411
L24,endpoint_equality,170,0.0,-0.18557967144220333,-0.18557967144220333
L24,endpoint_equality,172,0.0,-0.10947777347206622,-0.10947777347206622
L24,endpoint_equality,173,0.0,-0.16422818257712013,-0.16422818257712013
L24,endpoint_equality,175,0.0,0.012753186868156963,0.012753186868156963
L24,endpoint_equality,176,0.0,-0.210623562775631,-0.210623562775631
L24,endpoint_equality,180,0.0,0.041206792014041094,0.041206792014041094
L24,endpoint_equality,181,0.0,-0.17289848448370915,-0.17289848448370915
L24,endpoint_equality,182,0.0,0.024710277510166634,0.024710277510166634
L24,endpoint_equality,183,0.0,-0.006598725524009197,-0.006598725524009197
L24,endpoint_equality,184,0.0,-0.141588798021419,-0.141588798021419
L24,endpoint_equality,185,0.0,0.04931921608828982,0.04931921608828982
L24,endpoint_equality,186,0.0,0.015432554485147687,0.015432554485147687
L24,endpoint_equality,191,0.0,-0.4959199297378971,-0.4959199297378971
L24,endpoint_equality,192,0.0,-0.17196729252942022,-0.17196729252942022
L24,endpoint_equality,193,0.0,-0.20352990870443832,-0.20352990870443832
L24,endpoint_equality,196,0.0,0.10580382516035436,0.10580382516035436
L24,endpoint_identity,1,-0.03132487693825925,-0.1217379733067705,-0.09041309636851125
L24,endpoint_identity,2,0.3186907203471142,-0.047686562901821716,-0.3663772832489359
L24,endpoint_identity,3,0.0,-0.18056847307812995,-0.18056847307812995
L24,endpoint_identity,9,-0.5694696078945978,-0.4211004524446731,0.14836915544992468
L24,endpoint_identity,11,0.0,-0.06888359873355898,-0.06888359873355898
L24,endpoint_identity,15,-0.017968880895047334,-0.15274275594012932,-0.13477387504508198
L24,endpoint_identity,16,0.2577871183266174,-0.06925060224156332,-0.3270377205681807
L24,endpoint_identity,20,0.0,-0.2150411265233183,-0.2150411265233183
L24,endpoint_identity,23,0.0,-0.23553784806731948,-0.23553784806731948
L24,endpoint_identity,24,0.0,-0.08645691426722046,-0.08645691426722046
L24,endpoint_identity,25,1.1102230246251565e-16,-0.9787211183047619,-0.978721118304762
L24,endpoint_identity,26,-0.14236350075055548,-0.1189496958027727,0.02341380494778278
L24,endpoint_identity,31,0.0,-0.17793755962635038,-0.17793755962635038
L24,endpoint_identity,36,0.0,-0.6821977963744961,-0.6821977963744962
L24,endpoint_identity,37,0.0,-0.1497347955613293,-0.1497347955613293
L24,endpoint_identity,39,0.0,-0.0929448215605182,-0.0929448215605182
L24,endpoint_identity,46,0.0,-0.3027729488372678,-0.3027729488372678
L24,endpoint_identity,47,0.17537648475919143,-0.2537866237190348,-0.42916310847822625
L24,endpoint_identity,48,-0.25445884065276553,-0.08057114321863135,0.17388769743413413
L24,endpoint_identity,54,0.0,-0.15063697676910093,-0.15063697676910093
L24,endpoint_identity,56,0.0,-0.09263114625340485,-0.09263114625340485
L24,endpoint_identity,57,-0.6658940084385288,-0.10789027310175103,0.5580037353367777
L24,endpoint_identity,59,-0.5037572049798003,-0.021035206719328015,0.48272199826047235
L24,endpoint_identity,62,0.0,-0.3042624660741363,-0.3042624660741363
L24,endpoint_identity,63,0.0,-0.17248866409312913,-0.17248866409312913
L24,endpoint_identity,72,0.0,0.238131362263854,0.238131362263854
L24,endpoint_identity,74,-0.19932437469275033,-0.2329973727153486,-0.033672998022598266
L24,endpoint_identity,79,-0.11215250866460713,-0.16900460765538705,-0.05685209899077992
L24,endpoint_identity,80,-0.32124213387686623,-0.2758968755674952,0.04534525830937097
L24,endpoint_identity,81,0.0,-0.3852322604637062,-0.3852322604637062
L24,endpoint_identity,82,-0.05401743436113726,-0.03532624621329483,0.01869118814784243
L24,endpoint_identity,84,-0.43449844761264683,-0.21290873367796048,0.2215897139346864
L24,endpoint_identity,87,0.35481009619641535,-0.017191086601263006,-0.37200118279767835
L24,endpoint_identity,89,0.0,-0.13091558670685155,-0.13091558670685155
L24,endpoint_identity,90,-0.44834030795030944,-0.04059669074080219,0.40774361720950725
L24,endpoint_identity,93,0.0,-0.11842801721796625,-0.11842801721796625
L24,endpoint_identity,99,0.0,-0.12442108688088704,-0.12442108688088704
L24,endpoint_identity,100,0.0,-0.24781452871473197,-0.24781452871473197
L24,endpoint_identity,104,0.3915520242927545,-0.11459774667292977,-0.5061497709656843
L24,endpoint_identity,107,0.2275761331261753,0.0,-0.2275761331261753
L24,endpoint_identity,110,0.0,-0.19992877653785768,-0.19992877653785768
L24,endpoint_identity,115,0.1282896260142634,-0.0053400371984857475,-0.13362966321274916
L24,endpoint_identity,117,0.0,-0.1806088075014607,-0.1806088075014607
L24,endpoint_identity,118,2.7755575615628914e-17,-0.7419058294603,-0.7419058294603
L24,endpoint_identity,130,-0.0009674335537736001,-0.17296558992649702,-0.17199815637272342
L24,endpoint_identity,136,0.0,-0.012202436533723882,-0.012202436533723882
L24,endpoint_identity,138,0.0,-0.18413980395762541,-0.18413980395762541
L24,endpoint_identity,140,0.37905486261197574,0.015467931660149148,-0.3635869309518266
L24,endpoint_identity,144,0.08955187250127383,-0.010548140954880436,-0.10010001345615427
L24,endpoint_identity,149,-0.3394763272666922,-0.37393050105786185,-0.03445417379116966
L24,endpoint_identity,156,0.0,-0.1592803235219642,-0.1592803235219642
L24,endpoint_identity,158,-0.01792568399125316,-0.16569695396468487,-0.1477712699734317
L24,endpoint_identity,160,0.0,-0.08611023771055448,-0.08611023771055448
L24,endpoint_identity,162,-0.43296099105783736,-0.1712321829340958,0.26172880812374155
L24,endpoint_identity,163,-0.1562510289833432,-0.0413950584825058,0.1148559705008374
L24,endpoint_identity,168,0.0,-0.09203015623387911,-0.092030156233879
L24,endpoint_identity,170,0.0,-0.18557967144220333,-0.18557967144220333
L24,endpoint_identity,172,0.0,-0.12204295573568436,-0.12204295573568436
L24,endpoint_identity,175,0.0,0.045780339941437376,0.045780339941437376
L24,endpoint_identity,176,0.0,-0.22103514382135048,-0.22103514382135048
L24,endpoint_identity,180,0.14592667788377267,0.0803080377757186,-0.06561864010805407
L24,endpoint_identity,182,-0.0737997281949705,-0.03321446226344671,0.040585265931523784
L24,endpoint_identity,183,0.0,-0.10830383763655105,-0.10830383763655105
L24,endpoint_identity,184,0.0,0.0006052542347074752,0.0006052542347074752
L24,endpoint_identity,186,0.0,-0.04972365308606941,-0.04972365308606941
L24,endpoint_identity,191,0.0,-0.300359139222661,-0.300359139222661
L24,endpoint_identity,192,0.0,-0.08526891896145039,-0.08526891896145039
L24,endpoint_identity,193,-0.5323437504045516,-0.32861791061919865,0.20372583978535308
L24,endpoint_identity_suffix,1,-0.03132487693825925,-0.1217379733067705,-0.09041309636851125
L24,endpoint_identity_suffix,2,0.3186907203471142,-0.047686562901821716,-0.3663772832489359
L24,endpoint_identity_suffix,3,0.0,-0.21272810257420205,-0.21272810257420205
L24,endpoint_identity_suffix,9,-0.5778408174734659,-0.4211004524446731,0.15674036502879285
L24,endpoint_identity_suffix,11,0.0,-0.06888359873355898,-0.06888359873355898
L24,endpoint_identity_suffix,15,0.1257866291002816,0.0445341301216009,-0.0812524989786807
L24,endpoint_identity_suffix,16,0.26629093042849905,-0.06925060224156332,-0.33554153267006237
L24,endpoint_identity_suffix,20,0.0,-0.19672229698293697,-0.19672229698293697
L24,endpoint_identity_suffix,23,0.0,-0.7193351168204788,-0.7193351168204788
L24,endpoint_identity_suffix,24,0.0,-0.08645691426722046,-0.08645691426722046
L24,endpoint_identity_suffix,26,-0.020484265267557422,-0.2636907291879852,-0.24320646392042777
L24,endpoint_identity_suffix,31,0.041721889406801604,-0.17793755962635038,-0.21965944903315204
L24,endpoint_identity_suffix,36,0.0,-1.020451497301037,-1.0204514973010372
L24,endpoint_identity_suffix,37,0.0,-0.1497347955613293,-0.1497347955613293
L24,endpoint_identity_suffix,39,0.0,-0.0929448215605182,-0.0929448215605182
L24,endpoint_identity_suffix,46,0.0,-0.3271522691434212,-0.3271522691434212
L24,endpoint_identity_suffix,47,0.17537648475919143,-0.23037006084916323,-0.40574654560835466
L24,endpoint_identity_suffix,56,0.0136661721246647,-0.1470849208393037,-0.1607510929639684
L24,endpoint_identity_suffix,59,-0.49438127708603447,-0.021035206719328015,0.4733460703667064
L24,endpoint_identity_suffix,62,0.05361998937345247,-0.29128239028914893,-0.3449023796626014
L24,endpoint_identity_suffix,63,0.0,-0.24323616824769345,-0.24323616824769345
L24,endpoint_identity_suffix,72,0.3043016049859417,0.3023287561381036,-0.0019728488478381045
L24,endpoint_identity_suffix,74,-0.2013541317343106,-0.20825467219205485,-0.006900540457744242
L24,endpoint_identity_suffix,79,0.28066560531608464,0.026035633245516276,-0.25462997207056837
L24,endpoint_identity_suffix,81,-0.0029689414366528832,-0.6749159238070823,-0.6719469823704294
L24,endpoint_identity_suffix,82,-0.05401743436113726,-0.03532624621329483,0.01869118814784243
L24,endpoint_identity_suffix,84,-0.42378639784413075,-0.21290873367796048,0.21087766416617026
L24,endpoint_identity_suffix,87,0.35481009619641535,-0.017191086601263006,-0.37200118279767835
L24,endpoint_identity_suffix,89,0.0,-0.6079469548281591,-0.6079469548281591
L24,endpoint_identity_suffix,93,0.0,-0.008125397184923555,-0.008125397184923555
L24,endpoint_identity_suffix,100,0.0,-0.1984506970764217,-0.1984506970764217
L24,endpoint_identity_suffix,104,0.3915520242927545,-0.11459774667292977,-0.5061497709656843
L24,endpoint_identity_suffix,107,0.3526893057814122,0.23179845551499578,-0.12089085026641644
L24,endpoint_identity_suffix,110,0.0,-0.1917047966741512,-0.1917047966741512
L24,endpoint_identity_suffix,115,0.1282896260142634,-0.0053400371984857475,-0.13362966321274916
L24,endpoint_identity_suffix,117,0.0,-0.12954661601168405,-0.12954661601168405
L24,endpoint_identity_suffix,118,0.007549778236128679,-0.9719078546353143,-0.9794576328714429
L24,endpoint_identity_suffix,130,0.08432856169279757,-0.07880686323152108,-0.16313542492431865
L24,endpoint_identity_suffix,136,0.0,-0.012202436533723882,-0.012202436533723882
L24,endpoint_identity_suffix,138,0.0,-0.18413980395762541,-0.18413980395762541
L24,endpoint_identity_suffix,140,0.37905486261197574,0.015467931660149148,-0.3635869309518266
L24,endpoint_identity_suffix,144,0.10153904394660074,-0.010548140954880436,-0.11208718490148117
L24,endpoint_identity_suffix,156,0.27863434201327186,-0.18110713056039507,-0.45974147257366693
L24,endpoint_identity_suffix,158,0.2097207538337006,-0.027693738045377447,-0.23741449187907804
L24,endpoint_identity_suffix,160,0.0,-0.08611023771055448,-0.08611023771055448
L24,endpoint_identity_suffix,162,-0.42380527470148854,-0.1712321829340958,0.25257309176739273
L24,endpoint_identity_suffix,163,0.01645280280771555,-0.10540018832498754,-0.12185299113270309
L24,endpoint_identity_suffix,168,0.0,-0.9232167592044551,-0.923216759204455
L24,endpoint_identity_suffix,170,0.049211440634588155,-0.27394203190130995,-0.3231534725358981
L24,endpoint_identity_suffix,172,0.0,-0.12204295573568436,-0.12204295573568436
L24,endpoint_identity_suffix,175,0.0,0.03672846201465574,0.03672846201465574
L24,endpoint_identity_suffix,176,0.0,-0.8463114376209689,-0.8463114376209688
L24,endpoint_identity_suffix,180,0.14592667788377267,0.0803080377757186,-0.06561864010805407
L24,endpoint_identity_suffix,182,0.2813465510992976,0.06715522621619319,-0.21419132488310444
L24,endpoint_identity_suffix,183,0.1693497113865966,-0.06219820484269767,-0.23154791622929427
L24,endpoint_identity_suffix,184,0.0,0.0006052542347074752,0.0006052542347074752
L24,endpoint_identity_suffix,186,0.0,-0.031147434651188854,-0.031147434651188854
L24,endpoint_identity_suffix,191,0.0,-0.11809049707684838,-0.11809049707684838
L24,endpoint_identity_suffix,192,0.0,-0.8096259318009971,-0.8096259318009971
L24,endpoint_identity_suffix,193,-0.5323437504045516,-0.32861791061919865,0.20372583978535308
L25,endpoint_equality,1,0.0,-0.026147760224411343,-0.026147760224411343
L25,endpoint_equality,2,0.0,-0.04155786476882395,-0.04155786476882395
L25,endpoint_equality,3,0.0,-0.16312163245415512,-0.16312163245415512
L25,endpoint_equality,4,0.0,0.026586182186794316,0.026586182186794316
L25,endpoint_equality,8,0.2849051668702274,0.0,-0.2849051668702274
L25,endpoint_equality,9,0.0,-0.09048850508948258,-0.09048850508948258
L25,endpoint_equality,11,0.0,0.01301888598383183,0.01301888598383183
L25,endpoint_equality,15,0.0,-0.048733407588979816,-0.048733407588979816
L25,endpoint_equality,16,0.17174080350968457,-0.030351885316231897,-0.20209268882591647
L25,endpoint_equality,20,0.0,-0.170089650655032,-0.170089650655032
L25,endpoint_equality,23,0.0,-0.4031190937078207,-0.40311909370782073
L25,endpoint_equality,24,0.0,0.043452929820376074,0.043452929820376074
L25,endpoint_equality,25,-1.1102230246251565e-16,-0.3413548107621561,-0.341354810762156
L25,endpoint_equality,26,0.0,-0.06346905081645837,-0.06346905081645837
L25,endpoint_equality,31,0.0,-0.31604700505270555,-0.31604700505270555
L25,endpoint_equality,36,0.0,-0.6413156794833683,-0.6413156794833684
L25,endpoint_equality,37,0.0,-0.15743380869602008,-0.15743380869602008
L25,endpoint_equality,39,0.0,0.010332973225660957,0.010332973225660957
L25,endpoint_equality,46,0.0,-0.2846203268862846,-0.2846203268862846
L25,endpoint_equality,47,0.0,-0.045526365000843505,-0.045526365000843505
L25,endpoint_equality,48,0.0804494090026161,-0.05474346505716854,-0.13519287405978464
L25,endpoint_equality,50,0.0,0.027569952620811078,0.027569952620811078
L25,endpoint_equality,53,0.0,0.012606921349262556,0.012606921349262556
L25,endpoint_equality,54,0.0,-0.1476830399904019,-0.1476830399904019
L25,endpoint_equality,56,0.0,-0.0937260402611686,-0.0937260402611686
L25,endpoint_equality,57,0.0,0.20447860154678354,0.20447860154678354
L25,endpoint_equality,59,0.0,-0.02589696955679699,-0.02589696955679699
L25,endpoint_equality,62,0.0,-0.22843172615308027,-0.22843172615308027
L25,endpoint_equality,63,0.0,-0.15846408933888267,-0.15846408933888262
L25,endpoint_equality,72,0.0,0.08932417746880739,0.08932417746880739
L25,endpoint_equality,74,0.05351135452244182,0.0,-0.05351135452244182
L25,endpoint_equality,79,0.0,-0.040168224562819654,-0.040168224562819654
L25,endpoint_equality,80,0.3325630166248663,-0.02310121735764814,-0.35566423398251445
L25,endpoint_equality,81,0.0,-0.27874594943789766,-0.27874594943789766
L25,endpoint_equality,82,0.0,0.0058245643923080515,0.0058245643923080515
L25,endpoint_equality,83,0.0,-0.44927406549749904,-0.44927406549749915
L25,endpoint_equality,84,0.0,-0.1078469130629991,-0.1078469130629991
L25,endpoint_equality,87,0.26520263013581047,-0.05269008590420321,-0.3178927160400137
L25,endpoint_equality,89,0.0,-0.2706483140415694,-0.2706483140415694
L25,endpoint_equality,90,0.0,-0.0034832391023527087,-0.0034832391023527087
L25,endpoint_equality,91,0.0,0.14730183975130828,0.14730183975130828
L25,endpoint_equality,93,0.0,-0.11274670382828644,-0.11274670382828644
L25,endpoint_equality,98,0.0,-0.28830774398067294,-0.28830774398067294
L25,endpoint_equality,99,0.0,-0.29539744134045154,-0.29539744134045154
L25,endpoint_equality,100,0.0,-0.23765520067600532,-0.23765520067600532
L25,endpoint_equality,104,0.33297368829862095,0.0,-0.33297368829862095
L25,endpoint_equality,107,0.15903487945022488,0.0,-0.15903487945022488
L25,endpoint_equality,109,0.15790393230486555,-0.042778633430256674,-0.20068256573512222
L25,endpoint_equality,110,0.0,-0.23161775876935886,-0.23161775876935886
L25,endpoint_equality,114,0.0,-0.3156642637771039,-0.3156642637771039
L25,endpoint_equality,115,0.0,-0.008480578794836546,-0.008480578794836546
L25,endpoint_equality,117,0.0,-0.3604373156278532,-0.3604373156278532
L25,endpoint_equality,118,0.0,-0.27672199455591473,-0.27672199455591473
L25,endpoint_equality,128,0.0,-0.04100999357019841,-0.04100999357019841
L25,endpoint_equality,130,0.027393851425002613,0.0,-0.027393851425002613
L25,endpoint_equality,136,0.0,0.07298339584481095,0.07298339584481095
L25,endpoint_equality,138,0.0,-0.3105431115201547,-0.3105431115201547
L25,endpoint_equality,140,0.0,-0.06282032790882486,-0.06282032790882486
L25,endpoint_equality,142,1.1102230246251565e-16,-0.602819189345645,-0.6028191893456452
L25,endpoint_equality,144,0.14541941990574658,-0.012174076694627889,-0.15759349660037447
L25,endpoint_equality,149,0.0,-0.126558559062647,-0.126558559062647
L25,endpoint_equality,152,0.0,-0.04276389551695292,-0.04276389551695292
L25,endpoint_equality,153,0.0,0.006605733880470588,0.006605733880470588
L25,endpoint_equality,156,0.0,-0.17463826069471433,-0.17463826069471433
L25,endpoint_equality,158,0.0,-0.07621581254724163,-0.07621581254724163
L25,endpoint_equality,159,0.0,-0.25957692428051404,-0.25957692428051393
L25,endpoint_equality,160,0.0,-0.030572953549997672,-0.030572953549997672
L25,endpoint_equality,162,0.0,-0.19577842104939613,-0.19577842104939613
L25,endpoint_equality,163,0.0,-0.014821631742631514,-0.014821631742631514
L25,endpoint_equality,165,0.0,-0.6172815902681161,-0.6172815902681161
L25,endpoint_equality,167,0.0,0.06495481074983611,0.06495481074983611
L25,endpoint_equality,168,0.0,-0.08413514796540178,-0.08413514796540178
L25,endpoint_equality,170,0.0,-0.17948526100416684,-0.17948526100416684
L25,endpoint_equality,172,0.0,-0.10429518780875768,-0.10429518780875768
L25,endpoint_equality,173,0.0,-0.15536504641411186,-0.15536504641411186
L25,endpoint_equality,175,0.0,0.011740726603122642,0.011740726603122642
L25,endpoint_equality,176,0.0,-0.20333761069196543,-0.20333761069196532
L25,endpoint_equality,180,0.0,0.040411539730889734,0.040411539730889734
L25,endpoint_equality,181,0.0,-0.16405331803132595,-0.16405331803132595
L25,endpoint_equality,182,0.0,0.02321166200638336,0.02321166200638336
L25,endpoint_equality,183,0.0,-0.006635995349267176,-0.006635995349267176
L25,endpoint_equality,184,0.0,-0.13779973939561163,-0.13779973939561163
L25,endpoint_equality,185,0.0,0.045378279773551355,0.045378279773551355
L25,endpoint_equality,186,0.0,0.014836405583319445,0.014836405583319445
L25,endpoint_equality,191,0.0,-0.47432271824120265,-0.47432271824120265
L25,endpoint_equality,192,0.0,-0.15842436495040324,-0.15842436495040324
L25,endpoint_equality,193,0.0,-0.18844953898313532,-0.18844953898313532
L25,endpoint_equality,196,0.0,0.09622442997366809,0.09622442997366809
L25,endpoint_identity,1,-0.03146892195138784,-0.11871699770794342,-0.08724807575655558
L25,endpoint_identity,2,0.3029257354557582,-0.049434295078733426,-0.3523600305344916
L25,endpoint_identity,3,0.0,-0.16719103376381605,-0.16719103376381605
L25,endpoint_identity,9,-0.5809104672325275,-0.365580226787672,0.2153302404448555
L25,endpoint_identity,11,0.0,-0.06932375251594047,-0.06932375251594047
L25,endpoint_identity,15,-0.02827465496107706,-0.15351637970443566,-0.1252417247433586
L25,endpoint_identity,16,0.2565827181477195,-0.07164151316095158,-0.32822423130867107
L25,endpoint_identity,20,0.0,-0.17354402898144694,-0.17354402898144694
L25,endpoint_identity,23,0.0,-0.23505276437247613,-0.23505276437247624
L25,endpoint_identity,24,0.0,-0.08171625992218023,-0.08171625992218023
L25,endpoint_identity,25,0.0,-0.9879657029502792,-0.9879657029502792
L25,endpoint_identity,26,-0.14576817758518928,-0.11200420732316174,0.03376397026202749
L25,endpoint_identity,31,0.0,-0.1687643502499524,-0.1687643502499524
L25,endpoint_identity,36,0.0,-0.6763991326076633,-0.6763991326076633
L25,endpoint_identity,37,0.0,-0.16809162029943203,-0.16809162029943203
L25,endpoint_identity,39,0.0,-0.0996487173292665,-0.0996487173292665
L25,endpoint_identity,46,0.0,-0.2818259168457633,-0.2818259168457633
L25,endpoint_identity,47,0.20142285491707412,-0.23017379613305156,-0.4315966510501257
L25,endpoint_identity,48,-0.258018913836635,-0.05935796478623301,0.198660949050402
L25,endpoint_identity,54,0.0,-0.1425575356295783,-0.1425575356295783
L25,endpoint_identity,56,0.0,-0.0742562970148688,-0.0742562970148688
L25,endpoint_identity,57,-0.6511029416736687,-0.10623748571983671,0.544865455953832
L25,endpoint_identity,59,-0.48854154185234466,0.0020926834951311424,0.4906342253474759
L25,endpoint_identity,62,0.0,-0.26834762541067503,-0.26834762541067503
L25,endpoint_identity,63,0.0,-0.1716899793995985,-0.17168997939959846
L25,endpoint_identity,72,0.0,0.23832444823538668,0.23832444823538668
L25,endpoint_identity,74,-0.2011193007214861,-0.22874127116331333,-0.027621970441827237
L25,endpoint_identity,79,-0.1148904419429716,-0.15370949133768286,-0.03881904939471126
L25,endpoint_identity,80,-0.32099543438327477,-0.1826681213026291,0.13832731308064572
L25,endpoint_identity,81,0.0,-0.3752386178580187,-0.3752386178580187
L25,endpoint_identity,82,-0.04826611742759357,-0.03131144356727211,0.016954673860321456
L25,endpoint_identity,84,-0.4395763965196433,-0.19523953582681353,0.24433686069282978
L25,endpoint_identity,87,0.3480784520532514,-0.017090613906046048,-0.36516906595929743
L25,endpoint_identity,89,0.0,-0.12293731064465074,-0.12293731064465074
L25,endpoint_identity,90,-0.45420759211439565,-0.05630183268195421,0.39790575943244144
L25,endpoint_identity,93,0.0,-0.11274670382828644,-0.11274670382828644
L25,endpoint_identity,99,0.0,-0.07670672649647092,-0.07670672649647092
L25,endpoint_identity,100,0.0,-0.23506572072234144,-0.23506572072234144
L25,endpoint_identity,104,0.3935621141021106,-0.09240740907134337,-0.485969523173454
L25,endpoint_identity,107,0.2267421827793471,0.0,-0.2267421827793471
L25,endpoint_identity,110,0.0,-0.1996696755434857,-0.1996696755434857
L25,endpoint_identity,115,0.13279892740249188,0.00860361408663124,-0.12419531331586064
L25,endpoint_identity,117,0.0,-0.15913761032407003,-0.15913761032407003
L25,endpoint_identity,118,2.7755575615628914e-17,-0.7422689276482355,-0.7422689276482356
L25,endpoint_identity,130,0.0036923334970511146,-0.170717406467075,-0.17440973996412612
L25,endpoint_identity,136,0.0,0.008975117437155289,0.008975117437155289
L25,endpoint_identity,138,0.0,-0.1565214071881882,-0.1565214071881882
L25,endpoint_identity,140,0.37309040217301914,0.016900209237014963,-0.3561901929360042
L25,endpoint_identity,144,0.08777950332567197,-0.006909434804141856,-0.09468893812981383
L25,endpoint_identity,149,-0.3316039053425742,-0.34055204313040044,-0.008948137787826216
L25,endpoint_identity,156,0.0,-0.14745905725033714,-0.14745905725033714
L25,endpoint_identity,158,-0.01847295027927809,-0.16135377839512643,-0.14288082811584835
L25,endpoint_identity,160,0.0,-0.07681175102492288,-0.07681175102492288
L25,endpoint_identity,162,-0.42630418267883485,-0.15613669930924545,0.2701674833695894
L25,endpoint_identity,163,-0.15405127086435344,-0.03784766447349397,0.11620360639085947
L25,endpoint_identity,168,0.0,-0.0846913321762981,-0.0846913321762981
L25,endpoint_identity,170,0.0,-0.17948526100416684,-0.17948526100416684
L25,endpoint_identity,172,0.0,-0.1138176427696942,-0.1138176427696942
L25,endpoint_identity,175,0.0,0.04416102644231312,0.04416102644231312
L25,endpoint_identity,176,0.0,-0.21347676785076497,-0.21347676785076497
L25,endpoint_identity,180,0.1440565500964579,0.0752957019073881,-0.0687608481890698
L25,endpoint_identity,182,-0.07575135559313939,-0.032708669206828356,0.043042686386311035
L25,endpoint_identity,183,0.0,-0.11569897458372336,-0.11569897458372336
L25,endpoint_identity,184,0.0,0.010956879508706274,0.010956879508706274
L25,endpoint_identity,186,0.0,-0.04556944888166936,-0.04556944888166936
L25,endpoint_identity,191,0.0,-0.27922132451930737,-0.27922132451930737
L25,endpoint_identity,192,0.0,-0.06607999225414418,-0.06607999225414418
L25,endpoint_identity,193,-0.5200894021467561,-0.2751638973317365,0.24492550481501962
L25,endpoint_identity_suffix,1,-0.03146892195138784,-0.11871699770794342,-0.08724807575655558
L25,endpoint_identity_suffix,2,0.3029257354557582,-0.049434295078733426,-0.3523600305344916
L25,endpoint_identity_suffix,3,0.0,-0.19911885634504944,-0.19911885634504944
L25,endpoint_identity_suffix,9,-0.5891284978601963,-0.365580226787672,0.22354827107252428
L25,endpoint_identity_suffix,11,0.0,-0.06932375251594047,-0.06932375251594047
L25,endpoint_identity_suffix,15,0.12752701753580342,0.028548004384162384,-0.09897901315164104
L25,endpoint_identity_suffix,16,0.26499501375528,-0.07164151316095158,-0.3366365269162316
L25,endpoint_identity_suffix,20,0.0,-0.16016201669451058,-0.16016201669451058
L25,endpoint_identity_suffix,23,0.0,-0.7118659599717465,-0.7118659599717465
L25,endpoint_identity_suffix,24,0.0,-0.08171625992218023,-0.08171625992218023
L25,endpoint_identity_suffix,26,-0.026493585689395194,-0.19257335641954954,-0.16607977073015434
L25,endpoint_identity_suffix,31,0.04105265570391167,-0.1687643502499524,-0.2098170059538641
L25,endpoint_identity_suffix,36,0.0,-1.0331979294169762,-1.0331979294169764
L25,endpoint_identity_suffix,37,0.0,-0.16809162029943203,-0.16809162029943203
L25,endpoint_identity_suffix,39,0.0,-0.0996487173292665,-0.0996487173292665
L25,endpoint_identity_suffix,46,0.0,-0.3007057453639661,-0.3007057453639661
L25,endpoint_identity_suffix,47,0.20142285491707412,-0.2079021360944644,-0.4093249910115385
L25,endpoint_identity_suffix,56,0.013562332136394128,-0.12831593558004117,-0.1418782677164353
L25,endpoint_identity_suffix,59,-0.47943166097596757,0.0020926834951311424,0.4815243444710987
L25,endpoint_identity_suffix,62,0.05409305147134613,-0.26560113383966977,-0.3196941853110159
L25,endpoint_identity_suffix,63,0.0,-0.24576587969129793,-0.24576587969129787
L25,endpoint_identity_suffix,72,0.3017417670776248,0.29880743724445435,-0.002934329833170435
L25,endpoint_identity_suffix,74,-0.20678075633274234,-0.20440276578089356,0.0023779905518487854
L25,endpoint_identity_suffix,79,0.2738343398991927,0.030458200710768324,-0.24337613918842438
L25,endpoint_identity_suffix,81,-0.002495567372241436,-0.6804399917161194,-0.6779444243438779
L25,endpoint_identity_suffix,82,-0.04826611742759357,-0.03131144356727211,0.016954673860321456
L25,endpoint_identity_suffix,84,-0.4286439491383795,-0.19523953582681353,0.23340441331156603
L25,endpoint_identity_suffix,87,0.3480784520532514,-0.017090613906046048,-0.36516906595929743
L25,endpoint_identity_suffix,89,0.0,-0.6199149025314474,-0.6199149025314474
L25,endpoint_identity_suffix,93,0.0,0.016270404918104386,0.016270404918104386
L25,endpoint_identity_suffix,100,0.0,-0.18717724684981318,-0.18717724684981318
L25,endpoint_identity_suffix,104,0.3935621141021106,-0.09240740907134337,-0.485969523173454
L25,endpoint_identity_suffix,107,0.34698519152776386,0.22745313999536743,-0.11953205153239643
L25,endpoint_identity_suffix,110,0.0,-0.18939853002331564,-0.18939853002331564
L25,endpoint_identity_suffix,115,0.13279892740249188,0.00860361408663124,-0.12419531331586064
L25,endpoint_identity_suffix,117,0.0,-0.10737794406285583,-0.10737794406285583
L25,endpoint_identity_suffix,118,0.012434991964448278,-0.9632765950640518,-0.9757115870285002
L25,endpoint_identity_suffix,130,0.08571107351314378,-0.07757312591688559,-0.16328419943002936
L25,endpoint_identity_suffix,136,0.0,0.008975117437155289,0.008975117437155289
L25,endpoint_identity_suffix,138,0.0,-0.1565214071881882,-0.1565214071881882
L25,endpoint_identity_suffix,140,0.37309040217301914,0.016900209237014963,-0.3561901929360042
L25,endpoint_identity_suffix,144,0.10045017058978112,-0.006909434804141856,-0.10735960539392297
L25,endpoint_identity_suffix,156,0.27476306574450327,-0.1611543361998673,-0.43591740194437056
L25,endpoint_identity_suffix,158,0.20825881203076002,-0.021572820247860003,-0.22983163227862002
L25,endpoint_identity_suffix,160,0.0,-0.07681175102492288,-0.07681175102492288
L25,endpoint_identity_suffix,162,-0.4188472855476315,-0.15613669930924545,0.26271058623838606
L25,endpoint_identity_suffix,163,0.017720168228840816,-0.10563074267048544,-0.12335091089932626
L25,endpoint_identity_suffix,168,0.0,-0.947721443360736,-0.9477214433607359
L25,endpoint_identity_suffix,170,0.05034405676684506,-0.26928905794089597,-0.31963311470774103
L25,endpoint_identity_suffix,172,0.0,-0.1138176427696942,-0.1138176427696942
L25,endpoint_identity_suffix,175,0.0,0.037796784729236865,0.037796784729236865
L25,endpoint_identity_suffix,176,0.0,-0.8510116176715679,-0.8510116176715679
L25,endpoint_identity_suffix,180,0.1440565500964579,0.0752957019073881,-0.0687608481890698
L25,endpoint_identity_suffix,182,0.28083331630556463,0.06097737665859171,-0.21985593964697292
L25,endpoint_identity_suffix,183,0.1643243078934552,-0.07195159416730568,-0.23627590206076088
L25,endpoint_identity_suffix,184,0.0,0.010956879508706274,0.010956879508706274
L25,endpoint_identity_suffix,186,0.0,-0.03716646669323942,-0.03716646669323942
L25,endpoint_identity_suffix,191,0.0,-0.09243028196087377,-0.09243028196087377
L25,endpoint_identity_suffix,192,0.0,-0.8053071881078504,-0.8053071881078504
L25,endpoint_identity_suffix,193,-0.5200894021467561,-0.2751638973317365,0.24492550481501962
L26,endpoint_equality,1,0.0,-0.026773366924247588,-0.026773366924247588
L26,endpoint_equality,2,0.0,-0.03920890861120174,-0.03920890861120174
L26,endpoint_equality,3,0.0,-0.15621713965581108,-0.15621713965581108
L26,endpoint_equality,4,0.0,0.025682954707185512,0.025682954707185512
L26,endpoint_equality,8,0.2842909512373454,0.0,-0.2842909512373454
L26,endpoint_equality,9,0.0,-0.08422251075549858,-0.08422251075549858
L26,endpoint_equality,11,0.0,0.012520170449466184,0.012520170449466184
L26,endpoint_equality,15,0.0,-0.04809484533378394,-0.04809484533378394
L26,endpoint_equality,16,0.1726760244136083,-0.031196152533311983,-0.20387217694692028
L26,endpoint_equality,20,0.0,-0.15029232950889293,-0.15029232950889293
L26,endpoint_equality,23,0.0,-0.39385644232697065,-0.3938564423269707
L26,endpoint_equality,24,0.0,0.035946464853517046,0.035946464853517046
L26,endpoint_equality,25,-1.1102230246251565e-16,-0.34598687248744797,-0.34598687248744786
L26,endpoint_equality,26,0.0,-0.06024329477593082,-0.06024329477593082
L26,endpoint_equality,31,0.0,-0.30367214811144205,-0.30367214811144205
L26,endpoint_equality,36,0.0,-0.6380047435435727,-0.6380047435435727
L26,endpoint_equality,37,0.0,-0.16544537315771146,-0.16544537315771146
L26,endpoint_equality,39,0.0,0.009287962581018494,0.009287962581018494
L26,endpoint_equality,46,0.0,-0.282308931298376,-0.282308931298376
L26,endpoint_equality,47,0.0,-0.04113574741939052,-0.04113574741939052
L26,endpoint_equality,48,0.08129685597188474,-0.055659185890836405,-0.13695604186272115
L26,endpoint_equality,50,0.0,0.026156885005019337,0.026156885005019337
L26,endpoint_equality,53,0.0,0.011221754612192436,0.011221754612192436
L26,endpoint_equality,54,0.0,-0.151749511984543,-0.151749511984543
L26,endpoint_equality,56,0.0,-0.08520669051626073,-0.08520669051626073
L26,endpoint_equality,57,0.0,0.19766104778752858,0.19766104778752858
L26,endpoint_equality,59,0.0,-0.025222754903336808,-0.025222754903336808
L26,endpoint_equality,62,0.0,-0.20429113267517895,-0.20429113267517895
L26,endpoint_equality,63,0.0,-0.1641463602433676,-0.1641463602433676
L26,endpoint_equality,72,0.0,0.08871802311530708,0.08871802311530708
L26,endpoint_equality,74,0.05550097917294938,0.0,-0.05550097917294938
L26,endpoint_equality,79,0.0,-0.038463569462067415,-0.038463569462067415
L26,endpoint_equality,80,0.33668185768454373,-0.021082738298044523,-0.35776459598258825
L26,endpoint_equality,81,0.0,-0.275702594585716,-0.2757025945857159
L26,endpoint_equality,82,0.0,0.005510674982542874,0.005510674982542874
L26,endpoint_equality,83,0.0,-0.45445730517701277,-0.45445730517701277
L26,endpoint_equality,84,0.0,-0.10240791654314774,-0.10240791654314774
L26,endpoint_equality,87,0.25831701200927437,-0.05118020097724263,-0.309497212986517
L26,endpoint_equality,89,0.0,-0.2662720020980589,-0.2662720020980589
L26,endpoint_equality,90,0.0,-0.0017961222000053567,-0.0017961222000053567
L26,endpoint_equality,91,0.0,0.15091928083769113,0.15091928083769113
L26,endpoint_equality,93,0.0,-0.10727247857657729,-0.10727247857657729
L26,endpoint_equality,98,0.0,-0.27450499077044355,-0.27450499077044355
L26,endpoint_equality,99,0.0,-0.26771566158718485,-0.26771566158718485
L26,endpoint_equality,100,0.0,-0.23880278772513708,-0.23880278772513708
L26,endpoint_equality,104,0.33152783795179575,0.0,-0.33152783795179575
L26,endpoint_equality,107,0.1616058337100139,0.0,-0.1616058337100139
L26,endpoint_equality,109,0.15697320899365041,-0.04001133932048018,-0.1969845483141306
L26,endpoint_equality,110,0.0,-0.2403337349162159,-0.2403337349162159
L26,endpoint_equality,114,0.0,-0.31394572686935174,-0.31394572686935174
L26,endpoint_equality,115,0.0,-0.010704829270450356,-0.010704829270450356
L26,endpoint_equality,117,0.0,-0.3482268500964292,-0.3482268500964292
L26,endpoint_equality,118,0.0,-0.2784276073986186,-0.2784276073986186
L26,endpoint_equality,128,0.0,-0.040206830806858385,-0.040206830806858385
L26,endpoint_equality,130,0.027036985339354058,0.0,-0.027036985339354058
L26,endpoint_equality,136,0.0,0.06734308482442208,0.06734308482442208
L26,endpoint_equality,138,0.0,-0.29295635334432246,-0.29295635334432246
L26,endpoint_equality,140,0.0,-0.057250744146634336,-0.057250744146634336
L26,endpoint_equality,142,5.551115123125783e-17,-0.6020444355318434,-0.6020444355318435
L26,endpoint_equality,144,0.14219567868286664,-0.010602065455957543,-0.1527977441388242
L26,endpoint_equality,149,0.0,-0.12377323121672079,-0.12377323121672079
L26,endpoint_equality,152,0.0,-0.04057699603773601,-0.04057699603773601
L26,endpoint_equality,153,0.0,0.0069022932449775976,0.0069022932449775976
L26,endpoint_equality,156,0.0,-0.16925828954924826,-0.16925828954924826
L26,endpoint_equality,158,0.0,-0.07400775459338194,-0.07400775459338194
L26,endpoint_equality,159,0.0,-0.23375925451210477,-0.23375925451210477
L26,endpoint_equality,160,0.0,-0.027410720970680202,-0.027410720970680202
L26,endpoint_equality,162,0.0,-0.19110842429049013,-0.19110842429049013
L26,endpoint_equality,163,0.0,-0.014271249830315025,-0.014271249830315025
L26,endpoint_equality,165,-2.7755575615628914e-17,-0.6059820012688285,-0.6059820012688284
L26,endpoint_equality,167,0.0,0.0610694786485908,0.0610694786485908
L26,endpoint_equality,168,0.0,-0.07698312282633735,-0.07698312282633735
L26,endpoint_equality,170,0.0,-0.16900237335398627,-0.16900237335398627
L26,endpoint_equality,172,0.0,-0.09053041264499462,-0.09053041264499462
L26,endpoint_equality,173,0.0,-0.1572776395686426,-0.1572776395686426
L26,endpoint_equality,175,0.0,0.011202502119897817,0.011202502119897817
L26,endpoint_equality,176,0.0,-0.19634393415770168,-0.19634393415770168
L26,endpoint_equality,180,0.0,0.0391270688689358,0.0391270688689358
L26,endpoint_equality,181,0.0,-0.15992400403294038,-0.15992400403294038
L26,endpoint_equality,182,0.0,0.02286726171386766,0.02286726171386766
L26,endpoint_equality,183,0.0,-0.006140756157087868,-0.006140756157087868
L26,endpoint_equality,184,0.0,-0.1338011570345825,-0.1338011570345825
L26,endpoint_equality,185,0.0,0.043081260543690325,0.043081260543690325
L26,endpoint_equality,186,0.0,0.01337246805107295,0.01337246805107295
L26,endpoint_equality,191,0.0,-0.4674342120770302,-0.4674342120770302
L26,endpoint_equality,192,0.0,-0.151238501776917,-0.151238501776917
L26,endpoint_equality,193,0.0,-0.17730744142437205,-0.17730744142437205
L26,endpoint_equality,196,0.0,0.08867579468292042,0.08867579468292042
L26,endpoint_identity,1,-0.02647643288441548,-0.07611783075715195,-0.04964139787273647
L26,endpoint_identity,2,0.2912944215815412,-0.06388943380355117,-0.35518385538509234
L26,endpoint_identity,3,0.0,-0.16409736095302496,-0.16409736095302496
L26,endpoint_identity,9,-0.5908922744189317,-0.3534808418286468,0.23741143259028485
L26,endpoint_identity,11,0.0,-0.05521473104278951,-0.05521473104278951
L26,endpoint_identity,15,-0.02675791800050087,-0.1585332871439724,-0.13177536914347154
L26,endpoint_identity,16,0.2561704526719719,-0.07324429022101131,-0.3294147428929832
L26,endpoint_identity,20,0.0,-0.1414857398986129,-0.1414857398986129
L26,endpoint_identity,23,0.0,-0.19746988040457691,-0.19746988040457691
L26,endpoint_identity,24,0.0,-0.06812341867047467,-0.06812341867047467
L26,endpoint_identity,25,1.1102230246251565e-16,-0.9924347896070211,-0.9924347896070213
L26,endpoint_identity,26,-0.1484041359599264,-0.10631169666340656,0.042092439296519846
L26,endpoint_identity,31,0.0,-0.1492145840418425,-0.1492145840418425
L26,endpoint_identity,36,0.0,-0.6726261493649848,-0.6726261493649848
L26,endpoint_identity,37,0.0,-0.1491730913342848,-0.1491730913342848
L26,endpoint_identity,39,0.0,-0.10545409187785093,-0.10545409187785093
L26,endpoint_identity,46,0.0,-0.2793058646726235,-0.2793058646726235
L26,endpoint_identity,47,0.21697320491448313,-0.20693290798197161,-0.42390611289645475
L26,endpoint_identity,48,-0.26464796260249623,-0.07631012068427934,0.1883378419182169
L26,endpoint_identity,54,0.0,-0.14778768872667847,-0.14778768872667847
L26,endpoint_identity,56,0.0,-0.06335281072776677,-0.06335281072776677
L26,endpoint_identity,57,-0.648035145842995,-0.10269540471642502,0.54533974112657
L26,endpoint_identity,59,-0.48953275736672397,0.018670466796541163,0.5082032241632651
L26,endpoint_identity,62,0.0,-0.23591235458389626,-0.23591235458389626
L26,endpoint_identity,63,0.0,-0.17829385131056408,-0.17829385131056408
L26,endpoint_identity,72,0.0,0.24685938810424013,0.24685938810424013
L26,endpoint_identity,74,-0.20866621971697813,-0.2154549464767196,-0.006788726759741459
L26,endpoint_identity,79,-0.11070735845690727,-0.15237690407684346,-0.04166954561993619
L26,endpoint_identity,80,-0.31918962901932296,-0.15455401634715038,0.16463561267217264
L26,endpoint_identity,81,0.0,-0.3419717536310358,-0.34197175363103577
L26,endpoint_identity,82,-0.03906458958377668,-0.045533779788842876,-0.0064691902050662
L26,endpoint_identity,84,-0.43498647630391507,-0.16814258864729714,0.26684388765661793
L26,endpoint_identity,87,0.33904107826217245,0.002709817991495944,-0.3363312602706765
L26,endpoint_identity,89,0.0,-0.11065624014792408,-0.11065624014792408
L26,endpoint_identity,90,-0.462449897018899,-0.04261976787090482,0.4198301291479942
L26,endpoint_identity,93,0.0,-0.10727247857657729,-0.10727247857657729
L26,endpoint_identity,99,0.0,-0.025957976246991032,-0.025957976246991032
L26,endpoint_identity,100,0.0,-0.23642842811105103,-0.23642842811105103
L26,endpoint_identity,104,0.39745544991257065,-0.08541471072827811,-0.48287016064084876
L26,endpoint_identity,107,0.23170105396156904,0.0,-0.23170105396156904
L26,endpoint_identity,110,0.0,-0.21287311637668282,-0.21287311637668282
L26,endpoint_identity,115,0.11857621538373198,0.006194688108473123,-0.11238152727525885
L26,endpoint_identity,117,0.0,-0.1385871186202947,-0.1385871186202947
L26,endpoint_identity,118,5.551115123125783e-17,-0.7161667066921473,-0.7161667066921474
L26,endpoint_identity,130,0.009283103460865805,-0.16720118828254682,-0.17648429174341262
L26,endpoint_identity,136,0.0,0.013700846229327768,0.013700846229327768
L26,endpoint_identity,138,0.0,-0.12792340178791517,-0.12792340178791517
L26,endpoint_identity,140,0.3707359038449859,0.01059199607539485,-0.36014390776959104
L26,endpoint_identity,144,0.08082999641789113,-0.008712436871213258,-0.08954243328910438
L26,endpoint_identity,149,-0.33752253852911285,-0.3287027787319571,0.008819759797155768
L26,endpoint_identity,156,0.0,-0.14213362985948574,-0.14213362985948574
L26,endpoint_identity,158,-0.020273143144854733,-0.14698541940582222,-0.12671227626096748
L26,endpoint_identity,160,0.0,-0.06451598471622311,-0.06451598471622311
L26,endpoint_identity,162,-0.43417154130221136,-0.0855555655731568,0.34861597572905456
L26,endpoint_identity,163,-0.1502014464648349,-0.031565873004015144,0.11863557346081977
L26,endpoint_identity,168,0.0,-0.07733245030437907,-0.07733245030437907
L26,endpoint_identity,170,0.0,-0.16900237335398627,-0.16900237335398627
L26,endpoint_identity,172,0.0,-0.10056264400507198,-0.10056264400507198
L26,endpoint_identity,175,0.0,0.03980540473865468,0.03980540473865468
L26,endpoint_identity,176,0.0,-0.20594212728241212,-0.20594212728241212
L26,endpoint_identity,180,0.12190332744133747,0.09240537531952309,-0.029497952121814386
L26,endpoint_identity,182,-0.08296496000113329,-0.015831543391272573,0.06713341660986072
L26,endpoint_identity,183,0.0,-0.10755305848737073,-0.10755305848737073
L26,endpoint_identity,184,0.0,0.02169471953486246,0.02169471953486246
L26,endpoint_identity,186,0.0,-0.038285019178479374,-0.038285019178479374
L26,endpoint_identity,191,0.0,-0.2652001952348151,-0.2652001952348151
L26,endpoint_identity,192,0.0,-0.05861439279149705,-0.05861439279149705
L26,endpoint_identity,193,-0.5144426448322161,-0.22946206615765752,0.2849805786745587
L26,endpoint_identity_suffix,1,-0.02647643288441548,-0.07611783075715195,-0.04964139787273647
L26,endpoint_identity_suffix,2,0.2912944215815412,-0.06388943380355117,-0.35518385538509234
L26,endpoint_identity_suffix,3,0.0,-0.19677129353978262,-0.19677129353978262
L26,endpoint_identity_suffix,9,-0.5990932330730566,-0.3534808418286468,0.2456123912444098
L26,endpoint_identity_suffix,11,0.0,-0.05521473104278951,-0.05521473104278951
L26,endpoint_identity_suffix,15,0.13204962626604644,0.0221150805095518,-0.10993454575649464
L26,endpoint_identity_suffix,16,0.2638505447361571,-0.07324429022101131,-0.3370948349571684
L26,endpoint_identity_suffix,20,0.0,-0.13389005551894706,-0.13389005551894706
L26,endpoint_identity_suffix,23,0.0,-0.6951167450157414,-0.6951167450157414
L26,endpoint_identity_suffix,24,0.0,-0.06812341867047467,-0.06812341867047467
L26,endpoint_identity_suffix,26,-0.04325054928355304,-0.15165409249383366,-0.10840354321028056
L26,endpoint_identity_suffix,31,0.038660339834467955,-0.1492145840418425,-0.18787492387631044
L26,endpoint_identity_suffix,36,0.0,-1.0401681815626622,-1.0401681815626624
L26,endpoint_identity_suffix,37,0.0,-0.1491730913342848,-0.1491730913342848
L26,endpoint_identity_suffix,39,0.0,-0.10545409187785093,-0.10545409187785093
L26,endpoint_identity_suffix,46,0.0,-0.29747423887233615,-0.29747423887233615
L26,endpoint_identity_suffix,47,0.21697320491448313,-0.18462521698288803,-0.40159842189737116
L26,endpoint_identity_suffix,56,0.013906525585417828,-0.11583190593615056,-0.1297384315215684
L26,endpoint_identity_suffix,59,-0.4803195599887112,0.018670466796541163,0.4989900267852524
L26,endpoint_identity_suffix,62,0.05780055160405562,-0.23767609982095284,-0.29547665142500845
L26,endpoint_identity_suffix,63,0.0,-0.2514143831965089,-0.2514143831965089
L26,endpoint_identity_suffix,72,0.3038216825171802,0.30249909571203326,-0.0013225868051469636
L26,endpoint_identity_suffix,74,-0.22392155435662892,-0.19906598475759274,0.024855569599036176
L26,endpoint_identity_suffix,79,0.265791521564806,0.020207045183369576,-0.24558447638143643
L26,endpoint_identity_suffix,81,0.001101881990857756,-0.6214365904693329,-0.6225384724601906
L26,endpoint_identity_suffix,82,-0.03906458958377668,-0.045533779788842876,-0.0064691902050662
L26,endpoint_identity_suffix,84,-0.4222171554044739,-0.16814258864729714,0.25407456675717677
L26,endpoint_identity_suffix,87,0.33904107826217245,0.002709817991495944,-0.3363312602706765
L26,endpoint_identity_suffix,89,0.0,-0.6121526995643553,-0.6121526995643551
L26,endpoint_identity_suffix,93,0.0,0.0003975548882493296,0.0003975548882493296
L26,endpoint_identity_suffix,100,0.0,-0.18698099513688704,-0.18698099513688704
L26,endpoint_identity_suffix,104,0.39745544991257065,-0.08541471072827811,-0.48287016064084876
L26,endpoint_identity_suffix,107,0.3525945462763945,0.22969924805046193,-0.12289529822593259
L26,endpoint_identity_suffix,110,0.0,-0.20091346491521367,-0.20091346491521367
L26,endpoint_identity_suffix,115,0.11857621538373198,0.006194688108473123,-0.11238152727525885
L26,endpoint_identity_suffix,117,0.0,-0.08531664715634069,-0.08531664715634069
L26,endpoint_identity_suffix,118,0.020225924798166095,-0.9562966549367579,-0.976522579734924
L26,endpoint_identity_suffix,130,0.09151554671933237,-0.0757602592556541,-0.16727580597498648
L26,endpoint_identity_suffix,136,0.0,0.013700846229327768,0.013700846229327768
L26,endpoint_identity_suffix,138,0.0,-0.12792340178791517,-0.12792340178791517
L26,endpoint_identity_suffix,140,0.3707359038449859,0.01059199607539485,-0.36014390776959104
L26,endpoint_identity_suffix,144,0.09390719953530235,-0.008712436871213258,-0.10261963640651561
L26,endpoint_identity_suffix,156,0.2707824559142352,-0.15303873508445953,-0.42382119099869475
L26,endpoint_identity_suffix,158,0.20991497315464835,-0.0055793888627426735,-0.21549436201739103
L26,endpoint_identity_suffix,160,0.0,-0.06451598471622311,-0.06451598471622311
L26,endpoint_identity_suffix,162,-0.4279964068057922,-0.0855555655731568,0.3424408412326354
L26,endpoint_identity_suffix,163,0.02436050167087256,-0.10051697650050495,-0.12487747817137751
L26,endpoint_identity_suffix,168,0.0,-0.9733690754489095,-0.9733690754489095
L26,endpoint_identity_suffix,170,0.05102197466134972,-0.2602127419391459,-0.3112347166004956
L26,endpoint_identity_suffix,172,0.0,-0.10056264400507198,-0.10056264400507198
L26,endpoint_identity_suffix,175,0.0,0.0367273282386229,0.0367273282386229
L26,endpoint_identity_suffix,176,0.0,-0.8686321732855976,-0.8686321732855976
L26,endpoint_identity_suffix,180,0.12190332744133747,0.09240537531952309,-0.029497952121814386
L26,endpoint_identity_suffix,182,0.2756958467668206,0.07846824655154627,-0.1972276002152743
L26,endpoint_identity_suffix,183,0.1601286137437028,-0.06768125696890248,-0.22780987071260528
L26,endpoint_identity_suffix,184,0.0,0.02169471953486246,0.02169471953486246
L26,endpoint_identity_suffix,186,0.0,-0.021030372268178832,-0.021030372268178832
L26,endpoint_identity_suffix,191,0.0,-0.07382066176735558,-0.07382066176735558
L26,endpoint_identity_suffix,192,0.0,-0.8126416921511033,-0.8126416921511033
L26,endpoint_identity_suffix,193,-0.5144426448322161,-0.22946206615765752,0.2849805786745587
L27,endpoint_equality,1,0.0,-0.030714086201790947,-0.030714086201790947
L27,endpoint_equality,2,0.0,-0.03395128724272767,-0.03395128724272767
L27,endpoint_equality,3,0.0,-0.14514227550239822,-0.14514227550239822
L27,endpoint_equality,4,0.0,0.024566258387945128,0.024566258387945128
L27,endpoint_equality,8,0.29849154993883775,0.0,-0.29849154993883775
L27,endpoint_equality,9,0.0,-0.08348311960468324,-0.08348311960468324
L27,endpoint_equality,11,0.0,0.012434463499821247,0.012434463499821247
L27,endpoint_equality,15,0.0,-0.04771536788624475,-0.04771536788624475
L27,endpoint_equality,16,0.18255676281113387,-0.028059407963074934,-0.2106161707742088
L27,endpoint_equality,20,0.0,-0.1401778373957272,-0.1401778373957272
L27,endpoint_equality,23,0.0,-0.3874302077760669,-0.38743020777606696
L27,endpoint_equality,24,0.0,0.03550251840393326,0.03550251840393326
L27,endpoint_equality,25,-1.1102230246251565e-16,-0.32724498858734985,-0.32724498858734974
L27,endpoint_equality,26,0.0,-0.06338671213035085,-0.06338671213035085
L27,endpoint_equality,31,0.0,-0.26924043633881956,-0.26924043633881956
L27,endpoint_equality,36,0.0,-0.6422110256477609,-0.642211025647761
L27,endpoint_equality,37,0.0,-0.15346291149659796,-0.15346291149659796
L27,endpoint_equality,39,0.0,0.010789772037733458,0.010789772037733458
L27,endpoint_equality,46,0.0,-0.2783594369719674,-0.2783594369719674
L27,endpoint_equality,47,0.0,-0.03608054711320352,-0.03608054711320352
L27,endpoint_equality,48,0.07888609406415797,-0.05520580119175911,-0.13409189525591703
L27,endpoint_equality,50,0.0,0.023334112792515516,0.023334112792515516
L27,endpoint_equality,53,0.0,0.009742716225144,0.009742716225144
L27,endpoint_equality,54,0.0,-0.14667832898296973,-0.14667832898296973
L27,endpoint_equality,56,0.0,-0.07156090069680943,-0.07156090069680943
L27,endpoint_equality,57,0.0,0.18801481136594,0.18801481136594
L27,endpoint_equality,59,0.0,-0.028927746108471597,-0.028927746108471597
L27,endpoint_equality,62,0.0,-0.16397062774301485,-0.16397062774301485
L27,endpoint_equality,63,0.0,-0.17115773401051615,-0.17115773401051615
L27,endpoint_equality,72,0.0,0.0901863003786616,0.0901863003786616
L27,endpoint_equality,74,0.0553963545736923,0.0,-0.0553963545736923
L27,endpoint_equality,79,0.0,-0.03421223530186768,-0.03421223530186768
L27,endpoint_equality,80,0.3379543910623135,-0.02456050875498006,-0.36251489981729357
L27,endpoint_equality,81,0.0,-0.261978697643549,-0.261978697643549
L27,endpoint_equality,82,0.0,0.005154446166638849,0.005154446166638849
L27,endpoint_equality,83,0.0,-0.4643152117333761,-0.4643152117333761
L27,endpoint_equality,84,0.0,-0.08672545094396389,-0.08672545094396389
L27,endpoint_equality,87,0.267504644591931,-0.05218523191349189,-0.3196898765054229
L27,endpoint_equality,89,0.0,-0.2559895664073809,-0.2559895664073809
L27,endpoint_equality,90,0.0,-0.0006423229354211024,-0.0006423229354211024
L27,endpoint_equality,91,0.0,0.1565974971310109,0.1565974971310109
L27,endpoint_equality,93,0.0,-0.09582544511755309,-0.09582544511755309
L27,endpoint_equality,98,0.0,-0.2713472813535045,-0.2713472813535045
L27,endpoint_equality,99,0.0,-0.2666918623367276,-0.2666918623367276
L27,endpoint_equality,100,0.0,-0.2364014925119431,-0.2364014925119431
L27,endpoint_equality,104,0.34063183219983284,0.0,-0.34063183219983284
L27,endpoint_equality,107,0.17099351233386162,0.0,-0.17099351233386162
L27,endpoint_equality,109,0.15941091717406664,-0.041029158209583194,-0.20044007538364983
L27,endpoint_equality,110,0.0,-0.2386889914699618,-0.2386889914699618
L27,endpoint_equality,114,0.0,-0.31753962556756765,-0.31753962556756765
L27,endpoint_equality,115,0.0,-0.005551069255045782,-0.005551069255045782
L27,endpoint_equality,117,0.0,-0.3341483008955778,-0.3341483008955778
L27,endpoint_equality,118,0.0,-0.2715246845760946,-0.2715246845760946
L27,endpoint_equality,128,0.0,-0.03951302417042024,-0.03951302417042024
L27,endpoint_equality,130,0.0270316156321998,0.0,-0.0270316156321998
L27,endpoint_equality,136,0.0,0.06073447576457469,0.06073447576457469
L27,endpoint_equality,138,0.0,-0.28260517573857014,-0.28260517573857014
L27,endpoint_equality,140,0.0,-0.05041352421226053,-0.05041352421226053
L27,endpoint_equality,142,2.7755575615628914e-17,-0.5985355501380036,-0.5985355501380036
L27,endpoint_equality,144,0.14345898990416706,-0.009791315829741132,-0.1532503057339082
L27,endpoint_equality,149,0.0,-0.1238938676319894,-0.1238938676319894
L27,endpoint_equality,152,0.0,-0.03653288079227379,-0.03653288079227379
L27,endpoint_equality,153,0.0,0.0068763023655251665,0.0068763023655251665
L27,endpoint_equality,156,0.0,-0.1592295347507393,-0.1592295347507393
L27,endpoint_equality,158,0.0,-0.07288466337899835,-0.07288466337899835
L27,endpoint_equality,159,0.0,-0.22580125358355185,-0.22580125358355185
L27,endpoint_equality,160,0.0,-0.019278398609895886,-0.019278398609895886
L27,endpoint_equality,162,0.0,-0.1926632127809701,-0.1926632127809701
L27,endpoint_equality,163,0.0,-0.013328593352691875,-0.013328593352691875
L27,endpoint_equality,165,0.0,-0.5917369174931226,-0.5917369174931226
L27,endpoint_equality,167,0.0,0.056433669708216394,0.056433669708216394
L27,endpoint_equality,168,0.0,-0.06647915117712921,-0.06647915117712921
L27,endpoint_equality,170,0.0,-0.1613535329025011,-0.1613535329025011
L27,endpoint_equality,172,0.0,-0.07320846004150128,-0.07320846004150128
L27,endpoint_equality,173,0.0,-0.16463416269652575,-0.16463416269652575
L27,endpoint_equality,175,0.0,0.010528649331766005,0.010528649331766005
L27,endpoint_equality,176,0.0,-0.1950782012503448,-0.1950782012503447
L27,endpoint_equality,180,0.0,0.03633706359285571,0.03633706359285571
L27,endpoint_equality,181,0.0,-0.15123574692549147,-0.15123574692549147
L27,endpoint_equality,182,0.0,0.022494816514297744,0.022494816514297744
L27,endpoint_equality,183,0.0,-0.005716344750034796,-0.005716344750034796
L27,endpoint_equality,184,0.0,-0.1340370453735713,-0.1340370453735713
L27,endpoint_equality,185,0.0,0.04141283257264439,0.04141283257264439
L27,endpoint_equality,186,0.0,0.011176944430825175,0.011176944430825175
L27,endpoint_equality,191,0.0,-0.4331122772309338,-0.4331122772309338
L27,endpoint_equality,192,0.0,-0.13869118421394266,-0.13869118421394266
L27,endpoint_equality,193,0.0,-0.17299022918788642,-0.17299022918788642
L27,endpoint_equality,196,0.0,0.08233841536998399,0.08233841536998399
L27,endpoint_identity,1,-0.02746583943915759,-0.026663665291517535,0.0008021741476400557
L27,endpoint_identity,2,0.294457747118856,-0.059147537701586206,-0.3536052848204422
L27,endpoint_identity,3,0.0,-0.15171041377527394,-0.15171041377527394
L27,endpoint_identity,9,-0.5989709780356953,-0.34457482469311196,0.25439615334258336
L27,endpoint_identity,11,0.0,-0.042262932218296356,-0.042262932218296356
L27,endpoint_identity,15,-0.03234553153049857,-0.17709874413320437,-0.1447532126027058
L27,endpoint_identity,16,0.2688485355330449,-0.06836970369223194,-0.33721823922527683
L27,endpoint_identity,20,0.0,-0.12717720939073263,-0.12717720939073263
L27,endpoint_identity,23,0.0,-0.17730873497997401,-0.17730873497997401
L27,endpoint_identity,24,0.0,-0.042105798817238416,-0.042105798817238416
L27,endpoint_identity,25,1.1102230246251565e-16,-0.9641547830551798,-0.9641547830551799
L27,endpoint_identity,26,-0.13933710559773604,-0.11185890375944374,0.027478201838292304
L27,endpoint_identity,31,0.0,-0.13249405760590016,-0.13249405760590016
L27,endpoint_identity,36,0.0,-0.6762649310466033,-0.6762649310466035
L27,endpoint_identity,37,0.0,-0.14252039723339593,-0.14252039723339593
L27,endpoint_identity,39,0.0,-0.12179192343084055,-0.12179192343084055
L27,endpoint_identity,46,0.0,-0.2741415037987457,-0.2741415037987457
L27,endpoint_identity,47,0.24085814034030129,-0.17786343532318516,-0.41872157566348644
L27,endpoint_identity,48,-0.2627723247562257,-0.04557029441032867,0.21720203034589713
L27,endpoint_identity,54,0.0,-0.14239140845571474,-0.14239140845571474
L27,endpoint_identity,56,0.0,-0.047079282629755026,-0.047079282629755026
L27,endpoint_identity,57,-0.6511996336045262,-0.0976836729443149,0.5535159606602112
L27,endpoint_identity,59,-0.48687367056027586,0.03053351033121343,0.5174071808914893
L27,endpoint_identity,62,0.0,-0.1841774015144071,-0.1841774015144071
L27,endpoint_identity,63,0.0,-0.18712078035015356,-0.18712078035015356
L27,endpoint_identity,72,0.0,0.25726350338420056,0.25726350338420056
L27,endpoint_identity,74,-0.2082409016910743,-0.19219821677190618,0.016042684919168104
L27,endpoint_identity,79,-0.11259526622101523,-0.13605994353185524,-0.02346467731084001
L27,endpoint_identity,80,-0.33974289699942917,-0.1626863225185573,0.17705657448087186
L27,endpoint_identity,81,0.0,-0.27755061105299483,-0.27755061105299483
L27,endpoint_identity,82,0.01592971410513977,-0.06231325650283703,-0.0782429706079768
L27,endpoint_identity,84,-0.4181224120219307,-0.12150124659558426,0.2966211654263464
L27,endpoint_identity,87,0.35109984602690936,0.005272734601871276,-0.3458271114250381
L27,endpoint_identity,89,0.0,-0.15726208521063167,-0.15726208521063167
L27,endpoint_identity,90,-0.4844490462080401,-0.033667646427567144,0.45078139978047294
L27,endpoint_identity,93,0.0,-0.09582544511755309,-0.09582544511755309
L27,endpoint_identity,99,0.0,-0.02719577196415024,-0.02719577196415024
L27,endpoint_identity,100,0.0,-0.23471254186215917,-0.23471254186215917
L27,endpoint_identity,104,0.41867189826862605,-0.05394490822281783,-0.4726168064914439
L27,endpoint_identity,107,0.24962170699763875,0.0,-0.24962170699763875
L27,endpoint_identity,110,0.0,-0.2180289621067939,-0.2180289621067939
L27,endpoint_identity,115,0.07891644166832035,0.013183809850521255,-0.06573263181779909
L27,endpoint_identity,117,0.0,-0.1151493668062109,-0.1151493668062109
L27,endpoint_identity,118,2.7755575615628914e-17,-0.6626889026731492,-0.6626889026731493
L27,endpoint_identity,130,0.01822311072624916,-0.17307431480480784,-0.191297425531057
L27,endpoint_identity,136,0.0,0.006025690136522099,0.006025690136522099
L27,endpoint_identity,138,0.0,-0.138762153447465,-0.138762153447465
L27,endpoint_identity,140,0.38345181579146725,0.005034988433348708,-0.37841682735811855
L27,endpoint_identity,144,0.06760087489180011,-0.020653817745731162,-0.08825469263753127
L27,endpoint_identity,149,-0.34865727039876415,-0.32720983105842805,0.021447439340336105
L27,endpoint_identity,156,0.0,-0.13176627508745442,-0.13176627508745442
L27,endpoint_identity,158,-0.02149449097746725,-0.1348850008667677,-0.11339050988930044
L27,endpoint_identity,160,0.0,-0.035355670230180936,-0.035355670230180936
L27,endpoint_identity,162,-0.45843101738676606,0.03480101459589591,0.49323203198266197
L27,endpoint_identity,163,-0.15256894937965892,-0.025320540659429014,0.1272484087202299
L27,endpoint_identity,168,0.0,-0.06677738683580814,-0.06677738683580814
L27,endpoint_identity,170,0.0,-0.1613535329025011,-0.1613535329025011
L27,endpoint_identity,172,0.0,-0.0791435895650976,-0.0791435895650976
L27,endpoint_identity,175,0.0,0.04227366179975989,0.04227366179975989
L27,endpoint_identity,176,0.0,-0.2039967934678525,-0.20399679346785238
L27,endpoint_identity,180,0.09875086165803193,0.08925761251915976,-0.009493249138872173
L27,endpoint_identity,182,-0.1017463191597956,0.024182960943965215,0.1259292801037608
L27,endpoint_identity,183,0.0,-0.09464962171482294,-0.09464962171482294
L27,endpoint_identity,184,0.0,0.020510399475010876,0.020510399475010876
L27,endpoint_identity,186,0.0,-0.03222656830755666,-0.03222656830755666
L27,endpoint_identity,191,0.0,-0.21038379964832576,-0.21038379964832576
L27,endpoint_identity,192,0.0,-0.037152991614524344,-0.037152991614524344
L27,endpoint_identity,193,-0.5187239322810338,-0.19407033361205261,0.32465359866898125
L27,endpoint_identity_suffix,1,-0.02746583943915759,-0.026663665291517535,0.0008021741476400557
L27,endpoint_identity_suffix,2,0.294457747118856,-0.059147537701586206,-0.3536052848204422
L27,endpoint_identity_suffix,3,0.0,-0.1872182180460118,-0.1872182180460118
L27,endpoint_identity_suffix,9,-0.6051017814043309,-0.34457482469311196,0.26052695671121895
L27,endpoint_identity_suffix,11,0.0,-0.042262932218296356,-0.042262932218296356
L27,endpoint_identity_suffix,15,0.15677065726161765,-0.00452617629179386,-0.1612968335534115
L27,endpoint_identity_suffix,16,0.275379145749753,-0.06836970369223194,-0.3437488494419849
L27,endpoint_identity_suffix,20,0.0,-0.12317009041766958,-0.12317009041766958
L27,endpoint_identity_suffix,23,0.0,-0.6755514610253427,-0.6755514610253428
L27,endpoint_identity_suffix,24,0.0,-0.042105798817238416,-0.042105798817238416
L27,endpoint_identity_suffix,26,-0.04659607511066233,-0.1347529388178026,-0.08815686370714026
L27,endpoint_identity_suffix,31,0.036678120165901607,-0.13249405760590016,-0.16917217777180182
L27,endpoint_identity_suffix,36,0.0,-1.0492589381407742,-1.0492589381407742
L27,endpoint_identity_suffix,37,0.0,-0.14252039723339593,-0.14252039723339593
L27,endpoint_identity_suffix,39,0.0,-0.12179192343084055,-0.12179192343084055
L27,endpoint_identity_suffix,46,0.0,-0.2993492280665696,-0.2993492280665696
L27,endpoint_identity_suffix,47,0.24085814034030129,-0.1540111956702137,-0.394869336010515
L27,endpoint_identity_suffix,56,0.012045114218825703,-0.09544410417225979,-0.1074892183910855
L27,endpoint_identity_suffix,59,-0.47620954362835854,0.03053351033121343,0.5067430539595721
L27,endpoint_identity_suffix,62,0.06206785507081092,-0.1895974655593845,-0.2516653206301954
L27,endpoint_identity_suffix,63,0.0,-0.25558155132072624,-0.25558155132072624
L27,endpoint_identity_suffix,72,0.3083325412314053,0.3157613169827158,0.007428775751310512
L27,endpoint_identity_suffix,74,-0.22554151179720655,-0.18040707184742089,0.045134439949785665
L27,endpoint_identity_suffix,79,0.27910754364078283,0.020356447600895944,-0.2587510960398869
L27,endpoint_identity_suffix,81,0.004550353118911665,-0.5741404875561459,-0.5786908406750575
L27,endpoint_identity_suffix,82,0.01592971410513977,-0.06231325650283703,-0.0782429706079768
L27,endpoint_identity_suffix,84,-0.39914868912141044,-0.12150124659558426,0.2776474425258262
L27,endpoint_identity_suffix,87,0.35109984602690936,0.005272734601871276,-0.3458271114250381
L27,endpoint_identity_suffix,89,0.0,-0.6522882137906583,-0.6522882137906584
L27,endpoint_identity_suffix,93,0.0,0.010904871942101213,0.010904871942101213
L27,endpoint_identity_suffix,100,0.0,-0.1817579518999214,-0.1817579518999214
L27,endpoint_identity_suffix,104,0.41867189826862605,-0.05394490822281783,-0.4726168064914439
L27,endpoint_identity_suffix,107,0.3730767541829716,0.2327192927037416,-0.14035746147923
L27,endpoint_identity_suffix,110,0.0,-0.20207736392033115,-0.20207736392033115
L27,endpoint_identity_suffix,115,0.07891644166832035,0.013183809850521255,-0.06573263181779909
L27,endpoint_identity_suffix,117,0.0,-0.06136420139902676,-0.06136420139902676
L27,endpoint_identity_suffix,118,0.021280883251687838,-0.8941252102064136,-0.9154060934581014
L27,endpoint_identity_suffix,130,0.10179538967625745,-0.0831853389339201,-0.18498072861017756
L27,endpoint_identity_suffix,136,0.0,0.006025690136522099,0.006025690136522099
L27,endpoint_identity_suffix,138,0.0,-0.138762153447465,-0.138762153447465
L27,endpoint_identity_suffix,140,0.38345181579146725,0.005034988433348708,-0.37841682735811855
L27,endpoint_identity_suffix,144,0.07991801487221462,-0.020653817745731162,-0.10057183261794578
L27,endpoint_identity_suffix,156,0.2630718344261236,-0.09523331241215494,-0.3583051468382785
L27,endpoint_identity_suffix,158,0.2084426010214383,0.018943545793560945,-0.18949905522787736
L27,endpoint_identity_suffix,160,0.0,-0.035355670230180936,-0.035355670230180936
L27,endpoint_identity_suffix,162,-0.4536795938482082,0.03480101459589591,0.4884806084441041
L27,endpoint_identity_suffix,163,0.03597037255534519,-0.1015430046860688,-0.137513377241414
L27,endpoint_identity_suffix,168,0.0,-1.013180783131797,-1.013180783131797
L27,endpoint_identity_suffix,170,0.05192603452789524,-0.2540077218143355,-0.30593375634223074
L27,endpoint_identity_suffix,172,0.0,-0.0791435895650976,-0.0791435895650976
L27,endpoint_identity_suffix,175,0.0,0.04064109598095089,0.04064109598095089
L27,endpoint_identity_suffix,176,0.0,-0.8865375101965081,-0.8865375101965081
L27,endpoint_identity_suffix,180,0.09875086165803193,0.08925761251915976,-0.009493249138872173
L27,endpoint_identity_suffix,182,0.25626486930611203,0.1264749578145843,-0.12978991149152774
L27,endpoint_identity_suffix,183,0.16012804256623026,-0.05891071240120982,-0.21903875496744007
L27,endpoint_identity_suffix,184,0.0,0.020510399475010876,0.020510399475010876
L27,endpoint_identity_suffix,186,0.0,0.0013882251249817124,0.0013882251249817124
L27,endpoint_identity_suffix,191,0.0,-0.00969867581500905,-0.00969867581500905
L27,endpoint_identity_suffix,192,0.0,-0.8035980237828628,-0.8035980237828628
L27,endpoint_identity_suffix,193,-0.5187239322810338,-0.19407033361205261,0.32465359866898125
L28,endpoint_equality,1,0.0,-0.03866474341646575,-0.03866474341646575
L28,endpoint_equality,2,0.0,-0.02594596366642521,-0.02594596366642521
L28,endpoint_equality,3,0.0,-0.10066602423737647,-0.10066602423737647
L28,endpoint_equality,4,0.0,0.02537791532277489,0.02537791532277489
L28,endpoint_equality,8,0.36975614081131447,0.0,-0.36975614081131447
L28,endpoint_equality,9,0.0,-0.07933103129444685,-0.07933103129444685
L28,endpoint_equality,11,0.0,0.014400104911351796,0.014400104911351796
L28,endpoint_equality,15,0.0,-0.05091742452626269,-0.05091742452626269
L28,endpoint_equality,16,0.23029252039918924,-0.019072939780932385,-0.24936546018012162
L28,endpoint_equality,20,0.0,-0.1640866178235365,-0.1640866178235365
L28,endpoint_equality,23,0.0,-0.3216321840011149,-0.32163218400111493
L28,endpoint_equality,24,0.0,0.03942832753906744,0.03942832753906744
L28,endpoint_equality,25,-3.3306690738754696e-16,-0.27761821898963723,-0.2776182189896369
L28,endpoint_equality,26,0.0,-0.10110052405015835,-0.10110052405015835
L28,endpoint_equality,31,0.0,-0.19634054872663131,-0.19634054872663143
L28,endpoint_equality,36,0.0,-0.6275322570753118,-0.6275322570753117
L28,endpoint_equality,37,0.0,-0.12360271421844549,-0.12360271421844549
L28,endpoint_equality,39,0.0,0.012805534434378263,0.012805534434378263
L28,endpoint_equality,46,0.0,-0.29904104371921303,-0.29904104371921303
L28,endpoint_equality,47,0.0,-0.024216426553882453,-0.024216426553882453
L28,endpoint_equality,48,0.06516587696958409,-0.05021521435719656,-0.11538109132678065
L28,endpoint_equality,50,0.0,0.01740710446076177,0.01740710446076177
L28,endpoint_equality,53,0.0,0.008488891584109703,0.008488891584109703
L28,endpoint_equality,54,0.0,-0.11975500568304631,-0.11975500568304631
L28,endpoint_equality,56,0.0,-0.03819697388357879,-0.03819697388357879
L28,endpoint_equality,57,0.0,0.1554600565090133,0.1554600565090133
L28,endpoint_equality,59,0.0,-0.058327858309571656,-0.058327858309571656
L28,endpoint_equality,62,0.0,-0.10003585699454853,-0.10003585699454853
L28,endpoint_equality,63,0.0,-0.1834960687961188,-0.1834960687961188
L28,endpoint_equality,72,0.0,0.10516420426420992,0.10516420426420992
L28,endpoint_equality,74,0.058099344378687245,0.0,-0.058099344378687245
L28,endpoint_equality,79,0.0,-0.028107281330497003,-0.028107281330497003
L28,endpoint_equality,80,0.3490331300163555,-0.04163580921651011,-0.3906689392328656
L28,endpoint_equality,81,0.0,-0.24924017306170032,-0.24924017306170032
L28,endpoint_equality,82,0.0,0.005420599034310136,0.005420599034310136
L28,endpoint_equality,83,0.0,-0.5058174204377158,-0.5058174204377158
L28,endpoint_equality,84,0.0,-0.08207666642876266,-0.08207666642876266
L28,endpoint_equality,87,0.33055139595055016,-0.05170457959195951,-0.3822559755425097
L28,endpoint_equality,89,0.0,-0.1955020699963893,-0.1955020699963892
L28,endpoint_equality,90,0.0,0.004864312329280862,0.004864312329280862
L28,endpoint_equality,91,0.0,0.15730349811277355,0.15730349811277355
L28,endpoint_equality,93,0.0,-0.08374692546178242,-0.08374692546178242
L28,endpoint_equality,98,0.0,-0.2744979780053458,-0.2744979780053458
L28,endpoint_equality,99,0.0,-0.2761244672597686,-0.27612446725976847
L28,endpoint_equality,100,0.0,-0.22653800026518134,-0.22653800026518134
L28,endpoint_equality,104,0.3835594541791022,0.0,-0.3835594541791022
L28,endpoint_equality,107,0.2133450709364607,0.0,-0.2133450709364607
L28,endpoint_equality,109,0.16835010640429116,-0.07254903582154637,-0.24089914222583753
L28,endpoint_equality,110,0.0,-0.27331844470077404,-0.27331844470077404
L28,endpoint_equality,114,0.0,-0.371427747517754,-0.371427747517754
L28,endpoint_equality,115,0.0,0.01269618215642887,0.01269618215642887
L28,endpoint_equality,117,0.0,-0.35324405125750347,-0.35324405125750347
L28,endpoint_equality,118,0.0,-0.2662559338623981,-0.2662559338623981
L28,endpoint_equality,128,0.0,-0.040933070522941595,-0.040933070522941595
L28,endpoint_equality,130,0.027566922989172404,0.0,-0.027566922989172404
L28,endpoint_equality,136,0.0,0.05943059244151261,0.05943059244151261
L28,endpoint_equality,138,0.0,-0.33569621833388497,-0.33569621833388497
L28,endpoint_equality,140,0.0,-0.057419577048718695,-0.057419577048718695
L28,endpoint_equality,142,2.7755575615628914e-17,-0.6447895678524531,-0.6447895678524531
L28,endpoint_equality,144,0.14921048546672355,-0.007574456490921921,-0.15678494195764547
L28,endpoint_equality,149,0.0,-0.12215165492808144,-0.12215165492808144
L28,endpoint_equality,152,0.0,-0.04336278167351315,-0.04336278167351315
L28,endpoint_equality,153,0.0,0.011228785597522606,0.011228785597522606
L28,endpoint_equality,156,0.0,-0.14302263520284786,-0.14302263520284786
L28,endpoint_equality,158,0.0,-0.07061226727638781,-0.07061226727638781
L28,endpoint_equality,159,0.0,-0.1711938114522562,-0.1711938114522562
L28,endpoint_equality,160,0.0,0.017332258471879136,0.017332258471879136
L28,endpoint_equality,162,0.0,-0.19158449464010596,-0.19158449464010596
L28,endpoint_equality,163,0.0,-0.01457165741289601,-0.01457165741289601
L28,endpoint_equality,165,0.0,-0.6184807489096082,-0.6184807489096082
L28,endpoint_equality,167,0.0,0.04952829952645188,0.04952829952645188
L28,endpoint_equality,168,0.0,-0.04434205750364084,-0.04434205750364084
L28,endpoint_equality,170,0.0,-0.1596569900751208,-0.1596569900751208
L28,endpoint_equality,172,0.0,-0.04268351770992318,-0.04268351770992318
L28,endpoint_equality,173,0.0,-0.22382339504070536,-0.22382339504070536
L28,endpoint_equality,175,0.0,0.013965350179739433,0.013965350179739433
L28,endpoint_equality,176,0.0,-0.1893603270743156,-0.1893603270743156
L28,endpoint_equality,180,0.0,0.03364380099030795,0.03364380099030795
L28,endpoint_equality,181,0.0,-0.15430997248263334,-0.15430997248263334
L28,endpoint_equality,182,0.0,0.019766355961668314,0.019766355961668314
L28,endpoint_equality,183,0.0,-0.007444276180801346,-0.007444276180801346
L28,endpoint_equality,184,0.0,-0.14040853026840705,-0.14040853026840705
L28,endpoint_equality,185,0.0,0.04447369381693966,0.04447369381693966
L28,endpoint_equality,186,0.0,0.008445070869764315,0.008445070869764315
L28,endpoint_equality,191,0.0,-0.3911811760384174,-0.3911811760384174
L28,endpoint_equality,192,0.0,-0.08907696457310466,-0.08907696457310466
L28,endpoint_equality,193,0.0,-0.20598909933248266,-0.20598909933248266
L28,endpoint_equality,196,0.0,0.08142743083433168,0.08142743083433168
L28,endpoint_identity,1,0.019785506994082436,0.04035639306081973,0.020570886066737293
L28,endpoint_identity,2,0.5646015854407779,0.17051186292442289,-0.394089722516355
L28,endpoint_identity,3,0.0,-0.10240525305734693,-0.10240525305734693
L28,endpoint_identity,9,-0.6161008386017002,-0.3514707326434531,0.2646301059582471
L28,endpoint_identity,11,0.0,-0.10735271007346725,-0.10735271007346725
L28,endpoint_identity,15,-0.09047174342784481,-0.22610927151492444,-0.13563752808707963
L28,endpoint_identity,16,0.3365840869150274,0.05247295297564669,-0.2841111339393807
L28,endpoint_identity,20,0.0,-0.19505559296701036,-0.19505559296701036
L28,endpoint_identity,23,0.0,-0.11631482560795747,-0.11631482560795747
L28,endpoint_identity,24,0.0,0.08064941082495736,0.08064941082495736
L28,endpoint_identity,25,0.0,-0.9384699207790637,-0.9384699207790637
L28,endpoint_identity,26,-0.11046611591623257,-0.17841268950027933,-0.06794657358404677
L28,endpoint_identity,31,0.0,-0.06351344994319841,-0.06351344994319841
L28,endpoint_identity,36,0.0,-0.65399801852806,-0.65399801852806
L28,endpoint_identity,37,0.0,-0.1204163875619253,-0.1204163875619253
L28,endpoint_identity,39,0.0,-0.1524465500895238,-0.1524465500895238
L28,endpoint_identity,46,0.0,-0.28796027574373195,-0.28796027574373195
L28,endpoint_identity,47,0.2702157876940642,-0.10753147637905958,-0.37774726407312376
L28,endpoint_identity,48,-0.2789597041425418,0.043647847088333025,0.3226075512308748
L28,endpoint_identity,54,0.0,-0.11231894790822183,-0.11231894790822183
L28,endpoint_identity,56,0.0,-0.006005550247275782,-0.006005550247275782
L28,endpoint_identity,57,-0.6441077092170236,-0.08076975002982245,0.5633379591872012
L28,endpoint_identity,59,-0.535874408267784,0.01657558855454444,0.5524499968223285
L28,endpoint_identity,62,0.0,-0.1140565042296755,-0.1140565042296755
L28,endpoint_identity,63,0.0,-0.20333247541709054,-0.20333247541709054
L28,endpoint_identity,72,0.0,0.2821396166124084,0.2821396166124084
L28,endpoint_identity,74,-0.21861016434234426,-0.12635357575100892,0.09225658859133534
L28,endpoint_identity,79,-0.1272794435568967,-0.10561427778354826,0.021665165773348427
L28,endpoint_identity,80,-0.45423972859371853,-0.3287914342306907,0.12544829436302785
L28,endpoint_identity,81,0.0,-0.3018409967652902,-0.3018409967652902
L28,endpoint_identity,82,0.22470880201359011,-0.11603185011359729,-0.3407406521271874
L28,endpoint_identity,84,-0.4008607206622657,-0.13661000196401885,0.2642507186982469
L28,endpoint_identity,87,0.4338487071850974,0.00815164659045875,-0.42569706059463863
L28,endpoint_identity,89,0.0,-0.2786357241523626,-0.2786357241523625
L28,endpoint_identity,90,-0.5886481890549311,-0.03552157818897039,0.5531266108659607
L28,endpoint_identity,93,0.0,-0.08374692546178242,-0.08374692546178242
L28,endpoint_identity,99,0.0,-0.034709942821546935,-0.034709942821546935
L28,endpoint_identity,100,0.0,-0.2305432479217906,-0.2305432479217906
L28,endpoint_identity,104,0.49803102476217875,0.12545417283547788,-0.37257685192670087
L28,endpoint_identity,107,0.26365452052329164,0.0,-0.26365452052329164
L28,endpoint_identity,110,0.0,-0.2780747848523323,-0.2780747848523323
L28,endpoint_identity,115,-0.17853878963098058,-0.06124688221057362,0.11729190742040696
L28,endpoint_identity,117,0.0,-0.10286802422090746,-0.10286802422090746
L28,endpoint_identity,118,5.551115123125783e-17,-0.562199782045427,-0.562199782045427
L28,endpoint_identity,130,0.04824672579417766,-0.24487795320794947,-0.29312467900212713
L28,endpoint_identity,136,0.0,0.00988027365052968,0.00988027365052968
L28,endpoint_identity,138,0.0,-0.26935151531789714,-0.26935151531789714
L28,endpoint_identity,140,0.3948445571936774,-0.040713269434758725,-0.4355578266284361
L28,endpoint_identity,144,-0.01270498139370857,-0.09281502036727729,-0.08011003897356872
L28,endpoint_identity,149,-0.41338581774573635,-0.2988964340922381,0.11448938365349826
L28,endpoint_identity,156,0.0,-0.10766150878715841,-0.10766150878715841
L28,endpoint_identity,158,-0.03577512058541166,-0.11437610967423129,-0.07860098908881963
L28,endpoint_identity,160,0.0,0.0627025523735727,0.0627025523735727
L28,endpoint_identity,162,-0.5103938954344353,0.2656349667822304,0.7760288622166657
L28,endpoint_identity,163,-0.13839805755503465,-0.039184014550342594,0.09921404300469205
L28,endpoint_identity,168,0.0,-0.04433675099985446,-0.04433675099985446
L28,endpoint_identity,170,0.0,-0.1596569900751208,-0.1596569900751208
L28,endpoint_identity,172,0.0,-0.02580843827031143,-0.02580843827031143
L28,endpoint_identity,175,0.0,0.11949000758993389,0.11949000758993389
L28,endpoint_identity,176,0.0,-0.19858167721874453,-0.19858167721874453
L28,endpoint_identity,180,0.008117226831230173,0.07264703179534782,0.06452980496411764
L28,endpoint_identity,182,-0.1657243736447752,0.11474122976504342,0.28046560340981863
L28,endpoint_identity,183,0.0,-0.11731348792580754,-0.11731348792580754
L28,endpoint_identity,184,0.0,0.02293874273982155,0.02293874273982155
L28,endpoint_identity,186,0.0,-0.04086591758472191,-0.04086591758472191
L28,endpoint_identity,191,0.0,-0.1481005593602388,-0.1481005593602388
L28,endpoint_identity,192,0.0,0.04811211223684553,0.04811211223684553
L28,endpoint_identity,193,-0.614964184616245,-0.2168742254144349,0.39808995920181023
L28,endpoint_identity_suffix,1,0.019785506994082436,0.04035639306081973,0.020570886066737293
L28,endpoint_identity_suffix,2,0.5646015854407779,0.17051186292442289,-0.394089722516355
L28,endpoint_identity_suffix,3,0.0,-0.15041018505345183,-0.15041018505345183
L28,endpoint_identity_suffix,9,-0.621206097842153,-0.3514707326434531,0.2697353651986999
L28,endpoint_identity_suffix,11,0.0,-0.10735271007346725,-0.10735271007346725
L28,endpoint_identity_suffix,15,0.19373130779040948,-0.04739091204022494,-0.24112221983063442
L28,endpoint_identity_suffix,16,0.34283427051693316,0.05247295297564669,-0.29036131754128647
L28,endpoint_identity_suffix,20,0.0,-0.19556166462733193,-0.19556166462733193
L28,endpoint_identity_suffix,23,0.0,-0.5835771695149045,-0.5835771695149045
L28,endpoint_identity_suffix,24,0.0,0.08064941082495736,0.08064941082495736
L28,endpoint_identity_suffix,26,-0.0680090684103209,-0.1516247668142351,-0.08361569840391425
L28,endpoint_identity_suffix,31,0.03463236298187927,-0.06351344994319841,-0.09814581292507774
L28,endpoint_identity_suffix,36,0.0,-1.0303099144556562,-1.0303099144556562
L28,endpoint_identity_suffix,37,0.0,-0.1204163875619253,-0.1204163875619253
L28,endpoint_identity_suffix,39,0.0,-0.1524465500895238,-0.1524465500895238
L28,endpoint_identity_suffix,46,0.0,-0.3033231712989004,-0.3033231712989004
L28,endpoint_identity_suffix,47,0.2702157876940642,-0.08121699232662583,-0.35143278002069
L28,endpoint_identity_suffix,56,-0.0017283101800128486,-0.052729946699521246,-0.0510016365195084
L28,endpoint_identity_suffix,59,-0.5169213426168198,0.01657558855454444,0.5334969311713643
L28,endpoint_identity_suffix,62,0.061927100076618724,-0.12674654439286015,-0.18867364446947887
L28,endpoint_identity_suffix,63,0.0,-0.27743533071632764,-0.27743533071632764
L28,endpoint_identity_suffix,72,0.35437603936801954,0.42237374101186576,0.06799770164384622
L28,endpoint_identity_suffix,74,-0.25499649837569166,-0.16748511651197773,0.08751138186371393
L28,endpoint_identity_suffix,79,0.3383710627710218,0.0274743297475728,-0.310896733023449
L28,endpoint_identity_suffix,81,0.0277356990045306,-0.7015300161160809,-0.7292657151206114
L28,endpoint_identity_suffix,82,0.22470880201359011,-0.11603185011359729,-0.3407406521271874
L28,endpoint_identity_suffix,84,-0.3483880392019325,-0.13661000196401885,0.21177803723791366
L28,endpoint_identity_suffix,87,0.4338487071850974,0.00815164659045875,-0.42569706059463863
L28,endpoint_identity_suffix,89,0.0,-0.7261902952536344,-0.7261902952536343
L28,endpoint_identity_suffix,93,0.0,0.02928077316637756,0.02928077316637756
L28,endpoint_identity_suffix,100,0.0,-0.1702459707577776,-0.1702459707577776
L28,endpoint_identity_suffix,104,0.49803102476217875,0.12545417283547788,-0.37257685192670087
L28,endpoint_identity_suffix,107,0.46548015477046,0.22959077881788792,-0.2358893759525721
L28,endpoint_identity_suffix,110,0.0,-0.25228794880835637,-0.25228794880835637
L28,endpoint_identity_suffix,115,-0.17853878963098058,-0.06124688221057362,0.11729190742040696
L28,endpoint_identity_suffix,117,0.0,-0.05037290269381267,-0.05037290269381267
L28,endpoint_identity_suffix,118,-0.0027423420731912396,-0.7808586043785213,-0.7781162623053299
L28,endpoint_identity_suffix,130,0.13870414639289863,-0.16160749078108017,-0.3003116371739788
L28,endpoint_identity_suffix,136,0.0,0.00988027365052968,0.00988027365052968
L28,endpoint_identity_suffix,138,0.0,-0.26935151531789714,-0.26935151531789714
L28,endpoint_identity_suffix,140,0.3948445571936774,-0.040713269434758725,-0.4355578266284361
L28,endpoint_identity_suffix,144,0.0006330794549853636,-0.09281502036727729,-0.09344809982226265
L28,endpoint_identity_suffix,156,0.2636863751202072,0.08928336411773508,-0.17440301100247213
L28,endpoint_identity_suffix,158,0.2023734471240095,0.06516893715688021,-0.1372045099671293
L28,endpoint_identity_suffix,160,0.0,0.0627025523735727,0.0627025523735727
L28,endpoint_identity_suffix,162,-0.509925681260249,0.2656349667822304,0.7755606480424794
L28,endpoint_identity_suffix,163,0.10610003673199975,-0.12201685996898592,-0.22811689670098567
L28,endpoint_identity_suffix,168,0.0,-1.040712812143533,-1.040712812143533
L28,endpoint_identity_suffix,170,0.055315627592293914,-0.24788370388252345,-0.30319933147481737
L28,endpoint_identity_suffix,172,0.0,-0.02580843827031143,-0.02580843827031143
L28,endpoint_identity_suffix,175,0.0,0.11062520247714147,0.11062520247714147
L28,endpoint_identity_suffix,176,0.0,-0.8707518581992137,-0.8707518581992139
L28,endpoint_identity_suffix,180,0.008117226831230173,0.07264703179534782,0.06452980496411764
L28,endpoint_identity_suffix,182,0.20822130478496204,0.18105902334650392,-0.027162281438458113
L28,endpoint_identity_suffix,183,0.18798129842909939,-0.0773983227226469,-0.2653796211517463
L28,endpoint_identity_suffix,184,0.0,0.02293874273982155,0.02293874273982155
L28,endpoint_identity_suffix,186,0.0,0.007761754365348761,0.007761754365348761
L28,endpoint_identity_suffix,191,0.0,0.06518915107080403,0.06518915107080403
L28,endpoint_identity_suffix,192,0.0,-0.6748430359468427,-0.6748430359468427
L28,endpoint_identity_suffix,193,-0.614964184616245,-0.2168742254144349,0.39808995920181023
L29,endpoint_equality,1,0.0,-0.038216298743126265,-0.038216298743126265
L29,endpoint_equality,2,0.0,-0.026169032941442127,-0.026169032941442127
L29,endpoint_equality,3,0.0,-0.13478795463945414,-0.13478795463945414
L29,endpoint_equality,4,0.0,0.02222969533311847,0.02222969533311847
L29,endpoint_equality,8,0.3568002303098209,0.0,-0.3568002303098209
L29,endpoint_equality,9,0.0,-0.07832704466925122,-0.07832704466925122
L29,endpoint_equality,11,0.0,0.01069345206130179,0.01069345206130179
L29,endpoint_equality,15,0.0,-0.050317977015768234,-0.050317977015768234
L29,endpoint_equality,16,0.21185487777219003,-0.022986588300420774,-0.2348414660726108
L29,endpoint_equality,20,0.0,-0.14769707814942357,-0.14769707814942357
L29,endpoint_equality,23,0.0,-0.3799491737214972,-0.3799491737214972
L29,endpoint_equality,24,0.0,0.04283155306554476,0.04283155306554476
L29,endpoint_equality,25,-1.1102230246251565e-16,-0.27136121429207494,-0.2713612142920748
L29,endpoint_equality,26,0.0,-0.07298800501395752,-0.07298800501395752
L29,endpoint_equality,31,0.0,-0.22691849827456545,-0.22691849827456556
L29,endpoint_equality,36,0.0,-0.6179066937527278,-0.6179066937527278
L29,endpoint_equality,37,0.0,-0.12234381496974245,-0.12234381496974245
L29,endpoint_equality,39,0.0,0.016295324375954046,0.016295324375954046
L29,endpoint_equality,46,0.0,-0.3017987065554938,-0.3017987065554938
L29,endpoint_equality,47,0.0,-0.03669800294787362,-0.03669800294787362
L29,endpoint_equality,48,0.07408886154664285,-0.05325014126965488,-0.12733900281629773
L29,endpoint_equality,50,0.0,0.019479869540511174,0.019479869540511174
L29,endpoint_equality,53,0.0,0.012375191442018041,0.012375191442018041
L29,endpoint_equality,54,0.0,-0.13868199352029675,-0.13868199352029675
L29,endpoint_equality,56,0.0,-0.06839228591966817,-0.06839228591966817
L29,endpoint_equality,57,0.0,0.17371552563082382,0.17371552563082382
L29,endpoint_equality,59,0.0,-0.0637437645572756,-0.0637437645572756
L29,endpoint_equality,62,0.0,-0.1455995121340954,-0.1455995121340954
L29,endpoint_equality,63,0.0,-0.1782837887150609,-0.1782837887150609
L29,endpoint_equality,72,0.0,0.10724527479725343,0.10724527479725343
L29,endpoint_equality,74,0.0565151194547977,0.0,-0.0565151194547977
L29,endpoint_equality,79,0.0,-0.029751183903901746,-0.029751183903901746
L29,endpoint_equality,80,0.3397652791465371,-0.04187162878651107,-0.38163690793304816
L29,endpoint_equality,81,0.0,-0.2607334508700224,-0.26073345087002253
L29,endpoint_equality,82,0.0,0.005611945001543939,0.005611945001543939
L29,endpoint_equality,83,0.0,-0.47733386975568315,-0.47733386975568304
L29,endpoint_equality,84,0.0,-0.08231900458862884,-0.08231900458862884
L29,endpoint_equality,87,0.32720173360181426,-0.05684775798697328,-0.38404949158878754
L29,endpoint_equality,89,0.0,-0.21394711652968157,-0.21394711652968157
L29,endpoint_equality,90,0.0,0.009687752666993177,0.009687752666993177
L29,endpoint_equality,91,0.0,0.21294564920938108,0.21294564920938108
L29,endpoint_equality,93,0.0,-0.0673600126844004,-0.0673600126844004
L29,endpoint_equality,98,0.0,-0.2886155228790571,-0.2886155228790571
L29,endpoint_equality,99,0.0,-0.25941387901737145,-0.25941387901737145
L29,endpoint_equality,100,0.0,-0.23330726913434097,-0.23330726913434097
L29,endpoint_equality,104,0.35610357647978974,0.0,-0.35610357647978974
L29,endpoint_equality,107,0.2282121257045766,0.0,-0.2282121257045766
L29,endpoint_equality,109,0.1590853208118984,-0.05918129768047398,-0.2182666184923724
L29,endpoint_equality,110,0.0,-0.232533924330809,-0.232533924330809
L29,endpoint_equality,114,0.0,-0.30156660022005477,-0.30156660022005477
L29,endpoint_equality,115,0.0,0.007197412371689582,0.007197412371689582
L29,endpoint_equality,117,0.0,-0.3589365354591567,-0.3589365354591567
L29,endpoint_equality,118,0.0,-0.2790608605438426,-0.2790608605438427
L29,endpoint_equality,128,0.0,-0.04447518084606017,-0.04447518084606017
L29,endpoint_equality,130,0.027962188187342862,0.0,-0.027962188187342862
L29,endpoint_equality,136,0.0,0.06553318208554648,0.06553318208554648
L29,endpoint_equality,138,0.0,-0.2798920600779844,-0.2798920600779844
L29,endpoint_equality,140,0.0,-0.05460346001788552,-0.05460346001788552
L29,endpoint_equality,142,2.7755575615628914e-17,-0.6209233406480154,-0.6209233406480155
L29,endpoint_equality,144,0.15488257833320151,-0.011847216318080722,-0.16672979465128224
L29,endpoint_equality,149,0.0,-0.13112059225894512,-0.13112059225894512
L29,endpoint_equality,152,0.0,-0.037219317460427614,-0.037219317460427614
L29,endpoint_equality,153,0.0,0.008133297675978035,0.008133297675978035
L29,endpoint_equality,156,0.0,-0.13345643226747317,-0.13345643226747317
L29,endpoint_equality,158,0.0,-0.062127150852520296,-0.062127150852520296
L29,endpoint_equality,159,0.0,-0.19228906740414264,-0.19228906740414264
L29,endpoint_equality,160,0.0,-0.008313586292459041,-0.008313586292459041
L29,endpoint_equality,162,0.0,-0.18941534603735888,-0.18941534603735888
L29,endpoint_equality,163,0.0,-0.014967884932862718,-0.014967884932862718
L29,endpoint_equality,165,-5.551115123125783e-17,-0.6048010107207605,-0.6048010107207604
L29,endpoint_equality,167,0.0,0.04491331716912805,0.04491331716912805
L29,endpoint_equality,168,0.0,-0.05096508814578016,-0.05096508814578016
L29,endpoint_equality,170,0.0,-0.1942197511451944,-0.1942197511451944
L29,endpoint_equality,172,0.0,-0.021437109332830495,-0.021437109332830495
L29,endpoint_equality,173,0.0,-0.201634754967283,-0.201634754967283
L29,endpoint_equality,175,0.0,0.011521228765614788,0.011521228765614788
L29,endpoint_equality,176,0.0,-0.23828842497305558,-0.23828842497305547
L29,endpoint_equality,180,0.0,0.03250112831279406,0.03250112831279406
L29,endpoint_equality,181,0.0,-0.14902796531687468,-0.14902796531687468
L29,endpoint_equality,182,0.0,0.022002209042582876,0.022002209042582876
L29,endpoint_equality,183,0.0,-0.008958991220001655,-0.008958991220001655
L29,endpoint_equality,184,0.0,-0.14430012700965666,-0.14430012700965666
L29,endpoint_equality,185,0.0,0.04077308867724949,0.04077308867724949
L29,endpoint_equality,186,0.0,0.008870258748316706,0.008870258748316706
L29,endpoint_equality,191,0.0,-0.39364527438020136,-0.39364527438020136
L29,endpoint_equality,192,0.0,-0.12181390873134901,-0.12181390873134901
L29,endpoint_equality,193,0.0,-0.17235175438563322,-0.17235175438563322
L29,endpoint_equality,196,0.0,0.0686592509131776,0.0686592509131776
L29,endpoint_identity,1,-0.030298923271665168,-0.03130423119317172,-0.0010053079215065486
L29,endpoint_identity,2,0.34577533233205926,0.11953083249864704,-0.22624449983341222
L29,endpoint_identity,3,0.0,-0.12658868673503743,-0.12658868673503743
L29,endpoint_identity,9,-0.5922339831967389,-0.3493624143325814,0.2428715688641575
L29,endpoint_identity,11,0.0,0.011698750219549359,0.011698750219549359
L29,endpoint_identity,15,-0.059616632780948864,-0.2688185212436993,-0.20920188846275045
L29,endpoint_identity,16,0.30052612175748306,0.00012044887500972656,-0.30040567288247333
L29,endpoint_identity,20,0.0,-0.1358047066352006,-0.1358047066352006
L29,endpoint_identity,23,0.0,-0.24488569016595474,-0.24488569016595474
L29,endpoint_identity,24,0.0,0.07415187278572932,0.07415187278572932
L29,endpoint_identity,25,1.1102230246251565e-16,-0.9374240295082844,-0.9374240295082845
L29,endpoint_identity,26,-0.11587259213056217,-0.12880236178933624,-0.012929769658774015
L29,endpoint_identity,31,0.0,-0.09626290721203268,-0.09626290721203268
L29,endpoint_identity,36,0.0,-0.6481246000728149,-0.6481246000728149
L29,endpoint_identity,37,0.0,-0.16903231174076283,-0.16903231174076283
L29,endpoint_identity,39,0.0,-0.13485559794957247,-0.13485559794957247
L29,endpoint_identity,46,0.0,-0.29462685177625836,-0.29462685177625836
L29,endpoint_identity,47,0.26978612784219014,-0.18008298287391178,-0.4498691107161019
L29,endpoint_identity,48,-0.27406420792021735,0.01319104849572783,0.2872552564159452
L29,endpoint_identity,54,0.0,-0.13128426030257323,-0.13128426030257323
L29,endpoint_identity,56,0.0,-0.038234433123513156,-0.038234433123513156
L29,endpoint_identity,57,-0.7092841022697938,-0.09025443510428233,0.6190296671655114
L29,endpoint_identity,59,-0.5152179328044598,-0.004861749475284505,0.5103561833291754
L29,endpoint_identity,62,0.0,-0.17157828665477148,-0.17157828665477148
L29,endpoint_identity,63,0.0,-0.19722768017286596,-0.19722768017286596
L29,endpoint_identity,72,0.0,0.3108539773302207,0.3108539773302207
L29,endpoint_identity,74,-0.2122102574646083,-0.143759012471535,0.06845124499307331
L29,endpoint_identity,79,-0.13545243475891466,-0.0914580169611714,0.04399441779774327
L29,endpoint_identity,80,-0.41408666793046534,-0.3057225114042279,0.10836415652623743
L29,endpoint_identity,81,0.0,-0.2586259720525089,-0.25862597205250903
L29,endpoint_identity,82,0.14642722746026204,-0.15511388382148383,-0.3015411112817459
L29,endpoint_identity,84,-0.36695681656365287,-0.18180747188446889,0.18514934467918398
L29,endpoint_identity,87,0.4294522753523813,0.052951559857331354,-0.37650071549504993
L29,endpoint_identity,89,0.0,-0.2179822284033901,-0.2179822284033901
L29,endpoint_identity,90,-0.6677439062587567,0.031873428585131425,0.6996173348438881
L29,endpoint_identity,93,0.0,-0.0673600126844004,-0.0673600126844004
L29,endpoint_identity,99,0.0,-0.030287812211399423,-0.030287812211399423
L29,endpoint_identity,100,0.0,-0.23522035263583363,-0.23522035263583363
L29,endpoint_identity,104,0.4883756547290481,0.05264573806850903,-0.43572991666053906
L29,endpoint_identity,107,0.3014694795013836,0.0,-0.3014694795013836
L29,endpoint_identity,110,0.0,-0.21133557344509846,-0.21133557344509846
L29,endpoint_identity,115,-0.09999590822917914,-0.022713345633410542,0.0772825625957686
L29,endpoint_identity,117,0.0,-0.14095941158467595,-0.14095941158467595
L29,endpoint_identity,118,0.0,-0.5848033520333143,-0.5848033520333145
L29,endpoint_identity,130,0.06986182928217077,-0.19972135241816424,-0.269583181700335
L29,endpoint_identity,136,0.0,0.03028891810288359,0.03028891810288359
L29,endpoint_identity,138,0.0,-0.18395670516521045,-0.18395670516521045
L29,endpoint_identity,140,0.3985276753317165,0.04968270898868443,-0.3488449663430321
L29,endpoint_identity,144,0.011981250806694654,-0.07321653321722477,-0.08519778402391942
L29,endpoint_identity,149,-0.3714132164227625,-0.34365417832361833,0.02775903809914415
L29,endpoint_identity,156,0.0,-0.10473729311129443,-0.10473729311129443
L29,endpoint_identity,158,-0.037908675107393264,-0.10560671384459375,-0.06769803873720048
L29,endpoint_identity,160,0.0,0.016865837940922335,0.016865837940922335
L29,endpoint_identity,162,-0.4360385993763109,0.14896755424089503,0.5850061536172059
L29,endpoint_identity,163,-0.138248592125071,-0.04617910254545787,0.09206948957961314
L29,endpoint_identity,168,0.0,-0.05001910083814165,-0.05001910083814165
L29,endpoint_identity,170,0.0,-0.1942197511451944,-0.1942197511451944
L29,endpoint_identity,172,0.0,-0.002795849816438656,-0.002795849816438656
L29,endpoint_identity,175,0.0,0.047890517001602184,0.047890517001602184
L29,endpoint_identity,176,0.0,-0.2542454809558192,-0.2542454809558192
L29,endpoint_identity,180,0.03964621626610865,0.13302794098850867,0.09338172472240003
L29,endpoint_identity,182,-0.1489097961720247,0.12439347670244927,0.273303272874474
L29,endpoint_identity,183,0.0,-0.02675880887191573,-0.02675880887191573
L29,endpoint_identity,184,0.0,-0.030941549772824706,-0.030941549772824706
L29,endpoint_identity,186,0.0,0.010453171690680385,0.010453171690680385
L29,endpoint_identity,191,0.0,-0.1746284920521205,-0.1746284920521205
L29,endpoint_identity,192,0.0,0.005609076262913959,0.005609076262913959
L29,endpoint_identity,193,-0.5845130105228924,-0.1959206089244696,0.3885924015984228
L29,endpoint_identity_suffix,1,-0.030298923271665168,-0.03130423119317172,-0.0010053079215065486
L29,endpoint_identity_suffix,2,0.34577533233205926,0.11953083249864704,-0.22624449983341222
L29,endpoint_identity_suffix,3,0.0,-0.17278840400187834,-0.17278840400187834
L29,endpoint_identity_suffix,9,-0.5987347328487277,-0.3493624143325814,0.24937231851614627
L29,endpoint_identity_suffix,11,0.0,0.011698750219549359,0.011698750219549359
L29,endpoint_identity_suffix,15,0.20587499791325392,-0.09538217270446481,-0.30125717061771873
L29,endpoint_identity_suffix,16,0.30605867114370544,0.00012044887500972656,-0.3059382222686957
L29,endpoint_identity_suffix,20,0.0,-0.1359094273883492,-0.1359094273883492
L29,endpoint_identity_suffix,23,0.0,-0.6701656316604553,-0.6701656316604553
L29,endpoint_identity_suffix,24,0.0,0.07415187278572932,0.07415187278572932
L29,endpoint_identity_suffix,26,-0.06777792451149894,-0.02419901038273342,0.04357891412876547
L29,endpoint_identity_suffix,31,0.029794631417265904,-0.09626290721203268,-0.12605753862929858
L29,endpoint_identity_suffix,36,0.0,-1.038678715913101,-1.038678715913101
L29,endpoint_identity_suffix,37,0.0,-0.16903231174076283,-0.16903231174076283
L29,endpoint_identity_suffix,39,0.0,-0.13485559794957247,-0.13485559794957247
L29,endpoint_identity_suffix,46,0.0,-0.31858321078334584,-0.31858321078334584
L29,endpoint_identity_suffix,47,0.26978612784219014,-0.15923193393284718,-0.4290180617750373
L29,endpoint_identity_suffix,56,-0.009056901670466577,-0.06579436193705557,-0.05673746026658899
L29,endpoint_identity_suffix,59,-0.5002255599908472,-0.004861749475284505,0.49536381051556266
L29,endpoint_identity_suffix,62,0.05556736515103433,-0.17891542200284638,-0.2344827871538807
L29,endpoint_identity_suffix,63,0.0,-0.26392210622869927,-0.26392210622869927
L29,endpoint_identity_suffix,72,0.33546266200086916,0.44358265598340696,0.1081199939825378
L29,endpoint_identity_suffix,74,-0.23914215591422333,-0.1459352950302727,0.09320686088395064
L29,endpoint_identity_suffix,79,0.2856104694960867,0.06143952305207323,-0.22417094644401347
L29,endpoint_identity_suffix,81,0.017251594791469205,-0.6592329948042213,-0.6764845895956906
L29,endpoint_identity_suffix,82,0.14642722746026204,-0.15511388382148383,-0.3015411112817459
L29,endpoint_identity_suffix,84,-0.33132158087867375,-0.18180747188446889,0.1495141089942048
L29,endpoint_identity_suffix,87,0.4294522753523813,0.052951559857331354,-0.37650071549504993
L29,endpoint_identity_suffix,89,0.0,-0.6417265538722379,-0.641726553872238
L29,endpoint_identity_suffix,93,0.0,0.06876692707556531,0.06876692707556531
L29,endpoint_identity_suffix,100,0.0,-0.1692868047882654,-0.1692868047882654
L29,endpoint_identity_suffix,104,0.4883756547290481,0.05264573806850903,-0.43572991666053906
L29,endpoint_identity_suffix,107,0.4979173651736225,0.24917491871535846,-0.24874244645826404
L29,endpoint_identity_suffix,110,0.0,-0.18074090372109686,-0.18074090372109686
L29,endpoint_identity_suffix,115,-0.09999590822917914,-0.022713345633410542,0.0772825625957686
L29,endpoint_identity_suffix,117,0.0,-0.10023294372186364,-0.10023294372186364
L29,endpoint_identity_suffix,118,-0.01763034042753292,-0.7448196070831363,-0.7271892666556035
L29,endpoint_identity_suffix,130,0.14421242019783198,-0.12023303592251022,-0.2644454561203422
L29,endpoint_identity_suffix,136,0.0,0.03028891810288359,0.03028891810288359
L29,endpoint_identity_suffix,138,0.0,-0.18395670516521045,-0.18395670516521045
L29,endpoint_identity_suffix,140,0.3985276753317165,0.04968270898868443,-0.3488449663430321
L29,endpoint_identity_suffix,144,0.0247478277319102,-0.07321653321722477,-0.09796436094913497
L29,endpoint_identity_suffix,156,0.26770087141828525,0.05572804163527967,-0.21197282978300558
L29,endpoint_identity_suffix,158,0.1820562402942475,0.06387163249297534,-0.11818460780127216
L29,endpoint_identity_suffix,160,0.0,0.016865837940922335,0.016865837940922335
L29,endpoint_identity_suffix,162,-0.4425652059102419,0.14896755424089503,0.591532760151137
L29,endpoint_identity_suffix,163,0.08448061308206145,-0.12227434270388327,-0.20675495578594472
L29,endpoint_identity_suffix,168,0.0,-1.0615653190740322,-1.0615653190740322
L29,endpoint_identity_suffix,170,0.04669190017258762,-0.27787609631992516,-0.3245679964925128
L29,endpoint_identity_suffix,172,0.0,-0.002795849816438656,-0.002795849816438656
L29,endpoint_identity_suffix,175,0.0,0.045395891444425684,0.045395891444425684
L29,endpoint_identity_suffix,176,0.0,-0.883751888608149,-0.883751888608149
L29,endpoint_identity_suffix,180,0.03964621626610865,0.13302794098850867,0.09338172472240003
L29,endpoint_identity_suffix,182,0.20982690255806868,0.21704551153313534,0.007218608975066654
L29,endpoint_identity_suffix,183,0.17361591681656208,0.011310568672051158,-0.16230534814451092
L29,endpoint_identity_suffix,184,0.0,-0.030941549772824706,-0.030941549772824706
L29,endpoint_identity_suffix,186,0.0,0.08008577478376377,0.08008577478376377
L29,endpoint_identity_suffix,191,0.0,0.048671916089424005,0.048671916089424005
L29,endpoint_identity_suffix,192,0.0,-0.7854832693925087,-0.7854832693925086
L29,endpoint_identity_suffix,193,-0.5845130105228924,-0.1959206089244696,0.3885924015984228
L30,endpoint_equality,1,0.0,-0.029208751193235072,-0.029208751193235072
L30,endpoint_equality,2,0.0,-0.02594756363779882,-0.02594756363779882
L30,endpoint_equality,3,0.0,-0.09804932254719212,-0.09804932254719212
L30,endpoint_equality,4,0.0,0.01764107999705411,0.01764107999705411
L30,endpoint_equality,8,0.35598795054621524,0.0,-0.35598795054621524
L30,endpoint_equality,9,0.0,-0.10228120772476024,-0.10228120772476024
L30,endpoint_equality,11,0.0,0.0070121293704050736,0.0070121293704050736
L30,endpoint_equality,15,0.0,-0.05209356795988773,-0.05209356795988773
L30,endpoint_equality,16,0.20324320910032212,-0.023247585073957744,-0.22649079417427986
L30,endpoint_equality,20,0.0,-0.1663691781466916,-0.1663691781466916
L30,endpoint_equality,23,0.0,-0.3420447115104602,-0.34204471151046023
L30,endpoint_equality,24,0.0,0.05958904051074643,0.05958904051074643
L30,endpoint_equality,25,-5.551115123125783e-17,-0.21114271735046264,-0.21114271735046258
L30,endpoint_equality,26,0.0,-0.08654500546122257,-0.08654500546122257
L30,endpoint_equality,31,0.0,-0.1995734020466028,-0.1995734020466028
L30,endpoint_equality,36,0.0,-0.5772924724324695,-0.5772924724324695
L30,endpoint_equality,37,0.0,-0.10541539616455342,-0.10541539616455342
L30,endpoint_equality,39,0.0,0.014292317983059855,0.014292317983059855
L30,endpoint_equality,46,0.0,-0.23926929379537054,-0.23926929379537054
L30,endpoint_equality,47,0.0,-0.02211056539253886,-0.02211056539253886
L30,endpoint_equality,48,0.07391472245168496,-0.04885455091518642,-0.12276927336687138
L30,endpoint_equality,50,0.0,0.017263161743405142,0.017263161743405142
L30,endpoint_equality,53,0.0,0.01360640428075155,0.01360640428075155
L30,endpoint_equality,54,0.0,-0.18889757514779315,-0.18889757514779315
L30,endpoint_equality,56,0.0,-0.07782101616273218,-0.07782101616273218
L30,endpoint_equality,57,0.0,0.1993059817074223,0.1993059817074223
L30,endpoint_equality,59,0.0,-0.060183713076841006,-0.060183713076841006
L30,endpoint_equality,62,0.0,-0.16830028749783643,-0.16830028749783643
L30,endpoint_equality,63,0.0,-0.18304983567871602,-0.18304983567871602
L30,endpoint_equality,72,0.0,0.11386465316545125,0.11386465316545125
L30,endpoint_equality,74,0.05654597864650379,0.0,-0.05654597864650379
L30,endpoint_equality,79,0.0,-0.02524096999735259,-0.02524096999735259
L30,endpoint_equality,80,0.30835706863724854,-0.04800274329529475,-0.3563598119325433
L30,endpoint_equality,81,0.0,-0.2344087287235046,-0.2344087287235046
L30,endpoint_equality,82,0.0,0.004509725541710807,0.004509725541710807
L30,endpoint_equality,83,0.0,-0.5136549102614314,-0.5136549102614314
L30,endpoint_equality,84,0.0,-0.034761123377483605,-0.034761123377483605
L30,endpoint_equality,87,0.2720669176738315,-0.06079516734658186,-0.33286208502041337
L30,endpoint_equality,89,0.0,-0.19838489418412342,-0.19838489418412353
L30,endpoint_equality,90,0.0,0.007994331638058627,0.007994331638058627
L30,endpoint_equality,91,0.0,0.21140312950882256,0.21140312950882256
L30,endpoint_equality,93,0.0,-0.068331474238018,-0.068331474238018
L30,endpoint_equality,98,0.0,-0.3279953152472922,-0.3279953152472922
L30,endpoint_equality,99,0.0,-0.2782922366087506,-0.2782922366087506
L30,endpoint_equality,100,0.0,-0.2769416735188155,-0.2769416735188155
L30,endpoint_equality,104,0.28181157659432743,0.0,-0.28181157659432743
L30,endpoint_equality,107,0.16512487508116314,0.0,-0.16512487508116314
L30,endpoint_equality,109,0.11894702641522603,-0.06087602751999377,-0.1798230539352198
L30,endpoint_equality,110,0.0,-0.2203754827260137,-0.2203754827260137
L30,endpoint_equality,114,0.0,-0.34652599843400367,-0.34652599843400367
L30,endpoint_equality,115,0.0,-0.02781588600905871,-0.02781588600905871
L30,endpoint_equality,117,0.0,-0.23987542635776482,-0.2398754263577647
L30,endpoint_equality,118,0.0,-0.35014199555660364,-0.35014199555660364
L30,endpoint_equality,128,0.0,-0.03895111096903925,-0.03895111096903925
L30,endpoint_equality,130,0.028011527789680635,0.0,-0.028011527789680635
L30,endpoint_equality,136,0.0,0.05032436531590467,0.05032436531590467
L30,endpoint_equality,138,0.0,-0.23367701052362522,-0.23367701052362522
L30,endpoint_equality,140,0.0,-0.039915031120334454,-0.039915031120334454
L30,endpoint_equality,142,8.326672684688674e-17,-0.5841318695368951,-0.5841318695368952
L30,endpoint_equality,144,0.13077901188222862,-0.012072121140342063,-0.1428511330225707
L30,endpoint_equality,149,0.0,-0.12533436201089465,-0.12533436201089465
L30,endpoint_equality,152,0.0,-0.04488783419490905,-0.04488783419490905
L30,endpoint_equality,153,0.0,0.007436305318510472,0.007436305318510472
L30,endpoint_equality,156,0.0,-0.1548112449117769,-0.1548112449117769
L30,endpoint_equality,158,0.0,-0.05655790832607832,-0.05655790832607832
L30,endpoint_equality,159,0.0,-0.16288554613543682,-0.16288554613543693
L30,endpoint_equality,160,0.0,-0.008275007208565555,-0.008275007208565555
L30,endpoint_equality,162,0.0,-0.16996639734301444,-0.16996639734301444
L30,endpoint_equality,163,0.0,-0.01415266422676198,-0.01415266422676198
L30,endpoint_equality,165,-2.7755575615628914e-17,-0.48639028641471727,-0.48639028641471727
L30,endpoint_equality,167,0.0,0.037782760235597346,0.037782760235597346
L30,endpoint_equality,168,0.0,-0.03869712411449577,-0.03869712411449577
L30,endpoint_equality,170,0.0,-0.2268324211909868,-0.22683242119098684
L30,endpoint_equality,172,0.0,0.00328690161312184,0.00328690161312184
L30,endpoint_equality,173,0.0,-0.17567296508349517,-0.17567296508349517
L30,endpoint_equality,175,0.0,0.01197669654099065,0.01197669654099065
L30,endpoint_equality,176,0.0,-0.21174297879436366,-0.21174297879436366
L30,endpoint_equality,180,0.0,0.02942516605298895,0.02942516605298895
L30,endpoint_equality,181,0.0,-0.23142184213948425,-0.23142184213948414
L30,endpoint_equality,182,0.0,0.02049710501957014,0.02049710501957014
L30,endpoint_equality,183,0.0,-0.007563822226485106,-0.007563822226485106
L30,endpoint_equality,184,0.0,-0.14085839452426874,-0.14085839452426874
L30,endpoint_equality,185,0.0,0.03967022612079152,0.03967022612079152
L30,endpoint_equality,186,0.0,0.0015889651458678156,0.0015889651458678156
L30,endpoint_equality,191,0.0,-0.36484166847372734,-0.36484166847372734
L30,endpoint_equality,192,0.0,-0.08578369944550135,-0.08578369944550135
L30,endpoint_equality,193,0.0,-0.1419381121408967,-0.1419381121408967
L30,endpoint_equality,196,0.0,0.06880364722837617,0.06880364722837617
L30,endpoint_identity,1,-0.1748425291315695,-0.01902569068854132,0.15581683844302818
L30,endpoint_identity,2,0.25419991457555025,-0.05460040576091374,-0.308800320336464
L30,endpoint_identity,3,0.0,-0.1238961010100027,-0.1238961010100027
L30,endpoint_identity,9,-0.5595562977179223,-0.2482639478512214,0.31129234986670085
L30,endpoint_identity,11,0.0,-0.04649037625512564,-0.04649037625512564
L30,endpoint_identity,15,-0.04829509195049009,-0.282268807822072,-0.2339737158715819
L30,endpoint_identity,16,0.3050146516658254,0.009953518229677938,-0.2950611334361475
L30,endpoint_identity,20,0.0,-0.13710362681239996,-0.13710362681239996
L30,endpoint_identity,23,0.0,-0.18016738886766537,-0.18016738886766537
L30,endpoint_identity,24,0.0,0.1473573411520055,0.1473573411520055
L30,endpoint_identity,25,0.0,-0.724947933555161,-0.724947933555161
L30,endpoint_identity,26,-0.1081714282757435,-0.1527264802256867,-0.044555051949943136
L30,endpoint_identity,31,0.0,-0.04684043987263409,-0.04684043987263409
L30,endpoint_identity,36,0.0,-0.6122841676331021,-0.6122841676331021
L30,endpoint_identity,37,0.0,-0.15966654469873698,-0.15966654469873698
L30,endpoint_identity,39,0.0,-0.10421245000450052,-0.10421245000450052
L30,endpoint_identity,46,0.0,-0.23977664573368518,-0.23977664573368518
L30,endpoint_identity,47,0.27350815056402844,-0.09847236423201455,-0.371980514796043
L30,endpoint_identity,48,-0.2408689106559088,0.07943945895286664,0.3203083696087754
L30,endpoint_identity,54,0.0,-0.185455194269471,-0.185455194269471
L30,endpoint_identity,56,0.0,-0.043273283118909545,-0.043273283118909545
L30,endpoint_identity,57,-0.7674246520894125,-0.10355003518877215,0.6638746169006403
L30,endpoint_identity,59,-0.5239763641264623,-0.004525352871723731,0.5194510112547386
L30,endpoint_identity,62,0.0,-0.19096502102903956,-0.19096502102903956
L30,endpoint_identity,63,0.0,-0.20319753079465785,-0.20319753079465785
L30,endpoint_identity,72,0.0,0.28719375662462066,0.28719375662462066
L30,endpoint_identity,74,-0.2123551077981719,-0.1436449312619933,0.06871017653617861
L30,endpoint_identity,79,-0.11525243374425131,-0.07407312548269696,0.04117930826155436
L30,endpoint_identity,80,-0.3682975584944347,-0.3793167543599756,-0.011019195865540898
L30,endpoint_identity,81,0.0,-0.19109008689484352,-0.19109008689484352
L30,endpoint_identity,82,0.11923900594171721,-0.17023371247633867,-0.2894727184180559
L30,endpoint_identity,84,-0.2508743750957656,0.02745990952356059,0.2783342846193262
L30,endpoint_identity,87,0.35708782944690376,0.12403577652389064,-0.23305205292301312
L30,endpoint_identity,89,0.0,-0.30755704370009884,-0.30755704370009895
L30,endpoint_identity,90,-0.7093907422209846,0.19600807547903365,0.9053988177000183
L30,endpoint_identity,93,0.0,-0.068331474238018,-0.068331474238018
L30,endpoint_identity,99,0.0,-0.023856406313304657,-0.023856406313304657
L30,endpoint_identity,100,0.0,-0.2799583522789546,-0.2799583522789546
L30,endpoint_identity,104,0.3597845645115296,-0.04050744428941577,-0.4002920088009454
L30,endpoint_identity,107,0.17358596191775488,0.0,-0.17358596191775488
L30,endpoint_identity,110,0.0,-0.19825023332403902,-0.19825023332403902
L30,endpoint_identity,115,0.06685702885675315,0.001869852159634089,-0.06498717669711906
L30,endpoint_identity,117,0.0,-0.002156517425427662,-0.002156517425427662
L30,endpoint_identity,118,5.551115123125783e-17,-0.6289588256942488,-0.6289588256942489
L30,endpoint_identity,130,0.09041279006398084,-0.05350916614394097,-0.1439219562079218
L30,endpoint_identity,136,0.0,-0.011382111958049945,-0.011382111958049945
L30,endpoint_identity,138,0.0,-0.16697736169610256,-0.16697736169610256
L30,endpoint_identity,140,0.3842078489936994,0.06549997172308197,-0.31870787727061745
L30,endpoint_identity,144,0.004404122423667722,-0.0016778616121679857,-0.006081984035835708
L30,endpoint_identity,149,-0.3897136620106364,-0.3197148144352804,0.06999884757535602
L30,endpoint_identity,156,0.0,-0.1278873731479333,-0.1278873731479333
L30,endpoint_identity,158,-0.0413926181090668,-0.15404585791101455,-0.11265323980194775
L30,endpoint_identity,160,0.0,0.049228334324442624,0.049228334324442624
L30,endpoint_identity,162,-0.33824924648451427,-0.16029873385016968,0.17795051263434458
L30,endpoint_identity,163,-0.12821700271066727,-0.03589178197224485,0.09232522073842242
L30,endpoint_identity,168,0.0,-0.036873459317650736,-0.036873459317650736
L30,endpoint_identity,170,0.0,-0.2268324211909868,-0.22683242119098684
L30,endpoint_identity,172,0.0,0.05649181059386921,0.05649181059386921
L30,endpoint_identity,175,0.0,0.06726358056127246,0.06726358056127246
L30,endpoint_identity,176,0.0,-0.21989135195386678,-0.21989135195386678
L30,endpoint_identity,180,0.055389950324160386,0.09673725448889114,0.04134730416473076
L30,endpoint_identity,182,-0.15069793747018656,0.1053304901843306,0.25602842765451717
L30,endpoint_identity,183,0.0,-0.040004792783911336,-0.040004792783911336
L30,endpoint_identity,184,0.0,-0.0300019898105941,-0.0300019898105941
L30,endpoint_identity,186,0.0,-0.050525751943012676,-0.050525751943012676
L30,endpoint_identity,191,0.0,-0.14681343699464455,-0.14681343699464455
L30,endpoint_identity,192,0.0,0.05556374979625356,0.05556374979625356
L30,endpoint_identity,193,-0.3901360036534084,-0.1204612431769796,0.2696747604764288
L30,endpoint_identity_suffix,1,-0.1748425291315695,-0.01902569068854132,0.15581683844302818
L30,endpoint_identity_suffix,2,0.25419991457555025,-0.05460040576091374,-0.308800320336464
L30,endpoint_identity_suffix,3,0.0,-0.17281335826785638,-0.17281335826785638
L30,endpoint_identity_suffix,9,-0.5721656323786377,-0.2482639478512214,0.3239016845274163
L30,endpoint_identity_suffix,11,0.0,-0.04649037625512564,-0.04649037625512564
L30,endpoint_identity_suffix,15,0.24348795947636437,-0.10752446707953822,-0.3510124265559026
L30,endpoint_identity_suffix,16,0.31179318845849546,0.009953518229677938,-0.3018396702288175
L30,endpoint_identity_suffix,20,0.0,-0.1421468668783985,-0.1421468668783985
L30,endpoint_identity_suffix,23,0.0,-0.6066687627631551,-0.6066687627631551
L30,endpoint_identity_suffix,24,0.0,0.1473573411520055,0.1473573411520055
L30,endpoint_identity_suffix,26,-0.07735490293432251,0.018723215697436846,0.09607811863175941
L30,endpoint_identity_suffix,31,0.038508002781341366,-0.04684043987263409,-0.08534844265397545
L30,endpoint_identity_suffix,36,0.0,-1.0142473112658879,-1.0142473112658879
L30,endpoint_identity_suffix,37,0.0,-0.15966654469873698,-0.15966654469873698
L30,endpoint_identity_suffix,39,0.0,-0.10421245000450052,-0.10421245000450052
L30,endpoint_identity_suffix,46,0.0,-0.2580901990194938,-0.2580901990194938
L30,endpoint_identity_suffix,47,0.27350815056402844,-0.09002272439046521,-0.36353087495449365
L30,endpoint_identity_suffix,56,-0.023868193089741196,-0.057889110071779104,-0.03402091698203791
L30,endpoint_identity_suffix,59,-0.5112628567935585,-0.004525352871723731,0.5067375039218347
L30,endpoint_identity_suffix,62,0.051565768825060476,-0.176553717358503,-0.22811948618356348
L30,endpoint_identity_suffix,63,0.0,-0.27233879959823315,-0.27233879959823315
L30,endpoint_identity_suffix,72,0.35058462046267425,0.48969982156850544,0.1391152011058312
L30,endpoint_identity_suffix,74,-0.24381142454598248,-0.13476783119465263,0.10904359335132985
L30,endpoint_identity_suffix,79,0.29660785332707573,0.05692630245882557,-0.23968155086825016
L30,endpoint_identity_suffix,81,0.0076454429099795385,-0.5897518140907569,-0.5973972570007365
L30,endpoint_identity_suffix,82,0.11923900594171721,-0.17023371247633867,-0.2894727184180559
L30,endpoint_identity_suffix,84,-0.14633516791724643,0.02745990952356059,0.17379507744080702
L30,endpoint_identity_suffix,87,0.35708782944690376,0.12403577652389064,-0.23305205292301312
L30,endpoint_identity_suffix,89,0.0,-0.7524949120820428,-0.7524949120820429
L30,endpoint_identity_suffix,93,0.0,0.109706267336531,0.109706267336531
L30,endpoint_identity_suffix,100,0.0,-0.20846041525293368,-0.20846041525293368
L30,endpoint_identity_suffix,104,0.3597845645115296,-0.04050744428941577,-0.4002920088009454
L30,endpoint_identity_suffix,107,0.36027245472253777,0.2662180780845198,-0.09405437663801797
L30,endpoint_identity_suffix,110,0.0,-0.17060435858657919,-0.17060435858657919
L30,endpoint_identity_suffix,115,0.06685702885675315,0.001869852159634089,-0.06498717669711906
L30,endpoint_identity_suffix,117,0.0,0.03820165723503233,0.03820165723503233
L30,endpoint_identity_suffix,118,-0.0010658845460241595,-0.7857612446271107,-0.7846953600810866
L30,endpoint_identity_suffix,130,0.1596661659673687,0.01051216554876655,-0.14915400041860216
L30,endpoint_identity_suffix,136,0.0,-0.011382111958049945,-0.011382111958049945
L30,endpoint_identity_suffix,138,0.0,-0.16697736169610256,-0.16697736169610256
L30,endpoint_identity_suffix,140,0.3842078489936994,0.06549997172308197,-0.31870787727061745
L30,endpoint_identity_suffix,144,0.010887680698487001,-0.0016778616121679857,-0.012565542310654987
L30,endpoint_identity_suffix,156,0.3230155553853973,0.2233652821829002,-0.09965027320249709
L30,endpoint_identity_suffix,158,0.1571194056033811,-0.010380103108462713,-0.16749950871184383
L30,endpoint_identity_suffix,160,0.0,0.049228334324442624,0.049228334324442624
L30,endpoint_identity_suffix,162,-0.33963912382996586,-0.16029873385016968,0.17934038997979618
L30,endpoint_identity_suffix,163,0.11131875452160855,-0.10774703324996548,-0.21906578777157404
L30,endpoint_identity_suffix,168,0.0,-1.0641107842856796,-1.0641107842856796
L30,endpoint_identity_suffix,170,0.03994912125431066,-0.30354543408753054,-0.34349455534184126
L30,endpoint_identity_suffix,172,0.0,0.05649181059386921,0.05649181059386921
L30,endpoint_identity_suffix,175,0.0,0.07422331013741035,0.07422331013741035
L30,endpoint_identity_suffix,176,0.0,-0.883883332039148,-0.8838833320391479
L30,endpoint_identity_suffix,180,0.055389950324160386,0.09673725448889114,0.04134730416473076
L30,endpoint_identity_suffix,182,0.11378047408771608,0.17439846412923155,0.06061799004151547
L30,endpoint_identity_suffix,183,0.1588842282646976,-0.0033242771188672915,-0.1622085053835649
L30,endpoint_identity_suffix,184,0.0,-0.0300019898105941,-0.0300019898105941
L30,endpoint_identity_suffix,186,0.0,-0.007133659995442132,-0.007133659995442132
L30,endpoint_identity_suffix,191,0.0,0.015237972638679098,0.015237972638679098
L30,endpoint_identity_suffix,192,0.0,-0.8087397776547988,-0.8087397776547988
L30,endpoint_identity_suffix,193,-0.3901360036534084,-0.1204612431769796,0.2696747604764288
L31,endpoint_equality,1,0.0,-0.033562320970564,-0.033562320970564
L31,endpoint_equality,2,0.0,-0.029280493289197018,-0.029280493289197018
L31,endpoint_equality,3,0.0,-0.22575007819284032,-0.22575007819284032
L31,endpoint_equality,4,0.0,0.026083494509487215,0.026083494509487215
L31,endpoint_equality,8,0.2921464520786998,0.0,-0.2921464520786998
L31,endpoint_equality,9,0.0,-0.08556405914220266,-0.08556405914220266
L31,endpoint_equality,11,0.0,0.006660499034380818,0.006660499034380818
L31,endpoint_equality,15,0.0,-0.05634741074771932,-0.05634741074771932
L31,endpoint_equality,16,0.16703803686799246,-0.04740834700051155,-0.214446383868504
L31,endpoint_equality,20,0.0,-0.1726065025032255,-0.1726065025032255
L31,endpoint_equality,23,0.0,-0.4576619778431285,-0.45766197784312845
L31,endpoint_equality,24,0.0,0.08392600176110765,0.08392600176110765
L31,endpoint_equality,25,-1.1102230246251565e-16,-0.3609859053071366,-0.3609859053071365
L31,endpoint_equality,26,0.0,-0.12002099511876119,-0.12002099511876119
L31,endpoint_equality,31,0.0,-0.3060499145710859,-0.306049914571086
L31,endpoint_equality,36,0.0,-0.5736845642832198,-0.5736845642832198
L31,endpoint_equality,37,0.0,-0.22805516831244277,-0.22805516831244277
L31,endpoint_equality,39,0.0,0.013052741777408228,0.013052741777408228
L31,endpoint_equality,46,0.0,-0.2526389643837442,-0.2526389643837442
L31,endpoint_equality,47,0.0,-0.03439659011359719,-0.03439659011359719
L31,endpoint_equality,48,0.07428697994708405,-0.05158374933620813,-0.12587072928329213
L31,endpoint_equality,50,0.0,0.022616150019008963,0.022616150019008963
L31,endpoint_equality,53,0.0,0.01294462041430755,0.01294462041430755
L31,endpoint_equality,54,0.0,-0.21436993639606017,-0.21436993639606017
L31,endpoint_equality,56,0.0,-0.14246310228389603,-0.14246310228389603
L31,endpoint_equality,57,0.0,0.17430719841153208,0.17430719841153208
L31,endpoint_equality,59,0.0,-0.05790270685930543,-0.05790270685930543
L31,endpoint_equality,62,0.0,-0.1968046481856104,-0.1968046481856104
L31,endpoint_equality,63,0.0,-0.1730627984508557,-0.1730627984508557
L31,endpoint_equality,72,0.0,0.10078135738009608,0.10078135738009608
L31,endpoint_equality,74,0.0487996707673134,0.0,-0.0487996707673134
L31,endpoint_equality,79,0.0,-0.02827036767721358,-0.02827036767721358
L31,endpoint_equality,80,0.29874923336734005,-0.022267463258711873,-0.3210166966260519
L31,endpoint_equality,81,0.0,-0.30848928347442883,-0.30848928347442883
L31,endpoint_equality,82,0.0,0.005160299164794546,0.005160299164794546
L31,endpoint_equality,83,0.0,-0.49896613906516407,-0.49896613906516407
L31,endpoint_equality,84,0.0,-0.09127684397144731,-0.09127684397144731
L31,endpoint_equality,87,0.2348891623967735,-0.05526455039549649,-0.29015371279227
L31,endpoint_equality,89,0.0,-0.22159317429006975,-0.22159317429006975
L31,endpoint_equality,90,0.0,0.021947422506572334,0.021947422506572334
L31,endpoint_equality,91,0.0,0.2157839043463976,0.2157839043463976
L31,endpoint_equality,93,0.0,-0.10086689716880137,-0.10086689716880137
L31,endpoint_equality,98,0.0,-0.33667467160059217,-0.33667467160059217
L31,endpoint_equality,99,0.0,-0.28316753633430647,-0.28316753633430647
L31,endpoint_equality,100,0.0,-0.3012752137695329,-0.3012752137695329
L31,endpoint_equality,104,0.28815778506619394,0.0,-0.28815778506619394
L31,endpoint_equality,107,0.16427886887189025,0.0,-0.16427886887189025
L31,endpoint_equality,109,0.1380113486299045,-0.04995247755651255,-0.18796382618641705
L31,endpoint_equality,110,0.0,-0.2752191428597054,-0.2752191428597054
L31,endpoint_equality,114,0.0,-0.3443300060185662,-0.3443300060185662
L31,endpoint_equality,115,0.0,-0.02833420002303333,-0.02833420002303333
L31,endpoint_equality,117,0.0,-0.3120277172203516,-0.31202771722035155
L31,endpoint_equality,118,0.0,-0.29643410878526955,-0.2964341087852696
L31,endpoint_equality,128,0.0,-0.0384823854968217,-0.0384823854968217
L31,endpoint_equality,130,0.02461047991432963,0.0,-0.02461047991432963
L31,endpoint_equality,136,0.0,0.048265678853365745,0.048265678853365745
L31,endpoint_equality,138,0.0,-0.2978154466786047,-0.2978154466786047
L31,endpoint_equality,140,0.0,-0.0398197852250326,-0.0398197852250326
L31,endpoint_equality,142,5.551115123125783e-17,-0.5825194141528058,-0.5825194141528058
L31,endpoint_equality,144,0.13351558263904417,-0.005402171723815297,-0.13891775436285947
L31,endpoint_equality,149,0.0,-0.11393795382847172,-0.11393795382847172
L31,endpoint_equality,152,0.0,-0.06705887552197565,-0.06705887552197565
L31,endpoint_equality,153,0.0,0.007090651274234361,0.007090651274234361
L31,endpoint_equality,156,0.0,-0.22780380772956554,-0.22780380772956554
L31,endpoint_equality,158,0.0,-0.06439789495222636,-0.06439789495222636
L31,endpoint_equality,159,0.0,-0.2169095981868172,-0.21690959818681732
L31,endpoint_equality,160,0.0,-0.014105105457709266,-0.014105105457709266
L31,endpoint_equality,162,0.0,-0.18253927344227572,-0.18253927344227572
L31,endpoint_equality,163,0.0,-0.010245895527807969,-0.010245895527807969
L31,endpoint_equality,165,0.0,-0.49933536599373873,-0.4993353659937388
L31,endpoint_equality,167,0.0,0.06512330493250351,0.06512330493250351
L31,endpoint_equality,168,0.0,-0.06720822654146574,-0.06720822654146574
L31,endpoint_equality,170,0.0,-0.2083724369036669,-0.20837243690366697
L31,endpoint_equality,172,0.0,-0.048308531596819915,-0.048308531596819915
L31,endpoint_equality,173,0.0,-0.1415553593288026,-0.1415553593288026
L31,endpoint_equality,175,0.0,0.019513782051242323,0.019513782051242323
L31,endpoint_equality,176,0.0,-0.20934839372444514,-0.20934839372444514
L31,endpoint_equality,180,0.0,0.03343378000274466,0.03343378000274466
L31,endpoint_equality,181,0.0,-0.2545132400489478,-0.2545132400489478
L31,endpoint_equality,182,0.0,0.021585113471785267,0.021585113471785267
L31,endpoint_equality,183,0.0,-0.006941403421764303,-0.006941403421764303
L31,endpoint_equality,184,0.0,-0.133611355224605,-0.133611355224605
L31,endpoint_equality,185,0.0,0.03748732596659621,0.03748732596659621
L31,endpoint_equality,186,0.0,0.010222111508846998,0.010222111508846998
L31,endpoint_equality,191,0.0,-0.44025250481799116,-0.44025250481799116
L31,endpoint_equality,192,0.0,-0.10836670773147716,-0.10836670773147716
L31,endpoint_equality,193,0.0,-0.13473565036830792,-0.13473565036830792
L31,endpoint_equality,196,0.0,0.08692290826383142,0.08692290826383142
L31,endpoint_identity,1,-0.04050775832785447,-0.10561599066951843,-0.06510823234166396
L31,endpoint_identity,2,0.30028859499503624,-0.01596005624165575,-0.316248651236692
L31,endpoint_identity,3,0.0,-0.27371442790336487,-0.27371442790336487
L31,endpoint_identity,9,-0.524084036858052,-0.30912509021625934,0.21495894664179271
L31,endpoint_identity,11,0.0,-0.019745219065637754,-0.019745219065637754
L31,endpoint_identity,15,-0.03621399875241105,-0.2800458491887716,-0.24383185043636058
L31,endpoint_identity,16,0.2466702585539261,-0.10423502159836051,-0.3509052801522866
L31,endpoint_identity,20,0.0,-0.10790089218982124,-0.10790089218982124
L31,endpoint_identity,23,0.0,-0.28659970599277484,-0.28659970599277484
L31,endpoint_identity,24,0.0,0.1312532571619507,0.1312532571619507
L31,endpoint_identity,25,1.1102230246251565e-16,-0.9139317194772856,-0.9139317194772857
L31,endpoint_identity,26,-0.19410680692787624,-0.21180175609193186,-0.017694949164055562
L31,endpoint_identity,31,0.0,-0.12781894410173433,-0.12781894410173433
L31,endpoint_identity,36,0.0,-0.6071135849809385,-0.6071135849809385
L31,endpoint_identity,37,0.0,-0.15769476959456608,-0.15769476959456608
L31,endpoint_identity,39,0.0,0.05725400890028731,0.05725400890028731
L31,endpoint_identity,46,0.0,-0.2494972263509614,-0.2494972263509614
L31,endpoint_identity,47,0.22965774777078019,-0.17344604180354706,-0.40310378957432724
L31,endpoint_identity,48,-0.24494555525862619,-0.0774161115987444,0.16752944365988187
L31,endpoint_identity,54,0.0,-0.21303334359018344,-0.21303334359018344
L31,endpoint_identity,56,0.0,-0.11566857369473516,-0.11566857369473516
L31,endpoint_identity,57,-0.7316643598337091,-0.09056184051548921,0.64110251931822
L31,endpoint_identity,59,-0.4779608555437478,0.017561319260977593,0.4955221748047255
L31,endpoint_identity,62,0.0,-0.1809782273263889,-0.1809782273263889
L31,endpoint_identity,63,0.0,-0.18702116649374478,-0.18702116649374478
L31,endpoint_identity,72,0.0,0.2760584237093292,0.2760584237093292
L31,endpoint_identity,74,-0.18324902661678188,-0.18851016940760024,-0.005261142790818352
L31,endpoint_identity,79,-0.10354383745649098,-0.1054451718548608,-0.0019013343983698139
L31,endpoint_identity,80,-0.3131661551011756,-0.15593190615903374,0.15723424894214189
L31,endpoint_identity,81,0.0,-0.2814169008677605,-0.2814169008677605
L31,endpoint_identity,82,-0.05453990139533915,-0.08806514162428736,-0.033525240228948205
L31,endpoint_identity,84,-0.32736540768229505,-0.06368131335972405,0.263684094322571
L31,endpoint_identity,87,0.3082920256457654,-0.013492698830720906,-0.3217847244764863
L31,endpoint_identity,89,0.0,-0.16278520341289893,-0.16278520341289893
L31,endpoint_identity,90,-0.4660660366596032,0.034134181728604496,0.5002002183882077
L31,endpoint_identity,93,0.0,-0.10086689716880137,-0.10086689716880137
L31,endpoint_identity,99,0.0,0.019213819049544778,0.019213819049544778
L31,endpoint_identity,100,0.0,-0.3012653116281271,-0.3012653116281271
L31,endpoint_identity,104,0.3475278151125175,-0.08939496033102312,-0.43692277544354063
L31,endpoint_identity,107,0.23987631558191336,0.0,-0.23987631558191336
L31,endpoint_identity,110,0.0,-0.257357855516714,-0.257357855516714
L31,endpoint_identity,115,0.1975696533350635,0.1931854454284878,-0.004384207906575677
L31,endpoint_identity,117,0.0,-0.10000029327609838,-0.10000029327609838
L31,endpoint_identity,118,0.0,-0.6368553751779404,-0.6368553751779404
L31,endpoint_identity,130,0.031560299973050876,-0.1216510678795889,-0.15321136785263978
L31,endpoint_identity,136,0.0,0.004311017751182256,0.004311017751182256
L31,endpoint_identity,138,0.0,-0.1072153159727609,-0.1072153159727609
L31,endpoint_identity,140,0.35550425510893013,0.016445141435370347,-0.3390591136735598
L31,endpoint_identity,144,0.03614311840113604,0.014669747084702145,-0.021473371316433898
L31,endpoint_identity,149,-0.3200890133864489,-0.3019267808036664,0.01816223258278249
L31,endpoint_identity,156,0.0,-0.20682727674725088,-0.20682727674725088
L31,endpoint_identity,158,-0.02502217467412282,-0.14079792720934226,-0.11577575253521943
L31,endpoint_identity,160,0.0,0.0034703912420528393,0.0034703912420528393
L31,endpoint_identity,162,-0.3803074759269293,-0.06393826393848245,0.3163692119884469
L31,endpoint_identity,163,-0.15181737347311075,-0.007123239355458999,0.14469413411765175
L31,endpoint_identity,168,0.0,-0.06548238880686208,-0.06548238880686208
L31,endpoint_identity,170,0.0,-0.2083724369036669,-0.20837243690366697
L31,endpoint_identity,172,0.0,-0.05190771094480495,-0.05190771094480495
L31,endpoint_identity,175,0.0,0.07537708010818367,0.07537708010818367
L31,endpoint_identity,176,0.0,-0.2109872090341336,-0.2109872090341336
L31,endpoint_identity,180,0.05475824325502465,0.09795192653062035,0.043193683275595696
L31,endpoint_identity,182,-0.10577599133728677,0.036088074527456104,0.14186406586474287
L31,endpoint_identity,183,0.0,-0.09641631034489317,-0.09641631034489317
L31,endpoint_identity,184,0.0,-0.017557725383212652,-0.017557725383212652
L31,endpoint_identity,186,0.0,-0.034281907311474846,-0.034281907311474846
L31,endpoint_identity,191,0.0,-0.24130959696744225,-0.24130959696744225
L31,endpoint_identity,192,0.0,0.0007077093341851803,0.0007077093341851803
L31,endpoint_identity,193,-0.42980375163180234,-0.11039344968108966,0.31941030195071274
L31,endpoint_identity_suffix,1,-0.04050775832785447,-0.10561599066951843,-0.06510823234166396
L31,endpoint_identity_suffix,2,0.30028859499503624,-0.01596005624165575,-0.316248651236692
L31,endpoint_identity_suffix,3,0.0,-0.3069183973660954,-0.3069183973660954
L31,endpoint_identity_suffix,9,-0.53598027363063,-0.30912509021625934,0.22685518341437072
L31,endpoint_identity_suffix,11,0.0,-0.019745219065637754,-0.019745219065637754
L31,endpoint_identity_suffix,15,0.12999297201984006,-0.13534915605084152,-0.2653421280706816
L31,endpoint_identity_suffix,16,0.2553603128402746,-0.10423502159836051,-0.3595953344386351
L31,endpoint_identity_suffix,20,0.0,-0.11402141892258078,-0.11402141892258078
L31,endpoint_identity_suffix,23,0.0,-0.7408582118260896,-0.7408582118260896
L31,endpoint_identity_suffix,24,0.0,0.1312532571619507,0.1312532571619507
L31,endpoint_identity_suffix,26,-0.12255619395426864,-0.16366000589554497,-0.041103811941276325
L31,endpoint_identity_suffix,31,0.038970112720171646,-0.12781894410173433,-0.16678905682190603
L31,endpoint_identity_suffix,36,0.0,-1.0055361370512097,-1.0055361370512097
L31,endpoint_identity_suffix,37,0.0,-0.15769476959456608,-0.15769476959456608
L31,endpoint_identity_suffix,39,0.0,0.05725400890028731,0.05725400890028731
L31,endpoint_identity_suffix,46,0.0,-0.2703459280543994,-0.2703459280543994
L31,endpoint_identity_suffix,47,0.22965774777078019,-0.15299093819142084,-0.38264868596220103
L31,endpoint_identity_suffix,56,-0.00020238425693508422,-0.12989281835672717,-0.12969043409979208
L31,endpoint_identity_suffix,59,-0.46637068818802213,0.017561319260977593,0.4839320074489998
L31,endpoint_identity_suffix,62,0.0455079960833793,-0.1851150380147788,-0.2306230340981581
L31,endpoint_identity_suffix,63,0.0,-0.2771778332551187,-0.2771778332551187
L31,endpoint_identity_suffix,72,0.3348066898952171,0.4012901596819044,0.06648346978668729
L31,endpoint_identity_suffix,74,-0.1931202542303428,-0.16330988415801695,0.029810370072325842
L31,endpoint_identity_suffix,79,0.2354949191330742,0.03275970393264038,-0.2027352152004338
L31,endpoint_identity_suffix,81,0.00440439152495864,-0.5023609576310354,-0.506765349155994
L31,endpoint_identity_suffix,82,-0.05453990139533915,-0.08806514162428736,-0.033525240228948205
L31,endpoint_identity_suffix,84,-0.27704628228997946,-0.06368131335972405,0.21336496893025547
L31,endpoint_identity_suffix,87,0.3082920256457654,-0.013492698830720906,-0.3217847244764863
L31,endpoint_identity_suffix,89,0.0,-0.6005864805894852,-0.6005864805894852
L31,endpoint_identity_suffix,93,0.0,-0.02714133984381406,-0.02714133984381406
L31,endpoint_identity_suffix,100,0.0,-0.2405960773146223,-0.2405960773146223
L31,endpoint_identity_suffix,104,0.3475278151125175,-0.08939496033102312,-0.43692277544354063
L31,endpoint_identity_suffix,107,0.3584266229932156,0.21499060732452124,-0.14343601566869435
L31,endpoint_identity_suffix,110,0.0,-0.24624145683600707,-0.24624145683600707
L31,endpoint_identity_suffix,115,0.1975696533350635,0.1931854454284878,-0.004384207906575677
L31,endpoint_identity_suffix,117,0.0,-0.057893144084396386,-0.057893144084396386
L31,endpoint_identity_suffix,118,0.01820251561871533,-0.8491054859618694,-0.8673080015805847
L31,endpoint_identity_suffix,130,0.10117746877910183,-0.044482606129609414,-0.14566007490871125
L31,endpoint_identity_suffix,136,0.0,0.004311017751182256,0.004311017751182256
L31,endpoint_identity_suffix,138,0.0,-0.1072153159727609,-0.1072153159727609
L31,endpoint_identity_suffix,140,0.35550425510893013,0.016445141435370347,-0.3390591136735598
L31,endpoint_identity_suffix,144,0.04546763667215037,0.014669747084702145,-0.030797889587448224
L31,endpoint_identity_suffix,156,0.2325482469501695,-0.1324696232444662,-0.3650178701946357
L31,endpoint_identity_suffix,158,0.17083823874646598,-0.002726661593551949,-0.17356490034001792
L31,endpoint_identity_suffix,160,0.0,0.0034703912420528393,0.0034703912420528393
L31,endpoint_identity_suffix,162,-0.37794191669394284,-0.06393826393848245,0.3140036527554604
L31,endpoint_identity_suffix,163,0.02145614866904444,-0.08670172331609183,-0.10815787198513627
L31,endpoint_identity_suffix,168,0.0,-1.0504058227917894,-1.0504058227917894
L31,endpoint_identity_suffix,170,0.04406413210811949,-0.2928308301742395,-0.33689496228235905
L31,endpoint_identity_suffix,172,0.0,-0.05190771094480495,-0.05190771094480495
L31,endpoint_identity_suffix,175,0.0,0.09832927024325055,0.09832927024325055
L31,endpoint_identity_suffix,176,0.0,-0.8953193696473702,-0.8953193696473702
L31,endpoint_identity_suffix,180,0.05475824325502465,0.09795192653062035,0.043193683275595696
L31,endpoint_identity_suffix,182,0.19167919078933215,0.14130023956995252,-0.05037895121937963
L31,endpoint_identity_suffix,183,0.14734017377015696,-0.05822345126561079,-0.20556362503576775
L31,endpoint_identity_suffix,184,0.0,-0.017557725383212652,-0.017557725383212652
L31,endpoint_identity_suffix,186,0.0,0.0014382797785983392,0.0014382797785983392
L31,endpoint_identity_suffix,191,0.0,-0.0613600502935332,-0.0613600502935332
L31,endpoint_identity_suffix,192,0.0,-0.7877779332776023,-0.7877779332776023
L31,endpoint_identity_suffix,193,-0.42980375163180234,-0.11039344968108966,0.31941030195071274
L24-L31,endpoint_equality,1,0.0,-0.03140495171655733,-0.03140495171655733
L24-L31,endpoint_equality,2,0.0,-0.0332849241221953,-0.0332849241221953
L24-L31,endpoint_equality,3,0.0,-0.15029675983009605,-0.15029675983009605
L24-L31,endpoint_equality,4,0.0,0.02452625130495356,0.02452625130495356
L24-L31,endpoint_equality,8,0.3165071554905562,0.0,-0.3165071554905562
L24-L31,endpoint_equality,9,0.0,-0.08722191610040897,-0.08722191610040897
L24-L31,endpoint_equality,11,0.0,0.011330530251499882,0.011330530251499882
L24-L31,endpoint_equality,15,0.0,-0.05082331611265922,-0.05082331611265922
L24-L31,endpoint_equality,16,0.1891163386467265,-0.029555774862354278,-0.21867211350908078
L24-L31,endpoint_equality,20,0.0,-0.16311844287489774,-0.16311844287489774
L24-L31,endpoint_equality,23,0.0,-0.38671088745746884,-0.38671088745746884
L24-L31,endpoint_equality,24,0.0,0.049023711880436194,0.049023711880436194
L24-L31,endpoint_equality,25,0.0,-0.3106350833402862,-0.3106350833402862
L24-L31,endpoint_equality,26,0.0,-0.07939480187355086,-0.07939480187355086
L24-L31,endpoint_equality,31,0.0,-0.2679102367082413,-0.2679102367082413
L24-L31,endpoint_equality,36,0.0,-0.6206721793433001,-0.6206721793433001
L24-L31,endpoint_equality,37,0.0,-0.1510426224544239,-0.1510426224544239
L24-L31,endpoint_equality,39,0.0,0.012431108919169542,0.012431108919169542
L24-L31,endpoint_equality,46,0.0,-0.2802157129229903,-0.2802157129229903
L24-L31,endpoint_equality,47,0.0,-0.0362625539128818,-0.0362625539128818
L24-L31,endpoint_equality,48,0.0760701595459527,-0.05306935363008214,-0.12913951317603478
L24-L31,endpoint_equality,50,0.0,0.02286343166678706,0.02286343166678706
L24-L31,endpoint_equality,53,0.0,0.011753803697688303,0.011753803697688303
L24-L31,endpoint_equality,54,0.0,-0.15786868972655932,-0.15786868972655932
L24-L31,endpoint_equality,56,0.0,-0.0860133473438991,-0.0860133473438991
L24-L31,endpoint_equality,57,0.0,0.1875753744897911,0.1875753744897911
L24-L31,endpoint_equality,59,0.0,-0.044107916408963055,-0.044107916408963055
L24-L31,endpoint_equality,62,0.0,-0.1829509729744535,-0.1829509729744535
L24-L31,endpoint_equality,63,0.0,-0.17141526835728704,-0.171415268357287
L24-L31,endpoint_equality,72,0.0,0.09828455197315844,0.09828455197315844
L24-L31,endpoint_equality,74,0.05467775818503562,0.0,-0.05467775818503562
L24-L31,endpoint_equality,79,0.0,-0.03339693668439936,-0.03339693668439936
L24-L31,endpoint_equality,80,0.32942815590242536,-0.031467088515188424,-0.3608952444176138
L24-L31,endpoint_equality,81,0.0,-0.2688352609209028,-0.2688352609209028
L24-L31,endpoint_equality,82,0.0,0.005434143902344646,0.005434143902344646
L24-L31,endpoint_equality,83,0.0,-0.4752224282402179,-0.475222428240218
L24-L31,endpoint_equality,84,0.0,-0.08808152479251552,-0.08808152479251552
L24-L31,endpoint_equality,87,0.27825812477798995,-0.054356413284669,-0.33261453806265895
L24-L31,endpoint_equality,89,0.0,-0.23801564513831064,-0.23801564513831064
L24-L31,endpoint_equality,90,0.0,0.004967330286588911,0.004967330286588911
L24-L31,endpoint_equality,91,0.0,0.1748217659256469,0.1748217659256469
L24-L31,endpoint_equality,93,0.0,-0.09432224428667335,-0.09432224428667335
L24-L31,endpoint_equality,98,0.0,-0.2946047338669855,-0.2946047338669855
L24-L31,endpoint_equality,99,0.0,-0.28047803417094197,-0.28047803417094197
L24-L31,endpoint_equality,100,0.0,-0.25010761462401154,-0.25010761462401154
L24-L31,endpoint_equality,104,0.33113405412480135,0.0,-0.33113405412480135
L24-L31,endpoint_equality,107,0.17803055390475075,0.0,-0.17803055390475075
L24-L31,endpoint_equality,109,0.1522939828042441,-0.051184344635431644,-0.20347832743967575
L24-L31,endpoint_equality,110,0.0,-0.24316778089714808,-0.24316778089714808
L24-L31,endpoint_equality,114,0.0,-0.3289191815917909,-0.3289191815917909
L24-L31,endpoint_equality,115,0.0,-0.009068968981335468,-0.009068968981335468
L24-L31,endpoint_equality,117,0.0,-0.3353292361997484,-0.3353292361997484
L24-L31,endpoint_equality,118,0.0,-0.28737861289934197,-0.28737861289934186
L24-L31,endpoint_equality,128,0.0,-0.040841727008794404,-0.040841727008794404
L24-L31,endpoint_equality,130,0.027265219276643604,0.0,-0.027265219276643604
L24-L31,endpoint_equality,136,0.0,0.06263220682151993,0.06263220682151993
L24-L31,endpoint_equality,138,0.0,-0.2967187536211343,-0.2967187536211343
L24-L31,endpoint_equality,140,0.0,-0.05405733363278009,-0.05405733363278009
L24-L31,endpoint_equality,142,2.7755575615628914e-17,-0.6054479168576181,-0.6054479168576181
L24-L31,endpoint_equality,144,0.14351460966118557,-0.010475826883354467,-0.15399043654454003
L24-L31,endpoint_equality,149,0.0,-0.12525647597186818,-0.12525647597186818
L24-L31,endpoint_equality,152,0.0,-0.04490209184258975,-0.04490209184258975
L24-L31,endpoint_equality,153,0.0,0.007661069622904471,0.007661069622904471
L24-L31,endpoint_equality,156,0.0,-0.1688338458209131,-0.1688338458209131
L24-L31,endpoint_equality,158,0.0,-0.06931360353141836,-0.06931360353141836
L24-L31,endpoint_equality,159,0.0,-0.2188521241396333,-0.2188521241396333
L24-L31,endpoint_equality,160,0.0,-0.015463294878856004,-0.015463294878856004
L24-L31,endpoint_equality,162,0.0,-0.18916251562459263,-0.18916251562459263
L24-L31,endpoint_equality,163,0.0,-0.013968659165111363,-0.013968659165111363
L24-L31,endpoint_equality,165,-5.551115123125783e-17,-0.5837487358977229,-0.5837487358977228
L24-L31,endpoint_equality,167,0.0,0.05594948360641938,0.05594948360641938
L24-L31,endpoint_equality,168,0.0,-0.0650132523408482,-0.0650132523408482
L24-L31,endpoint_equality,170,0.0,-0.18556280475222786,-0.18556280475222786
L24-L31,endpoint_equality,172,0.0,-0.060831761374221305,-0.060831761374221305
L24-L31,endpoint_equality,173,0.0,-0.17302393820958528,-0.17302393820958528
L24-L31,endpoint_equality,175,0.0,0.012900265307566494,0.012900265307566494
L24-L31,endpoint_equality,176,0.0,-0.20676542918022778,-0.20676542918022778
L24-L31,endpoint_equality,180,0.0,0.03576079244569441,0.03576079244569441
L24-L31,endpoint_equality,181,0.0,-0.17967307168267577,-0.17967307168267577
L24-L31,endpoint_equality,182,0.0,0.022141850155040332,0.022141850155040332
L24-L31,endpoint_equality,183,0.0,-0.007000039353681542,-0.007000039353681542
L24-L31,endpoint_equality,184,0.0,-0.1383006433565157,-0.1383006433565157
L24-L31,endpoint_equality,185,0.0,0.042699490444969346,0.042699490444969346
L24-L31,endpoint_equality,186,0.0,0.010493097352895164,0.010493097352895164
L24-L31,endpoint_equality,191,0.0,-0.43258872012467553,-0.43258872012467553
L24-L31,endpoint_equality,192,0.0,-0.12817032799401473,-0.12817032799401473
L24-L31,endpoint_equality,193,0.0,-0.174661466815895,-0.174661466815895
L24-L31,endpoint_equality,196,0.0,0.08485696280333044,0.08485696280333044
L24-L31,endpoint_identity,1,-0.04282497186877843,-0.057353248319224504,-0.014528276450446076
L24-L31,endpoint_identity,2,0.3340292564808368,-8.444950814867624e-05,-0.3341137059889855
L24-L31,endpoint_identity,3,0.0,-0.1612714687844995,-0.1612714687844995
L24-L31,endpoint_identity,9,-0.5790273104945209,-0.3428698163497025,0.23615749414481846
L24-L31,endpoint_identity,11,0.0,-0.04969682121065855,-0.04969682121065855
L24-L31,endpoint_identity,15,-0.04249305653735225,-0.21239170208640124,-0.169898645549049
L24-L31,endpoint_identity,16,0.2785229929464519,-0.04052427635422284,-0.31904726930067473
L24-L31,endpoint_identity,20,0.0,-0.15413911542481773,-0.15413911542481773
L24-L31,endpoint_identity,23,0.0,-0.20916710480733758,-0.20916710480733758
L24-L31,endpoint_identity,24,0.0,0.019376186280940955,0.019376186280940955
L24-L31,endpoint_identity,25,1.1102230246251565e-16,-0.9297562496546297,-0.9297562496546299
L24-L31,endpoint_identity,26,-0.13806123289297773,-0.14010847389450243,-0.0020472410015246467
L24-L31,endpoint_identity,31,0.0,-0.12035578658170554,-0.12035578658170554
L24-L31,endpoint_identity,36,0.0,-0.6536260475760829,-0.6536260475760828
L24-L31,endpoint_identity,37,0.0,-0.15204123975305395,-0.15204123975305395
L24-L31,endpoint_identity,39,0.0,-0.09426251791772278,-0.09426251791772278
L24-L31,endpoint_identity,46,0.0,-0.2762384042198798,-0.2762384042198798
L24-L31,endpoint_identity,47,0.23472481235026388,-0.17853620355572242,-0.4132610159059863
L24-L31,endpoint_identity,48,-0.25984205247817715,-0.025368410020160992,0.23447364245801616
L24-L31,endpoint_identity,54,0.0,-0.15318316945644028,-0.15318316945644028
L24-L31,endpoint_identity,56,0.0,-0.06006267210127847,-0.06006267210127847
L24-L31,endpoint_identity,57,-0.6835890691212072,-0.09745536216508632,0.5861337069561209
L24-L31,endpoint_identity,59,-0.5027168419376998,0.006876407421508857,0.5095932493592087
L24-L31,endpoint_identity,62,0.0,-0.20628473585287355,-0.20628473585287355
L24-L31,endpoint_identity,63,0.0,-0.18754651600397543,-0.18754651600397537
L24-L31,endpoint_identity,72,0.0,0.2671030595330326,0.2671030595330326
L24-L31,endpoint_identity,74,-0.20547191913052437,-0.18395743700242817,0.021514482128096202
L24-L31,endpoint_identity,79,-0.1164842156002569,-0.12346769233550581,-0.006983476735248906
L24-L31,endpoint_identity,80,-0.356370025549836,-0.24319599273622006,0.11317403281361593
L24-L31,endpoint_identity,81,0.0,-0.3016208999482697,-0.3016208999482697
L24-L31,endpoint_identity,82,0.03880208834410803,-0.08799116426349429,-0.12679325260760232
L24-L31,endpoint_identity,84,-0.38415513155776443,-0.13155387280403885,0.2526012587537255
L24-L31,endpoint_identity,87,0.3652137887711121,0.0181683920283775,-0.3470453967427346
L24-L31,endpoint_identity,89,0.0,-0.18609142779735088,-0.18609142779735088
L24-L31,endpoint_identity,90,-0.53516196468574,0.006663521235321435,0.5418254859210614
L24-L31,endpoint_identity,93,0.0,-0.09432224428667335,-0.09432224428667335
L24-L31,endpoint_identity,99,0.0,-0.04049023798565088,-0.04049023798565088
L24-L31,endpoint_identity,100,0.0,-0.2501260604843736,-0.2501260604843736
L24-L31,endpoint_identity,104,0.4118700682114169,-0.037270908551477744,-0.44914097676289466
L24-L31,endpoint_identity,107,0.23927841929863447,0.0,-0.23927841929863447
L24-L31,endpoint_identity,110,0.0,-0.2219398722128756,-0.2219398722128756
L24-L31,endpoint_identity,115,0.05555914935005801,0.0167171430739097,-0.03884200627614831
L24-L31,endpoint_identity,117,0.0,-0.11743339371989314,-0.11743339371989314
L24-L31,endpoint_identity,118,2.7755575615628914e-17,-0.6594809626780953,-0.6594809626780953
L24-L31,endpoint_identity,130,0.03378909490547166,-0.16296475489132112,-0.19675384979679278
L24-L31,endpoint_identity,136,0.0,0.0061996643519781625,0.0061996643519781625
L24-L31,endpoint_identity,138,0.0,-0.16685595806664577,-0.16685595806664577
L24-L31,endpoint_identity,140,0.3799271651311841,0.01736370976478563,-0.36256345536639845
L24-L31,endpoint_identity,144,0.04569821967180321,-0.024982937310991993,-0.0706811569827952
L24-L31,endpoint_identity,149,-0.3564827188878409,-0.32932342020418104,0.02715929868365985
L24-L31,endpoint_identity,156,0.0,-0.14096909218910958,-0.14096909218910958
L24-L31,endpoint_identity,158,-0.02728310710860593,-0.14046847015894803,-0.1131853630503421
L24-L31,endpoint_identity,160,0.0,-0.016315815975111336,-0.016315815975111336
L24-L31,endpoint_identity,162,-0.42710711870597995,-0.0234697387482663,0.40363737995771365
L24-L31,endpoint_identity,163,-0.14621921519450953,-0.033063409380368114,0.11315580581414142
L24-L31,endpoint_identity,168,0.0,-0.0646928781891094,-0.0646928781891094
L24-L31,endpoint_identity,170,0.0,-0.18556280475222786,-0.18556280475222786
L24-L31,endpoint_identity,172,0.0,-0.05494837756415416,-0.05494837756415416
L24-L31,endpoint_identity,175,0.0,0.060255202272894604,0.060255202272894604
L24-L31,endpoint_identity,176,0.0,-0.21601956894811813,-0.21601956894811813
L24-L31,endpoint_identity,180,0.08356863171951545,0.09220386016564452,0.008635228446129073
L24-L31,endpoint_identity,182,-0.11317130769666406,0.040372694657712094,0.15354400235437615
L24-L31,endpoint_identity,183,0.0,-0.08833736154362448,-0.08833736154362448
L24-L31,endpoint_identity,184,0.0,-0.00022440868419049131,-0.00022440868419049131
L24-L31,endpoint_identity,186,0.0,-0.035128136825287815,-0.035128136825287815
L24-L31,endpoint_identity,191,0.0,-0.22075206799994485,-0.22075206799994485
L24-L31,endpoint_identity,192,0.0,-0.017140455998927218,-0.017140455998927218
L24-L31,endpoint_identity,193,-0.5131270850111133,-0.208870466864703,0.30425661814641025
L24-L31,endpoint_identity_suffix,1,-0.04282497186877843,-0.057353248319224504,-0.014528276450446076
L24-L31,endpoint_identity_suffix,2,0.3340292564808368,-8.444950814867624e-05,-0.3341137059889855
L24-L31,endpoint_identity_suffix,3,0.0,-0.19984585189929083,-0.19984585189929083
L24-L31,endpoint_identity_suffix,9,-0.5874063833139,-0.3428698163497025,0.24453656696419745
L24-L31,endpoint_identity_suffix,11,0.0,-0.04969682121065855,-0.04969682121065855
L24-L31,endpoint_identity_suffix,15,0.16440264592045217,-0.03687195864394366,-0.20127460456439583
L24-L31,endpoint_identity_suffix,16,0.2858202597036372,-0.04052427635422284,-0.32634453605786007
L24-L31,endpoint_identity_suffix,20,0.0,-0.1501979796788404,-0.1501979796788404
L24-L31,endpoint_identity_suffix,23,0.0,-0.6753923823247392,-0.6753923823247392
L24-L31,endpoint_identity_suffix,24,0.0,0.019376186280940955,0.019376186280940955
L24-L31,endpoint_identity_suffix,26,-0.05906532064519743,-0.13292896053928094,-0.07386363989408351
L24-L31,endpoint_identity_suffix,31,0.03750226437646764,-0.12035578658170554,-0.15785805095817318
L24-L31,endpoint_identity_suffix,36,0.0,-1.028981078138413,-1.028981078138413
L24-L31,endpoint_identity_suffix,37,0.0,-0.15204123975305395,-0.15204123975305395
L24-L31,endpoint_identity_suffix,39,0.0,-0.09426251791772278,-0.09426251791772278
L24-L31,endpoint_identity_suffix,46,0.0,-0.2968779988253043,-0.2968779988253043
L24-L31,endpoint_identity_suffix,47,0.23472481235026388,-0.15754639980476126,-0.39227121215502514
L24-L31,endpoint_identity_suffix,56,0.002290544358518387,-0.09912288794910462,-0.10141343230762301
L24-L31,endpoint_identity_suffix,59,-0.49064031115853995,0.006876407421508857,0.49751671858004876
L24-L31,endpoint_identity_suffix,62,0.05526870970696984,-0.20643597640976785,-0.2617046861167377
L24-L31,endpoint_identity_suffix,63,0.0,-0.2608590065318255,-0.2608590065318254
L24-L31,endpoint_identity_suffix,72,0.32417845094236664,0.372042873040374,0.04786442209800734
L24-L31,endpoint_identity_suffix,74,-0.22358353591089108,-0.1754535776841103,0.04812995822678079
L24-L31,endpoint_identity_suffix,79,0.28193541439351555,0.034457148241457736,-0.2474782661520578
L24-L31,endpoint_identity_suffix,81,0.007153106816476629,-0.6254760970238467,-0.6326292038403232
L24-L31,endpoint_identity_suffix,82,0.03880208834410803,-0.08799116426349429,-0.12679325260760232
L24-L31,endpoint_identity_suffix,84,-0.34711090772452835,-0.13155387280403885,0.2155570349204895
L24-L31,endpoint_identity_suffix,87,0.3652137887711121,0.0181683920283775,-0.3470453967427346
L24-L31,endpoint_identity_suffix,89,0.0,-0.6516626265640024,-0.6516626265640024
L24-L31,endpoint_identity_suffix,93,0.0,0.025007507787273786,0.025007507787273786
L24-L31,endpoint_identity_suffix,100,0.0,-0.19286951988458023,-0.19286951988458023
L24-L31,endpoint_identity_suffix,104,0.4118700682114169,-0.037270908551477744,-0.44914097676289466
L24-L31,endpoint_identity_suffix,107,0.38843029942854745,0.23520556490085687,-0.1532247345276906
L24-L31,endpoint_identity_suffix,110,0.0,-0.2042461029356315,-0.2042461029356315
L24-L31,endpoint_identity_suffix,115,0.05555914935005801,0.0167171430739097,-0.03884200627614831
L24-L31,endpoint_identity_suffix,117,0.0,-0.0692378427368685,-0.0692378427368685
L24-L31,endpoint_identity_suffix,118,0.007281940852799762,-0.868268907111647,-0.8755508479644466
L24-L31,endpoint_identity_suffix,130,0.11338884661734161,-0.07889206932780168,-0.1922809159451433
L24-L31,endpoint_identity_suffix,136,0.0,0.0061996643519781625,0.0061996643519781625
L24-L31,endpoint_identity_suffix,138,0.0,-0.16685595806664577,-0.16685595806664577
L24-L31,endpoint_identity_suffix,140,0.3799271651311841,0.01736370976478563,-0.36256345536639845
L24-L31,endpoint_identity_suffix,144,0.05719383168767889,-0.024982937310991993,-0.08217676899867088
L24-L31,endpoint_identity_suffix,156,0.2717753433715241,-0.04432830619567829,-0.3161036495672024
L24-L31,endpoint_identity_suffix,158,0.19359055897608168,0.010003925448177853,-0.18358663352790383
L24-L31,endpoint_identity_suffix,160,0.0,-0.016315815975111336,-0.016315815975111336
L24-L31,endpoint_identity_suffix,162,-0.4243000610746901,-0.0234697387482663,0.4008303223264238
L24-L31,endpoint_identity_suffix,163,0.05223242478343593,-0.10647885892762132,-0.15871128371105725
L24-L31,endpoint_identity_suffix,168,0.0,-1.0092853499301166,-1.0092853499301166
L24-L31,endpoint_identity_suffix,170,0.04856553596474866,-0.2724484522574879,-0.3210139882222366
L24-L31,endpoint_identity_suffix,172,0.0,-0.05494837756415416,-0.05494837756415416
L24-L31,endpoint_identity_suffix,175,0.0,0.060058418158212,0.060058418158212
L24-L31,endpoint_identity_suffix,176,0.0,-0.8732748984085654,-0.8732748984085654
L24-L31,endpoint_identity_suffix,180,0.08356863171951545,0.09220386016564452,0.008635228446129073
L24-L31,endpoint_identity_suffix,182,0.22720605696223395,0.13085988072746724,-0.09634617623476671
L24-L31,endpoint_identity_suffix,183,0.16521903660881232,-0.04854715635189866,-0.21376619296071098
L24-L31,endpoint_identity_suffix,184,0.0,-0.00022440868419049131,-0.00022440868419049131
L24-L31,endpoint_identity_suffix,186,0.0,-0.0007254874444193593,-0.0007254874444193593
L24-L31,endpoint_identity_suffix,191,0.0,-0.02828764088933955,-0.02828764088933955
L24-L31,endpoint_identity_suffix,192,0.0,-0.786002106514321,-0.786002106514321
L24-L31,endpoint_identity_suffix,193,-0.5131270850111133,-0.208870466864703,0.30425661814641025
