problem_id,CC,II,window,II_minus_CC
1,0.9821115117856224,1.1452305117489912,L00,0.16311899996336876
2,0.9883160954685998,1.1738938432263695,L00,0.1855777477577697
3,0.403754842675541,1.0023539591877169,L00,0.5985991165121758
4,1.0009633571797791,0.9927881356915689,L00,-0.00817522148821026
8,0.7381232383899452,1.1914533732528578,L00,0.4533301348629126
9,0.73531064908566,0.958083535906471,L00,0.22277288682081098
11,1.068377898202036,1.105239878548531,L00,0.036861980346494905
15,1.1519275446676234,1.1599354968605227,L00,0.008007952192899292
16,0.7281575209460998,1.1767184064450273,L00,0.4485608854989276
20,0.3631378351331098,1.0821661487507341,L00,0.7190283136176243
23,0.15908130607286902,0.9666432880804107,L00,0.8075619820075417
24,1.2177265776182893,0.950582005786793,L00,-0.2671445718314963
25,0.35981847733013195,1.149372748035561,L00,0.7895542707054292
26,0.5488663930001759,1.0563142291300125,L00,0.5074478361298366
31,0.3935847849154899,1.101198307275309,L00,0.7076135223598192
36,0.10811946039588871,1.0488407865588747,L00,0.940721326162986
37,0.4567266967854304,1.1565516067999086,L00,0.6998249100144782
39,0.8067181153076702,1.109571198098709,L00,0.30285308279103884
46,0.3660163160743775,0.8417064536291304,L00,0.4756901375547529
47,0.9233164915469804,1.06317221126938,L00,0.13985571972239963
48,0.6334040882117782,1.0307093309053807,L00,0.39730524269360257
50,1.2057046044816062,1.159508465261983,L00,-0.04619613921962329
53,1.2841802435513998,1.0872047737291843,L00,-0.19697546982221548
54,0.5153830303935885,0.9408215235993421,L00,0.42543849320575367
56,0.2879024406310118,0.9942906439318914,L00,0.7063882033008796
57,0.9738975920133818,0.5110379947809209,L00,-0.46285959723246084
59,0.7588488780056903,1.1454222224774682,L00,0.3865733444717778
62,0.34094114117212926,1.0791750505180004,L00,0.7382339093458712
63,0.19049825151215774,0.5882067739828798,L00,0.3977085224707221
72,0.7747633425103365,0.6766285162090653,L00,-0.09813482630127124
74,0.3693777227546444,0.5763154565193607,L00,0.20693773376471625
79,0.9010869986593469,1.0657345851642082,L00,0.16464758650486122
80,0.7211901234211142,1.1732513998511407,L00,0.45206127643002647
81,0.10891932460486754,1.0659491692851277,L00,0.9570298446802602
82,1.224264522518281,1.1886650316224896,L00,-0.03559949089579151
83,0.39803141211886256,1.2001669623321876,L00,0.8021355502133249
84,0.6448786974316988,1.209731316127499,L00,0.5648526186958002
87,0.8048769267646807,1.2149292626638089,L00,0.41005233589912815
89,0.05792419399514662,0.9278822558422257,L00,0.8699580618470791
90,0.7183266916155028,1.1684981194067974,L00,0.4501714277912946
91,1.1803263024932595,0.906870840574057,L00,-0.27345546191920256
93,0.28601715536551336,0.6948930930250927,L00,0.40887593765957936
98,0.08325083450936702,0.9486388142530219,L00,0.8653879797436549
99,0.2933723351094337,1.1810438258510934,L00,0.8876714907416596
100,0.49734146727751344,0.8300086096306315,L00,0.33266714235311806
104,0.7126059415055077,1.1568758882813241,L00,0.44426994677581644
107,0.5705978789775864,0.9367750390074248,L00,0.36617716002983836
109,0.8459211195494325,1.191752295162113,L00,0.3458311756126804
110,0.3980038179729361,1.110852403466267,L00,0.7128485854933309
114,0.7796766025771599,1.169263624358433,L00,0.389587021781273
115,1.0167274269862208,1.1911405585050077,L00,0.1744131315187869
117,0.39263846306885153,1.0605343932435516,L00,0.6678959301747001
118,0.32211160582017717,0.8165899126710304,L00,0.49447830685085326
128,1.0046205418122216,1.0407432136018069,L00,0.03612267178958528
130,0.8256815954516279,0.8860955196603125,L00,0.06041392420868463
136,1.0510227634990514,0.9757131982522469,L00,-0.07530956524680454
138,0.46123018848077335,1.1508115385037399,L00,0.6895813500229665
140,0.5846850717000597,0.9568137550006063,L00,0.3721286833005466
142,0.16220328195546713,1.1751444819753711,L00,1.012941200019904
144,0.8669555139098178,1.143785459627912,L00,0.27682994571809416
149,0.7120775281173585,1.0751976242940473,L00,0.36312009617668883
152,0.7845239256899785,1.0447071434905848,L00,0.26018321780060627
153,1.2545177503314056,1.1826279119807401,L00,-0.07188983835066542
156,0.1746722255673532,1.027830973313635,L00,0.8531587477462819
158,0.8495543073023476,1.097511345293247,L00,0.2479570379908994
159,0.06990527924337246,1.1623364565389118,L00,1.0924311772955393
160,0.8711957951487985,1.1748222086028024,L00,0.3036264134540039
162,0.7987949666117082,1.11019430920958,L00,0.31139934259787183
163,0.8197932720696436,0.9294980552361153,L00,0.1097047831664717
165,0.16403344944253792,1.1499542066147421,L00,0.9859207571722042
167,1.1198195642180018,1.0544230908531596,L00,-0.06539647336484222
168,0.09633295015232159,0.6389136415831644,L00,0.5425806914308429
170,0.2997841651866813,0.8478826735473628,L00,0.5480985083606815
172,0.5182447019601326,1.068120093265769,L00,0.5498753913056365
173,0.8595352487720285,1.2216907358281466,L00,0.3621554870561181
175,0.9919013211825692,0.9467123074777026,L00,-0.04518901370486661
176,0.21821808952039787,0.8244749914042407,L00,0.6062569018838428
180,1.1697310661120692,1.1309303517013325,L00,-0.038800714410736736
181,0.1839265969953369,1.1037665281393452,L00,0.9198399311440083
182,0.8156317294687557,0.8966366175394015,L00,0.08100488807064576
183,1.0543125076733402,1.0840158998123954,L00,0.029703392139055262
184,0.8266363855457728,1.0622168268169705,L00,0.2355804412711977
185,1.0116179117838238,1.1099420607849908,L00,0.09832414900116704
186,1.0511930727921917,1.0844894477638776,L00,0.033296374971685916
191,0.22805974590043834,1.0069890865827404,L00,0.7789293406823021
192,0.18923242222940087,0.8871435595750125,L00,0.6979111373456116
193,0.8412587343050083,1.1631381813226946,L00,0.32187944701768634
196,1.1847190734189434,1.0200924684569974,L00,-0.16462660496194603
1,0.9966525270849522,1.1542940180888182,L01,0.15764149100386593
2,0.9651141219946683,1.173332584139023,L01,0.2082184621443547
3,0.4645916440490558,1.0251635468553244,L01,0.5605719028062686
4,0.998422299368607,1.0025757216895044,L01,0.0041534223208973264
8,0.7838506844609268,1.1994575178431988,L01,0.415606833382272
9,0.7520596813754071,1.005782747407442,L01,0.25372306603203476
11,1.1700632053180846,1.1315652997139984,L01,-0.03849790560408617
15,1.1433968118513398,1.1669702363215932,L01,0.023573424470253457
16,0.7316992433809273,1.1688875930034324,L01,0.4371883496225051
20,0.4347042468279588,1.0962388333559998,L01,0.6615345865280411
23,0.18237290305247883,0.9664088629028957,L01,0.784035959850417
24,1.2170985186761891,0.9805696401928014,L01,-0.23652887848338777
25,0.4520165113505124,1.1520794138380528,L01,0.7000629024875404
26,0.5350267235165987,1.084137448449566,L01,0.5491107249329673
31,0.4627116287921691,1.1269960364518166,L01,0.6642844076596475
36,0.12986445742767116,1.036696009513957,L01,0.9068315520862859
37,0.4944194136518983,1.1670255792984978,L01,0.6726061656465996
39,0.7075190783477956,1.1025265099013137,L01,0.39500743155351814
46,0.37405007772813587,0.8505838462620295,L01,0.4765337685338937
47,0.9148208259564724,1.0677108293602813,L01,0.15289000340380887
48,0.6354626887045624,1.0468544687542791,L01,0.41139178004971677
50,1.1837969649756188,1.1689804487209532,L01,-0.014816516254665624
53,1.1888419690203655,1.1136782411976267,L01,-0.07516372782273884
54,0.586645405759809,0.9541349494581942,L01,0.36748954369838527
56,0.34035933976620303,1.0142035436594246,L01,0.6738442038932215
57,0.9871707002841408,0.5738567372483931,L01,-0.41331396303574763
59,0.7772982307679698,1.166705752492331,L01,0.3894075217243612
62,0.3845779073365838,1.0878442388552896,L01,0.7032663315187058
63,0.17839635037026946,0.6181930629744323,L01,0.43979671260416286
72,0.7929827107910244,0.6970582985929381,L01,-0.09592441219808634
74,0.3815386526292046,0.5992714229610852,L01,0.21773277033188054
79,0.904807411914262,1.0923095825633182,L01,0.18750217064905628
80,0.735943590242208,1.1701087279508635,L01,0.4341651377086555
81,0.10927784040468325,1.106974655882388,L01,0.9976968154777048
82,1.205095622956699,1.1822676300479895,L01,-0.022827992908709405
83,0.4071654373709647,1.194403039674912,L01,0.7872376023039471
84,0.6871733698031196,1.2148337874754984,L01,0.5276604176723788
87,0.7863234407066936,1.2329954748483107,L01,0.44667203414161716
89,0.05081717050420311,0.9662635596277742,L01,0.9154463891235711
90,0.786735067281931,1.1791520756282907,L01,0.39241700834635973
91,1.2075176938217242,0.9154497217579538,L01,-0.29206797206377044
93,0.33194808738502035,0.7343581745376003,L01,0.40241008715258
98,0.08033021709147697,0.9740343038769207,L01,0.8937040867854438
99,0.35163111823125986,1.185841245855808,L01,0.8342101276245482
100,0.5700009108481998,0.8573449052163042,L01,0.2873439943681044
104,0.7293164327198771,1.1695009063966304,L01,0.4401844736767533
107,0.5750533888764744,0.9324420727789926,L01,0.3573886839025182
109,0.8586034570504872,1.2068034946624584,L01,0.34820003761197116
110,0.4765695536690587,1.1208223018523105,L01,0.6442527481832518
114,0.7831177642036109,1.176855126753203,L01,0.39373736254959213
115,1.0756537756733608,1.2030124538658298,L01,0.12735867819246893
117,0.5396695877711669,1.0646551294575752,L01,0.5249855416864083
118,0.34064025651289603,0.8531270252199408,L01,0.5124867687070447
128,1.022282920957397,1.0467555633681391,L01,0.024472642410742207
130,0.8264710395259781,0.8871736137993587,L01,0.06070257427338055
136,1.1371638270504152,1.0213794871405633,L01,-0.11578433990985193
138,0.5411522621818773,1.1828980373508948,L01,0.6417457751690175
140,0.6128521641373292,0.9891670948040974,L01,0.37631493066676813
142,0.16726836296368489,1.1801201263258367,L01,1.0128517633621519
144,0.9023766629778679,1.1484511419791892,L01,0.2460744790013213
149,0.7749950420959826,1.0989672372464754,L01,0.3239721951504928
152,0.8044401072250618,1.061160590567705,L01,0.2567204833426433
153,1.2535806084160488,1.185277305328215,L01,-0.06830330308783372
156,0.21662761545105433,1.050810835690087,L01,0.8341832202390326
158,0.8756777932548941,1.123400013958928,L01,0.24772222070403382
159,0.07576852529184329,1.174117981120038,L01,1.0983494558281948
160,0.9061154734055815,1.1747067817454495,L01,0.268591308339868
162,0.8420019371374637,1.1158406445038433,L01,0.2738387073663796
163,0.8797507894512078,0.9715505877621667,L01,0.09179979831095897
165,0.15875505991386513,1.1586017777230475,L01,0.9998467178091823
167,1.1334178409054512,1.0636874063133208,L01,-0.06973043459213035
168,0.09786193241074942,0.6850057431440442,L01,0.5871438107332947
170,0.3610324897913297,0.878977486967708,L01,0.5179449971763783
172,0.5405638382520919,1.098622610060201,L01,0.5580587718081091
173,0.9318545186437529,1.2203414413780187,L01,0.2884869227342658
175,0.9992854740051783,0.9657093621449196,L01,-0.03357611186025866
176,0.23865753296415704,0.8583302382195308,L01,0.6196727052553738
180,1.1418414097700154,1.137945313144739,L01,-0.0038960966252763463
181,0.2114755411484825,1.1023133545691477,L01,0.8908378134206651
182,0.8935290528242309,0.9238866926592032,L01,0.030357639834972305
183,1.0443683537969863,1.1104911084176101,L01,0.06612275462062378
184,0.8941874891058492,1.1069981997045082,L01,0.21281071059865897
185,1.055324447870896,1.1275326566180177,L01,0.07220820874712164
186,1.1377581521764317,1.113066035197404,L01,-0.024692116979027734
191,0.3367245642639579,1.0247573396459393,L01,0.6880327753819814
192,0.1938604418844959,0.9359006456880672,L01,0.7420402038035713
193,0.8352616596342498,1.1757923591213386,L01,0.3405306994870888
196,1.2013780772791007,1.0322914208977139,L01,-0.16908665638138687
1,0.9985151327470971,1.159880706175806,L02,0.16136557342870894
2,0.9541342866755291,1.1754389405249863,L02,0.2213046538494572
3,0.5241538196226471,1.044369751295089,L02,0.5202159316724418
4,0.9885504535972999,1.028580862059798,L02,0.04003040846249817
8,0.7944357880711553,1.1894642669146882,L02,0.39502847884353287
9,0.7481755925514134,1.0080573476758086,L02,0.25988175512439515
11,1.1976194347692042,1.1449666932966225,L02,-0.0526527414725817
15,1.1594475919673612,1.160810594256661,L02,0.0013630022892998639
16,0.7472202726392618,1.171664461535559,L02,0.4244441888962971
20,0.518479666311817,1.1134174417223626,L02,0.5949377754105456
23,0.21749241268028266,0.9807716246398546,L02,0.7632792119595719
24,1.1908407895002755,0.9959332653057984,L02,-0.1949075241944771
25,0.4760811345660475,1.1608714544254577,L02,0.6847903198594102
26,0.5310296884928218,1.1089105788702565,L02,0.5778808903774346
31,0.4634314450866924,1.1258031932503112,L02,0.6623717481636189
36,0.1388398702018539,1.0374844110741568,L02,0.8986445408723029
37,0.4584185030999821,1.1635981260619785,L02,0.7051796229619964
39,0.5791579324500152,1.099597054160992,L02,0.5204391217109768
46,0.37363250600399883,0.8661590972009111,L02,0.4925265911969123
47,0.9349785499694306,1.0768863023789987,L02,0.1419077524095681
48,0.6199300976197633,1.057949979541156,L02,0.43801988192139274
50,1.1596951308624126,1.1694481712072775,L02,0.009753040344864905
53,1.1536238416261124,1.1290393928353812,L02,-0.024584448790731184
54,0.6403226950720737,0.967781052299651,L02,0.3274583572275772
56,0.4050692075360705,1.0328331520574585,L02,0.6277639445213881
57,0.978103947876289,0.6170506002397904,L02,-0.36105334763649855
59,0.7770412795850662,1.1715659930771918,L02,0.3945247134921256
62,0.43649315599166755,1.0934845025015474,L02,0.6569913465098798
63,0.1645183446580057,0.638794474216161,L02,0.4742761295581553
72,0.8052337680145992,0.6999989202926071,L02,-0.1052348477219921
74,0.39487203442482677,0.6117446374103165,L02,0.21687260298548972
79,0.9093785926192935,1.1000646341299376,L02,0.19068604151064406
80,0.7431970926973561,1.1597662498458745,L02,0.4165691571485184
81,0.11664071692456386,1.1179009740063244,L02,1.0012602570817606
82,1.202100961912637,1.169186439821067,L02,-0.032914522091570086
83,0.3837575047769794,1.1927888397682231,L02,0.8090313349912437
84,0.6963184154303456,1.2194025335180165,L02,0.523084118087671
87,0.7886578678673638,1.2303390533416385,L02,0.4416811854742747
89,0.06329713057642068,0.9758375042814349,L02,0.9125403737050142
90,0.8217662007222453,1.1755322586118089,L02,0.3537660578895636
91,1.19532381706789,0.9329393634609391,L02,-0.26238445360695084
93,0.38018627026978463,0.7778546434081083,L02,0.39766837313832365
98,0.1082959638908168,0.9863186958136346,L02,0.8780227319228178
99,0.33868049764497776,1.1782472798339922,L02,0.8395667821890145
100,0.6850799311860966,0.8715799972618672,L02,0.18650006607577063
104,0.7380177015815306,1.1732271815835573,L02,0.43520948000202675
107,0.5888536867782455,0.9514650694922029,L02,0.36261138271395743
109,0.8780301953820855,1.2097053683299697,L02,0.3316751729478842
110,0.5524240948725915,1.1206178498359638,L02,0.5681937549633723
114,0.7762197173307964,1.1735591434134172,L02,0.39733942608262074
115,1.0868520973538984,1.2044494684585487,L02,0.1175973711046503
117,0.6481335129696715,1.075126887127512,L02,0.42699337415784044
118,0.34581524512065215,0.8526353681361554,L02,0.5068201230155032
128,1.030258092923952,1.0608451740667837,L02,0.030587081142831707
130,0.8221532939844696,0.9065317980654487,L02,0.08437850408097913
136,1.1621850426699827,1.0404662088362613,L02,-0.1217188338337214
138,0.6274431588655042,1.1958824793610112,L02,0.568439320495507
140,0.6338753555262829,0.9957410479083936,L02,0.36186569238211064
142,0.18225292506102542,1.1758518272895768,L02,0.9935989022285514
144,0.9295773885766359,1.1523687547497437,L02,0.2227913661731078
149,0.7976611481775786,1.1086223204372854,L02,0.31096117225970676
152,0.8243457859284886,1.085778701738709,L02,0.26143291581022043
153,1.267523329658304,1.1805181308236443,L02,-0.08700519883465963
156,0.2282606753342744,1.0732448938449668,L02,0.8449842185106924
158,0.889057713841363,1.1422678516759082,L02,0.25321013783454516
159,0.08115285603209109,1.1955676682686731,L02,1.114414812236582
160,0.9272117960278932,1.1748783760096755,L02,0.24766657998178232
162,0.861158821317656,1.1246477615335664,L02,0.2634889402159104
163,0.9045057286134326,0.992180785131261,L02,0.08767505651782836
165,0.1521699385492023,1.1736700502326807,L02,1.0215001116834783
167,1.0990351840471757,1.0753119921579617,L02,-0.023723191889214013
168,0.10286428264246678,0.7298417407352116,L02,0.6269774580927447
170,0.40958884766570314,0.9124851465766706,L02,0.5028962989109674
172,0.5707223736759263,1.114715655165948,L02,0.5439932814900218
173,0.9601936494455715,1.224610782878245,L02,0.2644171334326736
175,1.024127091576079,1.005029845618863,L02,-0.019097245957215847
176,0.22547522373159679,0.8608170302506573,L02,0.6353418065190605
180,1.1246876767323057,1.1454761672864613,L02,0.020788490554155548
181,0.20595153404166777,1.1090072160005575,L02,0.9030556819588897
182,0.9258129382190707,0.9512396218352586,L02,0.02542668361618783
183,1.0450272874116973,1.132328122112463,L02,0.08730083470076577
184,0.9063386549658786,1.1257694450971112,L02,0.21943079013123257
185,1.0597928484231467,1.137070604607984,L02,0.07727775618483723
186,1.1745862708728587,1.1244526562370663,L02,-0.05013361463579247
191,0.42033568720693315,1.0395161105308783,L02,0.6191804233239452
192,0.1741495522454084,0.9469833415266635,L02,0.7728337892812551
193,0.8206747923642456,1.1812422522985422,L02,0.3605674599342966
196,1.2132666340546636,1.036170830409154,L02,-0.1770958036455097
1,0.9965233991701036,1.1649196719766028,L03,0.16839627280649927
2,0.9435243212229941,1.1886975550900714,L03,0.24517323386707723
3,0.5556102885871861,1.051528864278044,L03,0.49591857569085795
4,0.9713660899267827,1.0616731434899491,L03,0.09030705356316637
8,0.7943745137452545,1.1777143289964738,L03,0.3833398152512193
9,0.7345558580055357,1.0281512686697873,L03,0.29359541066425165
11,1.1982332762287042,1.1542827272073923,L03,-0.0439505490213119
15,1.17094864974871,1.1625023154819307,L03,-0.00844633426677932
16,0.7578910046836294,1.1696484591278633,L03,0.41175745444423395
20,0.5438622837659194,1.128832217454572,L03,0.5849699336886526
23,0.22416555210057765,0.976158725726978,L03,0.7519931736264004
24,1.181183264415936,1.0095067269917435,L03,-0.17167653742419242
25,0.5301059888881292,1.174914056482754,L03,0.6448080675946248
26,0.5207272697680405,1.114604265817978,L03,0.5938769960499375
31,0.4683274043454002,1.1302032349555098,L03,0.6618758306101096
36,0.14595288234013473,1.036279636513961,L03,0.8903267541738263
37,0.46425835066080595,1.1744501517103134,L03,0.7101918010495074
39,0.5504106455375228,1.103900607277505,L03,0.5534899617399822
46,0.4168346838033005,0.8756510489683352,L03,0.4588163651650347
47,0.9478521746584144,1.0842307366428163,L03,0.1363785619844019
48,0.6161462094161736,1.0750733543212048,L03,0.45892714490503117
50,1.119043996376253,1.1701288043961682,L03,0.05108480801991511
53,1.1316682948400612,1.15004668924765,L03,0.018378394407588816
54,0.6684180197481031,0.9782497554933909,L03,0.3098317357452878
56,0.44622692213414383,1.0420137452438636,L03,0.5957868231097198
57,0.9878628018159933,0.6341807679665938,L03,-0.35368203384939945
59,0.7914064710109959,1.1818976931514726,L03,0.3904912221404767
62,0.46556646078693215,1.0949248359327615,L03,0.6293583751458294
63,0.1606339474355277,0.6503258381978514,L03,0.48969189076232367
72,0.7976755519846214,0.7067690419283292,L03,-0.09090651005629213
74,0.40707495826028106,0.6238024067910691,L03,0.21672744853078807
79,0.8989261347609149,1.1022265255505224,L03,0.2033003907896075
80,0.7549921177109443,1.1551226302747741,L03,0.4001305125638298
81,0.13236717461623326,1.1402012196544091,L03,1.0078340450381758
82,1.192625217656373,1.1669731682468287,L03,-0.025652049409544242
83,0.40172530598843176,1.1923668259196787,L03,0.7906415199312469
84,0.7335150317815701,1.2270477877917443,L03,0.4935327560101742
87,0.7875625272458026,1.2240821043469952,L03,0.4365195771011926
89,0.0856837456097253,0.9918364772321323,L03,0.906152731622407
90,0.8617527806338,1.1802366614375845,L03,0.31848388080378454
91,1.2067196366291235,0.9404275337760014,L03,-0.2662921028531221
93,0.41710946053505843,0.8046201527391822,L03,0.38751069220412376
98,0.14174473988167594,1.000182828995659,L03,0.858438089113983
99,0.36078714301305825,1.1715578494072032,L03,0.810770706394145
100,0.7273186214423524,0.8775595572384238,L03,0.15024093579607145
104,0.7429277959122735,1.1741142189029503,L03,0.4311864229906768
107,0.5874921467869284,0.9411152758622755,L03,0.3536231290753471
109,0.8759360977068501,1.2074021384802383,L03,0.33146604077338815
110,0.5827093043595709,1.1263465202850085,L03,0.5436372159254376
114,0.7660164907781009,1.1754234746400745,L03,0.4094069838619736
115,1.087352858337483,1.2045787699146797,L03,0.11722591157719675
117,0.7518926728465772,1.0843726706685521,L03,0.3324799978219749
118,0.3639305279997809,0.874514883173312,L03,0.5105843551735312
128,1.0156784529969607,1.074534220697756,L03,0.05885576770079526
130,0.8142510592220719,0.9467215483143027,L03,0.1324704890922308
136,1.1365522000574255,1.0654845591431639,L03,-0.07106764091426165
138,0.6872494361418298,1.201470632758911,L03,0.5142211966170813
140,0.6549073539942576,1.021504086494269,L03,0.36659673250001146
142,0.19188311955210965,1.1873871312686985,L03,0.9955040117165889
144,0.951247696894288,1.1612844845916874,L03,0.21003678769739942
149,0.8067859190784856,1.113403627300101,L03,0.30661770822161527
152,0.8215473437598501,1.091004412618759,L03,0.26945706885890897
153,1.2760728403525239,1.1818486981140555,L03,-0.09422414223846842
156,0.23602547603262547,1.08054803730567,L03,0.8445225612730445
158,0.9004314255141921,1.1586647390399882,L03,0.25823331352579615
159,0.0973469919884291,1.2114781432664328,L03,1.1141311512780037
160,0.9556981240249923,1.1840311196364735,L03,0.22833299561148113
162,0.8663779811076803,1.1305041487345697,L03,0.26412616762688945
163,0.93202898541289,1.0236661704612247,L03,0.09163718504833462
165,0.15832309511262663,1.1859598255689108,L03,1.0276367304562841
167,1.0921443695661603,1.0764379900965655,L03,-0.015706379469594856
168,0.10889843871010992,0.7490930451281989,L03,0.6401946064180889
170,0.4385396653528428,0.9220470474246382,L03,0.4835073820717954
172,0.6168239671691073,1.1336009287922895,L03,0.5167769616231822
173,1.007198271222067,1.2242916680720324,L03,0.21709339684996531
175,1.0452158326635055,1.0228646871930125,L03,-0.022351145470492995
176,0.23693181738627214,0.8742891103731378,L03,0.6373572929868657
180,1.1274849658381292,1.1517990172664214,L03,0.024314051428292238
181,0.25733196194701813,1.112835904683171,L03,0.8555039427361529
182,0.9348068033022401,0.9729935047293179,L03,0.03818670142707781
183,1.0300065925342865,1.1415729627540976,L03,0.11156637021981108
184,0.9464156630963632,1.1388013345282064,L03,0.19238567143184326
185,1.0848445596421066,1.1525466792918244,L03,0.06770211964971784
186,1.1994953262448762,1.1366679317124004,L03,-0.06282739453247577
191,0.4752707730587797,1.041467185611936,L03,0.5661964125531562
192,0.19405805612734536,0.9759034565474825,L03,0.7818454004201371
193,0.8408487473980232,1.181178879360531,L03,0.3403301319625077
196,1.221524508861761,1.0339710687280599,L03,-0.18755344013370112
1,0.9962311995838272,1.1782673551882843,L04,0.18203615560445707
2,0.9185196921816635,1.2004182448506642,L04,0.28189855266900066
3,0.5990020113633775,1.0629907304722237,L04,0.4639887191088462
4,0.9675888654067165,1.0930914460497392,L04,0.12550258064302267
8,0.8126864148223983,1.1851527646363056,L04,0.37246634981390725
9,0.7401620996185423,1.0423893768416763,L04,0.302227277223134
11,1.2001291508379073,1.1626040181612973,L04,-0.03752513267660995
15,1.1995385655403221,1.1679083368008953,L04,-0.03163022873942678
16,0.775095664189704,1.1702651626105494,L04,0.39516949842084537
20,0.5942380824150715,1.1511672419387997,L04,0.5569291595237282
23,0.24671388044791726,0.9929888435996508,L04,0.7462749631517336
24,1.1923244297657805,1.0307754658081032,L04,-0.16154896395767726
25,0.5699143384663881,1.1962738605577379,L04,0.6263595220913498
26,0.5292351676184938,1.1340619028210552,L04,0.6048267352025615
31,0.47986813560976876,1.1450569621217765,L04,0.6651888265120078
36,0.1500790758558618,1.0405719056028229,L04,0.8904928297469611
37,0.46647813210001504,1.1826361974674922,L04,0.7161580653674771
39,0.5389894645464941,1.1145087782505942,L04,0.5755193137041001
46,0.4416974573043857,0.8893802208561816,L04,0.4476827635517959
47,0.965194145000937,1.1015110359139788,L04,0.13631689091304178
48,0.6118360638650097,1.0940635954184674,L04,0.48222753155345777
50,1.0694486230621254,1.1812031984991882,L04,0.1117545754370628
53,1.1321695509740992,1.1694478644084498,L04,0.03727831343435062
54,0.7409071849086903,1.004567329496284,L04,0.2636601445875937
56,0.500570524073966,1.057108038817471,L04,0.556537514743505
57,1.0131296886555958,0.6731005487945017,L04,-0.3400291398610942
59,0.8024803833046539,1.190142733997373,L04,0.38766235069271904
62,0.5150476835825861,1.1095002891566534,L04,0.5944526055740673
63,0.1646868048164022,0.683537165829267,L04,0.5188503610128649
72,0.803541752624697,0.7245496319140594,L04,-0.07899212071063755
74,0.4233797588474469,0.6529802282482813,L04,0.2296004694008344
79,0.8979374891728754,1.1188811859360759,L04,0.22094369676320047
80,0.7700696784570378,1.1588236295036098,L04,0.38875395104657207
81,0.169521068724952,1.1678367317818674,L04,0.9983156630569154
82,1.1906595454293398,1.1648808922621137,L04,-0.025778653167226162
83,0.4123971055200893,1.2065826513146378,L04,0.7941855457945486
84,0.7456317714081573,1.2376351752162464,L04,0.49200340380808916
87,0.7914168970365093,1.2230164455922585,L04,0.4315995485557492
89,0.11530394389286017,1.008759828244893,L04,0.8934558843520329
90,0.8858295054060417,1.1919170049934311,L04,0.30608749958738946
91,1.221090973985426,0.9616563654834418,L04,-0.2594346085019843
93,0.4598793984680638,0.8394648954007008,L04,0.379585496932637
98,0.15844512844820108,1.0325179803429982,L04,0.8740728518947971
99,0.4045694021471818,1.1730081185634103,L04,0.7684387164162285
100,0.7921359622890651,0.8976769565975713,L04,0.10554099430850616
104,0.744468797847169,1.1803542710098864,L04,0.4358854731627174
107,0.6088848855909151,0.9637226145311807,L04,0.35483772894026555
109,0.8840546149408868,1.221544543699734,L04,0.3374899287588473
110,0.617979022639132,1.1363083073740374,L04,0.5183292847349055
114,0.7786362166805872,1.1781582493354852,L04,0.39952203265489794
115,1.102584555130935,1.2060874374426087,L04,0.1035028823116737
117,0.7878168521948897,1.1035658064293576,L04,0.3157489542344679
118,0.38381660298277404,0.909871591566605,L04,0.526054988583831
128,1.018560932372918,1.1019747061953147,L04,0.08341377382239679
130,0.8123005628865647,0.9629424880214144,L04,0.15064192513484964
136,1.164155111723319,1.0940676804525238,L04,-0.07008743127079531
138,0.7670251125457751,1.2195566810045544,L04,0.4525315684587793
140,0.6856248004273047,1.0502627329758925,L04,0.3646379325485878
142,0.19758644522342964,1.2034139957968082,L04,1.0058275505733785
144,0.9865083549717352,1.177404356400316,L04,0.19089600142858087
149,0.805777606504402,1.129433368864448,L04,0.323655762360046
152,0.8218187359881014,1.1158393259606423,L04,0.2940205899725409
153,1.300002179585756,1.182941697756027,L04,-0.11706048182972895
156,0.28563325229815845,1.1071044142385151,L04,0.8214711619403567
158,0.9121278184478429,1.1765794925448667,L04,0.26445167409702386
159,0.10426995697759232,1.2361222773890108,L04,1.1318523204114186
160,0.9537403470339768,1.1941313239096225,L04,0.2403909768756457
162,0.8767900177420913,1.156554900794706,L04,0.2797648830526147
163,0.9744114029761093,1.064347787755303,L04,0.08993638477919363
165,0.15532425385279708,1.2060617041622685,L04,1.0507374503094715
167,1.0760860234217708,1.0960495569095823,L04,0.019963533487811436
168,0.1202098308277744,0.7867990517753011,L04,0.6665892209475267
170,0.4721494066446351,0.9423065995969225,L04,0.4701571929522874
172,0.6454218423082265,1.1566275793104595,L04,0.5112057370022329
173,1.058462397602095,1.232596331825179,L04,0.17413393422308387
175,1.0823527803455388,1.0621531949567964,L04,-0.020199585388742447
176,0.2558268172455046,0.8974956657769354,L04,0.6416688485314308
180,1.1213245946383188,1.1604736738683208,L04,0.03914907923000199
181,0.3321268461384762,1.1277638680270976,L04,0.7956370218886214
182,0.9451699325577171,0.9980143793842213,L04,0.05284444682650424
183,1.0336844834390553,1.1607109653311722,L04,0.12702648189211696
184,0.9730604168275323,1.154540101776583,L04,0.18147968494905076
185,1.1130223853223868,1.172128861454778,L04,0.05910647613239117
186,1.230636572969043,1.154649789233042,L04,-0.07598678373600087
191,0.5410108490582541,1.058646508708161,L04,0.5176356596499068
192,0.21055759394202528,0.9967942848777213,L04,0.7862366909356959
193,0.8612330801307895,1.193049811513317,L04,0.33181673138252754
196,1.222461726541593,1.0514564133966764,L04,-0.17100531314491652
1,0.9978072929023104,1.1784668562128184,L05,0.18065956331050803
2,0.8990262918289424,1.2029858121642627,L05,0.30395952033532025
3,0.6046420230830988,1.0640359057787965,L05,0.4593938826956977
4,0.9603321754133942,1.1002827697524644,L05,0.1399505943390702
8,0.8104403774213216,1.1803808950970809,L05,0.3699405176757593
9,0.7409284583030905,1.0537010312208057,L05,0.3127725729177152
11,1.1832126227459432,1.161550534981429,L05,-0.02166208776451417
15,1.2160761641310154,1.1699087326137678,L05,-0.04616743151724756
16,0.7848809564638662,1.1669467553142818,L05,0.3820657988504156
20,0.6061868042931305,1.1560973981240703,L05,0.5499105938309398
23,0.27389767190055864,1.0051742926620768,L05,0.7312766207615182
24,1.1872191491059592,1.0259430376871885,L05,-0.16127611141877063
25,0.6122576051802052,1.2010193014717296,L05,0.5887616962915244
26,0.5129137540660935,1.133843146179747,L05,0.6209293921136534
31,0.5039900850178046,1.1522852244283945,L05,0.6482951394105899
36,0.20044151037614785,1.0480765237402154,L05,0.8476350133640675
37,0.5044772725331524,1.182140708029057,L05,0.6776634354959045
39,0.5805258962958597,1.1158023594834028,L05,0.5352764631875431
46,0.4407560697355935,0.9159777168878769,L05,0.4752216471522834
47,0.9804174706580088,1.1070354878808941,L05,0.12661801722288535
48,0.6114958863624681,1.0990679467361277,L05,0.48757206037365963
50,1.0390972230314346,1.1837326142193874,L05,0.14463539118795277
53,1.1483056127438904,1.1775288421719932,L05,0.029223229428102737
54,0.7434644346221938,1.0116076803368015,L05,0.2681432457146077
56,0.5155187681071798,1.0567839133815018,L05,0.541265145274322
57,1.0204489201372031,0.6796591126429119,L05,-0.3407898074942912
59,0.8200708721140569,1.1917549904697198,L05,0.37168411835566284
62,0.5206498696419448,1.1088047393322304,L05,0.5881548696902856
63,0.20680041485832282,0.6896434473635259,L05,0.4828430325052031
72,0.8015705418717203,0.7273837080790652,L05,-0.07418683379265512
74,0.4363222709517212,0.6875768706987138,L05,0.25125459974699255
79,0.8909190980266752,1.1221620680344657,L05,0.23124297000779048
80,0.7888944316300656,1.157052578197861,L05,0.36815814656779533
81,0.17076128531232768,1.1791370166203732,L05,1.0083757313080455
82,1.1813755710985432,1.1655317743493447,L05,-0.015843796749198447
83,0.40342649953217824,1.205697207677719,L05,0.8022707081455408
84,0.7444440381178583,1.2374456356375678,L05,0.4930015975197095
87,0.8068109243397025,1.2228511625362393,L05,0.4160402381965368
89,0.13150873967407187,1.026527401573871,L05,0.8950186618997992
90,0.8773249850506124,1.1910017769049988,L05,0.31367679185438635
91,1.2272646277728414,0.9686616214794619,L05,-0.2586030062933795
93,0.4480156328524124,0.851794654351345,L05,0.40377902149893263
98,0.1650254587369802,1.0381574888459177,L05,0.8731320301089376
99,0.45014736385955045,1.1685857419640377,L05,0.7184383781044873
100,0.776962418177916,0.8932866007788643,L05,0.11632418260094834
104,0.7428618601092735,1.1806100509678712,L05,0.43774819085859773
107,0.6273108968378732,0.986057110823023,L05,0.35874621398514983
109,0.9119125091708066,1.2157625555064633,L05,0.3038500463356567
110,0.6147286887276607,1.137665833111766,L05,0.5229371443841052
114,0.7698498081413941,1.1794081295613685,L05,0.4095583214199744
115,1.09831057310711,1.2049727026945238,L05,0.10666212958741372
117,0.8212719213803652,1.1056671196608896,L05,0.2843951982805244
118,0.4226591369056211,0.9282019235944046,L05,0.5055427866887834
128,1.013607703701503,1.1066813817524144,L05,0.09307367805091138
130,0.8036369260249437,0.9703373349168338,L05,0.16670040889189008
136,1.173284964040309,1.1125334805653797,L05,-0.0607514834749292
138,0.8082292208868276,1.2229704465033546,L05,0.41474122561652704
140,0.7052031986274215,1.0684370303081048,L05,0.36323383168068324
142,0.22240481833027234,1.2115956226460542,L05,0.9891908043157819
144,1.0149904621150592,1.179699704772476,L05,0.16470924265741682
149,0.8106616941462146,1.1305316214734416,L05,0.31986992732722697
152,0.8274173562251838,1.1182074476535167,L05,0.2907900914283329
153,1.304064124273633,1.1845302458738196,L05,-0.11953387839981344
156,0.30441710503019803,1.107782238522372,L05,0.8033651334921739
158,0.9075217720094491,1.1873171364908333,L05,0.2797953644813842
159,0.1227012145816348,1.2433344037470822,L05,1.1206331891654473
160,0.9551767795351798,1.1894307742557573,L05,0.2342539947205775
162,0.877372879447952,1.1647087694586258,L05,0.28733589001067383
163,1.0032241458686928,1.079975203916502,L05,0.07675105804780924
165,0.1581043038012868,1.2161797878160914,L05,1.0580754840148046
167,1.0469187387939953,1.1016305652518938,L05,0.054711826457898516
168,0.12262906197021659,0.7945410456644932,L05,0.6719119836942766
170,0.4697030005989881,0.9487691114036092,L05,0.4790661108046211
172,0.685991321929605,1.1580487955218155,L05,0.4720574735922105
173,1.0756675125314124,1.2308460404268413,L05,0.15517852789542896
175,1.0872619136553414,1.06659305809688,L05,-0.02066885555846132
176,0.2835965776474767,0.9132358312142496,L05,0.6296392535667729
180,1.116829062172483,1.1594183995123344,L05,0.042589337339851374
181,0.4298749079392175,1.1250871137863514,L05,0.695212205847134
182,0.9590260242316573,1.0063211554693061,L05,0.047295131237648835
183,1.0299799677509835,1.1672820176814211,L05,0.1373020499304376
184,0.9798589793598618,1.1600601646462512,L05,0.1802011852863894
185,1.1205709901598238,1.1762638807481454,L05,0.05569289058832161
186,1.238032086298191,1.166335246247661,L05,-0.07169684005053001
191,0.5557027387283727,1.0669168009828829,L05,0.5112140622545102
192,0.2660716863406595,1.0133111608447993,L05,0.7472394745041399
193,0.8614967535087317,1.198390094308109,L05,0.33689334079937727
196,1.216955068509686,1.0477270401831875,L05,-0.16922802832649841
1,0.9887478382420181,1.1806136862469074,L06,0.19186584800488937
2,0.8783205325687804,1.206415885758215,L06,0.3280953531894346
3,0.6155821843966915,1.062306859367275,L06,0.44672467497058355
4,0.92836111411279,1.118458398290508,L06,0.1900972841777181
8,0.7964431165150816,1.1690716295117405,L06,0.3726285129966589
9,0.7310869888785413,1.0569233917744,L06,0.3258364028958588
11,1.154182002654941,1.1521650611056062,L06,-0.0020169415493347387
15,1.2289621881894248,1.1816510962948494,L06,-0.047311091894575386
16,0.7988427283234436,1.1632312949830528,L06,0.36438856665960917
20,0.6085894868203244,1.1639401399632348,L06,0.5553506531429103
23,0.2880040007127043,1.0111867508975079,L06,0.7231827501848036
24,1.1682745988369365,1.0143715596486877,L06,-0.15390303918824877
25,0.670153826364847,1.2061353262192147,L06,0.5359814998543677
26,0.5372671222997724,1.1346662520103035,L06,0.5973991297105311
31,0.49407208555654836,1.1513401935010017,L06,0.6572681079444533
36,0.1987538688501698,1.045321362495017,L06,0.8465674936448473
37,0.4903168153620158,1.172754799785543,L06,0.6824379844235271
39,0.5671981297278944,1.1129120307843303,L06,0.5457139010564359
46,0.43188417946304974,0.9159940070602477,L06,0.48410982759719795
47,0.9796314195908654,1.1059310588576503,L06,0.1262996392667849
48,0.6000069589245689,1.1031667436718309,L06,0.503159784747262
50,0.9752806300868037,1.1883430789099645,L06,0.21306244882316083
53,1.128845825497441,1.176039445396071,L06,0.047193619898630024
54,0.7592728174775103,1.017130890044578,L06,0.2578580725670676
56,0.5278302481696941,1.0439496007654636,L06,0.5161193525957695
57,1.024522104334008,0.6885632487548031,L06,-0.3359588555792049
59,0.8093612405419726,1.1901125614219163,L06,0.3807513208799438
62,0.521039822199617,1.1079889671205723,L06,0.5869491449209553
63,0.2704966205242783,0.705515880541353,L06,0.43501926001707464
72,0.7826723287543613,0.718216617237366,L06,-0.06445571151699536
74,0.45309986924919937,0.7497579382412876,L06,0.2966580689920882
79,0.8725135649640341,1.1237571390407277,L06,0.2512435740766936
80,0.7811738175774016,1.158279249566731,L06,0.37710543198932933
81,0.21336152663621177,1.1857082533005647,L06,0.972346726664353
82,1.1763633501253372,1.1614862683662917,L06,-0.014877081759045563
83,0.39447186179619426,1.2086526454096316,L06,0.8141807836134374
84,0.7399105294331018,1.2348435769704778,L06,0.494933047537376
87,0.8039631725649506,1.2250718938780232,L06,0.42110872131307253
89,0.161494322898998,1.043046613370274,L06,0.881552290471276
90,0.8920766339134932,1.195376113279171,L06,0.3032994793656777
91,1.23708630392792,0.9711960161001174,L06,-0.26589028782780266
93,0.4266935868417433,0.8612375462500262,L06,0.43454395940828294
98,0.19269794448086275,1.0500883683577997,L06,0.857390423876937
99,0.46114538941025324,1.1655787977152103,L06,0.704433408304957
100,0.7905042025608161,0.8920695960655539,L06,0.10156539350473781
104,0.7302163168081327,1.173986875105389,L06,0.4437705582972563
107,0.632113064078529,1.0040972443210123,L06,0.37198418024248336
109,0.9063831497501504,1.2128440858211031,L06,0.3064609360709527
110,0.6022658254798358,1.135710382080024,L06,0.5334445566001883
114,0.7656820540230536,1.1790387089879701,L06,0.4133566549649166
115,1.087053176918057,1.1923727586510127,L06,0.10531958173295575
117,0.8042050797302572,1.1068474445388152,L06,0.302642364808558
118,0.40041685624370904,0.9279839366174321,L06,0.527567080373723
128,0.9919992098552871,1.1152276664719372,L06,0.12322845661665005
130,0.7900852291770778,0.9577479049873797,L06,0.16766267581030192
136,1.154228991980596,1.120861153692143,L06,-0.03336783828845302
138,0.8733119795844321,1.2323490693681254,L06,0.3590370897836933
140,0.7025720071102772,1.0795619837144537,L06,0.37698997660417644
142,0.2480688590891651,1.2167960869473031,L06,0.968727227858138
144,1.024604452182335,1.1805253663803434,L06,0.15592091419800846
149,0.8027870998095915,1.1333197464001068,L06,0.3305326465905153
152,0.811924037649598,1.1195407602752192,L06,0.30761672262562123
153,1.3186858118445202,1.177966896972102,L06,-0.14071891487241817
156,0.35012087289948246,1.1142944309262004,L06,0.7641735580267179
158,0.899419467655548,1.1928871587597225,L06,0.2934676911041745
159,0.13520948884346567,1.2509640862283962,L06,1.1157545973849305
160,0.9395559408916127,1.1812504325517625,L06,0.2416944916601499
162,0.8648448453400787,1.178935822832455,L06,0.31409097749237624
163,0.9930950491590754,1.0862265364799222,L06,0.09313148732084675
165,0.1647123050986338,1.2272809856410631,L06,1.0625686805424293
167,1.0521505835914453,1.1078439804224058,L06,0.05569339683096053
168,0.12979693780581025,0.8022575700102501,L06,0.6724606322044399
170,0.46072883113638863,0.9533495326770873,L06,0.4926207015406987
172,0.6963228363111749,1.1544063339246675,L06,0.45808349761349265
173,1.0662388675267438,1.2388636796431411,L06,0.17262481211639735
175,1.0956077665116748,1.0746740175017329,L06,-0.020933749009941938
176,0.2962646114120719,0.9119156829390862,L06,0.6156510715270143
180,1.0946037650410214,1.1677623201011857,L06,0.07315855506016433
181,0.48428578189906546,1.118260841832639,L06,0.6339750599335735
182,0.9464187642437691,1.006901636068987,L06,0.06048287182521794
183,1.0146410917841753,1.165692612155724,L06,0.1510515203715488
184,0.9691642489035637,1.1542881245034498,L06,0.18512387559988608
185,1.1135512727535053,1.1816396306298167,L06,0.0680883578763114
186,1.2229778394829176,1.175240341296771,L06,-0.0477374981861467
191,0.6028658510382358,1.0739329189233815,L06,0.47106706788514574
192,0.26972188944186126,1.0124870846110592,L06,0.7427651951691979
193,0.8548812833532989,1.2009042330269126,L06,0.3460229496736137
196,1.207186784402977,1.0539843749562612,L06,-0.15320240944671593
1,0.9750369775246569,1.1780064929515404,L07,0.20296951542688346
2,0.864331317112865,1.2098853142440786,L07,0.3455539971312136
3,0.6217958703544568,1.063367951123365,L07,0.4415720807689081
4,0.9097572100344448,1.1316240952899466,L07,0.2218668852555018
8,0.7917248339154696,1.1718853248307082,L07,0.3801604909152386
9,0.7142637547589743,1.0586923806089965,L07,0.3444286258500222
11,1.1098731298338087,1.146138869873753,L07,0.036265740039944205
15,1.2385616009823457,1.1808843916662972,L07,-0.05767720931604847
16,0.8027896620585787,1.1615038969012847,L07,0.35871423484270604
20,0.6028956119931548,1.1686860818101632,L07,0.5657904698170084
23,0.2967152611501204,1.0109278908535981,L07,0.7142126297034777
24,1.1555639939863815,1.0112563535156056,L07,-0.14430764047077593
25,0.7066465987674497,1.2212112139001807,L07,0.514564615132731
26,0.5426268504903393,1.1395181296725758,L07,0.5968912791822365
31,0.49708031420718496,1.1477052974676814,L07,0.6506249832604964
36,0.19847505680432573,1.0416588508833418,L07,0.843183794079016
37,0.48784565987723133,1.1662459163716632,L07,0.6784002564944318
39,0.5929810316941097,1.1093455674047912,L07,0.5163645357106815
46,0.42764555054617354,0.9271149738597427,L07,0.4994694233135692
47,0.9727446040131231,1.0998383994748882,L07,0.12709379546176502
48,0.5976975797682057,1.1159878955477758,L07,0.5182903157795701
50,0.9509769243930278,1.1921904036152169,L07,0.24121347922218905
53,1.1508537547489897,1.1824993942492534,L07,0.03164563950026378
54,0.7387357220907675,1.0317882785776047,L07,0.29305255648683715
56,0.5414812992466032,1.042827600220057,L07,0.5013463009734538
57,1.035024754935029,0.695366950533649,L07,-0.33965780440138005
59,0.804585789727617,1.1945986533827198,L07,0.3900128636551028
62,0.5243774894322074,1.116979752226181,L07,0.5926022627939737
63,0.30132567598498966,0.7249506159860956,L07,0.4236249400011059
72,0.7720112704651158,0.7127766439403238,L07,-0.059234626524791945
74,0.45016207993504637,0.7662942364438521,L07,0.3161321565088057
79,0.8659105514427718,1.1295998145775439,L07,0.26368926313477203
80,0.7828962388252715,1.162883659666841,L07,0.37998742084156956
81,0.21173949011010904,1.1956793081147234,L07,0.9839398180046144
82,1.161076482414257,1.1588221274463555,L07,-0.002254354967901495
83,0.38199441858102606,1.2105727090288663,L07,0.8285782904478403
84,0.7296719541921256,1.2322227998040074,L07,0.5025508456118818
87,0.7924865843970065,1.2274388431926322,L07,0.4349522587956257
89,0.1789643761735446,1.0486753330696048,L07,0.8697109568960602
90,0.9252068219845717,1.1975770323372565,L07,0.2723702103526848
91,1.250972106914737,0.9844300834668599,L07,-0.26654202344787714
93,0.4061350657896445,0.8654567297011178,L07,0.4593216639114733
98,0.19906515743060083,1.0746631121357233,L07,0.8755979547051225
99,0.46758758560390645,1.1653652351161325,L07,0.6977776495122261
100,0.8004951450400858,0.903819028849136,L07,0.10332388380905022
104,0.7274504625406175,1.1775066967560288,L07,0.4500562342154113
107,0.6356186871762042,1.004860681314747,L07,0.36924199413854275
109,0.9028442603895728,1.214889552735427,L07,0.3120452923458543
110,0.586686528644349,1.1435032532250322,L07,0.5568167245806832
114,0.7498283352612994,1.1757424025813705,L07,0.4259140673200711
115,1.0870969009120375,1.1882354921577643,L07,0.10113859124572677
117,0.7854634523297706,1.1108076496790509,L07,0.32534419734928033
118,0.38603505220284323,0.9463629714590357,L07,0.5603279192561925
128,0.9784940395545929,1.121758269506989,L07,0.14326422995239607
130,0.7826394125889768,0.9525436080162935,L07,0.1699041954273166
136,1.1427014827634103,1.127287511003195,L07,-0.015413971760215306
138,0.9049453744418222,1.2443118459245426,L07,0.33936647148272037
140,0.7022673816981658,1.091608042238475,L07,0.38934066054030925
142,0.25589135414059627,1.2242782133880141,L07,0.9683868592474179
144,1.0358585018129327,1.18223049630529,L07,0.14637199449235738
149,0.7923122658151442,1.133179871608254,L07,0.3408676057931097
152,0.8013503312671588,1.1279804565363898,L07,0.32663012526923096
153,1.321487970908745,1.1784844728868966,L07,-0.14300349802184842
156,0.3863439117035554,1.1284366869262565,L07,0.7420927752227011
158,0.887589792829204,1.2008921206241996,L07,0.31330232779499556
159,0.1355656171806542,1.2571164005668423,L07,1.121550783386188
160,0.9302566560779901,1.1816646374855702,L07,0.25140798140758003
162,0.8489791199903048,1.1852713431598327,L07,0.3362922231695279
163,0.9911081563478863,1.0971918370063698,L07,0.1060836806584835
165,0.16661969667863114,1.2296091366715673,L07,1.0629894399929363
167,1.0552858887004914,1.1119988896023505,L07,0.056713000901859045
168,0.13879802946309203,0.8085191807365238,L07,0.6697211512734318
170,0.4592033339267917,0.9583780757625763,L07,0.4991747418357846
172,0.7274623304458571,1.1578487782795948,L07,0.4303864478337377
173,1.0523492949135431,1.2421298048263507,L07,0.1897805099128076
175,1.1007174428362636,1.0841364218995406,L07,-0.01658102093672298
176,0.31254201814974625,0.9233939034657735,L07,0.6108518853160273
180,1.074001215598744,1.167025983498901,L07,0.09302476790015701
181,0.5082482959856319,1.1204718314756466,L07,0.6122235354900146
182,0.9366956249500269,1.0081851164053974,L07,0.07148949145537054
183,1.0102107149005837,1.166341186122849,L07,0.1561304712222653
184,0.9738088971379747,1.1508466295358932,L07,0.17703773239791853
185,1.1011569942176809,1.1833964162818662,L07,0.08223942206418533
186,1.191249005721853,1.1807390817225218,L07,-0.01050992399933115
191,0.586391050142517,1.0797186592358157,L07,0.49332760909329865
192,0.2710414257125745,1.0165772736334502,L07,0.7455358479208757
193,0.8468508358740463,1.1987716239648596,L07,0.3519207880908133
196,1.1944573507767318,1.0638630586291882,L07,-0.1305942921475436
1,0.9794946919598909,1.1846386803584477,L08,0.20514398839855674
2,0.8540255821853432,1.2129842066220042,L08,0.35895862443666104
3,0.6323717860616851,1.0638506497145435,L08,0.43147886365285837
4,0.8955479676206367,1.1365320339430114,L08,0.24098406632237468
8,0.7900564988776804,1.168933405835951,L08,0.3788769069582707
9,0.7030995674890589,1.0602413774090587,L08,0.3571418099199998
11,1.0973531788585669,1.1430841715232045,L08,0.04573099266463765
15,1.2447957229212452,1.1866444766610393,L08,-0.05815124626020585
16,0.8057631629815726,1.1556360635899074,L08,0.34987290060833487
20,0.6225144337073467,1.172448623389745,L08,0.5499341896823984
23,0.2913118058001581,1.0117248506393377,L08,0.7204130448391797
24,1.1387895190799364,1.0074379806251397,L08,-0.13135153845479675
25,0.73889184326588,1.2275247947678913,L08,0.48863295150201136
26,0.555821783693026,1.1459985821034553,L08,0.5901767984104292
31,0.49734272401899804,1.1459710684513258,L08,0.6486283444323278
36,0.18519426651202128,1.0407474645673729,L08,0.8555531980553516
37,0.4763469351428363,1.1585677973216442,L08,0.6822208621788078
39,0.5856856907775577,1.1114224348373942,L08,0.5257367440598365
46,0.3925623636053155,0.9249264080996477,L08,0.5323640444943322
47,0.9775395622050446,1.0951344447664826,L08,0.11759488256143802
48,0.6024676944300876,1.1231293525262263,L08,0.5206616580961386
50,0.9416939580897146,1.1942138605056054,L08,0.25251990241589084
53,1.1507632744260354,1.1865170282582183,L08,0.03575375383218282
54,0.7520404728484328,1.0444334750506488,L08,0.292393002202216
56,0.5632769817978234,1.041448920603711,L08,0.4781719388058876
57,1.0466952649541426,0.7143422928008866,L08,-0.332352972153256
59,0.7765359754368428,1.1924421197850426,L08,0.4159061443481997
62,0.5409682515715152,1.125047060082109,L08,0.5840788085105938
63,0.3199957803635178,0.751197817274271,L08,0.43120203691075326
72,0.7752626835733508,0.7119769294879742,L08,-0.06328575408537662
74,0.46846765647512617,0.7930825902539484,L08,0.3246149337788223
79,0.8529124090283403,1.134286192571036,L08,0.2813737835426956
80,0.789310933303886,1.1702613463025169,L08,0.38095041299863086
81,0.21230291707453874,1.202205328352625,L08,0.9899024112780863
82,1.1549703128773325,1.1573990653063306,L08,0.0024287524289980933
83,0.3553440033393878,1.216430668407839,L08,0.8610866650684512
84,0.7155695420782476,1.2311085491487397,L08,0.515539007070492
87,0.7830800937856026,1.2235432438544367,L08,0.4404631500688341
89,0.1932298831859093,1.0526614602669202,L08,0.8594315770810109
90,0.9481147161478093,1.2021156333763452,L08,0.2540009172285359
91,1.2448410871062907,0.9984266315988473,L08,-0.24641445550744345
93,0.37680382713757665,0.8783635944994835,L08,0.5015597673619069
98,0.20272257497253174,1.088050885328704,L08,0.8853283103561723
99,0.4671155383031749,1.1688239536669454,L08,0.7017084153637705
100,0.8235204468339803,0.9108124491151427,L08,0.0872920022811624
104,0.7229047466045926,1.1765702904434616,L08,0.45366554383886903
107,0.6316215429081569,1.0114337062709193,L08,0.37981216336276247
109,0.9125064254352301,1.2184959846915644,L08,0.3059895592563343
110,0.5967758308153165,1.1489364195802603,L08,0.5521605887649438
114,0.7437674854879378,1.1797364689352712,L08,0.43596898344733337
115,1.0906656947751383,1.1814233516939887,L08,0.0907576569188504
117,0.7600125208721288,1.117002126471431,L08,0.35698960559930215
118,0.38013370253148304,0.9637863654767488,L08,0.5836526629452657
128,0.9630816338710957,1.1313818507928028,L08,0.16830021692170716
130,0.7721888864532414,0.9488966801687501,L08,0.1767077937155087
136,1.1381760229151552,1.1357558578065157,L08,-0.002420165108639516
138,0.941233086472286,1.25128819753265,L08,0.310055111060364
140,0.7083749883923232,1.0993257077933822,L08,0.3909507194010591
142,0.2667916019254499,1.2286107302892084,L08,0.9618191283637585
144,1.0426122235886146,1.183620853752337,L08,0.14100863016372234
149,0.7839370820669568,1.1354727103989628,L08,0.351535628332006
152,0.8013174394247428,1.1324685218275485,L08,0.3311510824028058
153,1.323888142747541,1.1783688145815419,L08,-0.14551932816599922
156,0.3983080553243245,1.1446925087286337,L08,0.7463844534043091
158,0.8894404521053791,1.2058526009898431,L08,0.316412148884464
159,0.14207523732418262,1.260061496010204,L08,1.1179862586860212
160,0.9222993949648702,1.181035598829848,L08,0.25873620386497775
162,0.8375955028585244,1.1922887546416463,L08,0.35469325178312194
163,0.9898948473030298,1.1043649165005192,L08,0.11447006919748937
165,0.17580656946622158,1.2333573300030463,L08,1.0575507605368246
167,1.0575320487851096,1.1166772571814758,L08,0.05914520839636617
168,0.15738483010523305,0.8219588609150574,L08,0.6645740308098244
170,0.4601456282064282,0.9662860162128344,L08,0.5061403880064062
172,0.7180319965942014,1.1568383824056838,L08,0.43880638581148246
173,1.036435066169201,1.2469047274183154,L08,0.21046966124911437
175,1.1053145036058625,1.0967991433357174,L08,-0.0085153602701451
176,0.2963210040671149,0.9245664299603087,L08,0.6282454258931938
180,1.063426732777147,1.1774318618390045,L08,0.11400512906185756
181,0.5447744854188987,1.1273758765302602,L08,0.5826013911113614
182,0.9320825520986363,1.0154658677630606,L08,0.08338331566442425
183,1.0068729033319643,1.168822594503992,L08,0.16194969117202773
184,0.9685605640529164,1.1484659082549005,L08,0.17990534420198412
185,1.0998898198997085,1.1885384310474985,L08,0.08864861114778999
186,1.178317227136684,1.1866041562490426,L08,0.00828692911235862
191,0.6308887197269467,1.0850197348498052,L08,0.4541310151228585
192,0.260924110489775,1.0115956932838743,L08,0.7506715827940993
193,0.8483419068930841,1.2017062509533227,L08,0.35336434406023864
196,1.189502737214582,1.0687748951979419,L08,-0.12072784201664022
1,0.9755215604909068,1.185047122528075,L09,0.2095255620371682
2,0.8388874173528317,1.2134067895164535,L09,0.37451937216362186
3,0.6250747031935424,1.0592192190381664,L09,0.434144515844624
4,0.8736723261327176,1.1406904908501092,L09,0.2670181647173916
8,0.782110302405114,1.1579092521849148,L09,0.3757989497798008
9,0.6817622120291491,1.0618651064144442,L09,0.3801028943852951
11,1.083562388750888,1.1407046233424791,L09,0.05714223459159107
15,1.2504455561520162,1.1900096317668802,L09,-0.06043592438513601
16,0.8022172379261422,1.149510381606066,L09,0.3472931436799237
20,0.613047582034257,1.1702113753045573,L09,0.5571637932703003
23,0.27570268589044383,1.0111652610926631,L09,0.7354625752022192
24,1.1352829211367303,1.0038824648038207,L09,-0.13140045633290964
25,0.7696534923601523,1.2353893383282823,L09,0.46573584596813
26,0.5659525758365461,1.1433771880988923,L09,0.5774246122623462
31,0.4700818292879115,1.1388130438354773,L09,0.6687312145475659
36,0.1780239043570632,1.0370945225505774,L09,0.8590706181935143
37,0.47279516756241907,1.1469637148683887,L09,0.6741685473059695
39,0.5756196400071523,1.1097575651257863,L09,0.534137925118634
46,0.3655568084011514,0.9244426533590218,L09,0.5588858449578704
47,0.9713568648789485,1.0930749050562327,L09,0.12171804017728427
48,0.5970058564731064,1.1296403749601338,L09,0.5326345184870274
50,0.9310677603874162,1.1991972512627174,L09,0.26812949087530114
53,1.169569346569971,1.1898882181360586,L09,0.020318871566087582
54,0.7434290774928937,1.0474350252756353,L09,0.3040059477827416
56,0.5686294273773307,1.0363139709907316,L09,0.46768454361340095
57,1.0426987883985441,0.716583988968772,L09,-0.3261147994297722
59,0.7660736408154474,1.1924841764471485,L09,0.42641053563170117
62,0.5499063026067431,1.1305470534272912,L09,0.5806407508205481
63,0.34802530726716957,0.7622074238388076,L09,0.414182116571638
72,0.7641578639275374,0.7065021482484898,L09,-0.05765571567904759
74,0.4747785078271203,0.8195517231498938,L09,0.3447732153227735
79,0.8382415000177758,1.1296215854654847,L09,0.291380085447709
80,0.7818767103356882,1.1644036605095305,L09,0.3825269501738423
81,0.21994580020009125,1.2023475232117025,L09,0.9824017230116112
82,1.1468582843779764,1.1484701506165238,L09,0.0016118662385473659
83,0.34199911202503985,1.213226945099496,L09,0.8712278330744561
84,0.70474033925223,1.2251716854634074,L09,0.5204313462111774
87,0.774529457884938,1.2200163976030431,L09,0.44548693971810516
89,0.19481545660817431,1.0581236755010885,L09,0.8633082188929142
90,0.9526306444072755,1.2012255940761312,L09,0.24859494966885565
91,1.2551108896720993,1.002122469947262,L09,-0.2529884197248373
93,0.3466153986155039,0.8769296953244107,L09,0.5303142967089067
98,0.20127549214438423,1.0971188643470224,L09,0.8958433722026382
99,0.4713323545056997,1.1660726537772954,L09,0.6947402992715956
100,0.8199450921483915,0.9148730996056263,L09,0.09492800745723484
104,0.7158681882336154,1.1876962189741653,L09,0.4718280307405499
107,0.6329265657876466,1.014063094087953,L09,0.3811365283003063
109,0.9103006014746887,1.2149099554640193,L09,0.30460935398933053
110,0.5798996082542517,1.1427918108763915,L09,0.5628922026221398
114,0.7287993118038772,1.1741177052192115,L09,0.4453183934153343
115,1.089995432723726,1.181864746749337,L09,0.09186931402561105
117,0.7391573423232898,1.1101368648996592,L09,0.37097952257636946
118,0.3723259601021539,0.9685820773965725,L09,0.5962561172944186
128,0.9512327461988054,1.1378061553875691,L09,0.18657340918876375
130,0.7682573783690396,0.935941491224659,L09,0.16768411285561935
136,1.1400268654153016,1.1385055608225867,L09,-0.0015213045927149338
138,0.9743829443142712,1.2580164397632376,L09,0.28363349544896643
140,0.7060389349729951,1.105993315634386,L09,0.3999543806613909
142,0.2679681725099799,1.2263439572675996,L09,0.9583757847576198
144,1.0345665610644268,1.180678227938651,L09,0.14611166687422417
149,0.7783955890799609,1.1359557310407988,L09,0.35756014196083796
152,0.7962655826530819,1.1310271306456081,L09,0.3347615479925262
153,1.3209811786414283,1.1708163551768418,L09,-0.15016482346458648
156,0.40476899763795265,1.1486185219333154,L09,0.7438495242953627
158,0.8849288190821359,1.2077001346045106,L09,0.3227713155223747
159,0.14349481830695626,1.2569907196408152,L09,1.113495901333859
160,0.9055401879189913,1.1709883876686114,L09,0.2654481997496201
162,0.8207854811924842,1.1956172629149582,L09,0.374831781722474
163,0.9908211097862271,1.1136425064069466,L09,0.12282139662071956
165,0.18454343089252806,1.2386272216775234,L09,1.0540837907849954
167,1.054138008825701,1.1162541303365923,L09,0.06211612151089119
168,0.16381770410934066,0.8184473410317523,L09,0.6546296369224116
170,0.44432717080451817,0.9615702271286408,L09,0.5172430563241226
172,0.7203912229022957,1.148489426858809,L09,0.4280982039565133
173,1.0244641291465453,1.2476216546203447,L09,0.2231575254737994
175,1.0985854417679743,1.0972651637154973,L09,-0.0013202780524770308
176,0.3200921834147603,0.9293754034287748,L09,0.6092832200140145
180,1.0496290869417526,1.1817823102596878,L09,0.13215322331793522
181,0.5707669153504479,1.1244832548504842,L09,0.5537163395000363
182,0.9234685293810789,1.0167962478182828,L09,0.09332771843720389
183,0.9922265695713565,1.1617926697582956,L09,0.16956610018693918
184,0.9648696191340133,1.1560061571057043,L09,0.19113653797169106
185,1.0783213283209478,1.1930181158683237,L09,0.11469678754737589
186,1.1775274033882768,1.1862380900339213,L09,0.00871068664564456
191,0.6410076938017065,1.0950221762338312,L09,0.4540144824321247
192,0.27942461078487046,1.0127242843878586,L09,0.7332996736029881
193,0.8481689649280678,1.196331876994801,L09,0.3481629120667332
196,1.1765517969374883,1.0773565550618953,L09,-0.09919524187559303
1,0.9754669001291223,1.1878326778489288,L10,0.21236577771980647
2,0.8295586739853109,1.2180149305298626,L10,0.38845625654455174
3,0.6365644000687315,1.0635053565260029,L10,0.42694095645727137
4,0.8682653879621268,1.1464035410103985,L10,0.2781381530482717
8,0.7757367319487709,1.1566489715044408,L10,0.3809122395556699
9,0.6844491038627122,1.0710759729886685,L10,0.38662686912595634
11,1.071526619610295,1.1439539278646738,L10,0.07242730825437871
15,1.2571185477123707,1.194661924256046,L10,-0.062456623456324856
16,0.8171105250459415,1.1560993892747269,L10,0.3389888642287854
20,0.6172804695244958,1.1696775001747666,L10,0.5523970306502708
23,0.28067594333378604,1.0245840783577003,L10,0.7439081350239143
24,1.1284381643994923,1.0106753416271195,L10,-0.11776282277237282
25,0.8073566941680721,1.2394906883436703,L10,0.43213399417559817
26,0.5781118826969874,1.1444079704413435,L10,0.566296087744356
31,0.45882875792463035,1.1414295302915949,L10,0.6826007723669645
36,0.17481142010767273,1.0417028530353623,L10,0.8668914329276896
37,0.4825569221709975,1.1505844843745983,L10,0.6680275622036007
39,0.581286554280737,1.117388660244409,L10,0.536102105963672
46,0.35186304636668453,0.9381658580994092,L10,0.5863028117327247
47,0.9749970778091717,1.0942039544896276,L10,0.11920687668045593
48,0.5942807905954464,1.1295441884114152,L10,0.5352633978159689
50,0.9253405941808429,1.2028372761499635,L10,0.2774966819691206
53,1.1905351533171162,1.1936369786901975,L10,0.003101825373081235
54,0.7449843281470525,1.0565468684022774,L10,0.3115625402552249
56,0.582480698683531,1.0444261644958068,L10,0.4619454658122758
57,1.0499710568061755,0.7323255878781734,L10,-0.31764546892800216
59,0.7669097486429365,1.1917449922916754,L10,0.4248352436487389
62,0.5586232259421482,1.1381925391871162,L10,0.579569313244968
63,0.3521734634741769,0.787997962082997,L10,0.4358244986088201
72,0.765976371041658,0.7112545979351002,L10,-0.0547217731065579
74,0.49152195933610787,0.8510281095529447,L10,0.35950615021683685
79,0.8348842443816371,1.1336417639581386,L10,0.29875751957650154
80,0.7844170659853189,1.167505321049866,L10,0.38308825506454713
81,0.2278527521899506,1.2049693811442324,L10,0.9771166289542818
82,1.148854081096881,1.151953652093865,L10,0.0030995709969838803
83,0.3361144837064552,1.2121965128839651,L10,0.87608202917751
84,0.7068692015784751,1.2239749457344806,L10,0.5171057441560055
87,0.774704242132632,1.219809295671738,L10,0.4451050535391059
89,0.19363343626691742,1.066374260311937,L10,0.8727408240450196
90,0.961658740858527,1.2054264226050655,L10,0.2437676817465385
91,1.2595223908495998,1.0105618593104997,L10,-0.24896053153910014
93,0.3337707713240039,0.8839974833724781,L10,0.5502267120484742
98,0.1941861318988169,1.1029752769276122,L10,0.9087891450287953
99,0.48712454736595706,1.1673799619805176,L10,0.6802554146145605
100,0.8239293594538845,0.9291144890269513,L10,0.1051851295730668
104,0.7169881149955022,1.193002272127848,L10,0.47601415713234574
107,0.6409082205637476,1.017683856075878,L10,0.37677563551213045
109,0.91677137483158,1.2135003029242264,L10,0.2967289280926464
110,0.5869984476670697,1.146254892882995,L10,0.5592564452159253
114,0.7519228226660969,1.1823305048491164,L10,0.4304076821830195
115,1.0920648716204844,1.1831467507442417,L10,0.09108187912375731
117,0.7015365161273271,1.116127955601916,L10,0.41459143947458876
118,0.37384154262847497,0.9746445505993162,L10,0.6008030079708413
128,0.9453833741765643,1.1369301927836766,L10,0.1915468186071123
130,0.762941476390618,0.9277846986892387,L10,0.1648432222986207
136,1.1298378867035888,1.1444170482910923,L10,0.014579161587503497
138,1.0051321436031075,1.2640688085994547,L10,0.25893666499634715
140,0.702679052239727,1.1138543339246856,L10,0.41117528168495854
142,0.26965673990592565,1.2274411786671942,L10,0.9577844387612685
144,1.0395861257988264,1.182753516345058,L10,0.14316739054623162
149,0.7799648584941956,1.1373080788833099,L10,0.35734322038911426
152,0.7968121463408234,1.138395816900158,L10,0.3415836705593346
153,1.3161691452140758,1.1755666627887933,L10,-0.1406024824252825
156,0.43034782583403014,1.1532045427563113,L10,0.7228567169222813
158,0.878344673728412,1.2111077245206703,L10,0.3327630507922583
159,0.15463666548455934,1.2574886542839028,L10,1.1028519887993435
160,0.896127261463722,1.1679334612592045,L10,0.2718061997954825
162,0.8227783651064048,1.1986006028519036,L10,0.37582223774549883
163,0.9984827274674879,1.1213973052848472,L10,0.12291457781735926
165,0.19719881570074052,1.2404366873996462,L10,1.0432378716989057
167,1.046204300300377,1.1196362203944132,L10,0.07343192009403632
168,0.18322345796790424,0.8310786544103845,L10,0.6478551964424804
170,0.44546823404234137,0.9672423076776633,L10,0.5217740736353219
172,0.7466418732368366,1.1422584741557695,L10,0.3956166009189329
173,1.0285130354284806,1.2475187943385675,L10,0.2190057589100869
175,1.0937644255369878,1.102683124390317,L10,0.008918698853329188
176,0.32278185439303064,0.9454846013617783,L10,0.6227027469687476
180,1.0539057463879562,1.18493134611761,L10,0.13102559972965389
181,0.6011869127788352,1.1239558650522128,L10,0.5227689522733776
182,0.9181497377908191,1.0186483632987997,L10,0.10049862550798061
183,0.9921000947403572,1.1644157092728233,L10,0.17231561453246613
184,0.9549596014140516,1.1580770617060785,L10,0.20311746029202693
185,1.0740905275012882,1.1967804622330065,L10,0.1226899347317183
186,1.1901087343072736,1.1921536316881365,L10,0.0020448973808628867
191,0.6511592928762511,1.1045304828637856,L10,0.45337118998753456
192,0.29656327062215493,1.0226661678442344,L10,0.7261028972220794
193,0.848322033316403,1.2048140907482112,L10,0.35649205743180823
196,1.1702038193099547,1.081127746573984,L10,-0.08907607273597073
1,0.9679390317504359,1.1817894739350576,L11,0.21385044218462168
2,0.8177368528816941,1.2073728458497992,L11,0.38963599296810514
3,0.6381885778924431,1.052450672536319,L11,0.41426209464387587
4,0.8420043415467429,1.1489452418495603,L11,0.3069409003028174
8,0.7548027854068118,1.1520999846312205,L11,0.39729719922440876
9,0.663207718145124,1.0574637057664849,L11,0.3942559876213608
11,1.049486384621934,1.1391082423083287,L11,0.08962185768639475
15,1.2671095213493253,1.1898254728083233,L11,-0.07728404854100202
16,0.8016777878156254,1.1496441482594577,L11,0.34796636044383233
20,0.617891665838526,1.1604484609387233,L11,0.5425567951001974
23,0.2710921410545703,1.020478198037052,L11,0.7493860569824817
24,1.1027850237427281,0.9986847495803199,L11,-0.10410027416240819
25,0.8370105063433714,1.2375912771004562,L11,0.40058077075708487
26,0.5989270949689317,1.1386925876791358,L11,0.5397654927102041
31,0.4429606423499888,1.1351071561632953,L11,0.6921465138133065
36,0.18375002422345102,1.0340963978257691,L11,0.8503463736023181
37,0.46533023599817386,1.137878870223094,L11,0.6725486342249201
39,0.5966046712336197,1.1110413891081174,L11,0.5144367178744977
46,0.3339004605141865,0.9353074531359151,L11,0.6014069926217287
47,0.9754434156984138,1.0837551818445936,L11,0.10831176614617988
48,0.579035691267804,1.1237810708634406,L11,0.5447453795956366
50,0.9242574510345765,1.1965706782005818,L11,0.27231322716600537
53,1.1993489542022622,1.1921759373337726,L11,-0.00717301686848959
54,0.7500955943107525,1.0545851943825402,L11,0.3044896000717877
56,0.5812004905217479,1.0369958217517665,L11,0.4557953312300186
57,1.0624175281168007,0.732346026168528,L11,-0.3300715019482727
59,0.7391884069355581,1.186464478304047,L11,0.4472760713684889
62,0.5808344601890071,1.1321512702081016,L11,0.5513168100190945
63,0.3562264858500645,0.8065114579312809,L11,0.4502849720812164
72,0.7543741795105503,0.6993772407784794,L11,-0.0549969387320709
74,0.48455338601162407,0.8627037488372313,L11,0.37815036282560727
79,0.8198625039685776,1.1247959006487636,L11,0.30493339668018593
80,0.7709966358313894,1.16975230829934,L11,0.3987556724679505
81,0.2390678769279461,1.2022847114562083,L11,0.9632168345282622
82,1.1562307040893074,1.15033480146035,L11,-0.005895902628957339
83,0.31552598375017976,1.2046605839487132,L11,0.8891346001985334
84,0.703855606087445,1.2198580051353032,L11,0.5160023990478582
87,0.7605076914139594,1.211663051763755,L11,0.45115536034979564
89,0.17811733253047327,1.059896873900699,L11,0.8817795413702259
90,0.9581084417560352,1.203733300023615,L11,0.24562485826757985
91,1.251552473868268,1.0139288734523184,L11,-0.23762360041594954
93,0.29750427524817846,0.8898254874366036,L11,0.5923212121884252
98,0.19324598884074876,1.1030048109532615,L11,0.9097588221125128
99,0.4867336461733073,1.1584221448550613,L11,0.6716884986817541
100,0.8335788396418019,0.9275821911426857,L11,0.09400335150088379
104,0.708905588569421,1.1926483788620486,L11,0.48374279029262757
107,0.6318610028016302,1.007552132578388,L11,0.3756911297767579
109,0.9059133764576268,1.207128846074592,L11,0.3012154696169651
110,0.5956531504392912,1.1452629674826325,L11,0.5496098170433412
114,0.7624095157875644,1.1848236238156173,L11,0.4224141080280529
115,1.070319423954046,1.172896576804333,L11,0.10257715285028701
117,0.6569133174785395,1.1097123580629054,L11,0.4527990405843658
118,0.3668438442614993,0.970379936131861,L11,0.6035360918703617
128,0.9236228919180111,1.1441006254047292,L11,0.22047773348671817
130,0.7468727743813287,0.9137478781475178,L11,0.16687510376618908
136,1.0952787551440861,1.138417421358405,L11,0.043138666214318944
138,1.029645743539612,1.2625004730402152,L11,0.23285472950060315
140,0.6945136709662072,1.1076673681969857,L11,0.41315369723077855
142,0.269464249649298,1.221556472984994,L11,0.9520922233356959
144,1.0236658337851132,1.1800393107468248,L11,0.15637347696171155
149,0.7650244420168553,1.1317928008921145,L11,0.36676835887525927
152,0.7974849761709617,1.1389824347958757,L11,0.341497458624914
153,1.3187878208172645,1.17300613631664,L11,-0.14578168450062456
156,0.4460260166988748,1.1504685242482875,L11,0.7044425075494127
158,0.8632048744995605,1.2015420563119628,L11,0.33833718181240224
159,0.17659326439131656,1.253678095750129,L11,1.0770848313588124
160,0.8649695793165906,1.1534881356608484,L11,0.2885185563442578
162,0.8050641578570564,1.1957623049666635,L11,0.39069814710960704
163,0.9748822820863297,1.1047707662590458,L11,0.12988848417271615
165,0.19971819960154585,1.2395345519653138,L11,1.039816352363768
167,1.051236313954095,1.116066848168797,L11,0.06483053421470197
168,0.19998673962443214,0.8293074813101162,L11,0.6293207416856841
170,0.44295237562529743,0.9610433741886822,L11,0.5180909985633848
172,0.7496021195351348,1.1353451332602256,L11,0.3857430137250908
173,1.0146082655890525,1.2477076046366387,L11,0.23309933904758617
175,1.0842994524424803,1.1052203707646415,L11,0.020920918322161253
176,0.335597281863475,0.9382672460061087,L11,0.6026699641426336
180,1.0291052882212035,1.1826943151698979,L11,0.15358902694869436
181,0.6010121869211579,1.1165136067146726,L11,0.5155014197935147
182,0.9091228658357676,1.0216151702278695,L11,0.1124923043921019
183,0.9747365783290145,1.1579978609694797,L11,0.18326128264046515
184,0.9482204082271221,1.151051908323103,L11,0.20283150009598094
185,1.0416929733860685,1.19150663180079,L11,0.1498136584147216
186,1.1704601999019544,1.1884514725755337,L11,0.01799127267357936
191,0.6491212217140323,1.1014827396928326,L11,0.4523615179788003
192,0.29278519435610323,1.015484979483264,L11,0.7226997851271608
193,0.8486169619445221,1.197386440188954,L11,0.34876947824443194
196,1.160788509513927,1.0816876742129344,L11,-0.07910083530099254
1,0.9619224017421367,1.1764798642291627,L12,0.214557462487026
2,0.8018557160617222,1.2028891112834381,L12,0.4010333952217159
3,0.6269136412870607,1.051107400245457,L12,0.4241937589583963
4,0.826673338396349,1.1536711542692273,L12,0.32699781587287824
8,0.7426834974008415,1.1420627261800396,L12,0.39937922877919807
9,0.6569904388320785,1.0663125747204287,L12,0.4093221358883502
11,1.0294097080406357,1.1356606738978479,L12,0.10625096585721217
15,1.2642974382037535,1.1897436263950212,L12,-0.07455381180873233
16,0.7937861835286656,1.1477151556535539,L12,0.3539289721248883
20,0.6147255356242162,1.1643750232988395,L12,0.5496494876746233
23,0.2693749160140305,1.0224014430400787,L12,0.7530265270260482
24,1.1024791553224467,0.9887399953656741,L12,-0.11373915995677253
25,0.8482160691924855,1.2389054731931524,L12,0.3906894040006669
26,0.6075187515940134,1.1286377037945152,L12,0.5211189522005019
31,0.41913408095149257,1.1338291043172244,L12,0.7146950233657319
36,0.17210323129382152,1.0308149333706944,L12,0.8587117020768729
37,0.43673333538723785,1.1273261584168648,L12,0.690592823029627
39,0.5957917447236114,1.1141346181568357,L12,0.5183428734332243
46,0.3187131900157129,0.9380265254055,L12,0.6193133353897871
47,0.9808300810673146,1.0824259092628465,L12,0.10159582819553192
48,0.5838887803882241,1.1240989929458505,L12,0.5402102125576264
50,0.9302788535182205,1.189114062133911,L12,0.2588352086156904
53,1.2061807538186784,1.1931275563726744,L12,-0.013053197446003972
54,0.7472177618861924,1.0486667701209724,L12,0.30144900823478005
56,0.58573802340301,1.0351466935207578,L12,0.4494086701177479
57,1.0718417659054653,0.735512187001729,L12,-0.33632957890373627
59,0.7225356830031758,1.1820634499382041,L12,0.4595277669350283
62,0.5890784076929775,1.1395257232832499,L12,0.5504473155902724
63,0.36581324436080837,0.8218252743186728,L12,0.45601202995786444
72,0.748964569008875,0.6897726383478049,L12,-0.05919193066107009
74,0.4868183435697404,0.8574705698577499,L12,0.37065222628800953
79,0.8065406630187234,1.118653333743537,L12,0.3121126707248135
80,0.7523765731875672,1.1622565322423164,L12,0.40987995905474917
81,0.25926824997018205,1.202310510538718,L12,0.9430422605685359
82,1.159632364318955,1.1414384675270466,L12,-0.018193896791908415
83,0.30094216837903665,1.1968235822047044,L12,0.8958814138256678
84,0.7017116093127629,1.2131009657593868,L12,0.5113893564466239
87,0.7600169328214488,1.2142971343282765,L12,0.4542802015068277
89,0.17008795969814594,1.0687704598541128,L12,0.8986825001559668
90,0.9391190419742461,1.198677541109453,L12,0.2595584991352069
91,1.2562701479667688,1.004521393056652,L12,-0.25174875491011695
93,0.271811639180027,0.897170656836025,L12,0.625359017655998
98,0.19360474697139043,1.1054906749688127,L12,0.9118859279974223
99,0.4547163837853667,1.1571584554335619,L12,0.7024420716481952
100,0.840045296017633,0.9280281815535928,L12,0.08798288553595979
104,0.6999887741714953,1.1950247576554143,L12,0.495035983483919
107,0.6284714436127852,1.0214234836221803,L12,0.3929520400093951
109,0.8994729246143576,1.2007573985397564,L12,0.3012844739253988
110,0.602533901175154,1.1425754470184446,L12,0.5400415458432906
114,0.75526057162431,1.186914564173354,L12,0.431653992549044
115,1.0525775924487357,1.1699724776225315,L12,0.11739488517379582
117,0.6025264222930177,1.1073185450573937,L12,0.504792122764376
118,0.35297401608441586,0.9735618257156048,L12,0.620587809631189
128,0.9088772233039737,1.145905990355291,L12,0.23702876705131737
130,0.7347970740033447,0.9027516474632558,L12,0.16795457345991105
136,1.0803306445283267,1.1311219836983497,L12,0.05079133917002299
138,1.0492813308492615,1.2648895778114222,L12,0.21560824696216074
140,0.7038402841609607,1.1053958915195694,L12,0.40155560735860873
142,0.2869886997227349,1.2198724155078196,L12,0.9328837157850847
144,1.0163187689377242,1.1803754423920547,L12,0.1640566734543305
149,0.7608251304074548,1.1280331096898613,L12,0.36720797928240645
152,0.7783152938635395,1.1291862759929627,L12,0.35087098212942325
153,1.3194600149509421,1.1695470156701275,L12,-0.14991299928081459
156,0.4713250067698464,1.1492719927413504,L12,0.6779469859715039
158,0.8626790278021316,1.202176034849893,L12,0.33949700704776153
159,0.18756063003193169,1.2532054551041525,L12,1.0656448250722208
160,0.8424281065279526,1.1416516797205551,L12,0.2992235731926025
162,0.7875423613788842,1.1971312756164791,L12,0.4095889142375949
163,0.9675292371972094,1.0956118290597887,L12,0.1280825918625793
165,0.21808380963951843,1.2408856181958474,L12,1.022801808556329
167,1.0582841310489406,1.112383200467029,L12,0.05409906941808851
168,0.2296830065386498,0.8307282184586047,L12,0.6010452119199549
170,0.4353184222090839,0.9552507770008158,L12,0.5199323547917319
172,0.7488519981031153,1.1284447402768412,L12,0.37959274217372585
173,1.0066247209907297,1.246543587857639,L12,0.23991886686690922
175,1.0794595442957913,1.1042978736977582,L12,0.024838329401966952
176,0.32550984524313664,0.9255659281078212,L12,0.6000560828646846
180,1.0277031403785053,1.1844098090168163,L12,0.15670666863831095
181,0.571484151465291,1.1080556053663786,L12,0.5365714539010876
182,0.895063681749243,1.0238033722930993,L12,0.12873969054385626
183,0.967797490039036,1.1498507349693234,L12,0.1820532449302874
184,0.940781042351405,1.1512400484881802,L12,0.21045900613677515
185,1.0426773401919391,1.1900329681958255,L12,0.14735562800388635
186,1.1580815519618826,1.1917456048408224,L12,0.03366405287893981
191,0.652074523259234,1.1077302433357963,L12,0.4556557200765623
192,0.28457558225867596,1.0174697815915028,L12,0.7328941993328268
193,0.8412380714255422,1.1903445021905723,L12,0.3491064307650301
196,1.1549596243426106,1.0814875543629734,L12,-0.07347206997963718
1,0.9462029046954896,1.1764723402964299,L13,0.23026943560094026
2,0.7890645773564968,1.195275339834521,L13,0.40621076247802423
3,0.6325917361102937,1.0429274113160116,L13,0.4103356752057179
4,0.8122258570155102,1.144626036545104,L13,0.3324001795295938
8,0.7369004812348581,1.1426211938539919,L13,0.4057207126191338
9,0.6506160148302133,1.0706036880124068,L13,0.41998767318219354
11,1.0207429897422482,1.1342795829499654,L13,0.11353659320771725
15,1.2634261313899544,1.1909793045507557,L13,-0.07244682683919867
16,0.7987167488643164,1.146189863472647,L13,0.34747311460833064
20,0.6128417678283474,1.1652312979133865,L13,0.5523895300850391
23,0.2537026792741087,1.0230642838610549,L13,0.7693616045869461
24,1.1088703752320934,0.9869478645054528,L13,-0.12192251072664062
25,0.8745990913104531,1.2328321104127729,L13,0.35823301910231975
26,0.6116000541024664,1.1264719154230685,L13,0.514871861320602
31,0.3899503412522738,1.1266912778791838,L13,0.73674093662691
36,0.15781761277695477,1.0222775628344598,L13,0.864459950057505
37,0.41443470409949196,1.1283618698464757,L13,0.7139271657469837
39,0.5836429138658339,1.12030794165961,L13,0.5366650277937761
46,0.2938575938273209,0.9362201950857868,L13,0.6423626012584659
47,0.9772610481956403,1.078848736516144,L13,0.1015876883205038
48,0.5694895659134439,1.1230094235360133,L13,0.5535198576225694
50,0.9259935346022684,1.1841580528755467,L13,0.25816451827327824
53,1.2063943070471732,1.1897109274200364,L13,-0.01668337962713684
54,0.7408488104130385,1.050131431556319,L13,0.30928262114328053
56,0.578234300658418,1.033128745011226,L13,0.4548944443528081
57,1.067002632736493,0.7477553704662385,L13,-0.31924726227025446
59,0.7066374853991828,1.1787232053499936,L13,0.47208571995081083
62,0.6040388541664244,1.1403136657545085,L13,0.5362748115880841
63,0.3795692267380976,0.8309867331025406,L13,0.45141750636444294
72,0.7385263262379823,0.6870249426203114,L13,-0.05150138361767087
74,0.4877916704752726,0.8588545751947437,L13,0.3710629047194711
79,0.7910728460059536,1.1114180356657513,L13,0.32034518965979764
80,0.738849384925541,1.1634789532038414,L13,0.42462956827830045
81,0.27380760950186706,1.2006282033109021,L13,0.926820593809035
82,1.1626349232379565,1.1383651942547663,L13,-0.02426972898319013
83,0.27655278352076196,1.1901586708775773,L13,0.9136058873568154
84,0.6975833393571396,1.2106033591222451,L13,0.5130200197651056
87,0.748211207404627,1.2160695605639176,L13,0.4678583531592906
89,0.16162064553954025,1.069976913957019,L13,0.9083562684174787
90,0.9244069829304253,1.1981250225740638,L13,0.2737180396436385
91,1.2493875831333463,1.0068728219919687,L13,-0.2425147611413776
93,0.24906987163818683,0.89882652909731,L13,0.6497566574591231
98,0.18813104722502438,1.1072930500033156,L13,0.9191620027782912
99,0.42740808851582596,1.156578574327735,L13,0.729170485811909
100,0.8396014507867843,0.9265501094982189,L13,0.08694865871143465
104,0.6948550116403289,1.2028726727399925,L13,0.5080176610996636
107,0.6247489418297235,1.0299920733050227,L13,0.4052431314752992
109,0.8929858020112247,1.1959041328289413,L13,0.3029183308177166
110,0.6127290143201126,1.1469501848431165,L13,0.5342211705230039
114,0.7445800120643233,1.191138114817583,L13,0.4465581027532597
115,1.042613866957136,1.1672569801402302,L13,0.12464311318309407
117,0.5521173333527363,1.1101650573996422,L13,0.558047724046906
118,0.3346849279971743,0.9799208279799217,L13,0.6452358999827474
128,0.8988425220438925,1.1465363318027606,L13,0.24769380975886812
130,0.722797791927999,0.8728424707489678,L13,0.15004467882096884
136,1.0597359779326947,1.127218258087696,L13,0.06748228015500124
138,1.0524253850285978,1.265759120151357,L13,0.2133337351227591
140,0.7045387539154216,1.1012024798860909,L13,0.39666372597066923
142,0.2889535300789078,1.2189578089864221,L13,0.9300042789075144
144,1.008024759295009,1.1762942746813099,L13,0.16826951538630097
149,0.7597639876011186,1.125103809686222,L13,0.3653398220851034
152,0.7746473406517151,1.1299053823624352,L13,0.35525804171072006
153,1.318089788573755,1.1688296372047096,L13,-0.14926015136904547
156,0.47441676676194894,1.1486371293854984,L13,0.6742203626235495
158,0.8552879696419596,1.2019700226714327,L13,0.3466820530294731
159,0.20123286259409512,1.2512454393145316,L13,1.0500125767204365
160,0.8175666903941353,1.1359284584162899,L13,0.31836176802215455
162,0.7705464593957025,1.1959985075873323,L13,0.42545204819162974
163,0.9662974229776641,1.0921395044054611,L13,0.12584208142779707
165,0.22211613044099449,1.2377698453686976,L13,1.0156537149277032
167,1.0815071480367873,1.1128508712174798,L13,0.03134372318069256
168,0.21930272017027583,0.8335860357990297,L13,0.6142833156287538
170,0.4294134409898569,0.952143844366475,L13,0.5227304033766181
172,0.7514846932516452,1.1283861858790198,L13,0.3769014926273746
173,0.9965749840426238,1.2426014217306842,L13,0.24602643768806043
175,1.074532823216449,1.1063762198479314,L13,0.03184339663148239
176,0.3162103851174591,0.9216497664381131,L13,0.605439381320654
180,1.030436108646599,1.1848967538767063,L13,0.15446064523010739
181,0.553272939146641,1.1064043250050168,L13,0.5531313858583758
182,0.885991831194391,1.0250978909571535,L13,0.13910605976276258
183,0.9751458673896235,1.1408028090349271,L13,0.16565694164530365
184,0.9289075192351071,1.154259041917454,L13,0.22535152268234704
185,1.033041480007666,1.1876440133314805,L13,0.15460253332381457
186,1.157504191421192,1.1925984518923514,L13,0.035094260471159267
191,0.673512553700638,1.1149310667993977,L13,0.4414185130987597
192,0.26737452961155556,1.0195125882010752,L13,0.7521380585895197
193,0.8263477337156182,1.1879298167319867,L13,0.3615820830163685
196,1.147243200069359,1.0812088304695342,L13,-0.0660343695998249
1,0.9288553542173811,1.1803954656547702,L14,0.2515401114373891
2,0.7811328556721623,1.194162018465668,L14,0.41302916279350577
3,0.6375738368095022,1.038575756454197,L14,0.4010019196446949
4,0.8109285737118623,1.1490169917625421,L14,0.3380884180506798
8,0.7347642036181385,1.1476590123047998,L14,0.4128948086866613
9,0.6554234511753564,1.0715836108024444,L14,0.41616015962708797
11,1.0051174707111703,1.1343450306951088,L14,0.12922755998393853
15,1.2571633154185282,1.189964480465685,L14,-0.06719883495284318
16,0.8053045579837546,1.1496366774652143,L14,0.3443321194814597
20,0.6337201890915652,1.170572822138811,L14,0.5368526330472457
23,0.23901196730705607,1.0112253153889847,L14,0.7722133480819287
24,1.1207293726447771,0.992051983178797,L14,-0.12867738946598017
25,0.8944962768958924,1.2341304929506607,L14,0.3396342160547683
26,0.6234688332324798,1.1333049926024736,L14,0.5098361593699938
31,0.36885277249657067,1.126658855441017,L14,0.7578060829444464
36,0.1440827581070418,1.0269236518432685,L14,0.8828408937362267
37,0.40889860854943333,1.1330339529659388,L14,0.7241353444165055
39,0.6078424754099238,1.123864218160389,L14,0.5160217427504653
46,0.2692286291983879,0.9561271424456993,L14,0.6868985132473113
47,0.9681944175942289,1.0767542817140192,L14,0.10855986411979035
48,0.5570023555338667,1.1282913082045587,L14,0.571288952670692
50,0.93231379799899,1.1817571041397061,L14,0.2494433061407162
53,1.2309166441902857,1.199289917785526,L14,-0.03162672640475961
54,0.7636165260266224,1.0552710289408922,L14,0.29165450291426975
56,0.5944468786424608,1.0465383023607788,L14,0.452091423718318
57,1.0594911820823307,0.7738876083031255,L14,-0.2856035737792052
59,0.695303616172135,1.1864381532524615,L14,0.4911345370803265
62,0.6396846963935254,1.1459098941303678,L14,0.5062251977368424
63,0.3983056944052254,0.8400257561843655,L14,0.4417200617791401
72,0.7402871911798433,0.6844321771627117,L14,-0.055855014017131666
74,0.4953910687539314,0.8679389482599249,L14,0.3725478795059935
79,0.7835027950387473,1.1112602034703731,L14,0.3277574084316258
80,0.7222445325018125,1.172109320224268,L14,0.44986478772245553
81,0.28088315307238226,1.201130167965654,L14,0.9202470148932718
82,1.1586334501297588,1.1394963113239815,L14,-0.019137138805777276
83,0.2515072578404317,1.193388608826985,L14,0.9418813509865532
84,0.6879167197699404,1.210131508560371,L14,0.5222147887904306
87,0.7548471973270389,1.221516758519627,L14,0.46666956119258807
89,0.1551878505717811,1.0712633810858159,L14,0.9160755305140348
90,0.908259554311183,1.2032303709446528,L14,0.2949708166334698
91,1.2458879633724989,1.0099931296722713,L14,-0.23589483370022757
93,0.22723332710625826,0.9189651190966308,L14,0.6917317919903725
98,0.19085599151729557,1.113923665862064,L14,0.9230676743447683
99,0.4066790931762931,1.1605022204600517,L14,0.7538231272837586
100,0.8542685117835485,0.9311967273924437,L14,0.07692821560889529
104,0.6904192319179521,1.2042084272241096,L14,0.5137891953061575
107,0.6260198303568867,1.0462379498364802,L14,0.42021811947959353
109,0.8882661395895235,1.1990537815541906,L14,0.3107876419646671
110,0.635859322768168,1.1526349177013113,L14,0.5167755949331433
114,0.7322687826790651,1.1935178988592847,L14,0.4612491161802196
115,1.043124217134564,1.1758468430677347,L14,0.13272262593317063
117,0.5124473961477806,1.10866715127971,L14,0.5962197551319294
118,0.3084110621804084,0.9866184555690262,L14,0.6782073933886177
128,0.9013050954013216,1.1549306912122905,L14,0.2536255958109689
130,0.7147903548412573,0.8570114150467192,L14,0.14222106020546188
136,1.0415210125351007,1.1279395768093812,L14,0.08641856427428052
138,1.054841865950744,1.2656433890992316,L14,0.21080152314848766
140,0.7162603210347761,1.0956799851919583,L14,0.3794196641571822
142,0.2905073094457162,1.2227444692979448,L14,0.9322371598522285
144,0.9930530109323493,1.1709200272869247,L14,0.17786701635457536
149,0.7725229839666973,1.1250984412239893,L14,0.352575457257292
152,0.7652657905697938,1.1358899747409053,L14,0.3706241841711114
153,1.321860669802491,1.1620275158789446,L14,-0.15983315392354647
156,0.4922104682446507,1.1551418364075325,L14,0.6629313681628819
158,0.8542467243061944,1.2035423321488286,L14,0.34929560784263414
159,0.21371596811231044,1.2518629182940777,L14,1.0381469501817673
160,0.8031412781504795,1.1392767529399772,L14,0.3361354747894977
162,0.7562412346425283,1.1955589253243892,L14,0.4393176906818609
163,0.9523897468325205,1.0920569091798473,L14,0.1396671623473268
165,0.2237970469313748,1.2412872942440831,L14,1.0174902473127083
167,1.1025082388270229,1.1174427084337815,L14,0.014934469606758594
168,0.21257875836446133,0.8522404121693443,L14,0.6396616538048829
170,0.4398038266830195,0.9645829627528636,L14,0.5247791360698442
172,0.7292391795264265,1.1344398595708214,L14,0.4052006800443949
173,0.9840685504462444,1.2404049404281536,L14,0.2563363899819092
175,1.0744685859155245,1.11631280134558,L14,0.041844215430055565
176,0.3097203032311499,0.9167685681416305,L14,0.6070482649104807
180,1.0433059566102327,1.1915694028874702,L14,0.14826344627723742
181,0.5189804825953096,1.109870574807499,L14,0.5908900922121895
182,0.8698296519938912,1.0285511696772933,L14,0.15872151768340215
183,0.9763954612825775,1.1417887815390484,L14,0.1653933202564709
184,0.927370108425421,1.166983232068248,L14,0.23961312364282705
185,1.0471566895361186,1.1925680188089096,L14,0.145411329272791
186,1.1513048994809147,1.197373600476122,L14,0.04606870099520721
191,0.7418187825629131,1.1233767594542272,L14,0.3815579768913141
192,0.24736485657595408,1.0261431885205945,L14,0.7787783319446404
193,0.8264704236687264,1.1887157455305413,L14,0.3622453218618149
196,1.1432762979230862,1.0917697539556435,L14,-0.0515065439674427
1,0.9265502214870028,1.1817783416351841,L15,0.2552281201481813
2,0.7766557324809724,1.199244653599819,L15,0.4225889211188465
3,0.6367469821470576,1.0390806981731748,L15,0.4023337160261172
4,0.8032096319592854,1.147527437354094,L15,0.3443178053948086
8,0.7243406307846861,1.1601478894705584,L15,0.4358072586858722
9,0.6487159926527564,1.0793322914505854,L15,0.43061629879782903
11,0.9994030169933503,1.1359862745525455,L15,0.1365832575591952
15,1.2518713903120782,1.1928712070879506,L15,-0.05900018322412759
16,0.8073825154065349,1.1566944140474886,L15,0.3493118986409537
20,0.6389681324664173,1.1750455840075733,L15,0.536077451541156
23,0.2301982712174646,1.0111678570530205,L15,0.7809695858355559
24,1.1348656435400757,0.9937388525535531,L15,-0.1411267909865226
25,0.9001565792711108,1.2317254029379305,L15,0.3315688236668197
26,0.6377565675517615,1.131797757870387,L15,0.4940411903186256
31,0.3471427686723348,1.1370161727937773,L15,0.7898734041214426
36,0.1340459605681705,1.033734016027403,L15,0.8996880554592324
37,0.4121021424260229,1.1432571441405437,L15,0.7311550017145207
39,0.6337372392840397,1.1291503140740968,L15,0.49541307479005714
46,0.2554319427794627,0.9591745400547758,L15,0.7037425972753131
47,0.9737254354830774,1.0816209417924791,L15,0.1078955063094017
48,0.5522909957403411,1.136983504170363,L15,0.584692508430022
50,0.9567480670144116,1.18073635953086,L15,0.22398829251644836
53,1.2355829658204556,1.2065398915471213,L15,-0.0290430742733343
54,0.7741285224717532,1.0615979854551243,L15,0.28746946298337106
56,0.5935430150814678,1.0569799214268756,L15,0.4634369063454078
57,1.0563118509906897,0.7806704335056525,L15,-0.27564141748503723
59,0.6787518485811975,1.192588963096855,L15,0.5138371145156574
62,0.6615010182909573,1.1484773039422926,L15,0.4869762856513353
63,0.41512507402011445,0.8507887218765197,L15,0.4356636478564052
72,0.7398845449916504,0.6845451156450186,L15,-0.05533942934663172
74,0.5007454475895154,0.8905173398096589,L15,0.3897718922201434
79,0.7674789369120507,1.108309236949046,L15,0.3408303000369952
80,0.7077379195383182,1.1800597202051928,L15,0.47232180066687457
81,0.30007019610225383,1.2044788703528957,L15,0.9044086742506419
82,1.1602469856739528,1.1433964436109452,L15,-0.016850542063007623
83,0.23320403254068403,1.1898014839252435,L15,0.9565974513845595
84,0.6800487193152732,1.2114927035271625,L15,0.5314439842118893
87,0.7546103285400554,1.2290872748088169,L15,0.47447694626876147
89,0.1554692341775378,1.0802238945297142,L15,0.9247546603521765
90,0.8961711679916249,1.2094691986378758,L15,0.31329803064625095
91,1.2683465332622743,1.0174793493689578,L15,-0.2508671838933165
93,0.2073858179620908,0.9364225384937672,L15,0.7290367205316765
98,0.19006703386958446,1.1178192526177233,L15,0.9277522187481388
99,0.38408241404258603,1.165981155428149,L15,0.7818987413855629
100,0.8682142105105309,0.9451970471367629,L15,0.07698283662623195
104,0.6875558027451116,1.2134259048061742,L15,0.5258701020610625
107,0.6192181123714167,1.0617708300060795,L15,0.44255271763466286
109,0.8764796791508951,1.2051079983070676,L15,0.3286283191561725
110,0.6370991059498815,1.155923333474687,L15,0.5188242275248055
114,0.7317370852565533,1.1988227408615306,L15,0.4670856556049773
115,1.0376779635809301,1.18384439881857,L15,0.14616643523763995
117,0.4735823674490607,1.1110080355244796,L15,0.6374256680754189
118,0.3040349026775336,0.9966270941124105,L15,0.6925921914348769
128,0.9079221958659052,1.1575762759464812,L15,0.249654080080576
130,0.7070711410533848,0.8491394457159617,L15,0.14206830466257692
136,1.0205648566079812,1.1284695165329948,L15,0.10790465992501352
138,1.0603409178297967,1.2666366771429014,L15,0.20629575931310473
140,0.7337003620410636,1.1020345251945105,L15,0.3683341631534469
142,0.3134967359930379,1.2201626003816823,L15,0.9066658643886445
144,0.9821114303349704,1.1695172434999734,L15,0.18740581316500304
149,0.7692043705137079,1.1309490277125296,L15,0.36174465719882165
152,0.755945355167006,1.138436964860733,L15,0.3824916096937271
153,1.3206142522913036,1.1613769533271163,L15,-0.15923729896418726
156,0.5078505518548827,1.153880274882512,L15,0.6460297230276294
158,0.8615260923175081,1.2058642603755596,L15,0.3443381680580515
159,0.22764986745370958,1.2530736631822466,L15,1.025423795728537
160,0.7899107261645327,1.144784931303612,L15,0.3548742051390793
162,0.7364768768324497,1.1970790012338666,L15,0.4606021244014169
163,0.938701926845384,1.0886895168627815,L15,0.14998759001739748
165,0.2229565040940321,1.2422065391765336,L15,1.0192500350825016
167,1.1022953223737182,1.124532016732625,L15,0.02223669435890674
168,0.21145865042638518,0.8724844412511028,L15,0.6610257908247177
170,0.43472849876131325,0.9681511074286653,L15,0.533422608667352
172,0.7225316404418636,1.1405200403836033,L15,0.41798839994173975
173,0.9827954097054975,1.2386946545413289,L15,0.2558992448358314
175,1.0697569077215705,1.1199865014747377,L15,0.05022959375316716
176,0.2941834191652203,0.914830205214991,L15,0.6206467860497707
180,1.054922288507836,1.1959194284837418,L15,0.1409971399759058
181,0.49296277277576195,1.1132331537623348,L15,0.6202703809865728
182,0.8596348264808592,1.0370623710032012,L15,0.177427544522342
183,0.9813352553080009,1.1472835283951506,L15,0.16594827308714966
184,0.9317761704216686,1.1742594980259693,L15,0.2424833276043007
185,1.0715109978919213,1.1923335976030247,L15,0.12082259971110343
186,1.1478045479508567,1.2012274204085345,L15,0.05342287245767774
191,0.7865772143806811,1.1339864180685382,L15,0.3474092036878571
192,0.2285520763113399,1.0344718162157753,L15,0.8059197399044354
193,0.8162120594851788,1.1891030790343735,L15,0.3728910195491947
196,1.1399163531421843,1.0939179014513287,L15,-0.04599845169085559
1,0.9259139895027492,1.1891915397153625,L16,0.26327755021261334
2,0.780483263219946,1.2008135068070152,L16,0.42033024358706916
3,0.6501113759035162,1.044569465885269,L16,0.3944580899817529
4,0.813766041535403,1.1460104098611479,L16,0.3322443683257449
8,0.7285881138635568,1.1605260164940943,L16,0.43193790263053744
9,0.6646177577674887,1.0941404667655728,L16,0.4295227089980841
11,1.020353872946003,1.1496471785744917,L16,0.12929330562848862
15,1.245760092061532,1.1929324077522259,L16,-0.05282768430930607
16,0.801111585460947,1.1603700001792234,L16,0.35925841471827646
20,0.659501862279111,1.178727803408814,L16,0.519225941129703
23,0.20600751688571903,1.0131998430082172,L16,0.8071923261224981
24,1.1541876729459033,0.997818962850755,L16,-0.1563687100951483
25,0.8921237100709046,1.2245256442674284,L16,0.33240193419652375
26,0.6368794854364146,1.1362062206405137,L16,0.4993267352040991
31,0.31687098519621953,1.1441025219617866,L16,0.8272315367655672
36,0.12653164432042166,1.0429734881480792,L16,0.9164418438276576
37,0.40284061981845787,1.1514673176167394,L16,0.7486266977982815
39,0.6943794516381715,1.1402807513203714,L16,0.44590129968219994
46,0.23387564552114692,0.9761013356743694,L16,0.7422256901532225
47,0.9788054783648931,1.0961109452853715,L16,0.11730546692047839
48,0.5481724496391781,1.1479642069573956,L16,0.5997917573182175
50,0.9711434723865057,1.1782200918708765,L16,0.20707661948437084
53,1.2386035925874765,1.2120889224908007,L16,-0.026514670096675852
54,0.7758790921993153,1.0678170466362897,L16,0.29193795443697446
56,0.592728367842623,1.068134492800318,L16,0.4754061249576951
57,1.0514191941658633,0.7944731483103838,L16,-0.2569460458554794
59,0.6647402682800935,1.1986268804134907,L16,0.5338866121333973
62,0.6947856841943479,1.154965237751103,L16,0.4601795535567551
63,0.4012623825317973,0.871733211581073,L16,0.4704708290492757
72,0.7260429340192219,0.6793483401825618,L16,-0.04669459383666008
74,0.5027320951351103,0.9029519525360489,L16,0.4002198574009386
79,0.7684258829028044,1.1083798865105863,L16,0.33995400360778183
80,0.6938548978289418,1.1863993719947508,L16,0.49254447416580893
81,0.3169459417607686,1.208309729326605,L16,0.8913637875658363
82,1.170382562710351,1.1536654926350092,L16,-0.016717070075341844
83,0.20978089068276037,1.1864337249153252,L16,0.9766528342325648
84,0.6874063486616571,1.2151224902176163,L16,0.5277161415559593
87,0.7544917945615054,1.2352963765186913,L16,0.4808045819571859
89,0.1497741933887059,1.0874520453839824,L16,0.9376778519952765
90,0.8971142262526248,1.2191146070030763,L16,0.32200038075045145
91,1.2664061406925309,1.0227401309290276,L16,-0.24366600976350328
93,0.1871365373223139,0.9482448857657445,L16,0.7611083484434307
98,0.185898004049809,1.1257651897402376,L16,0.9398671856904286
99,0.37060585645432065,1.1680816579347442,L16,0.7974758014804235
100,0.9166057499312952,0.9655421473938847,L16,0.04893639746258949
104,0.6992445617381792,1.2228823681936272,L16,0.523637806455448
107,0.6212982981571991,1.062723005926485,L16,0.4414247077692859
109,0.8631719925067601,1.206935799941411,L16,0.34376380743465085
110,0.659490880838437,1.1592669876075645,L16,0.49977610676912754
114,0.7359266234080928,1.195615157394112,L16,0.4596885339860193
115,1.041148241293606,1.1921135158672742,L16,0.15096527457366826
117,0.4347073662812235,1.109897676523745,L16,0.6751903102425214
118,0.2859120662967653,1.0034538142744858,L16,0.7175417479777204
128,0.920288489098354,1.1666614229365073,L16,0.24637293383815329
130,0.6997409464477692,0.8639028752680761,L16,0.1641619288203069
136,1.0079436795660586,1.1305649033948235,L16,0.12262122382876495
138,1.0769553349153307,1.2626587730844308,L16,0.18570343816910007
140,0.7394751135280678,1.1062424661004024,L16,0.3667673525723346
142,0.3225274936072132,1.223316942058113,L16,0.9007894484508997
144,0.9832647794422557,1.1681588898388717,L16,0.18489411039661607
149,0.8017017514385104,1.1425268574733352,L16,0.34082510603482474
152,0.7512218813817645,1.141084082422066,L16,0.38986220104030156
153,1.3171466994808496,1.1679380625554814,L16,-0.14920863692536823
156,0.5394086089982615,1.1524569466543833,L16,0.6130483376561218
158,0.8765164463323775,1.2115758604447104,L16,0.335059414112333
159,0.2139203986811211,1.2503757612074806,L16,1.0364553625263595
160,0.7808093230235845,1.1454696106412074,L16,0.3646602876176229
162,0.7217179094001052,1.1983771960116358,L16,0.4766592866115307
163,0.9445422695504443,1.092980512706147,L16,0.14843824315570264
165,0.22787970750748557,1.2403410992573014,L16,1.0124613917498158
167,1.1194263628330248,1.1347100832399362,L16,0.015283720406911394
168,0.22803937243347,0.8922796661340621,L16,0.664240293700592
170,0.4464964021875885,0.9859118546958162,L16,0.5394154525082278
172,0.7372444038031154,1.1423295030876706,L16,0.40508509928455516
173,0.9924014164960689,1.237663190066048,L16,0.24526177356997902
175,1.0619159336929722,1.1257842877983029,L16,0.06386835410533065
176,0.2753652610596396,0.919415673267178,L16,0.6440504122075383
180,1.0620169755818036,1.1975182536154605,L16,0.13550127803365686
181,0.45830404847508843,1.1137938906495126,L16,0.6554898421744242
182,0.8570369893915009,1.0469413620379622,L16,0.18990437264646132
183,0.9898237427274661,1.154657719670039,L16,0.16483397694257285
184,0.9368758746830844,1.1809288031067011,L16,0.2440529284236167
185,1.0905256069285274,1.1934747307075206,L16,0.10294912377899323
186,1.1499662306783005,1.207119671914461,L16,0.05715344123616051
191,0.8457114616047321,1.1405152800560638,L16,0.29480381845133175
192,0.206267425129086,1.0550518902941126,L16,0.8487844651650266
193,0.8034094346946552,1.1894108739012708,L16,0.38600143920661556
196,1.1368996410082775,1.0956805374927727,L16,-0.04121910351550473
1,0.9057836128911663,1.1885234836708627,L17,0.2827398707796964
2,0.7777411587009205,1.195132200301797,L17,0.4173910416008765
3,0.6501888022252058,1.049387219395968,L17,0.3991984171707621
4,0.8039816697509535,1.1424244303205209,L17,0.33844276056956735
8,0.7199888608093967,1.1595255749313578,L17,0.43953671412196105
9,0.6577178273469396,1.0952237991964844,L17,0.43750597184954476
11,1.020258757914635,1.1479319193581994,L17,0.12767316144356444
15,1.2340280031436792,1.19648807071709,L17,-0.03753993242658926
16,0.7885970491036846,1.1574354697012925,L17,0.36883842059760796
20,0.646275716670771,1.1760580505288953,L17,0.5297823338581243
23,0.18301816177173086,1.0163061710180907,L17,0.8332880092463599
24,1.143156197673026,0.9927344729458824,L17,-0.15042172472714366
25,0.8807172386993466,1.2190806755440624,L17,0.3383634368447158
26,0.6335791491265852,1.1347626411829035,L17,0.5011834920563183
31,0.2853383262257954,1.1437226217898095,L17,0.8583842955640142
36,0.10815077568942973,1.0400882793118889,L17,0.9319375036224591
37,0.38101281913320995,1.1497524726114778,L17,0.7687396534782679
39,0.7363585187820566,1.1312746847261241,L17,0.39491616594406753
46,0.21362901054792335,0.9817959941007443,L17,0.7681669835528209
47,0.9645684301658877,1.0937567175739153,L17,0.12918828740802768
48,0.5326661378315299,1.1428583041447524,L17,0.6101921663132225
50,1.0050806121628746,1.1730008302447283,L17,0.16792021808185376
53,1.239678221501074,1.2094088465847206,L17,-0.030269374916353398
54,0.7686795380648082,1.0727606161598273,L17,0.30408107809501916
56,0.5809171560507405,1.0704240363232744,L17,0.489506880272534
57,1.0485312348379885,0.7918488709070154,L17,-0.2566823639309731
59,0.6475926654866654,1.196135087371032,L17,0.5485424218843665
62,0.7029867476429335,1.154974349231765,L17,0.45198760158883156
63,0.38067960018462954,0.8686723613548919,L17,0.48799276117026236
72,0.7072893935560346,0.6755079444894359,L17,-0.031781449066598744
74,0.5063960848169664,0.9048092392119488,L17,0.39841315439498237
79,0.756210016167533,1.101218743374784,L17,0.34500872720725095
80,0.6746626703725965,1.1881438676239837,L17,0.5134811972513872
81,0.3287427177888463,1.2028320893963869,L17,0.8740893716075406
82,1.1687840634000326,1.1529090823091048,L17,-0.015874981090927776
83,0.1909853070808085,1.1806898487578552,L17,0.9897045416770467
84,0.6752724573216012,1.2115718764160552,L17,0.536299419094454
87,0.7518501324516459,1.236381997261983,L17,0.48453186481033705
89,0.14692796051934962,1.0835370233090111,L17,0.9366090627896615
90,0.8883473276461803,1.219844210045593,L17,0.3314968823994128
91,1.259178345626031,1.014304955976794,L17,-0.244873389649237
93,0.16579761696188988,0.9450557010819424,L17,0.7792580841200525
98,0.18348225747852595,1.117306656679056,L17,0.93382439920053
99,0.33304374238393664,1.1703158166207068,L17,0.8372720742367702
100,0.9170454461616012,0.9703737819143228,L17,0.053328335752721556
104,0.7001666079372401,1.2223145533372797,L17,0.5221479454000396
107,0.6120599185177079,1.0664113172230787,L17,0.4543513987053708
109,0.8440532033603089,1.206351358320562,L17,0.3622981549602532
110,0.6417325551282683,1.1615545138077277,L17,0.5198219586794594
114,0.7222408137484191,1.19466379878109,L17,0.4724229850326709
115,1.034858752335002,1.1946117153482327,L17,0.15975296301323083
117,0.39885147660083997,1.1020198456555574,L17,0.7031683690547175
118,0.2654376013498154,1.0015260325779964,L17,0.736088431228181
128,0.9134469013923988,1.1607384215540562,L17,0.24729152016165734
130,0.6984145915049234,0.8511253817317277,L17,0.15271079022680434
136,0.9892219531795904,1.1228730019118756,L17,0.13365104873228517
138,1.0742212822483599,1.2614662611292462,L17,0.18724497888088631
140,0.7340439136842124,1.1003636948947677,L17,0.3663197812105553
142,0.3235067510511988,1.219493008764996,L17,0.8959862577137971
144,0.9725564029129319,1.1626021632913697,L17,0.1900457603784378
149,0.8129551075825573,1.1369385356073252,L17,0.32398342802476787
152,0.7419279384930669,1.1368454841366813,L17,0.39491754564361436
153,1.3014835975373438,1.1595596025878012,L17,-0.14192399494954255
156,0.5474116327002431,1.1490660103675565,L17,0.6016543776673134
158,0.8683937589725934,1.207673973492934,L17,0.33928021452034063
159,0.19981667914012868,1.2434186548221127,L17,1.0436019756819839
160,0.7620290307883714,1.1397762309116848,L17,0.3777472001233134
162,0.7023103079989913,1.1949685214570729,L17,0.4926582134580816
163,0.9416360377619066,1.086641372648737,L17,0.14500533488683032
165,0.242775517220501,1.2342226752739072,L17,0.9914471580534061
167,1.1261143362976607,1.1367356212649151,L17,0.010621284967254452
168,0.21699685580476635,0.8934113493400391,L17,0.6764144935352727
170,0.4483962568968417,0.9985713862072353,L17,0.5501751293103936
172,0.7154618658963352,1.1408077094010347,L17,0.4253458435046995
173,0.9767533976464561,1.2345606316993074,L17,0.25780723405285133
175,1.0548993282509243,1.127144274472188,L17,0.07224494622126376
176,0.24507798311226045,0.9168899434339653,L17,0.6718119603217049
180,1.0378146859164072,1.1921738881131358,L17,0.1543592021967286
181,0.41153724291521443,1.1093824404248516,L17,0.6978451975096371
182,0.8435380046283006,1.0467540075210018,L17,0.20321600289270114
183,0.9812831110612903,1.1468756493298586,L17,0.16559253826856835
184,0.9214844188760417,1.174944073041504,L17,0.25345965416546223
185,1.1054739132144884,1.1907691758266559,L17,0.08529526261216747
186,1.1454933049548492,1.2048974849555092,L17,0.059404180000659945
191,0.8631491257468018,1.1430939500095134,L17,0.2799448242627116
192,0.18354187311269865,1.0549615977763938,L17,0.8714197246636951
193,0.789634413080529,1.1902316078989017,L17,0.40059719481837275
196,1.1311998582832243,1.0903533669559102,L17,-0.040846491327314105
1,0.8779629231471725,1.1877241063020787,L18,0.3097611831549062
2,0.7528630946850327,1.1913451894854106,L18,0.4384820948003779
3,0.6405414964163701,1.049570419040667,L18,0.4090289226242968
4,0.7966390477055986,1.1430785740847527,L18,0.3464395263791541
8,0.7060498475869044,1.162382394365892,L18,0.4563325467789876
9,0.6494148249676537,1.0915229042319765,L18,0.44210807926432283
11,1.0171994650890088,1.1430476475044689,L18,0.12584818241546003
15,1.2250120129121884,1.1958880452386043,L18,-0.02912396767358416
16,0.772659961777067,1.1578060212978245,L18,0.38514605952075753
20,0.631185174293449,1.1761187296347568,L18,0.5449335553413078
23,0.16398098151057078,1.002185622592018,L18,0.8382046410814472
24,1.137040147030943,0.9802760261533899,L18,-0.1567641208775531
25,0.854228363269402,1.217192982839036,L18,0.362964619569634
26,0.635372884916909,1.140270809898558,L18,0.5048979249816489
31,0.26022763090632306,1.1400996558444179,L18,0.8798720249380948
36,0.09932678205587037,1.0378735236033279,L18,0.9385467415474575
37,0.36889450147891556,1.15024773129342,L18,0.7813532298145045
39,0.7605527741249516,1.1195778634042761,L18,0.3590250892793245
46,0.19558323366983843,0.976536780379804,L18,0.7809535467099655
47,0.9494008532735512,1.09027166142436,L18,0.14087080815080877
48,0.5194981225855871,1.1369091867417072,L18,0.61741106415612
50,1.0364645062466649,1.1731132486609794,L18,0.13664874241431457
53,1.2327729341377631,1.2075283921209126,L18,-0.025244542016850557
54,0.7728598635652102,1.077194725536405,L18,0.30433486197119475
56,0.5752229006596132,1.084418846876456,L18,0.5091959462168427
57,1.0500732066084209,0.7936983461130723,L18,-0.2563748604953485
59,0.6342708565537171,1.1965579765183993,L18,0.5622871199646823
62,0.7086760546276563,1.1492588743664567,L18,0.4405828197388004
63,0.35552404635698626,0.8736494461056035,L18,0.5181253997486173
72,0.6988042353621132,0.6800130776648733,L18,-0.018791157697239935
74,0.5029367834824798,0.896832874097753,L18,0.3938960906152732
79,0.7471302127248541,1.103612674065256,L18,0.35648246134040196
80,0.6519013304292262,1.1948034084089458,L18,0.5429020779797197
81,0.3363796649641961,1.1973385106373757,L18,0.8609588456731796
82,1.1755907237860124,1.1559778496416413,L18,-0.019612874144371073
83,0.16894782493422622,1.1812756624034313,L18,1.012327837469205
84,0.6657020404972389,1.207629138800842,L18,0.5419270983036031
87,0.7484201238096435,1.2388155709364161,L18,0.49039544712677263
89,0.1390215002756092,1.0783955323920398,L18,0.9393740321164306
90,0.8551599543415865,1.2179596310616971,L18,0.3627996767201106
91,1.245811957589676,1.0053159143333619,L18,-0.24049604325631413
93,0.14742367170640847,0.9470767238802635,L18,0.7996530521738551
98,0.17309417429980403,1.1116774887326524,L18,0.9385833144328484
99,0.3063546343785369,1.1697431820163684,L18,0.8633885476378316
100,0.9269851781629834,0.9735709216804632,L18,0.046585743517479794
104,0.6904034002545127,1.2181840846209073,L18,0.5277806843663946
107,0.602510894883797,1.0633173408285839,L18,0.4608064459447868
109,0.8217685120076273,1.207586317056128,L18,0.3858178050485007
110,0.6257000193646283,1.16331795493969,L18,0.5376179355750617
114,0.7095785235204387,1.1872922370625179,L18,0.47771371354207914
115,1.0265030782110263,1.190044130523384,L18,0.16354105231235772
117,0.3712064101849741,1.0911510272504301,L18,0.719944617065456
118,0.24957365655940483,1.0034846547092604,L18,0.7539109981498555
128,0.9121043159318971,1.154730011751124,L18,0.242625695819227
130,0.6974164111720363,0.8326682277386075,L18,0.13525181656657115
136,0.949956860681691,1.1122359796338135,L18,0.16227911895212244
138,1.0474989651899553,1.261842846613827,L18,0.21434388142387162
140,0.722494931444298,1.0950237429014444,L18,0.37252881145714645
142,0.3223816239997603,1.220416342288491,L18,0.8980347182887307
144,0.9555879561181757,1.1533178546619476,L18,0.19772989854377188
149,0.7979692996556315,1.1364165426422197,L18,0.33844724298658824
152,0.7317214295595532,1.1408393959872152,L18,0.40911796642766196
153,1.2912852523685285,1.1561266568909283,L18,-0.13515859547760023
156,0.5503600227359794,1.1515852661285972,L18,0.6012252433926178
158,0.8582042187149393,1.2073768979412989,L18,0.34917267922635953
159,0.19012813548643384,1.2406530567110114,L18,1.0505249212245775
160,0.7510741845496672,1.1454818987460293,L18,0.3944077141963621
162,0.6789713403943649,1.1911640465125772,L18,0.5121927061182123
163,0.927468592013694,1.090231559330947,L18,0.16276296731725304
165,0.2401073058370006,1.2344188190547405,L18,0.9943115132177399
167,1.1110107161141436,1.134783219535863,L18,0.023772503421719327
168,0.20431296463994178,0.8993781539403566,L18,0.6950651893004148
170,0.4442415712265704,1.0028005733923422,L18,0.5585590021657718
172,0.719903756838891,1.1428641581558299,L18,0.4229604013169389
173,0.9518814917963979,1.2284037795622567,L18,0.27652228776585874
175,1.040547112873646,1.1352155941004025,L18,0.09466848122675642
176,0.22656395464903276,0.9191539179831859,L18,0.6925899633341531
180,1.031269404930362,1.1894827255784055,L18,0.1582133206480436
181,0.36624562428676266,1.1171328673240093,L18,0.7508872430372466
182,0.8232325412537032,1.0460281483186624,L18,0.22279560706495927
183,0.9768983655674761,1.144278672244276,L18,0.16738030667679982
184,0.9159789211525092,1.17138156516007,L18,0.25540264400756085
185,1.0860690993812123,1.1874949557680985,L18,0.10142585638688617
186,1.1263259406675534,1.2020950795051955,L18,0.07576913883764202
191,0.8764631736823036,1.1452960617824002,L18,0.26883288810009653
192,0.16699474652593885,1.0561397432982167,L18,0.8891449967722779
193,0.7826855784595633,1.1854797932660304,L18,0.40279421480646704
196,1.1222369295107544,1.0916278980163971,L18,-0.03060903149435723
1,0.8526472395916388,1.1838096627494106,L19,0.3311624231577718
2,0.7372401330896693,1.1851964257926273,L19,0.447956292702958
3,0.6319771841969722,1.0518781937806492,L19,0.41990100958367693
4,0.7932117213398933,1.1407724448925625,L19,0.3475607235526692
8,0.7046779673116912,1.1675918022062313,L19,0.4629138348945401
9,0.6365268812640529,1.0844653181865553,L19,0.44793843692250246
11,1.0219268474336676,1.145901617686646,L19,0.12397477025297832
15,1.209132302540406,1.192189610427109,L19,-0.01694269211329691
16,0.7556022748408266,1.1534341768854979,L19,0.3978319020446712
20,0.6257680782867868,1.1726343551492044,L19,0.5468662768624176
23,0.13646922678926765,0.9933920807264938,L19,0.8569228539372261
24,1.1112786847878147,0.9785194884441175,L19,-0.13275919634369715
25,0.8179694251381314,1.2085397291586633,L19,0.39057030402053183
26,0.6112426525194307,1.14185646389566,L19,0.5306138113762294
31,0.25366603238899205,1.1402922290216677,L19,0.8866261966326756
36,0.09199428712262588,1.0397856560573915,L19,0.9477913689347656
37,0.36454414284553527,1.149618372041688,L19,0.7850742291961527
39,0.7368010083534934,1.1063277626236148,L19,0.3695267542701214
46,0.1708908027244234,0.9749236854341276,L19,0.8040328827097042
47,0.939168073643449,1.0878878827904706,L19,0.14871980914702154
48,0.5055421157964205,1.1280122529938004,L19,0.6224701371973799
50,1.087391658776778,1.1695320973734342,L19,0.0821404385966562
53,1.2142269493842408,1.2109483486105967,L19,-0.003278600773644058
54,0.7571240565526229,1.081892538666063,L19,0.32476848211344
56,0.5636022693920696,1.1056184962876405,L19,0.5420162268955709
57,1.0427523121212945,0.8039171283098372,L19,-0.2388351838114573
59,0.6237199792144467,1.1951094548046202,L19,0.5713894755901735
62,0.7006804911897483,1.1452852185209357,L19,0.4446047273311874
63,0.32836391834518003,0.8605599401631852,L19,0.5321960218180051
72,0.6892499216290672,0.6908949664465971,L19,0.001645044817529917
74,0.5037227543886361,0.8893095591047369,L19,0.38558680471610074
79,0.7333840166320665,1.1040304111531412,L19,0.3706463945210746
80,0.6324367180534716,1.193911993290816,L19,0.5614752752373444
81,0.33481280650511697,1.1940364220813293,L19,0.8592236155762123
82,1.173196160614755,1.1521193880601586,L19,-0.02107677255459639
83,0.1491921056781889,1.1795152947852523,L19,1.0303231891070634
84,0.6435584966088729,1.2039094052443862,L19,0.5603509086355133
87,0.741622801125786,1.2324859962320018,L19,0.4908631951062158
89,0.13311334159339516,1.07321220436848,L19,0.9400988627750848
90,0.8348499216845031,1.2181409840553115,L19,0.38329106237080834
91,1.235607845775864,0.992366563318669,L19,-0.2432412824571949
93,0.1306885283990746,0.9536811621850112,L19,0.8229926337859366
98,0.16840222384286874,1.1075037933329157,L19,0.939101569490047
99,0.2682857601404376,1.1684567728954087,L19,0.9001710127549711
100,0.9414426117074085,0.9813510289051962,L19,0.039908417197787704
104,0.6844066448517735,1.2113115984681577,L19,0.5269049536163842
107,0.5918867074005021,1.0575137842931386,L19,0.4656270768926365
109,0.7843699062636895,1.2045543327436719,L19,0.42018442647998233
110,0.6192713944021991,1.1582349778776457,L19,0.5389635834754466
114,0.7079744720085914,1.185990567896504,L19,0.4780160958879125
115,1.0292366735264993,1.1835913856807183,L19,0.15435471215421903
117,0.3356903571856964,1.080352229093472,L19,0.7446618719077756
118,0.23027765615968834,1.0044756867963853,L19,0.774198030636697
128,0.8943921826257254,1.145758298883139,L19,0.25136611625741356
130,0.6751293624437198,0.8116084880889406,L19,0.1364791256452208
136,0.9457072692441318,1.0939552364538057,L19,0.14824796720967381
138,1.016870534029499,1.2547314097356965,L19,0.23786087570619752
140,0.7089886716326294,1.0958799849300211,L19,0.3868913132973918
142,0.3142545365070832,1.2160999099390473,L19,0.901845373431964
144,0.9270432012413445,1.1394601777309001,L19,0.2124169764895556
149,0.7854997288084081,1.1313644306989252,L19,0.3458647018905171
152,0.7186674273093941,1.1461495515569309,L19,0.42748212424753673
153,1.2810154058775909,1.1513968182735723,L19,-0.12961858760401856
156,0.563467450675763,1.1546056229926531,L19,0.5911381723168901
158,0.8596890405874393,1.2019526695257516,L19,0.3422636289383123
159,0.1739023891828237,1.237469668686371,L19,1.0635672795035473
160,0.7553074142238113,1.1499997985228345,L19,0.3946923842990232
162,0.6702147924961002,1.1798783791486884,L19,0.5096635866525883
163,0.9201211827369651,1.0949244347279514,L19,0.17480325199098634
165,0.23109990075531242,1.2313060038257317,L19,1.0002061030704192
167,1.1309228873439916,1.132826296753257,L19,0.0019034094092653664
168,0.18611074526492072,0.9187407266229959,L19,0.7326299813580752
170,0.4431988662606011,1.0067868314814432,L19,0.5635879652208421
172,0.7442726066671577,1.144601559471946,L19,0.4003289528047884
173,0.9386489512248684,1.2263582099669896,L19,0.2877092587421213
175,1.0233091543400372,1.1443255820806544,L19,0.12101642774061716
176,0.20140920757417857,0.9260735807126972,L19,0.7246643731385186
180,1.0118492764730935,1.1859682297611145,L19,0.17411895328802096
181,0.3200003918472459,1.1292722569692843,L19,0.8092718651220385
182,0.8106010965784282,1.0420771497162487,L19,0.2314760531378205
183,0.9696975462277792,1.1474944988984273,L19,0.1777969526706481
184,0.8984390057022319,1.1603347332565708,L19,0.2618957275543389
185,1.0712157303240981,1.1848389894227316,L19,0.11362325909863347
186,1.1212367394817393,1.1974604457850462,L19,0.07622370630330688
191,0.8752664703312061,1.1400876452438813,L19,0.2648211749126752
192,0.14626028428426316,1.0604142643196015,L19,0.9141539800353383
193,0.7741689668602282,1.1808703035718782,L19,0.40670133671165
196,1.1064233072926288,1.0955431446760293,L19,-0.01088016261659952
1,0.8496155069594411,1.1863577058883537,L20,0.33674219892891255
2,0.7278919635609284,1.179677696830229,L20,0.4517857332693005
3,0.6167751589521038,1.048194986981503,L20,0.43141982802939927
4,0.7822264586507222,1.1380510101056585,L20,0.3558245514549363
8,0.6953997793977066,1.175271285990306,L20,0.4798715065925995
9,0.624468753461287,1.0744809075378732,L20,0.4500121540765861
11,1.0225773369482845,1.1482305385761133,L20,0.1256532016278289
15,1.2107228419804859,1.1942132974552202,L20,-0.01650954452526565
16,0.7449996858146058,1.1526661820393151,L20,0.4076664962247093
20,0.6067951352108789,1.1728133746557778,L20,0.5660182394448989
23,0.13237978850705218,0.9836381401743373,L20,0.8512583516672851
24,1.0908285835890188,0.9758322437786152,L20,-0.11499633981040358
25,0.7866695407689439,1.204239881371576,L20,0.4175703406026321
26,0.5906204968290697,1.1434009879894365,L20,0.5527804911603668
31,0.23517242991771203,1.1302388471009748,L20,0.8950664171832627
36,0.0835186564430751,1.04370748260739,L20,0.9601888261643149
37,0.3471438285837842,1.1487657728116645,L20,0.8016219442278802
39,0.7442685221201615,1.0988050054809821,L20,0.35453648336082066
46,0.1594881260601259,0.9836922152191947,L20,0.8242040891590687
47,0.9302808765015076,1.0895953772846199,L20,0.15931450078311227
48,0.5008205089866903,1.1277258032692132,L20,0.626905294282523
50,1.0926074226729565,1.1731288855095325,L20,0.08052146283657602
53,1.2125173468046844,1.2141253808299184,L20,0.0016080340252340175
54,0.7618709717493269,1.0902963776835273,L20,0.32842540593420033
56,0.54952693282699,1.1160392747209722,L20,0.5665123418939821
57,1.0396507014201375,0.8044357663174229,L20,-0.23521493510271463
59,0.6149450330203942,1.1949310905648338,L20,0.5799860575444397
62,0.6827197538455687,1.1490965752379412,L20,0.46637682139237246
63,0.3242616227724801,0.8586348223070646,L20,0.5343731995345844
72,0.6756379608857305,0.69032114067961,L20,0.014683179793879564
74,0.5013635678577051,0.8750192010893516,L20,0.3736556332316465
79,0.7189898440367415,1.1078656593001772,L20,0.38887581526343573
80,0.6192141270481194,1.1929730751736738,L20,0.5737589481255544
81,0.33985875741626276,1.190401077872964,L20,0.8505423204567011
82,1.1783449214002368,1.1478971937205147,L20,-0.030447727679722147
83,0.13722287966246266,1.178836286025482,L20,1.0416134063630194
84,0.6373601520945715,1.199652727658432,L20,0.5622925755638604
87,0.7326525935212581,1.2313726858058234,L20,0.49872009228456526
89,0.13033034749656824,1.0811559295213051,L20,0.9508255820247369
90,0.8184045330297444,1.2219297902359714,L20,0.403525257206227
91,1.2276722252424526,0.9861636489293965,L20,-0.2415085763130561
93,0.11494919460412424,0.9485763577924959,L20,0.8336271631883717
98,0.15800615053367822,1.10203626581488,L20,0.9440301152812016
99,0.2527392981413423,1.1702752083808505,L20,0.9175359102395082
100,0.9224023272579834,0.9878073862232265,L20,0.06540505896524307
104,0.6804926270172066,1.2150040407900304,L20,0.5345114137728239
107,0.5931570382916709,1.0438911033019331,L20,0.45073406501026225
109,0.7730824473008967,1.2060162882541896,L20,0.4329338409532929
110,0.6012679425647547,1.1573559678624468,L20,0.5560880252976921
114,0.7111798294768016,1.1857472894793457,L20,0.47456746000254413
115,1.034678671149342,1.1860879162969007,L20,0.1514092451475586
117,0.32355195164922423,1.0748268880499745,L20,0.7512749364007503
118,0.2237373562134636,1.0093171523068967,L20,0.7855797960934331
128,0.8802192893503301,1.1481802202128635,L20,0.26796093086253336
130,0.6625770024319508,0.7984698624467687,L20,0.13589286001481782
136,0.9246852384298185,1.0860588660343469,L20,0.16137362760452834
138,0.9727627024539339,1.2551749055986454,L20,0.2824122031447115
140,0.6965072929596386,1.0921410870995916,L20,0.3956337941399529
142,0.30376800283363087,1.219388519274374,L20,0.9156205164407432
144,0.9099500404212075,1.128550430318148,L20,0.21860038989694042
149,0.7791640231085704,1.1373501251204527,L20,0.3581861020118824
152,0.7130475271682952,1.1534764460559148,L20,0.4404289188876196
153,1.2772241388469976,1.1433397575581852,L20,-0.13388438128881242
156,0.5710061884563628,1.1599087389352465,L20,0.5889025504788837
158,0.8481946150714854,1.207812237571698,L20,0.35961762250021256
159,0.16558081559264648,1.2358016125539149,L20,1.0702207969612685
160,0.7482578242697272,1.1528298754881319,L20,0.40457205121840467
162,0.6541972095462255,1.1783685691860752,L20,0.5241713596398497
163,0.9140273869104433,1.0937788565038404,L20,0.17975146959339716
165,0.2278001039158292,1.2364571327265057,L20,1.0086570288106764
167,1.1371763791091747,1.1313685575126313,L20,-0.005807821596543361
168,0.17824157471895272,0.9189431989512458,L20,0.740701624232293
170,0.4366921948698302,1.0104744349532446,L20,0.5737822400834145
172,0.7679450328189829,1.151545094518452,L20,0.38360006169946914
173,0.928105015322259,1.228961895503473,L20,0.3008568801812139
175,1.0160360042770475,1.1567292674398144,L20,0.14069326316276687
176,0.19581925643000242,0.9374684769636317,L20,0.7416492205336292
180,0.9940311303552322,1.1841091906370835,L20,0.19007806028185137
181,0.30144769360490603,1.1373063067860456,L20,0.8358586131811396
182,0.7991701646823711,1.04580674360908,L20,0.24663657892670898
183,0.9762993897179411,1.1518046981274075,L20,0.17550530840946643
184,0.895063459337646,1.1610888801336205,L20,0.2660254207959746
185,1.0857574350937493,1.1867410646085277,L20,0.10098362951477835
186,1.1011928917200369,1.1970572792747476,L20,0.09586438755471072
191,0.8675487834638675,1.1424433020595273,L20,0.2748945185956597
192,0.13481304139567937,1.0615538384365149,L20,0.9267407970408355
193,0.7643052097917596,1.1793642445970205,L20,0.41505903480526085
196,1.0987080553092232,1.1011601174885228,L20,0.002452062179299608
1,0.8386487875835398,1.186759413181814,L21,0.3481106255982742
2,0.7328347363261891,1.1785237250611142,L21,0.44568898873492513
3,0.6260538785183247,1.0552811648782927,L21,0.429227286359968
4,0.8073514360847789,1.1362020041016743,L21,0.3288505680168954
8,0.7121980818369957,1.1949259194456727,L21,0.482727837608677
9,0.6366807120227043,1.0702470917140496,L21,0.43356637969134537
11,1.0405685676492686,1.1515972013749554,L21,0.11102863372568672
15,1.1948891652490061,1.1997761115384702,L21,0.004886946289464067
16,0.7414011861936379,1.1552126506452738,L21,0.41381146445163586
20,0.6119161867252454,1.1809677364912106,L21,0.5690515497659652
23,0.1338402098753899,0.9706711376945926,L21,0.8368309278192027
24,1.0787886381080287,0.9865822256967597,L21,-0.09220641241126903
25,0.75021005251387,1.1991442530685668,L21,0.4489342005546968
26,0.5719801281018759,1.1535304835259677,L21,0.5815503554240917
31,0.23312321567894823,1.130957842154374,L21,0.8978346264754258
36,0.0817939383497802,1.0576694158385305,L21,0.9758754774887503
37,0.3401059974752334,1.1548181635148538,L21,0.8147121660396204
39,0.7830528964726288,1.096506337970329,L21,0.31345344149770027
46,0.14878110061824956,0.9966902961605241,L21,0.8479091955422745
47,0.9299667652538823,1.0948163393197619,L21,0.16484957406587952
48,0.4935955559543206,1.1263079154658537,L21,0.6327123595115332
50,1.138445307973806,1.1786209466805793,L21,0.04017563870677332
53,1.2132869972664302,1.2184229998259501,L21,0.005136002559519959
54,0.7577775587601835,1.102594641918093,L21,0.3448170831579095
56,0.5530041757381914,1.128698934566098,L21,0.5756947588279067
57,1.0351060181609737,0.8327233091743436,L21,-0.20238270898663013
59,0.6278507741002919,1.1970145099678275,L21,0.5691637358675357
62,0.6763006460424016,1.1535357722463027,L21,0.47723512620390107
63,0.31985236308350423,0.8683555034318551,L21,0.5485031403483509
72,0.679121014329314,0.7019825880387774,L21,0.0228615737094634
74,0.5183197022617164,0.8684144837976882,L21,0.35009478153597173
79,0.7312604794641716,1.1251162550230263,L21,0.39385577555885465
80,0.6248590965276895,1.1970758741765322,L21,0.5722167776488427
81,0.3287703307035582,1.1861029658798676,L21,0.8573326351763094
82,1.1770453132882626,1.1551687877461438,L21,-0.02187652554211872
83,0.1271168351707232,1.1853550978867333,L21,1.05823826271601
84,0.6323628804378402,1.204487657824672,L21,0.5721247773868318
87,0.7282073541311395,1.2273682647337776,L21,0.4991609106026381
89,0.12715690055265086,1.07909358530586,L21,0.9519366847532093
90,0.8175139170543847,1.2244644913705192,L21,0.40695057431613446
91,1.2192922902966095,0.9783522416808951,L21,-0.2409400486157144
93,0.11171127669562492,0.963630605627179,L21,0.8519193289315541
98,0.1594516006840094,1.0960565169619283,L21,0.9366049162779189
99,0.2416533968851274,1.1832050594971648,L21,0.9415516626120374
100,0.9555399193610812,1.0005096025675462,L21,0.044969683206464994
104,0.6856823331016451,1.2112588758526706,L21,0.5255765427510255
107,0.6053871465904894,1.0279279197873978,L21,0.4225407731969084
109,0.7834362234191639,1.20900231010519,L21,0.42556608668602625
110,0.6151222067310079,1.1633936898411097,L21,0.5482714831101018
114,0.7196944514246675,1.181418557960906,L21,0.4617241065362385
115,1.070478436272171,1.1839349199636762,L21,0.11345648369150507
117,0.3097039019857343,1.0781406864588001,L21,0.7684367844730658
118,0.22239490214130284,1.01794085029174,L21,0.7955459481504371
128,0.8858340381887755,1.1492994115276605,L21,0.263465373338885
130,0.6739995510451381,0.7798532085291835,L21,0.1058536574840454
136,0.9164994984116138,1.0829072852206714,L21,0.16640778680905755
138,0.9393908709510349,1.2475023957501994,L21,0.3081115247991645
140,0.705585181020297,1.0988358915221426,L21,0.39325071050184557
142,0.30715633950707616,1.217834609376488,L21,0.9106782698694118
144,0.9051712337689393,1.128235675980851,L21,0.22306444221191168
149,0.7997421077848867,1.1470780085438916,L21,0.3473359007590049
152,0.7057322192938704,1.165084283280103,L21,0.4593520639862325
153,1.2706647818707768,1.13847404298184,L21,-0.13219073888893673
156,0.6006781174358687,1.1709450334653617,L21,0.570266916029493
158,0.8595786590482005,1.2060099088684555,L21,0.34643124982025497
159,0.16155289973893994,1.238047829281831,L21,1.0764949295428912
160,0.7725287812946101,1.1731873518092601,L21,0.40065857051465004
162,0.6527936198602594,1.1735785494722262,L21,0.5207849296119668
163,0.917495013769652,1.110873307163769,L21,0.19337829339411705
165,0.23017345608186707,1.2353559583293334,L21,1.0051825022474663
167,1.1426863474372213,1.131637261533783,L21,-0.011049085903438227
168,0.16193454701095253,0.9474005589101065,L21,0.785466011899154
170,0.44919177546907363,1.0321861098569374,L21,0.5829943343878637
172,0.8124751623705776,1.1613474184538313,L21,0.3488722560832537
173,0.9363985343087943,1.2274656620722801,L21,0.29106712776348587
175,1.0142115278209614,1.1643027231586316,L21,0.15009119533767024
176,0.1877567999028429,0.9647956937902817,L21,0.7770388938874389
180,0.9771271691255166,1.1864506591888768,L21,0.20932349006336026
181,0.28211084641078177,1.1568254093839199,L21,0.8747145629731381
182,0.801458241482883,1.0465942648123239,L21,0.24513602332944084
183,0.9810166059697053,1.15872156327114,L21,0.17770495730143476
184,0.8874934918562575,1.1670059537625246,L21,0.2795124619062671
185,1.0715129851003278,1.1893631946102436,L21,0.11785020950991587
186,1.1090022528448165,1.1979091807830509,L21,0.0889069279382344
191,0.8726381627445973,1.1388370940016637,L21,0.2661989312570664
192,0.13186828558729113,1.0647097035248891,L21,0.932841417937598
193,0.7570508683290716,1.184343058711409,L21,0.42729219038233734
196,1.081931028666439,1.1119191665830035,L21,0.029988137916564517
1,0.8314093705173459,1.1877647706753875,L22,0.3563554001580417
2,0.7340435571906081,1.175218699726643,L22,0.44117514253603485
3,0.6375836274946758,1.0584333938836983,L22,0.4208497663890225
4,0.8384073786327046,1.1312356877530294,L22,0.29282830912032476
8,0.7229464163427319,1.212261630192407,L22,0.489315213849675
9,0.6492884645428123,1.059541946529633,L22,0.41025348198682066
11,1.0820966802791163,1.146601284920388,L22,0.06450460464127161
15,1.181086079129545,1.2070974570774171,L22,0.026011377947872116
16,0.7369270678720216,1.1557629740230402,L22,0.4188359061510186
20,0.6472874499408126,1.192044111686881,L22,0.5447566617460684
23,0.13189452990199227,0.9376856035875162,L22,0.8057910736855239
24,1.0986459679743197,0.9978662401609137,L22,-0.10077972781340594
25,0.7161545320154493,1.189583732185383,L22,0.47342920016993373
26,0.5750641898654932,1.1642479610108885,L22,0.5891837711453952
31,0.21229096470023037,1.1251062644598664,L22,0.912815299759636
36,0.07954309683342778,1.0710021013498827,L22,0.991459004516455
37,0.34489035962698456,1.1564972303820134,L22,0.8116068707550288
39,0.8116778447208313,1.0932124164024415,L22,0.2815345716816102
46,0.1366333218449158,1.0073788676281326,L22,0.8707455457832167
47,0.9199499001184082,1.0933004365596632,L22,0.1733505364412551
48,0.47858807569194745,1.1151250835006907,L22,0.6365370078087433
50,1.1795481858398107,1.1845706611850806,L22,0.0050224753452698945
53,1.1932494122297252,1.2256391775253543,L22,0.03238976529562909
54,0.7762731123628219,1.1171195931087916,L22,0.3408464807459697
56,0.5620318600010782,1.1381990294471744,L22,0.5761671694460963
57,1.028272449217012,0.8587262905271382,L22,-0.16954615868987388
59,0.6407037887048661,1.1955920116425751,L22,0.554888222937709
62,0.6560212257983421,1.1578398438469066,L22,0.5018186180485645
63,0.301041919802861,0.8760914068962239,L22,0.5750494870933629
72,0.6774141888054803,0.7074350383431487,L22,0.03002084953766837
74,0.5277324366394742,0.848556827642039,L22,0.32082439100256477
79,0.7520583381727745,1.1463994734721386,L22,0.3943411352993641
80,0.6255384668453922,1.2050811058946005,L22,0.5795426390492083
81,0.3084398507223788,1.1758655238949474,L22,0.8674256731725686
82,1.1720190883433792,1.1573587360737512,L22,-0.01466035226962803
83,0.1190692335152657,1.1935544993124199,L22,1.0744852657971542
84,0.6377204692308885,1.2031324566721548,L22,0.5654119874412663
87,0.7272413254045633,1.219468566881544,L22,0.4922272414769806
89,0.1188401230737703,1.0748408153122404,L22,0.9560006922384701
90,0.8167346236493319,1.2291797224553733,L22,0.4124450988060414
91,1.1876182787114304,0.9645458558149885,L22,-0.2230724228964419
93,0.10531208278623436,0.9797904133391855,L22,0.8744783305529511
98,0.15224286932629666,1.0888630247663744,L22,0.9366201554400777
99,0.22805970878476986,1.192599114245277,L22,0.9645394054605071
100,0.9793979248571233,1.015954808135772,L22,0.03655688327864881
104,0.6827725494801459,1.2089001627328195,L22,0.5261276132526737
107,0.629357215854569,1.0016208839695722,L22,0.3722636681150031
109,0.7839168873008513,1.218914071570973,L22,0.4349971842701217
110,0.6467804761236623,1.1677786960139136,L22,0.5209982198902513
114,0.7312326354939324,1.1796327150301156,L22,0.4484000795361832
115,1.1014979245527465,1.1728854903038701,L22,0.0713875657511236
117,0.28954472567935013,1.0870595577961966,L22,0.7975148321168464
118,0.2101712831667066,1.0230132144510584,L22,0.8128419312843518
128,0.8872943588039185,1.145703051383018,L22,0.2584086925790995
130,0.6841193982817743,0.7552433267978905,L22,0.07112392851611626
136,0.9359341407856766,1.0881283716425603,L22,0.15219423085688366
138,0.9087666708935445,1.2429246581099345,L22,0.33415798721639
140,0.7048930667154103,1.1012235611272336,L22,0.39633049441182333
142,0.29514156776607436,1.2198656502887495,L22,0.9247240825226751
144,0.891227704561667,1.1259570826208076,L22,0.23472937805914063
149,0.8367405621293835,1.1568261698889666,L22,0.32008560775958306
152,0.6901155956744693,1.1771464996707957,L22,0.4870309039963263
153,1.2551642939869214,1.1292597794394248,L22,-0.12590451454749663
156,0.6432077247837954,1.1834085582474159,L22,0.5402008334636205
158,0.8600946061148779,1.206010481602952,L22,0.3459158754880741
159,0.1579046466798805,1.2368261017330753,L22,1.0789214550531947
160,0.7790383486821768,1.1894151711420073,L22,0.41037682245983054
162,0.6530496642775029,1.1671212693564217,L22,0.5140716050789188
163,0.9140437917779602,1.1220860671439437,L22,0.2080422753659834
165,0.22648245638413358,1.2344885726079695,L22,1.0080061162238358
167,1.1347096479701324,1.135875385563905,L22,0.0011657375937725867
168,0.15043109900369778,0.9784919654079399,L22,0.8280608664042421
170,0.4592243397606694,1.0522627003366674,L22,0.5930383605759979
172,0.8410237348247112,1.1694196567897501,L22,0.328395921965039
173,0.9230118646206784,1.2247713410536485,L22,0.3017594764329701
175,1.0157272710587588,1.1757311823110923,L22,0.16000391125233349
176,0.17951900580906224,0.9941576558299592,L22,0.814638650020897
180,0.9700089639938465,1.1879246834955708,L22,0.21791571950172428
181,0.26729765044023557,1.1745885752664074,L22,0.9072909248261718
182,0.8011523811655563,1.0496705152919068,L22,0.2485181341263505
183,0.9880631427830578,1.1720893276845077,L22,0.18402618490144984
184,0.8816144440479338,1.1647162222956275,L22,0.2831017782476938
185,1.0925170615387019,1.1913855179857205,L22,0.09886845644701858
186,1.1041694042140515,1.195026728833488,L22,0.09085732461943641
191,0.8785012139822495,1.1340482840350574,L22,0.25554707005280797
192,0.12450762782752835,1.0646953544726043,L22,0.940187726645076
193,0.7451459568321209,1.191139507134726,L22,0.445993550302605
196,1.063194785221475,1.1253973507080088,L22,0.06220256548653391
1,0.8338673775498968,1.1885524888457808,L23,0.354685111295884
2,0.7252411429266489,1.1748578894707045,L23,0.4496167465440556
3,0.6546547771217323,1.0714184443558163,L23,0.4167636672340841
4,0.8576133036782029,1.1303873398685045,L23,0.2727740361903016
8,0.7362042620679398,1.2313423523710019,L23,0.4951380903030621
9,0.6691748487795243,1.0527765143568986,L23,0.3836016655773743
11,1.0920143262461763,1.1468952297470956,L23,0.05488090350091923
15,1.1690965711449148,1.2140012254392158,L23,0.044904654294301016
16,0.7268507864663517,1.158240958247291,L23,0.4313901717809393
20,0.6772456497609872,1.2042986020465198,L23,0.5270529522855326
23,0.1310983565583746,0.921506811580875,L23,0.7904084550225003
24,1.1102937906837134,1.0116385234535687,L23,-0.09865526723014462
25,0.6970688484009058,1.1837547459045672,L23,0.4866858975036614
26,0.57184650286204,1.1715015599452934,L23,0.5996550570832534
31,0.2146191016516262,1.1220934992970428,L23,0.9074743976454166
36,0.08638761649654984,1.086466894916874,L23,1.0000792784203243
37,0.34724003509441526,1.1626249308389787,L23,0.8153848957445634
39,0.8518880039514606,1.0918862803585665,L23,0.23999827640710591
46,0.14073605010360538,1.0202232498857227,L23,0.8794871997821173
47,0.9159100122932685,1.0992745974080191,L23,0.18336458511475062
48,0.4754371596283147,1.111830147330105,L23,0.6363929877017904
50,1.1863048429436465,1.1882670661706733,L23,0.0019622232270268825
53,1.191185248550374,1.2318618077860712,L23,0.04067655923569724
54,0.7785557631586552,1.1326103339460627,L23,0.35405457078740754
56,0.558849843865364,1.1470747923379474,L23,0.5882249484725834
57,1.018341735955895,0.8830654292825858,L23,-0.13527630667330925
59,0.6405466607573775,1.1939746512862148,L23,0.5534279905288373
62,0.6524607811998125,1.1673901363698462,L23,0.5149293551700337
63,0.30274877111529364,0.8733031330638883,L23,0.5705543619485947
72,0.6894885257070972,0.7202387555463019,L23,0.030750229839204724
74,0.5387738306643229,0.8381168231365711,L23,0.29934299247224816
79,0.7638836653846749,1.1664132907103077,L23,0.40252962532563286
80,0.633347289616143,1.209558448773401,L23,0.5762111591572581
81,0.30315383661238543,1.1690504678482796,L23,0.8658966312358942
82,1.1659935181447123,1.1604801651736318,L23,-0.005513352971080465
83,0.12087997980065486,1.2079740833127592,L23,1.0870941035121044
84,0.6340330833301708,1.2054614117499212,L23,0.5714283284197503
87,0.7205767197897065,1.2165906002187916,L23,0.4960138804290851
89,0.11740650539890247,1.0696736808345575,L23,0.952267175435655
90,0.8287980465747067,1.232881980970395,L23,0.40408393439568835
91,1.1462676348426004,0.9613558394140259,L23,-0.1849117954285745
93,0.11006186207734982,0.9935522119417928,L23,0.883490349864443
98,0.14909815375332738,1.0808620701423122,L23,0.9317639163889848
99,0.22597395463680334,1.2003162770791527,L23,0.9743423224423493
100,0.9926191651083796,1.0280696087115577,L23,0.03545044360317817
104,0.6763987926238646,1.1972598585707348,L23,0.5208610659468702
107,0.6449282748576481,1.0073604497073334,L23,0.36243217484968526
109,0.7833660651197591,1.2261110134595576,L23,0.4427449483397985
110,0.6639660415681857,1.1741147262210119,L23,0.5101486846528261
114,0.7385536177157949,1.1817076457852795,L23,0.4431540280694847
115,1.10431707885722,1.1680634909550558,L23,0.06374641209783571
117,0.2833091184972477,1.0960724583883334,L23,0.8127633398910857
118,0.21374350648349064,1.0302827636748382,L23,0.8165392571913476
128,0.8805461385751976,1.1459833460210345,L23,0.2654372074458369
130,0.6917332668863737,0.7566178922449591,L23,0.06488462535858541
136,0.9740813193562999,1.0974353310668443,L23,0.12335401171054439
138,0.8829516999658723,1.236461737617448,L23,0.35351003765157574
140,0.6990337459657573,1.1144610181282133,L23,0.415427272162456
142,0.29084701870691304,1.2230606433908753,L23,0.9322136246839623
144,0.8896533240791152,1.1223627557509173,L23,0.23270943167180203
149,0.8556778414773694,1.1741351385733494,L23,0.31845729709598003
152,0.6799329685536599,1.1895326482729935,L23,0.5095996797193336
153,1.245717195464108,1.1252572400048204,L23,-0.12045995545928756
156,0.6625405833379355,1.192120984103543,L23,0.5295804007656074
158,0.8784141698323117,1.20528705752724,L23,0.3268728876949284
159,0.15456893396182067,1.2414093576458298,L23,1.0868404236840092
160,0.7978131908344083,1.2053450466478772,L23,0.40753185581346896
162,0.6560344779842557,1.1648126200398965,L23,0.5087781420556408
163,0.9144085232322249,1.1262420773701152,L23,0.2118335541378903
165,0.22370321939151805,1.2381424492708277,L23,1.0144392298793097
167,1.142198606061573,1.1405058506059491,L23,-0.0016927554556238622
168,0.14229738242478274,0.9988199441826433,L23,0.8565225617578606
170,0.47498909522507615,1.070035446066497,L23,0.5950463508414208
172,0.8660961345570188,1.1793268045120453,L23,0.31323066995502646
173,0.928604258927884,1.225429815433891,L23,0.29682555650600695
175,1.0079859947904064,1.1894474010194291,L23,0.18146140622902274
176,0.18360126217325093,1.017092755473191,L23,0.8334914932999401
180,0.9669017946944986,1.1924807808340132,L23,0.22557898613951466
181,0.25702560169985905,1.1888621169855107,L23,0.9318365152856516
182,0.8068874038899713,1.052908690416653,L23,0.24602128652668165
183,0.9922653640918022,1.18013009361219,L23,0.18786472952038769
184,0.89395082972996,1.1766765445660134,L23,0.28272571483605347
185,1.1017799281605147,1.1954512296293993,L23,0.09367130146888458
186,1.1077205127129013,1.18679302043279,L23,0.07907250771988861
191,0.8876540492447499,1.1365938321980875,L23,0.24893978295333763
192,0.12531428338762027,1.0667954483096047,L23,0.9414811649219844
193,0.7389747777361096,1.1949156022946874,L23,0.45594082455857776
196,1.0453881558360727,1.1309219332395133,L23,0.08553377740344059
1,0.8414544980110373,1.1870677127576847,L24,0.3456132147466474
2,0.7260134468465778,1.1769918770705838,L24,0.4509784302240061
3,0.6909546908085596,1.0870138224411383,L24,0.39605913163257866
4,0.8850299580123279,1.126144752026962,L24,0.2411147940146342
8,0.7423834569932161,1.2483350979700212,L24,0.5059516409768051
9,0.7025256516405562,1.0596161033876879,L24,0.3570904517471316
11,1.1237556640142554,1.1440091308046378,L24,0.020253466790382424
15,1.1692637453819799,1.2236780533198155,L24,0.05441430793783564
16,0.7146831855246677,1.1629684436036154,L24,0.4482852580789477
20,0.7303765549275942,1.2175660724733717,L24,0.48718951754577744
23,0.14028667394844782,0.8871423627098719,L24,0.746855688761424
24,1.1335061284147432,1.0352840932990472,L24,-0.09822203511569594
25,0.6584215332419923,1.1841177023522482,L24,0.525696169110256
26,0.5455302655036134,1.1826392658824219,L24,0.6371090003788085
31,0.2195669914658996,1.1270192653748627,L24,0.9074522739089631
36,0.09713761073425886,1.109840218602183,L24,1.012702607867924
37,0.36301894662584683,1.1771641427662114,L24,0.8141451961403645
39,0.9038284397193221,1.0976772496024105,L24,0.1938488098830884
46,0.14876018001918734,1.0244518253925634,L24,0.8756916453733761
47,0.8949563567632491,1.1051774740328264,L24,0.21022111726957726
48,0.4658290995106843,1.10432794988406,L24,0.6384988503733756
50,1.1882880410042977,1.1861777626670567,L24,-0.0021102783372410894
53,1.1814130185252836,1.2417358886388674,L24,0.06032287011358384
54,0.8022781655481022,1.145157165809127,L24,0.3428790002610249
56,0.5823813876057786,1.1667443676021416,L24,0.584362979996363
57,1.0063374570273247,0.9114053149312941,L24,-0.09493214209603063
59,0.6530220580804117,1.2007287661201131,L24,0.5477067080397015
62,0.6513554447376192,1.1729731767072276,L24,0.5216177319696084
63,0.27681156147249725,0.8852149108124467,L24,0.6084033493399494
72,0.702601954478752,0.7401368819994266,L24,0.037534927520674666
74,0.5483233602774897,0.8299589432999996,L24,0.2816355830225099
79,0.7783647578584459,1.1829327704055925,L24,0.4045680125471466
80,0.6323181253393455,1.2151588204316723,L24,0.5828406950923268
81,0.30033849299240284,1.1628204886919353,L24,0.8624819956995324
82,1.1558308420649195,1.1628229026117365,L24,0.006992060546817003
83,0.12280884613829626,1.222589821207313,L24,1.0997809750690166
84,0.6342210920952039,1.2055194856264058,L24,0.5712983935312018
87,0.7175297216253393,1.2105159547938935,L24,0.49298623316855417
89,0.11317040967350432,1.0691693133182758,L24,0.9559989036447715
90,0.8233404201935431,1.2367639619558675,L24,0.4134235417623243
91,1.1027964643765888,0.959104130869276,L24,-0.1436923335073128
93,0.11411400811997133,1.0284120091370417,L24,0.9142980010170704
98,0.15422526048914853,1.071264744465177,L24,0.9170394839760285
99,0.22955642106194746,1.2114566788094578,L24,0.9819002577475104
100,1.028710513523016,1.0433962361154572,L24,0.014685722592441275
104,0.6755789627978138,1.18969090073076,L24,0.5141119379329461
107,0.649243283739087,0.992334445310593,L24,0.343091161571506
109,0.7807078351404952,1.232734084417077,L24,0.45202624927658186
110,0.6938483470221684,1.1860405409567227,L24,0.4921921939345544
114,0.7346042619247074,1.1779626161141092,L24,0.44335835418940184
115,1.1017493649776005,1.1623617148850256,L24,0.060612349907425145
117,0.26974150220947274,1.1068606844084066,L24,0.8371191821989339
118,0.2226088065795379,1.0469375175249784,L24,0.8243287109454405
128,0.8743544574218692,1.1453901741402068,L24,0.2710357167183376
130,0.6842533793002985,0.7551653505712743,L24,0.07091197127097582
136,1.0124167653929155,1.1049966373963944,L24,0.09257987200347895
138,0.8428432430289962,1.2308104057301088,L24,0.38796716270111264
140,0.6983726630778629,1.1296588173255302,L24,0.43128615424766725
142,0.28510306824436815,1.223870807298691,L24,0.9387677390543229
144,0.8812160728349159,1.121813758375869,L24,0.24059768554095307
149,0.8739082009301058,1.1797916267196076,L24,0.3058834257895018
152,0.6512514889891451,1.1995589274805303,L24,0.5483074384913852
153,1.2233145132763852,1.127056135057604,L24,-0.09625837821878114
156,0.6796104585842514,1.2010435597894882,L24,0.5214331012052368
158,0.895494159439932,1.2059492304159782,L24,0.3104550709760462
159,0.15213170580399885,1.2469779935731355,L24,1.0948462877691367
160,0.8041302010520491,1.218527566847022,L24,0.41439736579497277
162,0.657992535744517,1.1506578583109595,L24,0.49266532256644247
163,0.9122110479948821,1.1391140493347467,L24,0.22690300133986463
165,0.22899829655848752,1.2367369747859764,L24,1.0077386782274889
167,1.1471571368826599,1.1465151391854713,L24,-0.0006419976971885344
168,0.13294598960710896,1.0420552780752852,L24,0.9091092884681762
170,0.4989727341881647,1.08795107161922,L24,0.5889783374310553
172,0.8692046895691521,1.1885891963950446,L24,0.3193845068258925
173,0.9451513274951561,1.2228734210808039,L24,0.2777220935856478
175,1.0055402456301599,1.2036257710615332,L24,0.19808552543137337
176,0.18726875197932955,1.0388080266220514,L24,0.8515392746427218
180,0.9790784554306766,1.203565939103794,L24,0.22448748367311744
181,0.2503942180766846,1.200457909964917,L24,0.9500636918882325
182,0.8203726060833668,1.052637647320122,L24,0.23226504123675518
183,0.9848025295705088,1.1851230577370457,L24,0.2003205281665369
184,0.9035252137424207,1.1905627117855442,L24,0.2870374980431235
185,1.0782304754202758,1.1995282214035354,L24,0.1212977459832596
186,1.114087743206188,1.1817112317695042,L24,0.06762348856331624
191,0.9305537019294907,1.137491034572648,L24,0.2069373326431574
192,0.12794690503874864,1.0768438458499585,L24,0.9488969408112099
193,0.7253644940221821,1.1958682113869246,L24,0.4705037173647425
196,1.0158926910745676,1.135468382829809,L24,0.11957569175524152
1,0.8337028003240712,1.1845753273173953,L25,0.35087252699332416
2,0.7186967864568342,1.1752541023047511,L25,0.4565573158479169
3,0.6981960822830539,1.0872211110037686,L25,0.38902502872071476
4,0.896901030443961,1.1261417206546647,L25,0.2292406902107037
8,0.7359200759041434,1.2558042294129947,L25,0.5198841535088513
9,0.7158828826349319,1.0560822561712757,L25,0.3401993735363438
11,1.120054014403464,1.1436178959497212,L25,0.023563881546257104
15,1.1721053558009744,1.227572144321531,L25,0.05546678852055664
16,0.7099477978253462,1.1646667554346095,L25,0.4547189576092633
20,0.7580218834872176,1.2276528936819073,L25,0.4696310101946898
23,0.13682625741272497,0.8720697499739116,L25,0.7352434925611866
24,1.1129601210987414,1.0512317147463794,L25,-0.061728406352361986
25,0.6446167780105609,1.1934181956951395,L25,0.5488014176845786
26,0.5441963970884905,1.1863864738073704,L25,0.6421900767188798
31,0.21880683441113616,1.1340186183252947,L25,0.9152117839141586
36,0.09545479355890596,1.1210017815208524,L25,1.0255469879619463
37,0.3796475134975922,1.1786054255752112,L25,0.798957912077619
39,0.8983675109319034,1.0966326652690697,L25,0.1982651543371663
46,0.1484271783078899,1.0305712598256698,L25,0.8821440815177799
47,0.8825157010798912,1.105994908723626,L25,0.22347920764373486
48,0.4701724303445158,1.0927232479978706,L25,0.6225508176533547
50,1.1712371368362595,1.187322624721281,L25,0.0160854878850214
53,1.1718917055715368,1.2364635223367713,L25,0.06457181676523449
54,0.7877917407882419,1.148559225609352,L25,0.3607674848211101
56,0.6022932778918373,1.1705173997649099,L25,0.5682241218730726
57,0.994643099653764,0.9143601291102406,L25,-0.0802829705435234
59,0.6407872105330003,1.202821218723126,L25,0.5620340081901257
62,0.6634956877823401,1.1714190509038482,L25,0.5079233631215081
63,0.2760818449285832,0.8952227572492694,L25,0.6191409123206861
72,0.6967665894165377,0.7427823624300239,L25,0.04601577301348625
74,0.5486625709740782,0.8229254264435573,L25,0.27426285546947904
79,0.7763322749530583,1.1911717548364786,L25,0.4148394798834203
80,0.6379545490063491,1.2200903398470502,L25,0.5821357908407011
81,0.30930577775680307,1.1522532282111315,L25,0.8429474504543284
82,1.1513525892356637,1.1635106981306258,L25,0.01215810889496205
83,0.12048407742492351,1.229965269140991,L25,1.1094811917160676
84,0.6449959960842023,1.2052630105590354,L25,0.5602670144748331
87,0.7106548084290735,1.1995661604439796,L25,0.4889113520149061
89,0.11072639083933683,1.0674348167288787,L25,0.956708425889542
90,0.822403104351291,1.2353135303796545,L25,0.4129104260283635
91,1.0862392470383517,0.9477645752682542,L25,-0.13847467177009753
93,0.12201910995002647,1.0355721212865225,L25,0.913553011336496
98,0.15891706836947544,1.0607138575977964,L25,0.901796789228321
99,0.22601646459073907,1.2142632279286822,L25,0.9882467633379431
100,1.0232861974045424,1.04409889660857,L25,0.020812699204027618
104,0.6709362630519805,1.1663601612880088,L25,0.4954238982360283
107,0.6490891560282298,0.9938957552384352,L25,0.3448065992102054
109,0.7842181947157363,1.234208319719908,L25,0.4499901250041718
110,0.7137976395570421,1.1937067178026104,L25,0.4799090782455683
114,0.7293289619938004,1.1786304503647562,L25,0.44930148837095585
115,1.08629254849029,1.1520538059553078,L25,0.06576125746501771
117,0.2599330559682681,1.1062143748021356,L25,0.8462813188338675
118,0.22713484452568858,1.0467751034512944,L25,0.8196402589256059
128,0.8652984485959031,1.138496263911732,L25,0.2731978153158289
130,0.6675960905445982,0.7474846733934667,L25,0.07988858284886846
136,1.0276024049766868,1.107303144677246,L25,0.07970073970055935
138,0.8235340893464047,1.2275731324519636,L25,0.40403904310555894
140,0.6975209696338176,1.1315119023405715,L25,0.43399093270675393
142,0.28123177702897845,1.217529560211262,L25,0.9362977831822834
144,0.8838473443157356,1.1297019940394972,L25,0.2458546497237616
149,0.8787153913522099,1.1779757062176033,L25,0.2992603148653934
152,0.6427788480337533,1.2047847454226706,L25,0.5620058973889173
153,1.2162072976022813,1.1307280328537728,L25,-0.08547926474850853
156,0.6836534107386175,1.2052485718678896,L25,0.5215951611292721
158,0.9032952611781399,1.1982851365486686,L25,0.2949898753705288
159,0.15155338739793817,1.2488408482484987,L25,1.0972874608505605
160,0.8007487558879566,1.222867572789999,L25,0.42211881690204234
162,0.6444527694450646,1.1451212738977454,L25,0.5006685044526809
163,0.9091366790113838,1.1428474661445263,L25,0.23371078713314242
165,0.23260096270003988,1.2363033080916612,L25,1.0037023453916214
167,1.1518307256727771,1.1489860350019925,L25,-0.002844690670784633
168,0.13607830576030908,1.0687451658778895,L25,0.9326668601175804
170,0.5133650838121497,1.1008160811188235,L25,0.5874509973066737
172,0.8819730762593837,1.1869784575812083,L25,0.30500538132182464
173,0.938806867172429,1.217050510477826,L25,0.27824364330539697
175,0.9991678646722879,1.207575191876756,L25,0.2084073272044682
176,0.18817271317521636,1.0477218996126811,L25,0.8595491864374648
180,0.9719497036286141,1.2036083165529035,L25,0.23165861292428935
181,0.2466858043157674,1.2019970549526013,L25,0.955311250636834
182,0.8226097436234645,1.047566770172508,L25,0.22495702654904348
183,0.9675022414689561,1.1819570532809707,L25,0.21445481181201453
184,0.9034394840827101,1.194214970496717,L25,0.29077548641400697
185,1.0776977317238787,1.2042433563143407,L25,0.12654562459046192
186,1.1294597294036581,1.1758596446271803,L25,0.04639991522352216
191,0.9624514614934285,1.1286601041810629,L25,0.16620864268763436
192,0.13102592771905996,1.071517271148375,L25,0.940491343429315
193,0.715907023336498,1.197035688350738,L25,0.48112866501424
196,1.0128562686807678,1.1413686018489906,L25,0.12851233316822275
1,0.8242856848023798,1.17963615351718,L26,0.35535046871480014
2,0.7178460422402039,1.1731502993658633,L26,0.4553042571256595
3,0.6893610790528077,1.0971068555435197,L26,0.407745776490712
4,0.8946982013916756,1.1239017501757047,L26,0.22920354878402915
8,0.7233905090818873,1.2564490620195967,L26,0.5330585529377094
9,0.7283727488411184,1.0706726409064744,L26,0.34229989206535605
11,1.1071920887208995,1.1457141853071602,L26,0.03852209658626071
15,1.1566045230803272,1.2222688170693436,L26,0.06566429398901641
16,0.7078741720560823,1.1540026280234121,L26,0.44612845596732986
20,0.7711493347403038,1.2315997008831925,L26,0.4604503661428887
23,0.15044465635170715,0.8514855154119414,L26,0.7010408590602343
24,1.0962039656356546,1.0648754982650106,L26,-0.031328467370643986
25,0.6209253652724166,1.1911600244146516,L26,0.570234659142235
26,0.5338826564350215,1.177178634081808,L26,0.6432959776467865
31,0.2202260870098277,1.1325444654984154,L26,0.9123183784885877
36,0.09625809239612097,1.1296200001088263,L26,1.0333619077127054
37,0.42143502941559047,1.1728050601712148,L26,0.7513700307556244
39,0.8843176323621443,1.091761539453178,L26,0.20744390709103377
46,0.14692062773624248,1.0380893801954714,L26,0.8911687524592289
47,0.8795734242347734,1.1108751109958306,L26,0.23130168676105722
48,0.4766287412464234,1.0914443612579243,L26,0.6148156200115009
50,1.1476147628841742,1.1758362584814435,L26,0.028221495597269275
53,1.1793750512446064,1.233131842793743,L26,0.053756791549136596
54,0.7567009622302323,1.1489474392658594,L26,0.3922464770356271
56,0.6282405207856322,1.17810485132096,L26,0.5498643305353278
57,0.9913182609530354,0.9309097154186149,L26,-0.060408545534420544
59,0.6427531690634091,1.2061209291575752,L26,0.5633677600941661
62,0.6671341231157281,1.1778828781448316,L26,0.5107487550291036
63,0.2768235823030523,0.9001091713342506,L26,0.6232855890311984
72,0.7025156591085868,0.7465168102501017,L26,0.04400115114151493
74,0.5559669076658338,0.8398213921587264,L26,0.28385448449289263
79,0.7757611141778143,1.1907434210006476,L26,0.4149823068228332
80,0.6404094555313022,1.2180625276934265,L26,0.5776530721621242
81,0.32787335018837144,1.152181733303487,L26,0.8243083831151155
82,1.1281816303278995,1.142512208260801,L26,0.01433057793290149
83,0.11695918944647896,1.2343381970682208,L26,1.1173790076217418
84,0.6534888817989288,1.198310099127629,L26,0.5448212173287001
87,0.6994648033489792,1.197982281191699,L26,0.4985174778427197
89,0.10432045012584185,1.0779985379884427,L26,0.9736780878626008
90,0.8182924185869903,1.2351403366737024,L26,0.41684791808671207
91,1.0432231495759345,0.9477901170502232,L26,-0.09543303252571134
93,0.12383918154647935,1.0490757830765285,L26,0.9252366015300492
98,0.15607178052054102,1.056393513880397,L26,0.900321733359856
99,0.22206946972676866,1.2123161122919992,L26,0.9902466425652305
100,1.01007142530181,1.0506804613328975,L26,0.040609036031087564
104,0.6622344517719952,1.1771917627289408,L26,0.5149573109569455
107,0.6487470663380578,0.9959802996982439,L26,0.3472332333601861
109,0.778326580454626,1.2321458381350385,L26,0.45381925768041254
110,0.7160580874588192,1.1916733734089928,L26,0.47561528595017366
114,0.7412911783103766,1.1707899185113793,L26,0.42949874020100265
115,1.066709838969264,1.145943769695783,L26,0.07923393072651908
117,0.25426047213186664,1.1103707063015844,L26,0.8561102341697178
118,0.2261229203997485,1.0463595309475333,L26,0.8202366105477849
128,0.8516840916244423,1.1351599637398917,L26,0.28347587211544945
130,0.661421655773277,0.7344911778710287,L26,0.07306952209775164
136,1.0443084082088196,1.1109773718421876,L26,0.06666896363336794
138,0.7826753160272781,1.2224604123769565,L26,0.43978509634967833
140,0.7010802149545636,1.1293475914729496,L26,0.428267376518386
142,0.26887918310587305,1.2158155622630293,L26,0.9469363791571563
144,0.8661967554670339,1.1231191429643579,L26,0.256922387497324
149,0.8867085063635498,1.1809166170107843,L26,0.2942081106472345
152,0.6363232904291399,1.2071725677877518,L26,0.5708492773586119
153,1.1973378703990853,1.119280392652191,L26,-0.07805747774689431
156,0.6753357072607247,1.2034868168057575,L26,0.5281511095450329
158,0.8998636693730794,1.204942010432761,L26,0.3050783410596817
159,0.15010862178425174,1.2501765771756796,L26,1.1000679553914279
160,0.8174089404870694,1.2209110008409214,L26,0.40350206035385205
162,0.6444713908880835,1.1422729345974587,L26,0.49780154370937524
163,0.9125094574196362,1.145826146252757,L26,0.23331668883312084
165,0.23700336674694195,1.2327277319857808,L26,0.9957243652388388
167,1.1440574924491909,1.1508829386558943,L26,0.006825446206703445
168,0.13586112974697262,1.0952828723533488,L26,0.9594217426063761
170,0.5202308659482434,1.1122723626595483,L26,0.5920414967113049
172,0.8775726353715619,1.1876298271858545,L26,0.3100571918142926
173,0.9271662026329043,1.2084464052955073,L26,0.281280202662603
175,0.9970954906359356,1.2116532491362746,L26,0.21455775850033898
176,0.19022802700571084,1.0601031789364688,L26,0.8698751519307579
180,0.9890552513150926,1.1994665788452379,L26,0.21041132753014524
181,0.24036388835428757,1.2021465746521358,L26,0.9617826862978482
182,0.8283146283075341,1.0430085001166096,L26,0.2146938718090755
183,0.9469224919847162,1.1797889553154661,L26,0.2328664633307499
184,0.9218250540348354,1.1943548883011121,L26,0.27252983426627675
185,1.0807652098752705,1.2034507071242269,L26,0.12268549724895639
186,1.1507215342700368,1.17780430415254,L26,0.027082769882503133
191,0.9557560810706912,1.1299222529750603,L26,0.17416617190436912
192,0.13286034304229047,1.0726371895084992,L26,0.9397768464662087
193,0.7133103223723514,1.19933931967293,L26,0.4860289973005787
196,0.9983975192569291,1.1483953795967263,L26,0.14999786033979723
1,0.8579636241992242,1.200323634240979,L27,0.34236001004175487
2,0.7248050494194583,1.166875989102131,L27,0.44207093968267264
3,0.7162209283663575,1.1188189053437751,L27,0.4025979769774176
4,0.8847516473051359,1.1319354081345891,L27,0.24718376082945326
8,0.7360862462885577,1.2589836764879951,L27,0.5228974301994375
9,0.7364906997446712,1.0932330739481972,L27,0.35674237420352606
11,1.129703005948063,1.1747790207580644,L27,0.04507601481000134
15,1.160196543022946,1.2120791249694507,L27,0.05188258194650475
16,0.7277472508234223,1.1538349271022492,L27,0.42608767627882693
20,0.7913626711532045,1.2564893569539983,L27,0.46512668580079386
23,0.14949992275177854,0.8354021496115932,L27,0.6859022268598147
24,1.0758175077519363,1.0807227097957628,L27,0.004905202043826495
25,0.5995946391167456,1.2041400838911318,L27,0.6045454447743862
26,0.5110857601918849,1.1718802702750373,L27,0.6607945100831524
31,0.21600179997011204,1.1426853876456544,L27,0.9266835876755424
36,0.09896892637904013,1.141703167883462,L27,1.0427342415044218
37,0.44062829250697977,1.1819126767306045,L27,0.7412843842236247
39,0.8562082051006594,1.1181361421644767,L27,0.26192793706381723
46,0.14000913534510862,1.0447036474286076,L27,0.9046945120834989
47,0.8591256662700979,1.1091343932097295,L27,0.2500087269396316
48,0.4731595691158616,1.0936802807639026,L27,0.6205207116480409
50,1.0879275969332989,1.1775327840148946,L27,0.0896051870815957
53,1.173198628794431,1.2275953042998777,L27,0.0543966755054468
54,0.7197193041544154,1.1432732433718686,L27,0.4235539392174532
56,0.6633208621462281,1.1825985961439776,L27,0.5192777339977495
57,0.9815646083493986,0.9610965628192281,L27,-0.020468045530170564
59,0.6391582744426403,1.2285550327684995,L27,0.5893967583258592
62,0.6614069484511985,1.1858271971351277,L27,0.5244202486839292
63,0.26680508887404714,0.9092255796378639,L27,0.6424204907638167
72,0.7118675916292124,0.7609852836932416,L27,0.04911769206402916
74,0.5447409744989695,0.8502748632245348,L27,0.3055338887255653
79,0.8018529995643708,1.1963617990447675,L27,0.39450879948039663
80,0.6436427408797734,1.2268041649660046,L27,0.5831614240862313
81,0.34781172670007826,1.1711503562242833,L27,0.8233386295242051
82,1.1586889249975754,1.1487442460963184,L27,-0.009944678901256943
83,0.11264931784171159,1.2397077285550784,L27,1.1270584107133668
84,0.6631062267278391,1.2092058885932842,L27,0.546099661865445
87,0.7131517198075417,1.1966387171392985,L27,0.4834869973317568
89,0.09417380716631221,1.090689509145432,L27,0.9965157019791199
90,0.8415553519576058,1.2419900852112906,L27,0.40043473325368484
91,1.0055926264665505,0.9584914494576512,L27,-0.047101177008899264
93,0.12701493516190054,1.0657348878705313,L27,0.9387199527086307
98,0.1440763182679114,1.0514800279027101,L27,0.9074037096347987
99,0.21362164087918084,1.2360743683987772,L27,1.0224527275195963
100,0.9883156655101045,1.0778894400543368,L27,0.08957377454423232
104,0.6587952275796686,1.1775280594794533,L27,0.5187328318997847
107,0.6486770506905035,1.0079179616330824,L27,0.35924091094257893
109,0.78434323252563,1.2380216294054978,L27,0.4536783968798678
110,0.7056183610643528,1.1970002986446668,L27,0.491381937580314
114,0.7470304139252121,1.184264383226897,L27,0.437233969301685
115,1.0457649051951987,1.1432853599489818,L27,0.09752045475378313
117,0.25177602780858743,1.1167729843994647,L27,0.8649969565908773
118,0.23217093142393652,1.0438199920613898,L27,0.8116490606374532
128,0.8376758723527373,1.1292670032988923,L27,0.29159113094615496
130,0.6603178279654022,0.7298240830535432,L27,0.06950625508814101
136,1.0593030227685034,1.1308123208808316,L27,0.0715092981123282
138,0.7328386540917825,1.233539890634148,L27,0.5007012365423654
140,0.7013214518148835,1.1356188385357988,L27,0.43429738672091533
142,0.24805965239757183,1.204233500826388,L27,0.9561738484288163
144,0.8744674159209056,1.1370043102518343,L27,0.26253689433092875
149,0.8911220193754102,1.1837813909626012,L27,0.2926593715871909
152,0.6333789953692264,1.2175021711145528,L27,0.5841231757453265
153,1.1937208110951012,1.1292116934900664,L27,-0.06450911760503475
156,0.6521122186105349,1.2080318458143335,L27,0.5559196272037986
158,0.8849920965843088,1.1953610270964794,L27,0.3103689305121706
159,0.1467381136094266,1.261060793994615,L27,1.1143226803851884
160,0.8303522015234167,1.2200383712143825,L27,0.3896861696909658
162,0.6675215349030269,1.158762756717286,L27,0.4912412218142591
163,0.9417055778700466,1.1634271795125377,L27,0.2217216016424911
165,0.2269880374969253,1.2199133221167133,L27,0.992925284619788
167,1.1293901835921167,1.1555316075854725,L27,0.026141423993355728
168,0.1718486871914452,1.130829807208173,L27,0.9589811200167279
170,0.5273501236327064,1.131733947738905,L27,0.6043838241061986
172,0.9116479360430514,1.1837120288899075,L27,0.27206409284685606
173,0.9607086036041467,1.2168850003482716,L27,0.25617639674412496
175,0.9768886673119977,1.2154027629248607,L27,0.23851409561286296
176,0.18251981595873754,1.0778520562386185,L27,0.8953322402798809
180,1.0258791720669702,1.2068104531894972,L27,0.180931281122527
181,0.22784618716798716,1.2081287188267242,L27,0.9802825316587371
182,0.8470964189888845,1.041290976202299,L27,0.1941945572134145
183,0.9418391540167731,1.1846733300920362,L27,0.24283417607526314
184,0.9810345793380696,1.2057577343506558,L27,0.22472315501258622
185,1.0729954529317791,1.2088970197731357,L27,0.13590156684135657
186,1.1557325843771193,1.1945526100631363,L27,0.038820025686016946
191,0.9913562611657529,1.1168199296631094,L27,0.12546366849735646
192,0.13463532080511634,1.0780468707730986,L27,0.9434115499679823
193,0.7339925634589913,1.222040395829218,L27,0.48804783237022675
196,1.0253124109046603,1.1585685367868788,L27,0.13325612588221847
1,1.118382676261107,1.245841189289196,L28,0.12745851302808897
2,0.7681797573945766,1.1720217433341382,L28,0.40384198593956167
3,0.8669548607342406,1.1828709258119547,L28,0.3159160650777142
4,0.8453860235568506,1.1931811724541914,L28,0.34779514889734087
8,0.8392979616423389,1.2367931306520614,L28,0.3974951690097225
9,0.7548780377657612,1.1188123295898957,L28,0.3639342918241345
11,1.1110143875708567,1.2518181488339855,L28,0.14080376126312877
15,1.1641464047871277,1.149444294881144,L28,-0.01470210990598364
16,0.8400830968189842,1.1580946157467933,L28,0.3180115189278091
20,0.8339644057392612,1.2942945793183487,L28,0.46033017357908745
23,0.15004611978525897,0.7189157696821542,L28,0.5688696498968953
24,1.047944577474064,1.1063942582504571,L28,0.05844968077639301
25,0.7215004005940112,1.2388058613260886,L28,0.5173054607320774
26,0.4260060989619382,1.0986602914685213,L28,0.6726541925065831
31,0.2243494576582575,1.1614447446537082,L28,0.9370952869954506
36,0.1062251733972381,1.129361082961981,L28,1.0231359095647428
37,0.4655463211035128,1.2310342825187819,L28,0.7654879614152691
39,0.8895433149151244,1.1834425030407654,L28,0.293899188125641
46,0.14583291326501654,1.0668248512146907,L28,0.9209919379496742
47,0.8387154893236789,1.0725714843958996,L28,0.23385599507222066
48,0.5238698520849967,1.1327602645705976,L28,0.6088904124856009
50,1.0548751572166182,1.20054532876491,L28,0.14567017154829176
53,1.1635241830896355,1.2074815910663366,L28,0.04395740797670111
54,0.6279299423422036,1.0269913033306335,L28,0.3990613609884299
56,0.7429145463760818,1.1606356134916986,L28,0.41772106711561685
57,0.960398185866978,0.953188015803713,L28,-0.007210170063264965
59,0.7016801941101275,1.2892762758261123,L28,0.5875960817159848
62,0.6001418710643824,1.186640918175374,L28,0.5864990471109917
63,0.2653928509844658,0.8714308194211439,L28,0.6060379684366781
72,0.7936965942452042,0.8480107819492112,L28,0.05431418770400698
74,0.5408364693093245,0.8171422452792427,L28,0.27630577596991823
79,0.927370338260304,1.2018762866126982,L28,0.27450594835239417
80,0.690937118840357,1.2644334751820168,L28,0.5734963563416597
81,0.4471983985991817,1.1918428612177303,L28,0.7446444626185487
82,1.2716679152096821,1.197923386332366,L28,-0.0737445288773162
83,0.11238325790218791,1.2418975312379796,L28,1.1295142733357917
84,0.7581816282544257,1.2597583017564065,L28,0.5015766735019808
87,0.8008451451586519,1.183805591125069,L28,0.382960445966417
89,0.08568606555107955,1.1011248372267353,L28,1.0154387716756557
90,1.0387845810001968,1.2497683861158573,L28,0.2109838051156605
91,0.975532182040783,0.9596091431752777,L28,-0.01592303886550528
93,0.14872327224718127,1.0510052000046408,L28,0.9022819277574595
98,0.11454911561804747,0.9737603780573356,L28,0.8592112624392881
99,0.23463944400568754,1.250537696473995,L28,1.0158982524683073
100,0.9501231920648158,1.1155415154956918,L28,0.16541832343087604
104,0.6741495707345426,1.1927229208153007,L28,0.5185733500807581
107,0.7308996179893068,1.1030877154740084,L28,0.3721880974847016
109,0.9467131280100399,1.2574787292697132,L28,0.31076560125967323
110,0.8015244006203157,1.1695368642302064,L28,0.3680124636098907
114,0.7653477946362887,1.2776005912993813,L28,0.5122527966630926
115,1.0719254218079284,1.094147591062473,L28,0.022222169254544566
117,0.2622701935518141,1.179367806991141,L28,0.9170976134393269
118,0.2674242979751961,1.080395959068242,L28,0.8129716610930457
128,0.7593466420610783,1.0461328868680162,L28,0.28678624480693793
130,0.6800009578729728,0.7772694251733906,L28,0.09726846730041783
136,1.0517785408127762,1.1963268571872832,L28,0.14454831637450694
138,0.47605390492666444,1.262293112915736,L28,0.7862392079890715
140,0.6938284592003757,1.1423441646690713,L28,0.44851570546869557
142,0.2039547516173326,1.163993134178373,L28,0.9600383825610403
144,1.0214822549188272,1.167458996990596,L28,0.1459767420717688
149,0.9516209212148261,1.178694031939606,L28,0.22707311072477987
152,0.6310139693202723,1.217622434478346,L28,0.5866084651580736
153,1.203513124366675,1.1900698451825085,L28,-0.013443279184166546
156,0.6538061249685301,1.204336136474497,L28,0.550530011505967
158,0.860492870421422,1.1447330490792973,L28,0.2842401786578753
159,0.14343009097621562,1.3086523646449468,L28,1.1652222736687312
160,0.8430462986011559,1.198775390967838,L28,0.35572909236668215
162,0.777093266078245,1.1517655161703777,L28,0.3746722500921327
163,1.0525285429864133,1.2073663402505244,L28,0.15483779726411107
165,0.1880363917162679,1.1630489850308683,L28,0.9750125933146003
167,1.15182956061284,1.1284606009011657,L28,-0.023368959711674187
168,0.29464917169578286,1.1614795640442626,L28,0.8668303923484797
170,0.5620653617783559,1.1513476585579068,L28,0.5892822967795509
172,1.3695796931382171,1.1715060928426413,L28,-0.19807360029557586
173,1.2147690323766958,1.2535634299584,L28,0.03879439758170422
175,0.9454107547621433,1.2067746334713039,L28,0.26136387870916056
176,0.21338433460064196,1.138508232255197,L28,0.9251238976545549
180,1.0807524994673794,1.2237256577887652,L28,0.1429731583213858
181,0.2258557069950377,1.187533675226122,L28,0.9616779682310843
182,0.9591005480776441,1.0147081076788638,L28,0.05560755960121966
183,1.0551020374296123,1.2575768504372467,L28,0.20247481300763437
184,1.1730234962190513,1.2199875007177423,L28,0.04696400449869098
185,1.085798042057586,1.1941513848387952,L28,0.10835334278120934
186,1.1879798273481397,1.274452265853669,L28,0.08647243850552933
191,0.9930246141091233,1.0369005964298712,L28,0.04387598232074785
192,0.14068005513399015,1.0912798047096908,L28,0.9505997495757006
193,0.8766932763506242,1.2787814776634616,L28,0.4020882013128374
196,1.1171516664087737,1.198113319910336,L28,0.08096165350156226
1,0.9698394058195211,1.2169747372087036,L29,0.24713533138918253
2,0.711355033324167,1.1161423430140518,L29,0.40478730968988474
3,0.8201993189131906,1.1602750265012889,L29,0.34007570758809824
4,0.8885705189757394,1.161045083049956,L29,0.27247456407421655
8,0.82588262172281,1.2427554549953779,L29,0.41687283327256786
9,0.7359408944737792,1.1267860465698045,L29,0.39084515209602533
11,1.1705020474212255,1.226054635716182,L29,0.05555258829495635
15,1.1645630616525957,1.1597802354165654,L29,-0.004782826236030324
16,0.8076929093575271,1.1210372304721399,L29,0.31334432111461274
20,0.8218579837298027,1.292677371183044,L29,0.47081938745324126
23,0.14938319357960061,0.8038866288010081,L29,0.6545034352214075
24,1.2095893620186073,1.1058797892935464,L29,-0.10370957272506098
25,0.6014110596823333,1.2017410468221699,L29,0.6003299871398365
26,0.5281224235349338,1.1063461510328956,L29,0.5782237274979618
31,0.24026708463153365,1.1345612749068192,L29,0.8942941902752856
36,0.11281078801169159,1.1442701903597758,L29,1.0314594023480843
37,0.5161040316887835,1.1882030935732955,L29,0.672099061884512
39,0.9116519991379082,1.16637636385589,L29,0.25472436471798177
46,0.14670586274272954,1.0862651617485324,L29,0.9395592990058028
47,0.8347466107657991,1.0953672135082801,L29,0.260620602742481
48,0.5102479004621517,1.11832790338587,L29,0.6080800029237182
50,1.0168834534361193,1.188876955407898,L29,0.17199350197177865
53,1.1804972835663818,1.2233523335508432,L29,0.042855049984461324
54,0.7141834409742187,1.1000003854846325,L29,0.3858169445104138
56,0.827309295039856,1.2015733290395376,L29,0.37426403399968167
57,1.0482292090711725,0.9846167080362253,L29,-0.0636125010349472
59,0.6697745958701802,1.2579029482317028,L29,0.5881283523615226
62,0.6185484428069294,1.1837867374784181,L29,0.5652382946714887
63,0.2542246211093769,0.8912206790790017,L29,0.6369960579696248
72,0.7683099057957249,0.8419402958209425,L29,0.07363039002521765
74,0.5600799399822474,0.8309663488513849,L29,0.2708864088691375
79,0.9040711023879596,1.1780178851770369,L29,0.27394678278907725
80,0.6961791962798581,1.2234427374020196,L29,0.5272635411221614
81,0.39896213070974335,1.1966116308445662,L29,0.7976495001348229
82,1.2697261280774532,1.1288325061232043,L29,-0.14089362195424893
83,0.10664164762033929,1.2209797036467538,L29,1.1143380560264144
84,0.7270989324587865,1.2154475813969632,L29,0.48834864893817664
87,0.8073423886426755,1.178696001922724,L29,0.37135361328004846
89,0.12281551255711012,1.1115334575702873,L29,0.9887179450131772
90,0.9853021568597716,1.2570711541949873,L29,0.27176899733521565
91,1.0279287003631452,1.0127165086333707,L29,-0.015212191729774505
93,0.1417697483627586,1.0358835273712037,L29,0.8941137790084451
98,0.15551023943433398,1.0489231395839513,L29,0.8934129001496174
99,0.23883772553726065,1.2411772135544945,L29,1.0023394880172338
100,1.0351061276844524,1.0949414816282734,L29,0.059835353943821
104,0.6808975491337778,1.2245268612589304,L29,0.5436293121251526
107,0.7229037816560844,1.0735448894281552,L29,0.3506411077720708
109,0.8642037568439995,1.2619654291028881,L29,0.3977616722588886
110,0.752768119268267,1.1606427105477133,L29,0.40787459127944625
114,0.7144309207246214,1.2251330463742962,L29,0.5107021256496748
115,1.096473765864208,1.1147949666836119,L29,0.018321200819403805
117,0.23515666399275165,1.1494892256284879,L29,0.9143325616357363
118,0.2546405575063509,1.0727346940497022,L29,0.8180941365433514
128,0.8001615529948356,1.0914295892720591,L29,0.29126803627722353
130,0.7159121087827964,0.7819310245775289,L29,0.06601891579473251
136,1.1754319243613418,1.192522580076304,L29,0.017090655714962155
138,0.5642916468951253,1.2357223177419274,L29,0.6714306708468021
140,0.7308347413134296,1.160352657015889,L29,0.42951791570245945
142,0.23064916126401952,1.1606601305077562,L29,0.9300109692437366
144,0.9763282253489884,1.1343270712282092,L29,0.15799884587922075
149,0.9338756055796547,1.1823571989807995,L29,0.24848159340114484
152,0.6309624868006288,1.221292826657509,L29,0.5903303398568801
153,1.0628734737672785,1.1268375495515441,L29,0.06396407578426566
156,0.6662886910436941,1.2176548122720101,L29,0.551366121228316
158,0.8632898836960782,1.1567918874699656,L29,0.29350200377388747
159,0.1378487491729876,1.2661172301381887,L29,1.128268480965201
160,0.8433292802540165,1.2049531086561727,L29,0.3616238284021561
162,0.7155804045599975,1.1568722821401969,L29,0.4412918775801994
163,1.0007564540330085,1.1887851179997302,L29,0.1880286639667217
165,0.24674637728249574,1.1632593883750442,L29,0.9165130110925485
167,1.1967629001543296,1.1474619286858234,L29,-0.049300971468506205
168,0.2648081980177705,1.183496209899575,L29,0.9186880118818044
170,0.49333647987930335,1.1266705329466606,L29,0.6333340530673572
172,1.2557275719332255,1.1744275598093246,L29,-0.08130001212390092
173,1.106933119093896,1.214947932587101,L29,0.10801481349320508
175,1.0153881679514614,1.2170551582190736,L29,0.20166699026761226
176,0.2504436396822817,1.098284317696176,L29,0.8478406780138943
180,1.1177025243207679,1.1990954483709861,L29,0.08139292405021825
181,0.19087528408669074,1.2029180649161384,L29,1.0120427808294477
182,0.9159487792663332,1.0249880159454843,L29,0.10903923667915105
183,1.000205976414976,1.1811876712814444,L29,0.18098169486646842
184,1.0816638503116611,1.2103534387442203,L29,0.12868958843255918
185,1.0808809793854037,1.204190677993757,L29,0.12330969860835328
186,1.196986286708418,1.2544429476042314,L29,0.05745666089581336
191,1.025735338059961,1.0621251792066453,L29,0.03638984114668431
192,0.1325403605077064,1.099856600307167,L29,0.9673162397994606
193,0.889665104320934,1.2354171295208465,L29,0.34575202519991244
196,1.112494430056061,1.179093993380676,L29,0.06659956332461503
1,0.8574175490942629,1.200484027481803,L30,0.34306647838754
2,0.5782241389386821,1.026527303424902,L30,0.44830316448622
3,0.8832962525739502,1.1074637708073638,L30,0.22416751823341363
4,0.8761552944957519,1.1102783984286648,L30,0.2341231039329129
8,0.8008591867886744,1.208873415720779,L30,0.4080142289321046
9,0.7247163378111424,1.0556903235081863,L30,0.33097398569704384
11,1.032190500824613,1.20843570993639,L30,0.176245209111777
15,1.1769492792985445,1.1047365025051061,L30,-0.0722127767934384
16,0.7492540244268323,1.0774615508106296,L30,0.32820752638379724
20,0.7727531012482572,1.2583200681955444,L30,0.4855669669472872
23,0.14800206557295761,0.7313058707152755,L30,0.5833038051423179
24,1.0360751365600789,1.1010688642994684,L30,0.0649937277393895
25,0.4344925205123089,1.1440562293955723,L30,0.7095637088832634
26,0.5082776826904555,1.0576996384794533,L30,0.5494219557889978
31,0.28070529665129357,1.1016714596944597,L30,0.8209661630431662
36,0.12184906702073056,1.126152899803285,L30,1.0043038327825544
37,0.7073415033575456,1.1571016219948573,L30,0.4497601186373117
39,0.8256112999900086,1.1635555873702814,L30,0.3379442873802728
46,0.15006601278136203,0.9976170960172285,L30,0.8475510832358665
47,0.7609985420613236,1.069760831737177,L30,0.3087622896758534
48,0.41895476846347174,1.0280809038389926,L30,0.6091261353755208
50,0.9315338261211316,1.1768539841994061,L30,0.24532015807827456
53,1.075218270486501,1.1867831320641125,L30,0.11156486157761147
54,0.6669304442852025,1.0806038804835916,L30,0.41367343619838903
56,0.751187371131778,1.1642543578229978,L30,0.4130669866912198
57,1.0287401383079398,0.9781242495716329,L30,-0.05061588873630685
59,0.6758657906221095,1.2295345965863376,L30,0.5536688059642281
62,0.5579022192262802,1.163641388641868,L30,0.6057391694155877
63,0.24558142375412959,0.9101308126890582,L30,0.6645493889349285
72,0.7883315544521503,0.8703979299478267,L30,0.08206637549567641
74,0.565516509209171,0.7424841862044915,L30,0.17696767699532057
79,0.8865974547304275,1.1615715340677526,L30,0.2749740793373251
80,0.6495969018615692,1.184386942764372,L30,0.5347900409028029
81,0.30698953832182446,1.163711563213359,L30,0.8567220248915346
82,1.316774685689871,1.1165961681720131,L30,-0.20017851751785787
83,0.10781674984303154,1.1793476825842588,L30,1.0715309327412272
84,0.8071086534587967,1.1832946064895633,L30,0.37618595303076663
87,0.7399426600170186,1.0901997544666393,L30,0.3502570944496207
89,0.10557791134368821,1.14185770955895,L30,1.0362797982152618
90,1.0118438865380528,1.207109358221686,L30,0.19526547168363328
91,0.9080901408980311,0.9553196003580838,L30,0.04722945946005275
93,0.12611330122297412,1.0104747326212666,L30,0.8843614313982925
98,0.14392030328374547,0.9629669498817942,L30,0.8190466465980487
99,0.3359034900513516,1.2463721195014386,L30,0.910468629450087
100,1.0712348061573187,1.1225517944278,L30,0.05131698827048137
104,0.6030982016885944,1.0144244667745261,L30,0.41132626508593173
107,0.7388637086317614,1.1043440063683627,L30,0.3654802977366013
109,0.8106009596064354,1.2432152979321334,L30,0.43261433832569796
110,0.6176741003666925,1.1165517138911931,L30,0.49887761352450066
114,0.8287867998485368,1.2011135596961846,L30,0.37232675984764785
115,0.8812915156280602,1.0299151860186408,L30,0.14862367039058066
117,0.24994899511989027,1.0571169279365564,L30,0.8071679328166661
118,0.23394088302722862,1.0724705760516853,L30,0.8385296930244567
128,0.6772059358791969,1.0795515469597128,L30,0.4023456110805159
130,0.7089760327005876,0.6706014259832893,L30,-0.03837460671729831
136,1.156337200545628,1.1936731963963847,L30,0.03733599585075664
138,0.6409623173214078,1.144292624019194,L30,0.5033303066977861
140,0.7004126028736972,1.1343456827964828,L30,0.4339330799227856
142,0.21317933392735133,1.1006329230401792,L30,0.8874535891128279
144,0.9487789772710737,1.1137887302098197,L30,0.16500975293874598
149,0.9725219087610535,1.16620403272001,L30,0.19368212395895656
152,0.597542023031754,1.1680602846056405,L30,0.5705182615738865
153,1.0320538191155573,1.0966073173808186,L30,0.06455349826526136
156,0.780255278278783,1.1966163972017971,L30,0.4163611189230141
158,0.7927834254673993,1.0714236398275818,L30,0.2786402143601825
159,0.13121518402624885,1.1821737049498944,L30,1.0509585209236456
160,0.8383108290329432,1.1738767365145244,L30,0.3355659074815812
162,0.52697519714477,1.0857056701517347,L30,0.5587304730069647
163,1.002434117202047,1.170575329111491,L30,0.1681412119094441
165,0.20705138688516408,1.0999618318426603,L30,0.8929104449574962
167,1.1308850030050686,1.1222748192003593,L30,-0.008610183804709237
168,0.1702142351304634,1.1911247077135028,L30,1.0209104725830394
170,0.4253743234366277,1.0340015612907063,L30,0.6086272378540787
172,1.3660407713528986,1.1499653575222204,L30,-0.2160754138306782
173,1.094474332093056,1.1960148332003522,L30,0.10154050110729629
175,0.8860450634948758,1.124299224607148,L30,0.23825416111227216
176,0.23295741678765577,1.1007898834081769,L30,0.867832466620521
180,1.1179230989342697,1.169869397453553,L30,0.05194629851928334
181,0.19224930303643373,1.1922605099066608,L30,1.000011206870227
182,0.8181615442059441,1.0249011122059313,L30,0.20673956799998716
183,0.9242097613262551,1.1522439801038522,L30,0.2280342187775971
184,1.105561501984135,1.178756682023815,L30,0.07319518003967995
185,1.0184264613100031,1.1371492704210335,L30,0.11872280911103039
186,1.0436093332603293,1.1882618783273853,L30,0.14465254506705594
191,1.0183578851083501,0.9936052594104294,L30,-0.024752625697920694
192,0.1344926314494522,1.0654267293274957,L30,0.9309340978780435
193,0.9196243029709699,1.2241696867021783,L30,0.30454538373120843
196,1.1588139244630937,1.0901531374213453,L30,-0.06866078704174838
1,0.7598322966935448,1.1527301770687353,L31,0.39289788037519047
2,0.6932170152135808,1.082554663957809,L31,0.38933764874422816
3,0.7036960601290364,1.1348170306355327,L31,0.43112097050649634
4,0.8482606373992482,1.1232217473853765,L31,0.2749611099861283
8,0.7229615500626501,1.275329959073495,L31,0.5523684090108449
9,0.6822786617218566,1.0957562410218793,L31,0.4134775793000227
11,1.061753691729217,1.158869516173689,L31,0.09711582444447209
15,1.0941162447354347,1.1830101635523007,L31,0.08889391881686604
16,0.7011110183292175,1.1294167720369264,L31,0.42830575370770885
20,0.7136144158092295,1.264942831802549,L31,0.5513284159933196
23,0.14898684010601945,0.9071244334692486,L31,0.7581375933632292
24,1.1438888969432621,1.134747826039307,L31,-0.009141070903955217
25,0.5033432237391481,1.1671828892039615,L31,0.6638396654648134
26,0.5598282965040042,1.1564210802138182,L31,0.596592783709814
31,0.27763272895987573,1.0936089683968495,L31,0.8159762394369738
36,0.12647088083742716,1.1219136595011374,L31,0.9954427786637102
37,0.5104266875708388,1.171530624963503,L31,0.6611039373926642
39,0.9996188323461872,1.1136085695129259,L31,0.11398973716673866
46,0.15959282589188986,1.018049352862756,L31,0.8584565269708663
47,0.8193437441341277,1.092890279789106,L31,0.27354653565497833
48,0.4772898374064043,1.0386155890932447,L31,0.5613257516868404
50,1.000810870681179,1.1775211278229027,L31,0.17671025714172384
53,1.1163926469285246,1.2206707864535467,L31,0.10427813952502207
54,0.6810142602339504,1.1414895127713123,L31,0.4604752525373619
56,0.6307194427918136,1.2023744225462156,L31,0.571654979754402
57,1.0305764789988954,0.9412581106148998,L31,-0.08931836838399554
59,0.6238805142693112,1.2256453607525324,L31,0.6017648464832211
62,0.5778693674762324,1.1965554953709363,L31,0.6186861278947039
63,0.27398400466001577,0.9183419417010394,L31,0.6443579370410237
72,0.7732207863483386,0.8167770952935628,L31,0.04355630894522422
74,0.5235775113622456,0.8679563102469613,L31,0.3443787988847157
79,0.7788503671667178,1.1902056670718082,L31,0.41135529990509034
80,0.6264039968756732,1.1489500316515822,L31,0.522546034775909
81,0.3571096350721082,1.1690149382977564,L31,0.8119053032256482
82,1.1859806276766351,1.061358553443206,L31,-0.12462207423342919
83,0.11465716476279168,1.2246740558691942,L31,1.1100168911064026
84,0.6725521166064196,1.1742468537044997,L31,0.5016947370980801
87,0.6703409386058677,1.1644137417665719,L31,0.4940728031607041
89,0.11929504517808696,1.0937342565524413,L31,0.9744392113743543
90,0.8359848778941469,1.2489732110679606,L31,0.41298833317381367
91,1.1160474484047818,0.9970274924649069,L31,-0.11901995593987491
93,0.1267284260568607,1.0312964383945555,L31,0.9045680123376949
98,0.1677540301050829,1.0603609959493077,L31,0.8926069658442247
99,0.2674657684563055,1.2237239601185101,L31,0.9562581916622046
100,0.9462477337421744,1.1279151629474273,L31,0.18166742920525292
104,0.6188583430147219,1.1711308573959964,L31,0.5522725143812746
107,0.6391265031185681,0.9672374179741258,L31,0.32811091485555766
109,0.7638615724079445,1.2426743681956813,L31,0.47881279578773683
110,0.5998691465991258,1.1676460266471145,L31,0.5677768800479887
114,0.7156713269917269,1.1546854422089547,L31,0.4390141152172279
115,1.0557956935968051,1.117903850987948,L31,0.06210815739114284
117,0.2684609578342689,1.0727522485532437,L31,0.8042912907189748
118,0.23194070867769018,1.016692717217158,L31,0.7847520085394679
128,0.8238669811917919,1.1570123177773324,L31,0.33314533658554046
130,0.6515156322670469,0.6483931552576834,L31,-0.0031224770093635223
136,1.0338368063052197,1.1406092322127934,L31,0.10677242590757374
138,0.6964675955009029,1.195677250758829,L31,0.49920965525792604
140,0.7041968168185623,1.166015854600045,L31,0.4618190377814827
142,0.25901199341384323,1.16381153317856,L31,0.9047995397647166
144,0.84883592290622,1.0395379627304577,L31,0.19070203982423772
149,0.8674869306335726,1.1817201329300968,L31,0.3142332022965242
152,0.6729182824999492,1.2108342655295623,L31,0.5379159830296131
153,1.06289985649041,1.0658995849781134,L31,0.002999728487703468
156,0.600933355508171,1.2038605648935718,L31,0.6029272093854009
158,0.8321056339819171,1.1871351480267966,L31,0.3550295140448796
159,0.14309765394202265,1.2236329851017644,L31,1.0805353311597419
160,0.7954898892514936,1.2051502327737558,L31,0.4096603435222622
162,0.5850457469594067,1.134539041124852,L31,0.5494932941654452
163,0.9013073083048013,1.12836999108203,L31,0.22706268277722863
165,0.26881003002643344,1.1930534065841871,L31,0.9242433765577537
167,1.0264886148137677,1.1601528525843607,L31,0.133664237770593
168,0.17932374599849157,1.175273371017942,L31,0.9959496250194504
170,0.4690413783879926,1.1083153681565248,L31,0.6392739897685322
172,1.0233937543504201,1.1828178427562934,L31,0.1594240884058733
173,0.9151724672959669,1.1687656485563587,L31,0.25359318126039176
175,0.978009197832488,1.1692512908403967,L31,0.19124209300790873
176,0.1931494521988768,1.1055870340520895,L31,0.9124375818532127
180,1.0518754408467192,1.1509625277527173,L31,0.0990870869059981
181,0.2162305257193497,1.2282262067043013,L31,1.0119956809849515
182,0.7850240176711774,1.0444806403416245,L31,0.2594566226704471
183,0.8969881230919894,1.150323849640475,L31,0.2533357265484857
184,0.9952802556806555,1.2086280479213218,L31,0.21334779224066636
185,1.0396896847276242,1.2030154088974305,L31,0.16332572416980629
186,1.0389207910281315,1.1623946070319622,L31,0.12347381600383067
191,0.979624708922556,1.1324167295403544,L31,0.1527920206177984
192,0.12726952675427952,1.0653269714429212,L31,0.9380574446886417
193,0.7104031421897745,1.186633405046403,L31,0.4762302628566284
196,0.9971122415294135,1.1257069026019626,L31,0.12859466107254913
1,0.8828598169006435,1.1959541198602097,L24-L31,0.3130943029595662
2,0.70479215872926,1.1361897901967788,L24-L31,0.43139763146751875
3,0.7586099091076496,1.1219484310110428,L24-L31,0.3633385219033932
4,0.8774691639475863,1.1369812540387636,L24-L31,0.25951209009117726
8,0.7658477010605348,1.2479155032915403,L24-L31,0.48206780223100554
9,0.7226357393292272,1.084581126887925,L24-L31,0.3619453875586979
11,1.107020675079074,1.1816622804349788,L24-L31,0.0746416053559047
15,1.1572431447199911,1.1853211670044073,L24-L31,0.028078022284416138
16,0.74479918189526,1.140185365403797,L24-L31,0.39538618350853705
20,0.7741375438543588,1.2554428593114946,L24-L31,0.48130531545713573
23,0.1466844661885619,0.8259165600468756,L24-L31,0.6792320938583137
24,1.106998211987136,1.0850255942486222,L24-L31,-0.021972617738513778
25,0.5980381900211896,1.1905777541376203,L24-L31,0.5925395641164307
26,0.5196161976137927,1.1421514756551658,L24-L31,0.6225352780413731
31,0.237194535094742,1.128444273062008,L24-L31,0.8912497379672659
36,0.10689691654192666,1.127982875092688,L24-L31,1.0210859585507612
37,0.47551854072083627,1.18229461603671,L24-L31,0.7067760753158738
39,0.8961434043129073,1.1288988275336247,L24-L31,0.2327554232207174
46,0.1482893420111783,1.03832157183569,L24-L31,0.8900322298245117
47,0.8462469418291176,1.0952214620490595,L24-L31,0.24897452021994182
48,0.4770190248293137,1.0874950625990578,L24-L31,0.6104760377697441
50,1.0748963556391349,1.1838333532599739,L24-L31,0.10893699762083897
53,1.1551888485258626,1.2221518001505123,L24-L31,0.06696295162464971
54,0.7195685325695709,1.116877769515797,L24-L31,0.3973092369462261
56,0.6785458379711258,1.178350367216555,L24-L31,0.4998045292454292
57,1.0052259297785635,0.946869850788231,L24-L31,-0.05835607899033246
59,0.6558652258738987,1.23007314102075,L24-L31,0.5742079151468512
62,0.6247317630825888,1.179840855319704,L24-L31,0.5551090922371151
63,0.26696312226077096,0.8976120839905093,L24-L31,0.6306489617297384
72,0.7421638294343132,0.7959434301730421,L24-L31,0.053779600738728894
74,0.54846303040992,0.8251912144636122,L24-L31,0.27672818405369226
79,0.8286500511373873,1.1866101397770978,L24-L31,0.3579600886397105
80,0.6521802605767785,1.212666129992268,L24-L31,0.5604858694154896
81,0.3494486312925642,1.1699483500005312,L24-L31,0.820499718707967
82,1.2047754179099626,1.1402875836462838,L24-L31,-0.06448783426367877
83,0.1143000313724701,1.2241874986637236,L24-L31,1.1098874672912535
84,0.6950941909355753,1.2063807284067234,L24-L31,0.511286537471148
87,0.7324090232043934,1.1777272753562342,L24-L31,0.44531825215184084
89,0.10697069905437001,1.0941928047611804,L24-L31,0.9872221057068105
90,0.8971883496726999,1.2390162529776259,L24-L31,0.34182790330492596
91,1.0331812448955209,0.9672278771596305,L24-L31,-0.06595336773589033
93,0.12879024783351906,1.0384318374702863,L24-L31,0.9096415896367673
98,0.14937801451103574,1.0357329509148088,L24-L31,0.886354936403773
99,0.24601380303865517,1.2294901721346692,L24-L31,0.983476369096014
100,1.0066369576735292,1.0846268735763067,L24-L31,0.07798991590277748
104,0.6555685712216368,1.1641969988089895,L24-L31,0.5086284275873527
107,0.6784437710239499,1.029792811390626,L24-L31,0.35134904036667614
109,0.8141219074631133,1.2428054620222422,L24-L31,0.4286835545591289
110,0.7001447752445978,1.1728497807661524,L24-L31,0.4727050055215546
114,0.7470614572944089,1.1962725009744948,L24-L31,0.4492110436800859
115,1.0507503818161694,1.1200507806547215,L24-L31,0.0693003988385521
117,0.256443483577115,1.1123681198776276,L24-L31,0.8559246363005126
118,0.23699799376442218,1.053273261296498,L24-L31,0.8162752675320757
128,0.8111992477652319,1.1153049682459804,L24-L31,0.30410572048074846
130,0.6787492106508725,0.7306450394851506,L24-L31,0.051895828834278124
136,1.0701268841714864,1.147152667583678,L24-L31,0.07702578341219168
138,0.6949583458923204,1.219046143328608,L24-L31,0.5240877974362875
140,0.703445989960899,1.1411494385945422,L24-L31,0.4377034486336432
142,0.24875861512491726,1.1813183939380298,L24-L31,0.9325597788131126
144,0.9126441211229626,1.12084399584883,L24-L31,0.20819987472586754
149,0.9069949355262977,1.1789300921851387,L24-L31,0.27193515665884094
152,0.6370211730592336,1.2058535278845703,L24-L31,0.5688323548253368
153,1.1489900957640968,1.1232113188933273,L24-L31,-0.02577877687076957
156,0.6739994056241634,1.205034838139918,L24-L31,0.5310354325157547
158,0.8665396250177846,1.170577641112191,L24-L31,0.3040380160944065
159,0.14451543833913624,1.2484540622283404,L24-L31,1.1039386238892042
160,0.8216020495112626,1.208137497575577,L24-L31,0.3865354480643144
162,0.6523916057153889,1.1407121666388262,L24-L31,0.48832056092343734
163,0.9540736481027774,1.160788952461043,L24-L31,0.20671530435826568
165,0.22952935617659448,1.1931256186016115,L24-L31,0.963596262425017
167,1.1348002021478438,1.1450332402250676,L24-L31,0.010233038077223755
168,0.18571618289354302,1.1310358720237474,L24-L31,0.9453196891302045
170,0.5012170438829429,1.106638573011037,L24-L31,0.6054215291280942
172,1.0693925160022388,1.1782032953728119,L24-L31,0.10881077937057304
173,1.0128977439705313,1.2123183976880776,L24-L31,0.19942065371754625
175,0.9754431815364187,1.1944546602671684,L24-L31,0.21901147873074966
176,0.20476551892355632,1.0834568286026824,L24-L31,0.8786913096791261
180,1.0417770182513113,1.1946380398821819,L24-L31,0.15286102163087056
181,0.22381261471902986,1.2029585893937003,L24-L31,0.9791459746746705
182,0.8495785357780437,1.0366977212479302,L24-L31,0.1871191854698866
183,0.9646965394129734,1.1841093434860672,L24-L31,0.21941280407309383
184,1.0081691794241923,1.200326996792641,L24-L31,0.19215781736844884
185,1.0668105046789778,1.194328255845782,L24-L31,0.1275177511668042
186,1.1271872287002527,1.2011849361787013,L24-L31,0.07399770747844858
191,0.9821075064824194,1.0922426357473976,L24-L31,0.11013512926497815
192,0.13268138380633046,1.0776169103834008,L24-L31,0.9449355265770704
193,0.7856200286277907,1.2174106642715874,L24-L31,0.4317906356437967
196,1.0547538940467833,1.1471085317970906,L24-L31,0.09235463775030728
