representation,layer,group,k,queries,queries_with_same,same_fraction,same_expected,same_nearest_mean,other_nearest_mean,same_nearest_over_Tk_median,other_nearest_over_Tk_median,fraction_same_closer,original_radius_mean,excluded_radius_mean,random_removed_topk_mean
finals,0,C,5,397.0,356.0,0.10596977329974813,0.009337709589599001,0.6283159967177672,0.4148062833363327,1.0763235545215264,0.8846980870466179,0.2920646067415729,0.5505383996260884,0.5536629637504957,0.04691435768261971
finals,0,C,8,397.0,356.0,0.07445686397984885,0.009337709589599001,0.6283159967177672,0.4148062833363327,1.0409868455479538,0.8260843646660755,0.2920646067415729,0.5797174655898124,0.5835591797880728,0.07496431570109152
finals,0,C,10,397.0,356.0,0.06160159529806885,0.009337709589599001,0.6283159967177672,0.4148062833363327,1.031012789061764,0.8016675372095287,0.2920646067415729,0.5946368876414884,0.5961879851760377,0.09360201511335012
finals,0,C,15,397.0,356.0,0.04532045899804084,0.009337709589599001,0.6283159967177672,0.4148062833363327,1.0130053727689827,0.7534407201246313,0.2920646067415729,0.6076614602250829,0.608927780148966,0.13998530646515533
finals,0,C,20,397.0,356.0,0.03597607052896725,0.009337709589599001,0.6283159967177672,0.4148062833363327,1.0065953520690145,0.7229710574022228,0.2920646067415729,0.6163816008522772,0.6174540584542326,0.18648194794290512
finals,0,C,30,397.0,356.0,0.02716274839070813,0.009337709589599001,0.6283159967177672,0.4148062833363327,0.9998725879535457,0.6675723396861081,0.2920646067415729,0.6301895880954275,0.6316868212323409,0.2797124265323258
finals,0,C,40,397.0,356.0,0.024130457598656545,0.009337709589599001,0.6283159967177672,0.4148062833363327,0.9871905790919039,0.5975728983223944,0.2920646067415729,0.6473299220755351,0.6486097707729638,0.373176952141058
finals,0,I,5,397.0,356.0,0.02764483627204031,0.009337709589599001,1.0427837067653856,0.6369866401455205,1.1428160924238113,0.820410671264463,0.06331928838951319,0.8325676831347854,0.8345733557040563,0.046529177162048664
finals,0,I,8,397.0,356.0,0.0247166246851385,0.009337709589599001,1.0427837067653856,0.6369866401455205,1.0967802859459976,0.7419222262007891,0.06331928838951319,0.8811154068329384,0.8827619437332814,0.07465575146935347
finals,0,I,10,397.0,356.0,0.023480268681780037,0.009337709589599001,1.0427837067653856,0.6369866401455205,1.0794806452825172,0.7056346817966378,0.06331928838951319,0.9027341250322812,0.9042825643371868,0.09335957178841316
finals,0,I,15,397.0,356.0,0.021267842149454076,0.009337709589599001,1.0427837067653856,0.6369866401455205,1.053196418183536,0.6507351600450612,0.06331928838951319,0.9405838264810477,0.9419037029616946,0.13951091519731318
finals,0,I,20,397.0,356.0,0.019404911838790943,0.009337709589599001,1.0427837067653856,0.6369866401455205,1.0375470515808105,0.6253985257641566,0.06331928838951319,0.9604726001864461,0.9616109211725355,0.1860170025188917
finals,0,I,30,397.0,356.0,0.016346207668625868,0.009337709589599001,1.0427837067653856,0.6369866401455205,1.0197213072732538,0.5953300072551568,0.06331928838951319,0.9854855858241655,0.9866725830289889,0.2799653652392947
finals,0,I,40,397.0,356.0,0.014944374475230875,0.009337709589599001,1.0427837067653856,0.6369866401455205,1.0079131324160506,0.5760766077007157,0.06331928838951319,1.0057920985465971,1.0069149200864675,0.3734939126784215
finals,1,C,5,397.0,356.0,0.10613350125944589,0.009337709589599001,0.6797134440640453,0.4369503741368854,1.0743069092812905,0.8935281018462182,0.2686329588014983,0.577361770738022,0.5812171823139064,0.046911209068010086
finals,1,C,8,397.0,356.0,0.07328662888329138,0.009337709589599001,0.6797134440640453,0.4369503741368854,1.0452920215480712,0.8439063167794157,0.2686329588014983,0.6073537475244906,0.611055847169743,0.07459382871536528
finals,1,C,10,397.0,356.0,0.061807304785894294,0.009337709589599001,0.6797134440640453,0.4369503741368854,1.0326211304977477,0.8236743499654084,0.2686329588014983,0.623450978494788,0.6253161440683607,0.09338790931989924
finals,1,C,15,397.0,356.0,0.04530926392387348,0.009337709589599001,0.6797134440640453,0.4369503741368854,1.0127483953404661,0.7788433269444494,0.2686329588014983,0.6393353585625646,0.6407701703226559,0.14031591099916035
finals,1,C,20,397.0,356.0,0.036263643996641476,0.009337709589599001,0.6797134440640453,0.4369503741368854,1.0071133069285632,0.7467308361425995,0.2686329588014983,0.6496892514486511,0.6508920561629659,0.18671179680940392
finals,1,C,30,397.0,356.0,0.028187797369157486,0.009337709589599001,0.6797134440640453,0.4369503741368854,0.9985021030472313,0.6872285748914267,0.2686329588014983,0.6662819737961642,0.6681485678391919,0.2798163308144417
finals,1,C,40,397.0,356.0,0.023838685978169592,0.009337709589599001,0.6797134440640453,0.4369503741368854,0.9891093829156142,0.6303873831289059,0.2686329588014983,0.68214473995882,0.6835948331576006,0.37335957178841306
finals,1,I,5,397.0,356.0,0.02746851385390426,0.009337709589599001,1.069546168722815,0.6700124333929198,1.1352961979967329,0.8168302259147793,0.05868445692883902,0.8716907860610412,0.8739318773328204,0.04663203190596141
finals,1,I,8,397.0,356.0,0.023730058774139324,0.009337709589599001,1.069546168722815,0.6700124333929198,1.0924395220700154,0.7493129056971076,0.05868445692883902,0.9243328611230729,0.926033925535785,0.07429156171284636
finals,1,I,10,397.0,356.0,0.02281486146095717,0.009337709589599001,1.069546168722815,0.6700124333929198,1.0757293622993105,0.7207356860687132,0.05868445692883902,0.9468394589689522,0.948369341781504,0.09290931989924434
finals,1,I,15,397.0,356.0,0.02149034424853054,0.009337709589599001,1.069546168722815,0.6700124333929198,1.0505766152877922,0.6815613543500102,0.05868445692883902,0.9810638027659365,0.9823827297955817,0.13963581024349286
finals,1,I,20,397.0,356.0,0.01967044500419816,0.009337709589599001,1.069546168722815,0.6700124333929198,1.0360137034935362,0.6600758686724509,0.05868445692883902,1.000414987458166,1.0016506510464196,0.18652707808564234
finals,1,I,30,397.0,356.0,0.016495941785614383,0.009337709589599001,1.069546168722815,0.6700124333929198,1.018351111732067,0.6310345291436068,0.05868445692883902,1.028670774761151,1.0303309533030298,0.2798058354324097
finals,1,I,40,397.0,356.0,0.015205709487825384,0.009337709589599001,1.069546168722815,0.6700124333929198,1.007109539548423,0.6125339103831327,0.05868445692883902,1.0601589714109219,1.0627087292605126,0.3731685558354324
finals,2,C,5,397.0,356.0,0.09621326616288829,0.009337709589599001,0.7226783241519965,0.45090747980768575,1.0952560745711204,0.8711335511054993,0.24826779026217227,0.5928120534128759,0.5970365747456241,0.046613140218303935
finals,2,C,8,397.0,356.0,0.06552529387069689,0.009337709589599001,0.7226783241519965,0.45090747980768575,1.0557425956061244,0.8225100478138825,0.24826779026217227,0.6230794563008594,0.6277067621372707,0.07452560873215784
finals,2,C,10,397.0,356.0,0.05648194794290513,0.009337709589599001,0.7226783241519965,0.45090747980768575,1.0438505979102743,0.7976307584039579,0.24826779026217227,0.6451293519915745,0.6470151019378066,0.0930373635600336
finals,2,C,15,397.0,356.0,0.043004478029666886,0.009337709589599001,0.7226783241519965,0.45090747980768575,1.0218126417158835,0.7476642120141453,0.24826779026217227,0.6628921929699899,0.6644035928858651,0.13997271200671701
finals,2,C,20,397.0,356.0,0.03522879932829556,0.009337709589599001,0.7226783241519965,0.45090747980768575,1.011759354022739,0.7114399469368103,0.24826779026217227,0.6746289806983509,0.6761559337239208,0.1865701091519732
finals,2,C,30,397.0,356.0,0.02726210467394347,0.009337709589599001,0.7226783241519965,0.45090747980768575,1.000573954998786,0.6626210148938779,0.24826779026217227,0.6950428434861889,0.6967614907503179,0.2800472292191436
finals,2,C,40,397.0,356.0,0.023083018471872333,0.009337709589599001,0.7226783241519965,0.45090747980768575,0.9945594995083298,0.619859694792439,0.24826779026217227,0.7103844844206365,0.7118747274105853,0.37334172963895884
finals,2,I,5,397.0,356.0,0.026721242653232554,0.009337709589599001,1.082750672446148,0.6964968425327706,1.1382225317260906,0.8255536840195121,0.05756086142322105,0.8912865454733453,0.8935221985939649,0.046576406381192266
finals,2,I,8,397.0,356.0,0.02462741393786736,0.009337709589599001,1.082750672446148,0.6964968425327706,1.0950140708400689,0.7673984137530908,0.05756086142322105,0.9442156370011366,0.9461119407216328,0.07437342569269517
finals,2,I,10,397.0,356.0,0.023484466834592745,0.009337709589599001,1.082750672446148,0.6964968425327706,1.0779433040725686,0.7453801800841172,0.05756086142322105,0.9675452112551384,0.9692054006052735,0.09299433249370279
finals,2,I,15,397.0,356.0,0.020729079205149603,0.009337709589599001,1.082750672446148,0.6964968425327706,1.0524508891635833,0.7123880793260148,0.05756086142322105,1.001734036272233,1.0031484579784633,0.1397166246851385
finals,2,I,20,397.0,356.0,0.01857682619647356,0.009337709589599001,1.082750672446148,0.6964968425327706,1.0380534835279702,0.6930432078477451,0.05756086142322105,1.0221115187251373,1.02352237798198,0.18668345927791774
finals,2,I,30,397.0,356.0,0.016361600895606034,0.009337709589599001,1.082750672446148,0.6964968425327706,1.0197133702339463,0.6681899015408702,0.05756086142322105,1.0560583356372797,1.057944778257807,0.2802455919395467
finals,2,I,40,397.0,356.0,0.015240869017632235,0.009337709589599001,1.082750672446148,0.6964968425327706,1.0072428253471502,0.6537683197807989,0.05756086142322105,1.0910608226327936,1.0939838183918333,0.3735264483627204
finals,3,C,5,397.0,356.0,0.08434089000839634,0.009337709589599001,0.7592637775065312,0.4639162123232761,1.0995521366395233,0.8614542021715146,0.23038389513108598,0.6051320427440359,0.6090129023117447,0.046738035264483585
finals,3,C,8,397.0,356.0,0.05959802686817801,0.009337709589599001,0.7592637775065312,0.4639162123232761,1.0634958101360183,0.8023213283143827,0.23038389513108598,0.6361253588545763,0.6412746978841357,0.07436083123425696
finals,3,C,10,397.0,356.0,0.0503484466834593,0.009337709589599001,0.7592637775065312,0.4639162123232761,1.048264486446164,0.7754529191852693,0.23038389513108598,0.6598604520871437,0.6617808593149392,0.09308039462636435
finals,3,C,15,397.0,356.0,0.0384061013154211,0.009337709589599001,0.7592637775065312,0.4639162123232761,1.0290425832772998,0.7294297968222898,0.23038389513108598,0.6789027692560078,0.6806423485243969,0.13978274559193957
finals,3,C,20,397.0,356.0,0.033067800167926105,0.009337709589599001,0.7592637775065312,0.4639162123232761,1.0149710757347383,0.6973548715438106,0.23038389513108598,0.6908482121877293,0.6923698735557632,0.1868209487825357
finals,3,C,30,397.0,356.0,0.026367198432689677,0.009337709589599001,0.7592637775065312,0.4639162123232761,1.0015875964259715,0.6501385657705988,0.23038389513108598,0.7121686987933376,0.7135665823287566,0.28055940386230055
finals,3,C,40,397.0,356.0,0.022533060453400536,0.009337709589599001,0.7592637775065312,0.4639162123232761,0.99453591060503,0.6144185644451687,0.23038389513108598,0.728277169623279,0.7300373215005476,0.37377623845507985
finals,3,I,5,397.0,356.0,0.027812762384550785,0.009337709589599001,1.0974276896223585,0.7257686451127905,1.1331759095562182,0.8405916925090919,0.055781835205992544,0.9100509073890996,0.9121844016928411,0.04644941225860618
finals,3,I,8,397.0,356.0,0.02472712006717045,0.009337709589599001,1.0974276896223585,0.7257686451127905,1.0921885823175048,0.7955015356812137,0.055781835205992544,0.9602774015646004,0.9623658272177763,0.07425482787573467
finals,3,I,10,397.0,356.0,0.023329135180520592,0.009337709589599001,1.0974276896223585,0.7257686451127905,1.0760375091506522,0.7782606837708428,0.055781835205992544,0.9836155910479787,0.9854290935406098,0.09289462636439964
finals,3,I,15,397.0,356.0,0.020369437447522974,0.009337709589599001,1.0974276896223585,0.7257686451127905,1.0516262913793037,0.7495102304834266,0.055781835205992544,1.0179158997470135,1.0194369576661364,0.13987090680100753
finals,3,I,20,397.0,356.0,0.01853589420654921,0.009337709589599001,1.0974276896223585,0.7257686451127905,1.037583677268195,0.7315531785774186,0.055781835205992544,1.0406524066298837,1.0424173038531295,0.18674433249370279
finals,3,I,30,397.0,356.0,0.016952840750070027,0.009337709589599001,1.0974276896223585,0.7257686451127905,1.0192789156229043,0.7096150683907898,0.055781835205992544,1.0860202600888103,1.0881578680893713,0.28068219983207393
finals,3,I,40,397.0,356.0,0.015841204869857226,0.009337709589599001,1.0974276896223585,0.7257686451127905,1.006917203093569,0.6961925725133135,0.055781835205992544,1.119597014305446,1.121955883995231,0.3737615449202351
finals,4,C,5,397.0,356.0,0.08845927791771628,0.009337709589599001,0.7897638227217857,0.4789720446707482,1.1074307114150632,0.8705957267635899,0.23930243445692864,0.6182661988814291,0.6221357564558654,0.046688706968933645
finals,4,C,8,397.0,356.0,0.06215365239294716,0.009337709589599001,0.7897638227217857,0.4789720446707482,1.0648556612428366,0.8221368673049193,0.23930243445692864,0.6467506869953541,0.6518344547967214,0.07436922753988245
finals,4,C,10,397.0,356.0,0.05155331654072211,0.009337709589599001,0.7897638227217857,0.4789720446707482,1.0528011430650908,0.8001247532698977,0.23930243445692864,0.6724707589775619,0.6745265314714078,0.09296389588581028
finals,4,C,15,397.0,356.0,0.038443884690735945,0.009337709589599001,0.7897638227217857,0.4789720446707482,1.0289873522859803,0.7504513096882589,0.23930243445692864,0.694397395585688,0.695866740052159,0.13985201511335013
finals,4,C,20,397.0,356.0,0.03250839630562549,0.009337709589599001,0.7897638227217857,0.4789720446707482,1.0161009951722657,0.7170204202001356,0.23930243445692864,0.7065930006446915,0.7080975840503893,0.1866026448362721
finals,4,C,30,397.0,356.0,0.026696753428491492,0.009337709589599001,0.7897638227217857,0.4789720446707482,1.0000985252362586,0.6696950315575914,0.23930243445692864,0.7273023477832781,0.7287099020499335,0.28045340050377837
finals,4,C,40,397.0,356.0,0.02292663727959699,0.009337709589599001,0.7897638227217857,0.4789720446707482,0.9917293776193558,0.6377709077174032,0.23930243445692864,0.7442682025018093,0.7460702428591575,0.3737090680100756
finals,4,I,5,397.0,356.0,0.030386230058774177,0.009337709589599001,1.1122966102290435,0.7541579431892299,1.1271928699312566,0.8526429220945075,0.05744382022471917,0.9286616613387608,0.9309400605775012,0.04628148614609578
finals,4,I,8,397.0,356.0,0.025726805205709462,0.009337709589599001,1.1122966102290435,0.7541579431892299,1.0885777944412172,0.8115265448485782,0.05744382022471917,0.9768809844674582,0.9791163070855702,0.07419815281276237
finals,4,I,10,397.0,356.0,0.023553736356003444,0.009337709589599001,1.1122966102290435,0.7541579431892299,1.0737628833079123,0.7956508844257033,0.05744382022471917,1.0004915062340758,1.0023782168922362,0.09279596977329979
finals,4,I,15,397.0,356.0,0.02078085642317366,0.009337709589599001,1.1122966102290435,0.7541579431892299,1.0498861429876718,0.7696812214493051,0.05744382022471917,1.0346417411229902,1.0362607414313334,0.140022040302267
finals,4,I,20,397.0,356.0,0.019324097397145287,0.009337709589599001,1.1122966102290435,0.7541579431892299,1.0358405968467108,0.752528229789274,0.05744382022471917,1.0584671980787144,1.06037796938815,0.1869227539882452
finals,4,I,30,397.0,356.0,0.0174755107752589,0.009337709589599001,1.1122966102290435,0.7541579431892299,1.0174592944097027,0.7323806314997195,0.05744382022471917,1.1142519846235344,1.1163635292541907,0.28053841309823674
finals,4,I,40,397.0,356.0,0.01633501259445842,0.009337709589599001,1.1122966102290435,0.7541579431892299,1.0052623272482395,0.7199405132131015,0.05744382022471917,1.1434613999245136,1.145115148155633,0.37358417296389584
finals,5,C,5,397.0,356.0,0.09416876574307301,0.009337709589599001,0.8049470452173202,0.4872405375905743,1.095260545620552,0.8803008127971064,0.25028089887640453,0.6237527824852183,0.6277275224409826,0.04701091519731319
finals,5,C,8,397.0,356.0,0.06343671284634764,0.009337709589599001,0.8049470452173202,0.4872405375905743,1.0623090346472635,0.8344640335693632,0.25028089887640453,0.6515673820682879,0.656336612282164,0.07457178841309826
finals,5,C,10,397.0,356.0,0.05324727120067174,0.009337709589599001,0.8049470452173202,0.4872405375905743,1.046491703109153,0.8090622162225134,0.25028089887640453,0.6754894641355871,0.6773481733029436,0.09320738874895043
finals,5,C,15,397.0,356.0,0.03998600615729064,0.009337709589599001,0.8049470452173202,0.4872405375905743,1.0248311751348522,0.7672764280340904,0.25028089887640453,0.6968760116911982,0.6984325845907561,0.13981947942905118
finals,5,C,20,397.0,356.0,0.03414777497900925,0.009337709589599001,0.8049470452173202,0.4872405375905743,1.015407413208795,0.731530454779427,0.25028089887640453,0.7089175994012735,0.7102853211033417,0.1864410159529807
finals,5,C,30,397.0,356.0,0.027285894206549137,0.009337709589599001,0.8049470452173202,0.4872405375905743,1.0039479893652152,0.6825527289672881,0.25028089887640453,0.7292940777506388,0.7308848200068039,0.28065491183879093
finals,5,C,40,397.0,356.0,0.023510180520570946,0.009337709589599001,0.8049470452173202,0.4872405375905743,0.9931375485524355,0.6523119295386104,0.25028089887640453,0.7469354329568941,0.7489055231010074,0.373595717884131
finals,5,I,5,397.0,356.0,0.03296809403862306,0.009337709589599001,1.1199132411579102,0.7706820254353869,1.1214455089914355,0.8608224788957478,0.06399812734082405,0.9384134141436495,0.9409369631848653,0.04632136859781694
finals,5,I,8,397.0,356.0,0.027424433249370293,0.009337709589599001,1.1199132411579102,0.7706820254353869,1.0862733225070995,0.8214470369333376,0.06399812734082405,0.9845707265319985,0.9870245505702493,0.07438287153652397
finals,5,I,10,397.0,356.0,0.025382031905961385,0.009337709589599001,1.1199132411579102,0.7706820254353869,1.071617158460733,0.8060089109463505,0.06399812734082405,1.0077891858380075,1.0099615547353646,0.09315071368597821
finals,5,I,15,397.0,356.0,0.022366358802126937,0.009337709589599001,1.1199132411579102,0.7706820254353869,1.0487476287081035,0.7810531316724462,0.06399812734082405,1.041738520965487,1.043504577083351,0.1398583123425693
finals,5,I,20,397.0,356.0,0.020368387909319927,0.009337709589599001,1.1199132411579102,0.7706820254353869,1.0348481778631855,0.7650648745888918,0.06399812734082405,1.0667821603474772,1.068991098341844,0.18697103274559196
finals,5,I,30,397.0,356.0,0.01843059054016236,0.009337709589599001,1.1199132411579102,0.7706820254353869,1.0164607170150708,0.7461067448032509,0.06399812734082405,1.128621921993824,1.1306769870798214,0.2801081024349286
finals,5,I,40,397.0,356.0,0.016749055415617133,0.009337709589599001,1.1199132411579102,0.7706820254353869,1.0043100519020318,0.7335340661232949,0.06399812734082405,1.1561057156707575,1.1575773069823445,0.37345927791771616
finals,6,C,5,397.0,356.0,0.09674643157010908,0.009337709589599001,0.814151703125446,0.48879621507072774,1.0842790884319273,0.8861051133806488,0.2584503745318354,0.6232464519765661,0.6270968556741299,0.046696053736356075
finals,6,C,8,397.0,356.0,0.06551217464315703,0.009337709589599001,0.814151703125446,0.48879621507072774,1.0549192412714068,0.8430110358027403,0.2584503745318354,0.6503162419146118,0.6548569991641208,0.07453715365239298
finals,6,C,10,397.0,356.0,0.054498320738874964,0.009337709589599001,0.814151703125446,0.48879621507072774,1.0432691207919675,0.8182764983080729,0.2584503745318354,0.673203435351713,0.6749698523571998,0.09336796809403862
finals,6,C,15,397.0,356.0,0.042031905961376875,0.009337709589599001,0.814151703125446,0.48879621507072774,1.0251527783865642,0.7756533160548588,0.2584503745318354,0.6931446523394619,0.6945864023038408,0.14003778337531486
finals,6,C,20,397.0,356.0,0.03549748110831234,0.009337709589599001,0.814151703125446,0.48879621507072774,1.014539227871518,0.7442350606426069,0.2584503745318354,0.7050139124804685,0.706311385728331,0.18693429890848026
finals,6,C,30,397.0,356.0,0.027851245452001076,0.009337709589599001,0.814151703125446,0.48879621507072774,1.0008360027658176,0.6954611307121165,0.2584503745318354,0.7248967380518404,0.7265224662002521,0.2805971872376155
finals,6,C,40,397.0,356.0,0.02381087321578501,0.009337709589599001,0.814151703125446,0.48879621507072774,0.9912527770637802,0.6661138592258848,0.2584503745318354,0.7441430000521969,0.7464508774828792,0.3736964735516373
finals,6,I,5,397.0,356.0,0.03492443324937027,0.009337709589599001,1.1230815782561157,0.7849813102853546,1.1185027446647535,0.8661262602293573,0.06352996254681656,0.9453529121553618,0.9481887825654336,0.046459907640638114
finals,6,I,8,397.0,356.0,0.02946053736356002,0.009337709589599001,1.1230815782561157,0.7849813102853546,1.082880062086655,0.8297185025463583,0.06352996254681656,0.9899663735052895,0.992717845050907,0.07420864819479424
finals,6,I,10,397.0,356.0,0.027157850545759882,0.009337709589599001,1.1230815782561157,0.7849813102853546,1.068614853980491,0.8154937704890387,0.06352996254681656,1.0134073026679105,1.0158468390550668,0.09292611251049537
finals,6,I,15,397.0,356.0,0.02361460957178831,0.009337709589599001,1.1230815782561157,0.7849813102853546,1.0472869867404417,0.7927043874263336,0.06352996254681656,1.0471920920115665,1.04892024111703,0.13986565910999163
finals,6,I,20,397.0,356.0,0.021561712846347617,0.009337709589599001,1.1230815782561157,0.7849813102853546,1.033473922117735,0.7773701253147494,0.06352996254681656,1.070990659975928,1.0735099015370502,0.18640952980688497
finals,6,I,30,397.0,356.0,0.01901903162608446,0.009337709589599001,1.1230815782561157,0.7849813102853546,1.014623061269012,0.7581474300884155,0.06352996254681656,1.141036469942989,1.1429404307707176,0.27960432409739716
finals,6,I,40,397.0,356.0,0.017350965575146926,0.009337709589599001,1.1230815782561157,0.7849813102853546,1.0021067806974449,0.7469641840578138,0.06352996254681656,1.1653250651652607,1.1665146451770285,0.3732315281276239
finals,7,C,5,397.0,356.0,0.09962636439966416,0.009337709589599001,0.8223500302685486,0.4924546320861816,1.0859491701435564,0.8859160933058448,0.25625000000000014,0.6258356216147344,0.6298213150642973,0.04671809403862304
finals,7,C,8,397.0,356.0,0.06750367338371123,0.009337709589599001,0.8223500302685486,0.4924546320861816,1.0538935489397447,0.8406882816094364,0.25625000000000014,0.6521731103372838,0.6566778843323987,0.07474286314021829
finals,7,C,10,397.0,356.0,0.056870277078085604,0.009337709589599001,0.8223500302685486,0.4924546320861816,1.0438499870642686,0.8150335919308385,0.25625000000000014,0.6752101611533925,0.6769545637293957,0.09342569269521415
finals,7,C,15,397.0,356.0,0.04428071648474664,0.009337709589599001,0.8223500302685486,0.4924546320861816,1.0244163218399975,0.7758815488115416,0.25625000000000014,0.6952260928049507,0.6967034338483075,0.14006192275398824
finals,7,C,20,397.0,356.0,0.03661418975650714,0.009337709589599001,0.8223500302685486,0.4924546320861816,1.0104491632824375,0.752122189895975,0.25625000000000014,0.7074323879590836,0.7087784382699461,0.18657850545759866
finals,7,C,30,397.0,356.0,0.02853064651553311,0.009337709589599001,0.8223500302685486,0.4924546320861816,0.9968618221611057,0.6975895192630123,0.25625000000000014,0.7275184919714821,0.7292770881960482,0.28044605373635606
finals,7,C,40,397.0,356.0,0.02398404701931151,0.009337709589599001,0.8223500302685486,0.4924546320861816,0.9891281924214301,0.6638365300511245,0.25625000000000014,0.7480803943675924,0.7505241746862213,0.3736177581863981
finals,7,I,5,397.0,356.0,0.03683879093198995,0.009337709589599001,1.1298187981592562,0.7992189420280854,1.1156292753489452,0.8718712780627239,0.06444288389513114,0.9543192906320205,0.9573609374942715,0.046415827036104106
finals,7,I,8,397.0,356.0,0.030948257766582752,0.009337709589599001,1.1298187981592562,0.7992189420280854,1.0813208002066397,0.8374321946254558,0.06444288389513114,0.9978791023027492,1.0007973499372533,0.07433459277917716
finals,7,I,10,397.0,356.0,0.028299748110831236,0.009337709589599001,1.1298187981592562,0.7992189420280854,1.0677695286214444,0.8242016654157596,0.06444288389513114,1.021110650140309,1.0237027892684025,0.09290722082283795
finals,7,I,15,397.0,356.0,0.02463616008956051,0.009337709589599001,1.1298187981592562,0.7992189420280854,1.0463057961613318,0.8024733638325452,0.06444288389513114,1.0545587525559836,1.0562783003626344,0.1398499160369438
finals,7,I,20,397.0,356.0,0.022350965575146934,0.009337709589599001,1.1298187981592562,0.7992189420280854,1.0327006052545051,0.7876335141630719,0.06444288389513114,1.0773077612617514,1.079987244669909,0.18662888329135183
finals,7,I,30,397.0,356.0,0.019410159529806802,0.009337709589599001,1.1298187981592562,0.7992189420280854,1.0136548396927547,0.7694429686975462,0.06444288389513114,1.1542416952042482,1.1561889002604255,0.2795056675062972
finals,7,I,40,397.0,356.0,0.01768261964735517,0.009337709589599001,1.1298187981592562,0.7992189420280854,1.0018235710529142,0.7585458042079029,0.06444288389513114,1.1763096473976575,1.1773005925454323,0.37323887489504615
finals,8,C,5,397.0,356.0,0.0923257766582704,0.009337709589599001,0.8332873552494977,0.5025643073520247,1.084314019628193,0.8805823749879246,0.2504213483146068,0.634786567344732,0.6391605846445099,0.046593198992443345
finals,8,C,8,397.0,356.0,0.06703400503778335,0.009337709589599001,0.8332873552494977,0.5025643073520247,1.0550127950139223,0.833048644700559,0.2504213483146068,0.6625170858148308,0.6670664178472767,0.0747040302267002
finals,8,C,10,397.0,356.0,0.05772670025188918,0.009337709589599001,0.8332873552494977,0.5025643073520247,1.0439213534077139,0.8136035194926715,0.2504213483146068,0.6842943924020074,0.6861030988517698,0.09316855583543242
finals,8,C,15,397.0,356.0,0.043789532605653485,0.009337709589599001,0.8332873552494977,0.5025643073520247,1.0213715555172744,0.7787288597369255,0.2504213483146068,0.7047605943123434,0.706202189650622,0.1399968513853905
finals,8,C,20,397.0,356.0,0.03677686817800171,0.009337709589599001,0.8332873552494977,0.5025643073520247,1.0093901476503564,0.7554952762939925,0.2504213483146068,0.7170429572254113,0.7186670878220724,0.18672019311502944
finals,8,C,30,397.0,356.0,0.028197593059053953,0.009337709589599001,0.8332873552494977,0.5025643073520247,0.9978739838664482,0.6999681034743672,0.2504213483146068,0.7375732307082365,0.7394794608546725,0.2800556255247691
finals,8,C,40,397.0,356.0,0.023728484466834576,0.009337709589599001,0.8332873552494977,0.5025643073520247,0.9877237165056179,0.6601015962350552,0.2504213483146068,0.7596260117139142,0.7621202873606993,0.37336167086481953
finals,8,I,5,397.0,356.0,0.038858102434928585,0.009337709589599001,1.1323474675937435,0.8121261638146307,1.1115816343206544,0.8773438050403103,0.06650280898876408,0.9614638412043186,0.9645164761590067,0.04644416456759023
finals,8,I,8,397.0,356.0,0.032903022670025144,0.009337709589599001,1.1323474675937435,0.8121261638146307,1.079160642136323,0.8448420312778882,0.06650280898876408,1.003408555187654,1.0064878863345466,0.07442590260285478
finals,8,I,10,397.0,356.0,0.030264483627204013,0.009337709589599001,1.1323474675937435,0.8121261638146307,1.0660188485398292,0.8316492376894687,0.06650280898876408,1.0259617586527854,1.0286404141876522,0.09296914357682623
finals,8,I,15,397.0,356.0,0.026036943744752284,0.009337709589599001,1.1323474675937435,0.8121261638146307,1.0452091021901901,0.8101910769204167,0.06650280898876408,1.0588353330772895,1.0606476369055486,0.1397774979009236
finals,8,I,20,397.0,356.0,0.02321053736356001,0.009337709589599001,1.1323474675937435,0.8121261638146307,1.0314544175331481,0.7959290178877854,0.06650280898876408,1.081822054716728,1.0846308879316668,0.18640323257766586
finals,8,I,30,397.0,356.0,0.01962496501539319,0.009337709589599001,1.1323474675937435,0.8121261638146307,1.0125036882856253,0.7778253328266991,0.06650280898876408,1.162369525603698,1.1642703882028003,0.2797386649874056
finals,8,I,40,397.0,356.0,0.017926637279596994,0.009337709589599001,1.1323474675937435,0.8121261638146307,1.000929190560711,0.7664218666030751,0.06650280898876408,1.1824632228722038,1.1834079738287786,0.37336376994122583
finals,9,C,5,397.0,356.0,0.1000251889168766,0.009337709589599001,0.8335550493295485,0.5071144487296232,1.0858321740863752,0.8855646112515648,0.25419007490636714,0.6369232807886929,0.6413752941391091,0.04647250209907643
finals,9,C,8,397.0,356.0,0.0701563811922754,0.009337709589599001,0.8335550493295485,0.5071144487296232,1.057435560238294,0.8456688237574279,0.25419007490636714,0.6649252576595136,0.6694708906398433,0.07473866498740557
finals,9,C,10,397.0,356.0,0.06052267002518888,0.009337709589599001,0.8335550493295485,0.5071144487296232,1.0445806647437341,0.8258487573845943,0.25419007490636714,0.6850865293902435,0.6871296007159067,0.09350860621326618
finals,9,C,15,397.0,356.0,0.04488105233697173,0.009337709589599001,0.8335550493295485,0.5071144487296232,1.0226248827920732,0.7863503129561366,0.25419007490636714,0.7050046895923878,0.706623789388987,0.14030016792611255
finals,9,C,20,397.0,356.0,0.036620486985726265,0.009337709589599001,0.8335550493295485,0.5071144487296232,1.0115895235352437,0.7625628407928737,0.25419007490636714,0.7170860952405402,0.7185724487537076,0.1870434508816121
finals,9,C,30,397.0,356.0,0.02854184158970049,0.009337709589599001,0.8335550493295485,0.5071144487296232,0.9996041241043885,0.7136901457464588,0.25419007490636714,0.7375048429884852,0.7394176519307483,0.28039567590260284
finals,9,C,40,397.0,356.0,0.023719563392107443,0.009337709589599001,0.8335550493295485,0.5071144487296232,0.9915566408678524,0.6721683246285356,0.25419007490636714,0.7581726712899681,0.7605586497072849,0.3732483207388749
finals,9,I,5,397.0,356.0,0.038249370277078046,0.009337709589599001,1.1315466245059052,0.8174738019844641,1.109494710859213,0.8802945285777385,0.06690074906367045,0.9627534465319858,0.9659082830446337,0.046568010075566796
finals,9,I,8,397.0,356.0,0.033154911838790886,0.009337709589599001,1.1315466245059052,0.8174738019844641,1.0782665017994781,0.8490187171716576,0.06690074906367045,1.0035961136552374,1.006796772369634,0.07449412258606211
finals,9,I,10,397.0,356.0,0.030468094038622984,0.009337709589599001,1.1315466245059052,0.8174738019844641,1.0655014368407603,0.8357862782318406,0.06690074906367045,1.0259520837505274,1.0286187315475794,0.0931643576826196
finals,9,I,15,397.0,356.0,0.025902602854743835,0.009337709589599001,1.1315466245059052,0.8174738019844641,1.0442032578700544,0.8147845411773812,0.06690074906367045,1.0585236369036213,1.0602940088754316,0.13991288832913512
finals,9,I,20,397.0,356.0,0.02307934508816122,0.009337709589599001,1.1315466245059052,0.8174738019844641,1.0303494888800893,0.8011972317851133,0.06690074906367045,1.0811474540651078,1.0839283449153312,0.18649664147774986
finals,9,I,30,397.0,356.0,0.019624965015393226,0.009337709589599001,1.1315466245059052,0.8174738019844641,1.0114482852221436,0.7832447347453028,0.06690074906367045,1.1620646499666603,1.1640089145974075,0.2798551637279597
finals,9,I,40,397.0,356.0,0.018106108312342585,0.009337709589599001,1.1315466245059052,0.8174738019844641,1.000341064895043,0.7721316263693888,0.06690074906367045,1.1821084228407035,1.1830505565892075,0.3731633081444165
finals,10,C,5,397.0,356.0,0.10250629722921918,0.009337709589599001,0.8350742614457457,0.5114718160904138,1.0867252166086263,0.8879249199883044,0.25400280898876415,0.6398915015819433,0.6447118988894129,0.04660894206549119
finals,10,C,8,397.0,356.0,0.07255457598656596,0.009337709589599001,0.8350742614457457,0.5114718160904138,1.0578082521303545,0.8481743939090427,0.25400280898876415,0.6676933282158547,0.6717229098483029,0.07478169605373633
finals,10,C,10,397.0,356.0,0.06171704450041984,0.009337709589599001,0.8350742614457457,0.5114718160904138,1.0453143042193769,0.8270930964122795,0.25400280898876415,0.6868920580407795,0.6889359711700784,0.09357472712006716
finals,10,C,15,397.0,356.0,0.045878813322138286,0.009337709589599001,0.8350742614457457,0.5114718160904138,1.0223387367593122,0.7880430852044804,0.25400280898876415,0.7071575510807899,0.7089761584085749,0.1402770780856423
finals,10,C,20,397.0,356.0,0.037349916036943716,0.009337709589599001,0.8350742614457457,0.5114718160904138,1.0106897854308483,0.7644319643366116,0.25400280898876415,0.7193647249469007,0.7208177479595642,0.1872250209907641
finals,10,C,30,397.0,356.0,0.028777637839350632,0.009337709589599001,0.8350742614457457,0.5114718160904138,0.9989110504770025,0.719261560111453,0.25400280898876415,0.7391293165652714,0.7410178946333424,0.28041981528127624
finals,10,C,40,397.0,356.0,0.02395675902602856,0.009337709589599001,0.8350742614457457,0.5114718160904138,0.9885081681011346,0.6817696666766061,0.25400280898876415,0.759798893849668,0.762139767542373,0.3736083123425693
finals,10,I,5,397.0,356.0,0.03869017632241813,0.009337709589599001,1.1367298088414997,0.8290042454326407,1.106975170263046,0.8843738277369211,0.06589419475655436,0.970468271617579,0.9736649481144394,0.04641162888329132
finals,10,I,8,397.0,356.0,0.03414672544080604,0.009337709589599001,1.1367298088414997,0.8290042454326407,1.0769407401880822,0.8538183970237507,0.06589419475655436,1.0102688668929487,1.0136193179025006,0.07443849706129302
finals,10,I,10,397.0,356.0,0.0313958858102435,0.009337709589599001,1.1367298088414997,0.8290042454326407,1.0642606412822775,0.8411837488518162,0.06589419475655436,1.0325354151025776,1.035228485857926,0.09320424013434088
finals,10,I,15,397.0,356.0,0.026446963336132088,0.009337709589599001,1.1367298088414997,0.8290042454326407,1.0432525107196402,0.8199851237936713,0.06589419475655436,1.065071121073069,1.0668363885409027,0.13958228379513019
finals,10,I,20,397.0,356.0,0.023436188077245994,0.009337709589599001,1.1367298088414997,0.8290042454326407,1.029348004142018,0.8060858717627722,0.06589419475655436,1.0875024022936646,1.090249801499217,0.18631612090680097
finals,10,I,30,397.0,356.0,0.020075566750629645,0.009337709589599001,1.1367298088414997,0.8290042454326407,1.01054718584539,0.7891881005777343,0.06589419475655436,1.1685706975426662,1.1705724125592696,0.2800430310663308
finals,10,I,40,397.0,356.0,0.01858259865659111,0.009337709589599001,1.1367298088414997,0.8290042454326407,0.9994879558725032,0.7783955938090102,0.06589419475655436,1.1885169770198398,1.189465985124793,0.37288937867338373
finals,11,C,5,397.0,356.0,0.1030520570948783,0.009337709589599001,0.8350322284295076,0.5165954357783487,1.0925111393933407,0.8872611326471669,0.2583333333333335,0.6422537510063833,0.6468507308884421,0.046620486985726295
finals,11,C,8,397.0,356.0,0.07274086901763226,0.009337709589599001,0.8350322284295076,0.5165954357783487,1.0652837390343373,0.8476260116145243,0.2583333333333335,0.6716067545244708,0.6753358777036174,0.07476070528967253
finals,11,C,10,397.0,356.0,0.0614588581024349,0.009337709589599001,0.8350322284295076,0.5165954357783487,1.0490867195274556,0.8296971732857269,0.2583333333333335,0.6898140072231951,0.6918567876691788,0.0935967674223342
finals,11,C,15,397.0,356.0,0.04488525048978447,0.009337709589599001,0.8350322284295076,0.5165954357783487,1.0266033411700475,0.7950762779804659,0.2583333333333335,0.7100066779176429,0.7118549041525805,0.14015113350125946
finals,11,C,20,397.0,356.0,0.037644836272040266,0.009337709589599001,0.8350322284295076,0.5165954357783487,1.0121403133520934,0.7674491980382379,0.2583333333333335,0.7226002855309056,0.7240951900284823,0.18727434928631406
finals,11,C,30,397.0,356.0,0.029040722082283685,0.009337709589599001,0.8350322284295076,0.5165954357783487,0.9984686850033809,0.7203746654188493,0.2583333333333335,0.7426769961312722,0.7445144133911022,0.28061397984886655
finals,11,C,40,397.0,356.0,0.023810348446683418,0.009337709589599001,0.8350322284295076,0.5165954357783487,0.9867147356021929,0.6853473639077344,0.2583333333333335,0.763471407612489,0.7657443640310793,0.37351805205709493
finals,11,I,5,397.0,356.0,0.0396263643996641,0.009337709589599001,1.1354121418983776,0.8358621472330048,1.1038815925299164,0.8860244724964701,0.07001404494382026,0.9733757877774099,0.9766853331563472,0.04637279596977327
finals,11,I,8,397.0,356.0,0.03521725440806043,0.009337709589599001,1.1354121418983776,0.8358621472330048,1.0743513882699527,0.8557315659341919,0.07001404494382026,1.012067006784077,1.0154386294623379,0.07412258606213266
finals,11,I,10,397.0,356.0,0.03232577665827033,0.009337709589599001,1.1354121418983776,0.8358621472330048,1.0621389311810885,0.8433634935278504,0.07001404494382026,1.034053218658107,1.036751317260211,0.09284844668345925
finals,11,I,15,397.0,356.0,0.0266596697453121,0.009337709589599001,1.1354121418983776,0.8358621472330048,1.0418670256708664,0.8228616736858113,0.07001404494382026,1.0662979222407956,1.0680215564980324,0.1396924853064652
finals,11,I,20,397.0,356.0,0.02360831234256929,0.009337709589599001,1.1354121418983776,0.8358621472330048,1.027924617471382,0.8099270317579953,0.07001404494382026,1.088457600451964,1.0911975323914906,0.1863958858102435
finals,11,I,30,397.0,356.0,0.020869717324377195,0.009337709589599001,1.1354121418983776,0.8358621472330048,1.0083858318761625,0.7938607677173636,0.07001404494382026,1.1693992830287734,1.171432066876067,0.279889798488665
finals,11,I,40,397.0,356.0,0.019193429890848015,0.009337709589599001,1.1354121418983776,0.8358621472330048,0.9976863476431573,0.7824621721232334,0.07001404494382026,1.1891593044647584,1.1901270701034965,0.372857892527288
finals,12,C,5,397.0,356.0,0.10325776658270368,0.009337709589599001,0.8379144014018832,0.522392635475206,1.1001964992426823,0.8865931893307545,0.25093632958801504,0.6476052928020308,0.6522893870444686,0.04663203190596142
finals,12,C,8,397.0,356.0,0.07272512594458438,0.009337709589599001,0.8379144014018832,0.522392635475206,1.0681882074085995,0.8489327029726078,0.25093632958801504,0.6769419553379609,0.6805729185895455,0.07469563392107473
finals,12,C,10,397.0,356.0,0.06220612930310663,0.009337709589599001,0.8379144014018832,0.522392635475206,1.0507833708842853,0.8295382342811398,0.25093632958801504,0.6952016503706788,0.697329729758001,0.09333648194794295
finals,12,C,15,397.0,356.0,0.045855023789532594,0.009337709589599001,0.8379144014018832,0.522392635475206,1.0274041345182867,0.7929801211730282,0.25093632958801504,0.7150789171493754,0.7170086370685425,0.14017317380352648
finals,12,C,20,397.0,356.0,0.03853589420654913,0.009337709589599001,0.8379144014018832,0.522392635475206,1.0133941162073412,0.7644136544563414,0.25093632958801504,0.7281005398797318,0.7295508739806394,0.18725965575146938
finals,12,C,30,397.0,356.0,0.028967954100195824,0.009337709589599001,0.8379144014018832,0.522392635475206,0.9982890115661183,0.72080706872087,0.25093632958801504,0.7484301771202706,0.7501383044875335,0.2805772460117549
finals,12,C,40,397.0,356.0,0.023609886649874026,0.009337709589599001,0.8379144014018832,0.522392635475206,0.9860706987038538,0.6871833016665848,0.25093632958801504,0.7684941623710357,0.770720009093052,0.37371641477749795
finals,12,I,5,397.0,356.0,0.04089420654911841,0.009337709589599001,1.1371466595940514,0.8430570832136195,1.1012551990050894,0.8880934976696887,0.07052902621722848,0.9779019058085047,0.9811201338216832,0.046460957178841356
finals,12,I,8,397.0,356.0,0.03554261125104951,0.009337709589599001,1.1371466595940514,0.8430570832136195,1.0723219820940577,0.8578037257372403,0.07052902621722848,1.015745856130411,1.0191519098033588,0.07425587741393783
finals,12,I,10,397.0,356.0,0.03257556675062971,0.009337709589599001,1.1371466595940514,0.8430570832136195,1.0603428938274886,0.8448027726050804,0.07052902621722848,1.0375510702321715,1.0403049453421935,0.09288623005877415
finals,12,I,15,397.0,356.0,0.02721242653232581,0.009337709589599001,1.1371466595940514,0.8430570832136195,1.040163796341039,0.8243361837750701,0.07052902621722848,1.069703320769724,1.0713665871998197,0.13981842989084806
finals,12,I,20,397.0,356.0,0.024193954659949602,0.009337709589599001,1.1371466595940514,0.8430570832136195,1.026656803515878,0.8121651050523954,0.07052902621722848,1.0916177897878228,1.0944248563517693,0.18642107472712008
finals,12,I,30,397.0,356.0,0.021159389868457827,0.009337709589599001,1.1371466595940514,0.8430570832136195,1.0077258735479242,0.7964556940937814,0.07052902621722848,1.1728161659001877,1.174905634463399,0.2800283375314862
finals,12,I,40,397.0,356.0,0.019312552476910168,0.009337709589599001,1.1371466595940514,0.8430570832136195,0.9970363382620216,0.7855804306012034,0.07052902621722848,1.1924394131087976,1.193401227845006,0.3731118807724601
finals,13,C,5,397.0,356.0,0.10284214945424014,0.009337709589599001,0.8384958665867278,0.5242788996040467,1.1049070799496201,0.8885229361915458,0.25706928838951326,0.6486174253611765,0.6536811214356213,0.046681360201511354
finals,13,C,8,397.0,356.0,0.0742863140218304,0.009337709589599001,0.8384958665867278,0.5242788996040467,1.0749815460750902,0.8492074965986406,0.25706928838951326,0.6781882967837972,0.6821223413541697,0.07457073887489507
finals,13,C,10,397.0,356.0,0.06253148614609573,0.009337709589599001,0.8384958665867278,0.5242788996040467,1.0530881714833424,0.8319648927983601,0.25706928838951326,0.6960780901685288,0.6983845708046676,0.0934624265323258
finals,13,C,15,397.0,356.0,0.04566610691295833,0.009337709589599001,0.8384958665867278,0.5242788996040467,1.0286515584213844,0.7932129389232521,0.25706928838951326,0.7158416703240575,0.7177894757117648,0.14040407220822837
finals,13,C,20,397.0,356.0,0.03861356003358522,0.009337709589599001,0.8384958665867278,0.5242788996040467,1.0158731418482871,0.7660353359598984,0.25706928838951326,0.7290050348518198,0.7305999705095138,0.1872218723761545
finals,13,C,30,397.0,356.0,0.0288378113630002,0.009337709589599001,0.8384958665867278,0.5242788996040467,0.9977431401902661,0.725127040431015,0.25706928838951326,0.7500215475274339,0.7516540349724475,0.2806412678421495
finals,13,C,40,397.0,356.0,0.023548488664987426,0.009337709589599001,0.8384958665867278,0.5242788996040467,0.9839997873215552,0.6881061217974593,0.25706928838951326,0.7700886452781214,0.772231321172381,0.3738203190596138
finals,13,I,5,397.0,356.0,0.04131821998320739,0.009337709589599001,1.1381692868544884,0.8487136305111277,1.0988570856204614,0.8903725322369342,0.07006086142322099,0.9812803890578766,0.9844728675176712,0.046437867338371165
finals,13,I,8,397.0,356.0,0.03578138119227539,0.009337709589599001,1.1381692868544884,0.8487136305111277,1.070641343454477,0.860421061956131,0.07006086142322099,1.0185887187547762,1.0220221524145703,0.07422124265323257
finals,13,I,10,397.0,356.0,0.03279806884970612,0.009337709589599001,1.1381692868544884,0.8487136305111277,1.058757242167495,0.8479760074733296,0.07006086142322099,1.0402917783912184,1.0431048547094324,0.09294185558354327
finals,13,I,15,397.0,356.0,0.02758046459557798,0.009337709589599001,1.1381692868544884,0.8487136305111277,1.0388112804141552,0.8281689061203767,0.07006086142322099,1.0723359679048177,1.0739788140951938,0.1398310243492863
finals,13,I,20,397.0,356.0,0.024572837951301427,0.009337709589599001,1.1381692868544884,0.8487136305111277,1.0253195265789006,0.8160732929361109,0.07006086142322099,1.0940006683647023,1.0968301587831624,0.18635810243492865
finals,13,I,30,397.0,356.0,0.021644976210467366,0.009337709589599001,1.1381692868544884,0.8487136305111277,1.0062463566762294,0.800481467045266,0.07006086142322099,1.1754190136461844,1.1775462499913183,0.2801102015113351
finals,13,I,40,397.0,356.0,0.0194285264483627,0.009337709589599001,1.1381692868544884,0.8487136305111277,0.9958540919840626,0.7900990978237682,0.07006086142322099,1.1950370746841594,1.1959737521200131,0.3730069269521411
finals,14,C,5,397.0,356.0,0.10471032745591942,0.009337709589599001,0.83633023563983,0.524788617552517,1.105065158139919,0.8893949244211473,0.25866104868913875,0.6487596977085145,0.6535361338059088,0.0466624685138539
finals,14,C,8,397.0,356.0,0.07480583543240972,0.009337709589599001,0.83633023563983,0.524788617552517,1.074770403627212,0.8462123726127869,0.25866104868913875,0.6791233296126146,0.6830187438625533,0.07471137699412256
finals,14,C,10,397.0,356.0,0.06295969773299755,0.009337709589599001,0.83633023563983,0.524788617552517,1.0547191718158389,0.8305224877073247,0.25866104868913875,0.6962458309677223,0.6986121283473032,0.0933837111670865
finals,14,C,15,397.0,356.0,0.046750629722921974,0.009337709589599001,0.83633023563983,0.524788617552517,1.029673909328986,0.7942956237978582,0.25866104868913875,0.7155293936183964,0.7175934001235161,0.14030961376994128
finals,14,C,20,397.0,356.0,0.03886859781696057,0.009337709589599001,0.83633023563983,0.524788617552517,1.0160502318256805,0.7647126705345058,0.25866104868913875,0.7289988550528899,0.7305836600162363,0.18752204030226696
finals,14,C,30,397.0,356.0,0.029198852504897784,0.009337709589599001,0.83633023563983,0.524788617552517,0.9983233884816161,0.72336281799858,0.25866104868913875,0.7505392595782738,0.7521928048626043,0.28062447523089845
finals,14,C,40,397.0,356.0,0.023867548278757277,0.009337709589599001,0.83633023563983,0.524788617552517,0.9808083188887091,0.688059325154119,0.25866104868913875,0.7704175851065852,0.7724525792001042,0.3738539042821159
finals,14,I,5,397.0,356.0,0.04295969773299744,0.009337709589599001,1.1398801035879118,0.8539933725884646,1.0965234105278372,0.8920261403696735,0.07212078651685397,0.9850755310582607,0.988330471048463,0.04645465994962217
finals,14,I,8,397.0,356.0,0.03691225860621326,0.009337709589599001,1.1398801035879118,0.8539933725884646,1.068690058806807,0.8625776946387287,0.07212078651685397,1.0222017714354892,1.025623527217744,0.07423068849706123
finals,14,I,10,397.0,356.0,0.034072208228379544,0.009337709589599001,1.1398801035879118,0.8539933725884646,1.056660715299704,0.85014657645643,0.07212078651685397,1.0437297886132668,1.0465311831928232,0.0928883291351805
finals,14,I,15,397.0,356.0,0.028588021270640942,0.009337709589599001,1.1398801035879118,0.8539933725884646,1.0364146545235926,0.8307441647015316,0.07212078651685397,1.0757798090324793,1.0774991774072684,0.13969773299748114
finals,14,I,20,397.0,356.0,0.025439756507136885,0.009337709589599001,1.1398801035879118,0.8539933725884646,1.0230626723752578,0.8187825649236629,0.07212078651685397,1.097525186366415,1.1004161347314496,0.1865291771620487
finals,14,I,30,397.0,356.0,0.022047299188357083,0.009337709589599001,1.1398801035879118,0.8539933725884646,1.0050815088306142,0.803100121190553,0.07212078651685397,1.1792076294548781,1.1813694941335795,0.2802718303946264
finals,14,I,40,397.0,356.0,0.01986670864819482,0.009337709589599001,1.1398801035879118,0.8539933725884646,0.9943602621034615,0.7928640019010954,0.07212078651685397,1.1989615172405281,1.1999356251529183,0.37378988245172123
finals,15,C,5,397.0,356.0,0.10828715365239293,0.009337709589599001,0.8359926691717204,0.5289442700399405,1.1044829086480232,0.8899932245578778,0.26467696629213505,0.6523176544487606,0.657478276617797,0.04671179680940386
finals,15,C,8,397.0,356.0,0.07774979009235936,0.009337709589599001,0.8359926691717204,0.5289442700399405,1.0706667417360274,0.8485798733186637,0.26467696629213505,0.683155380654773,0.6870596606849746,0.07459382871536523
finals,15,C,10,397.0,356.0,0.06508396305625527,0.009337709589599001,0.8359926691717204,0.5289442700399405,1.051231046277227,0.8295329769368696,0.26467696629213505,0.7000425329917004,0.7025561177638642,0.09344773299748113
finals,15,C,15,397.0,356.0,0.04826336411978738,0.009337709589599001,0.8359926691717204,0.5289442700399405,1.028959938074709,0.7971734582082679,0.26467696629213505,0.7193597760194866,0.721428102588238,0.14020361041141902
finals,15,C,20,397.0,356.0,0.03890743073047863,0.009337709589599001,0.8359926691717204,0.5289442700399405,1.013088730168028,0.7690590757983088,0.26467696629213505,0.7333576132124521,0.734865385405282,0.18752413937867338
finals,15,C,30,397.0,356.0,0.029313602015113287,0.009337709589599001,0.8359926691717204,0.5289442700399405,0.998215116874679,0.7268752195569611,0.26467696629213505,0.7546621945854776,0.7564148174022243,0.28041456759026034
finals,15,C,40,397.0,356.0,0.024181360201511317,0.009337709589599001,0.8359926691717204,0.5289442700399405,0.9804798184223927,0.6902376847898523,0.26467696629213505,0.7743719126711852,0.7765926069023324,0.3737017212426533
finals,15,I,5,397.0,356.0,0.04305205709487828,0.009337709589599001,1.1440367028100207,0.8619506652088167,1.094114534451964,0.8935931049390721,0.07329119850187266,0.9918203526886067,0.9950015094434868,0.046556465155331676
finals,15,I,8,397.0,356.0,0.03719825776658268,0.009337709589599001,1.1440367028100207,0.8619506652088167,1.06627027445758,0.8642403575465949,0.07329119850187266,1.0285790517786841,1.0318461929892024,0.07434298908480272
finals,15,I,10,397.0,356.0,0.03443324937027708,0.009337709589599001,1.1440367028100207,0.8619506652088167,1.0544525369334132,0.8521391643938081,0.07329119850187266,1.049636731245489,1.0523300202217365,0.09293240973971452
finals,15,I,15,397.0,356.0,0.02963336132101877,0.009337709589599001,1.1440367028100207,0.8619506652088167,1.0345935720842248,0.8337649040891655,0.07329119850187266,1.0810207008194181,1.0827619665783146,0.1399380772460118
finals,15,I,20,397.0,356.0,0.026454659949622227,0.009337709589599001,1.1440367028100207,0.8619506652088167,1.0217033228055508,0.8221842224935633,0.07329119850187266,1.1026344104250343,1.1055666064996985,0.18623425692695214
finals,15,I,30,397.0,356.0,0.02256367198432686,0.009337709589599001,1.1440367028100207,0.8619506652088167,1.004024735736333,0.807244597955707,0.07329119850187266,1.184129180720241,1.186318214987337,0.2802057094878253
finals,15,I,40,397.0,356.0,0.02045602434928637,0.009337709589599001,1.1440367028100207,0.8619506652088167,0.9932133489609524,0.7973769241107783,0.07329119850187266,1.203859295334468,1.204879929980463,0.3741267842149455
finals,16,C,5,397.0,356.0,0.11060873215785055,0.009337709589599001,0.8371831227643575,0.5290505218326446,1.1078295396268831,0.8882292191053442,0.25641385767790276,0.652514765994739,0.6576209301241818,0.046702350965575165
finals,16,C,8,397.0,356.0,0.07795445004198148,0.009337709589599001,0.8371831227643575,0.5290505218326446,1.0678331961475787,0.8440960950882294,0.25641385767790276,0.6854773463691081,0.6893392731234036,0.07463266162888328
finals,16,C,10,397.0,356.0,0.06552686817800167,0.009337709589599001,0.8371831227643575,0.5290505218326446,1.0501732455767185,0.8273986455183308,0.25641385767790276,0.7021795790466566,0.7046019933643457,0.0934844668345928
finals,16,C,15,397.0,356.0,0.04829834872656041,0.009337709589599001,0.8371831227643575,0.5290505218326446,1.030240429284182,0.7964503787437034,0.25641385767790276,0.7212346695287373,0.723286488755006,0.14021620486985728
finals,16,C,20,397.0,356.0,0.03890218303946264,0.009337709589599001,0.8371831227643575,0.5290505218326446,1.0143086919944102,0.7678793175770067,0.25641385767790276,0.7353364531990902,0.7369841758911203,0.1873698572628044
finals,16,C,30,397.0,356.0,0.029022530086761745,0.009337709589599001,0.8371831227643575,0.5290505218326446,0.9993877241419256,0.7317123801665775,0.25641385767790276,0.7574981331617733,0.7593950270205435,0.2804177162048699
finals,16,C,40,397.0,356.0,0.024333018471872393,0.009337709589599001,0.8371831227643575,0.5290505218326446,0.9802794463257222,0.6881427699577949,0.25641385767790276,0.7775995088162472,0.7797748269166864,0.3733165407220823
finals,16,I,5,397.0,356.0,0.0423257766582703,0.009337709589599001,1.1486180924232117,0.8674235333274123,1.0922985922666015,0.8935023549403401,0.07003745318352064,0.9974003889575134,1.0003596832430408,0.04664147774979014
finals,16,I,8,397.0,356.0,0.03696211167086481,0.009337709589599001,1.1486180924232117,0.8674235333274123,1.064430736705888,0.8650555438436618,0.07003745318352064,1.0336837841539248,1.0367619181188084,0.07440596137699411
finals,16,I,10,397.0,356.0,0.034284214945424,0.009337709589599001,1.1486180924232117,0.8674235333274123,1.0529131900139856,0.8531607346223018,0.07003745318352064,1.0543772380574878,1.056971319757144,0.09305835432409736
finals,16,I,15,397.0,356.0,0.029366078925272963,0.009337709589599001,1.1486180924232117,0.8674235333274123,1.033818781033048,0.8349835335315411,0.07003745318352064,1.085406569127297,1.0870677046232682,0.14001364399664148
finals,16,I,20,397.0,356.0,0.02623950461796807,0.009337709589599001,1.1486180924232117,0.8674235333274123,1.021074083805194,0.8238261900676423,0.07003745318352064,1.106904082602866,1.1098613559760753,0.1863979848866499
finals,16,I,30,397.0,356.0,0.022530786453960235,0.009337709589599001,1.1486180924232117,0.8674235333274123,1.0036160851350884,0.8089106151148561,0.07003745318352064,1.1883486200518065,1.1905326786458992,0.28022879932829553
finals,16,I,40,397.0,356.0,0.020715260285474393,0.009337709589599001,1.1486180924232117,0.8674235333274123,0.9929517580291033,0.7991053909690977,0.07003745318352064,1.2079288720264365,1.2089322996697311,0.37368807724601183
finals,17,C,5,397.0,356.0,0.1088832913518052,0.009337709589599001,0.8352850512361519,0.5275503530484309,1.105518846447257,0.8883415084846032,0.2619382022471912,0.6495583004355487,0.6545897012545157,0.046703400503778324
finals,17,C,8,397.0,356.0,0.07784949622166247,0.009337709589599001,0.8352850512361519,0.5275503530484309,1.0640630712915775,0.8487806988793899,0.2619382022471912,0.6831338316112409,0.6869384052393566,0.07481842989084801
finals,17,C,10,397.0,356.0,0.06633081444164562,0.009337709589599001,0.8352850512361519,0.5275503530484309,1.0477813289957687,0.8308462626579545,0.2619382022471912,0.6995507289377433,0.7018619546912994,0.09359571788413097
finals,17,C,15,397.0,356.0,0.04883711167086488,0.009337709589599001,0.8352850512361519,0.5275503530484309,1.0291706862379428,0.7968237976573296,0.2619382022471912,0.7186752492460589,0.7207553633901588,0.1403253568429891
finals,17,C,20,397.0,356.0,0.03952141057934508,0.009337709589599001,0.8352850512361519,0.5275503530484309,1.0156986450602086,0.7695860121309864,0.2619382022471912,0.7325514975476295,0.7343529373343249,0.18731213266162888
finals,17,C,30,397.0,356.0,0.029513014273719492,0.009337709589599001,0.8352850512361519,0.5275503530484309,0.9983077397540783,0.7302795838215582,0.2619382022471912,0.7554817676120653,0.7574639378394551,0.28052581863979853
finals,17,C,40,397.0,356.0,0.024059613769941236,0.009337709589599001,0.8352850512361519,0.5275503530484309,0.9798521541177435,0.6915058056256991,0.2619382022471912,0.7758785917520589,0.7779844072455162,0.3733406801007558
finals,17,I,5,397.0,356.0,0.04193115029387064,0.009337709589599001,1.1463835033358427,0.8662057736932461,1.0915793157025135,0.8937035436683033,0.06966292134831463,0.9959936832169693,0.9988361610268497,0.04663623005877417
finals,17,I,8,397.0,356.0,0.037494752308984025,0.009337709589599001,1.1463835033358427,0.8662057736932461,1.0636969847072324,0.8661651879629904,0.06966292134831463,1.032115095882668,1.0350277236078946,0.07434508816120908
finals,17,I,10,397.0,356.0,0.03496221662468517,0.009337709589599001,1.1463835033358427,0.8662057736932461,1.052369217781046,0.8538619908702408,0.06966292134831463,1.0524862850700496,1.0550102520607214,0.0931475650713686
finals,17,I,15,397.0,356.0,0.029699132381752095,0.009337709589599001,1.1463835033358427,0.8662057736932461,1.0328106765675895,0.835419710436192,0.06966292134831463,1.0832399895809073,1.0849071113904385,0.13997691015952982
finals,17,I,20,397.0,356.0,0.02684613769941231,0.009337709589599001,1.1463835033358427,0.8662057736932461,1.020193923526734,0.8240114072383763,0.06966292134831463,1.1046233619307293,1.1076321399071665,0.18666771620486985
finals,17,I,30,397.0,356.0,0.02306255247691015,0.009337709589599001,1.1463835033358427,0.8662057736932461,1.0028782152861002,0.8092186683773821,0.06966292134831463,1.1858164753009595,1.1880147162084234,0.28016897565071375
finals,17,I,40,397.0,356.0,0.021202246011754845,0.009337709589599001,1.1463835033358427,0.8662057736932461,0.9923086948891408,0.7995035942654916,0.06966292134831463,1.2054373497460986,1.2064847973792334,0.3739850965575148
finals,18,C,5,397.0,356.0,0.11051637279596975,0.009337709589599001,0.8324537829190954,0.5263566257517427,1.0993384444723102,0.8887888699364527,0.2615870786516856,0.6477250971051974,0.6527526479251905,0.04689126784214946
finals,18,C,8,397.0,356.0,0.07728536943744753,0.009337709589599001,0.8324537829190954,0.5263566257517427,1.064851776530973,0.8459775291912194,0.2615870786516856,0.6806220157739552,0.6841832407837802,0.07479114189756503
finals,18,C,10,397.0,356.0,0.06498530646515532,0.009337709589599001,0.8324537829190954,0.5263566257517427,1.0472210751264144,0.831303755311856,0.2615870786516856,0.6967160282275742,0.6991992750353369,0.09366078925272882
finals,18,C,15,397.0,356.0,0.04892107472712012,0.009337709589599001,0.8324537829190954,0.5263566257517427,1.0294207940028308,0.796956770848803,0.2615870786516856,0.7156711295987985,0.7176920535362121,0.14041876574307308
finals,18,C,20,397.0,356.0,0.03923803526448361,0.009337709589599001,0.8324537829190954,0.5263566257517427,1.0123573487465665,0.7693193265698927,0.2615870786516856,0.7299078161610109,0.7315258314721135,0.1872890428211587
finals,18,C,30,397.0,356.0,0.02954659949622162,0.009337709589599001,0.8324537829190954,0.5263566257517427,0.9953462279705163,0.725857907129025,0.2615870786516856,0.7529519520455661,0.7549155653640945,0.2803641897565072
finals,18,C,40,397.0,356.0,0.024191855583543274,0.009337709589599001,0.8324537829190954,0.5263566257517427,0.9768856678854969,0.6857787216579196,0.2615870786516856,0.7742922256146355,0.7764882239180545,0.37334382871536526
finals,18,I,5,397.0,356.0,0.042073887489504594,0.009337709589599001,1.1445116253571819,0.8640994140371312,1.0912898755891207,0.8931656406257781,0.07099719101123594,0.9940557305265014,0.9968518053724239,0.046453610411418975
finals,18,I,8,397.0,356.0,0.03689126784214944,0.009337709589599001,1.1445116253571819,0.8640994140371312,1.0638862847451398,0.8650088421792472,0.07099719101123594,1.0302212902820347,1.0329546827811165,0.07448572628043658
finals,18,I,10,397.0,356.0,0.03456549118387913,0.009337709589599001,1.1445116253571819,0.8640994140371312,1.0521520656960976,0.853209007786311,0.07099719101123594,1.0504415694974811,1.0528589144171907,0.09323572628043661
finals,18,I,15,397.0,356.0,0.029718723761544903,0.009337709589599001,1.1445116253571819,0.8640994140371312,1.0328442781608083,0.8343189931662824,0.07099719101123594,1.0808114344634696,1.082487281756781,0.13990239294710324
finals,18,I,20,397.0,356.0,0.02669710327455916,0.009337709589599001,1.1445116253571819,0.8640994140371312,1.020091293054885,0.8229452898595759,0.07099719101123594,1.1020754097837393,1.1050819202745117,0.1867222921914358
finals,18,I,30,397.0,356.0,0.022949902043101034,0.009337709589599001,1.1445116253571819,0.8640994140371312,1.0029790636055558,0.8077949758107474,0.07099719101123594,1.1831481446819372,1.185346814295574,0.28010705289672544
finals,18,I,40,397.0,356.0,0.02122795969773296,0.009337709589599001,1.1445116253571819,0.8640994140371312,0.9926508481066146,0.7981533024801561,0.07099719101123594,1.2027575840927465,1.2038022948744003,0.373639798488665
finals,19,C,5,397.0,356.0,0.11352225020990762,0.009337709589599001,0.8315779325061388,0.5266610846979122,1.100055175587041,0.8895462950751601,0.27125468164794014,0.6472133019955263,0.6523076681535922,0.04688287153652393
finals,19,C,8,397.0,356.0,0.07928998740554152,0.009337709589599001,0.8315779325061388,0.5266610846979122,1.0638729556981255,0.8488706481614935,0.27125468164794014,0.6805604403040275,0.6840188782158045,0.07489504617968094
finals,19,C,10,397.0,356.0,0.0673026868178002,0.009337709589599001,0.8315779325061388,0.5266610846979122,1.0475105957810444,0.8326963839687175,0.27125468164794014,0.6961165590346899,0.6985315878861053,0.09382241813602012
finals,19,C,15,397.0,356.0,0.04964315701091534,0.009337709589599001,0.8315779325061388,0.5266610846979122,1.0267412626155739,0.7983241651467132,0.27125468164794014,0.7155757046173269,0.7175919138159802,0.14059193954659951
finals,19,C,20,397.0,356.0,0.03961586901763226,0.009337709589599001,0.8315779325061388,0.5266610846979122,1.012081424449044,0.7679515362555441,0.27125468164794014,0.7298673794248736,0.7317309081631712,0.18723236775818644
finals,19,C,30,397.0,356.0,0.029380072767982036,0.009337709589599001,0.8315779325061388,0.5266610846979122,0.9955683128522466,0.7230464745523,0.27125468164794014,0.75351965196692,0.7556164691977654,0.2803568429890848
finals,19,C,40,397.0,356.0,0.02436922753988245,0.009337709589599001,0.8315779325061388,0.5266610846979122,0.9745481833937287,0.6858899517301134,0.27125468164794014,0.7747751755049721,0.7770254067017922,0.3733658690176323
finals,19,I,5,397.0,356.0,0.04174643157010909,0.009337709589599001,1.140449748100075,0.8607854910956151,1.09102877610218,0.8924863899809492,0.07179307116104867,0.9903355144032578,0.9930508847806073,0.04661523929471027
finals,19,I,8,397.0,356.0,0.03618020570948783,0.009337709589599001,1.140449748100075,0.8607854910956151,1.0638258802110083,0.8641805315092753,0.07179307116104867,1.0258902698956023,1.0285987313311704,0.07447208228379508
finals,19,I,10,397.0,356.0,0.03400713685978168,0.009337709589599001,1.140449748100075,0.8607854910956151,1.0518580933142982,0.8528161802259155,0.07179307116104867,1.0459619590942923,1.048291693085207,0.0932420235096558
finals,19,I,15,397.0,356.0,0.02971032745591946,0.009337709589599001,1.140449748100075,0.8607854910956151,1.0323941931135598,0.8345045201792148,0.07179307116104867,1.0758846295326632,1.0775281099684186,0.13981213266162884
finals,19,I,20,397.0,356.0,0.02664987405541567,0.009337709589599001,1.140449748100075,0.8607854910956151,1.0198493923104417,0.8228298499956103,0.07179307116104867,1.096963109281014,1.0999422859257115,0.18675797649034426
finals,19,I,30,397.0,356.0,0.023334033025468805,0.009337709589599001,1.140449748100075,0.8607854910956151,1.0030089205285069,0.8078087125910165,0.07179307116104867,1.1774580782482287,1.1796576345360694,0.2799433249370278
finals,19,I,40,397.0,356.0,0.021270465994962143,0.009337709589599001,1.140449748100075,0.8607854910956151,0.9922268595936823,0.7977695412419519,0.07179307116104867,1.197256012823891,1.19830275023139,0.37361041141897566
finals,20,C,5,397.0,356.0,0.11547858942065492,0.009337709589599001,0.8327457950569453,0.5323952077093472,1.0926658854923017,0.8898060507289094,0.26587078651685414,0.6526851764517766,0.6580293585017395,0.04662888329135177
finals,20,C,8,397.0,356.0,0.08138906381192278,0.009337709589599001,0.8327457950569453,0.5323952077093472,1.053440220598742,0.8513267026727155,0.26587078651685414,0.6863774427031711,0.6898457980698344,0.07488245172124265
finals,20,C,10,397.0,356.0,0.06977120067170445,0.009337709589599001,0.8327457950569453,0.5323952077093472,1.0407942632213436,0.8308286889381135,0.26587078651685414,0.7016790403476406,0.7040791707826749,0.09363350125944585
finals,20,C,15,397.0,356.0,0.04956479149174375,0.009337709589599001,0.8327457950569453,0.5323952077093472,1.0215726931015106,0.798461394977582,0.26587078651685414,0.7209289976285477,0.7230772282199793,0.14030331654072203
finals,20,C,20,397.0,356.0,0.04035054575986566,0.009337709589599001,0.8327457950569453,0.5323952077093472,1.0094601720911618,0.7729837497830164,0.26587078651685414,0.7357538642078519,0.7376771353786705,0.1873310243492863
finals,20,C,30,397.0,356.0,0.030175622726000485,0.009337709589599001,0.8327457950569453,0.5323952077093472,0.9927890847924556,0.7243701911620253,0.26587078651685414,0.7597676962044162,0.7618408947405937,0.28050797649034426
finals,20,C,40,397.0,356.0,0.024670969773299745,0.009337709589599001,0.8327457950569453,0.5323952077093472,0.9710473975725294,0.6902986475726861,0.26587078651685414,0.7814129357553733,0.7836856528991303,0.37347082283795136
finals,20,I,5,397.0,356.0,0.04251049538203188,0.009337709589599001,1.140210606261914,0.8622280617001669,1.0905204253233163,0.8929776949857278,0.07684925093632958,0.9909839348503068,0.9936187430284129,0.04656381192275401
finals,20,I,8,397.0,356.0,0.03688864399664145,0.009337709589599001,1.140210606261914,0.8622280617001669,1.0631726032482425,0.8646409230072123,0.07684925093632958,1.0261022281904135,1.0287368641587482,0.07447732997481106
finals,20,I,10,397.0,356.0,0.034370277078085675,0.009337709589599001,1.140210606261914,0.8622280617001669,1.0514441621396906,0.8529250159851747,0.07684925093632958,1.0457545079574222,1.0479977739848894,0.09321368597816963
finals,20,I,15,397.0,356.0,0.029913238175202986,0.009337709589599001,1.140210606261914,0.8622280617001669,1.031981153154217,0.8344713304175069,0.07684925093632958,1.07514682484248,1.0767695730647338,0.13985726280436608
finals,20,I,20,397.0,356.0,0.02697942905121752,0.009337709589599001,1.140210606261914,0.8622280617001669,1.0195118144203035,0.8233396162996193,0.07684925093632958,1.0960325899678358,1.0990043253244914,0.1864494122586062
finals,20,I,30,397.0,356.0,0.02337881332213827,0.009337709589599001,1.140210606261914,0.8622280617001669,1.0027852928205516,0.8080903076405281,0.07684925093632958,1.1761930916381031,1.1783975182192774,0.2802025608732158
finals,20,I,40,397.0,356.0,0.021249475230898405,0.009337709589599001,1.140210606261914,0.8622280617001669,0.9925096799135223,0.7980747723326947,0.07684925093632958,1.1959590291047562,1.1970064034905858,0.37340050377833756
finals,21,C,5,397.0,356.0,0.11536104114189755,0.009337709589599001,0.8324315548319962,0.5373528171247233,1.0810219093733116,0.8929146524417835,0.27766853932584257,0.6568781391389038,0.66229764913453,0.04673803526448364
finals,21,C,8,397.0,356.0,0.0824989504617968,0.009337709589599001,0.8324315548319962,0.5373528171247233,1.0492687401510628,0.8578706756624442,0.27766853932584257,0.6912879069342356,0.6945647551249023,0.07492128463476072
finals,21,C,10,397.0,356.0,0.06946683459277915,0.009337709589599001,0.8324315548319962,0.5373528171247233,1.0371675151286808,0.835093081394909,0.27766853932584257,0.7060370398158551,0.708569514406098,0.09359886649874057
finals,21,C,15,397.0,356.0,0.05107472712006728,0.009337709589599001,0.8324315548319962,0.5373528171247233,1.015417907984521,0.7981204585349467,0.27766853932584257,0.7261672463233556,0.7283525367561778,0.14046494542401344
finals,21,C,20,397.0,356.0,0.040660159529806915,0.009337709589599001,0.8324315548319962,0.5373528171247233,1.0049510537885415,0.7750905619452219,0.27766853932584257,0.7408439959906324,0.7428233215848146,0.18724601175482788
finals,21,C,30,397.0,356.0,0.031071928351525276,0.009337709589599001,0.8324315548319962,0.5373528171247233,0.9842290107241198,0.7288513129928105,0.27766853932584257,0.7653072266631665,0.7673445781199314,0.280357892527288
finals,21,C,40,397.0,356.0,0.02477329974811086,0.009337709589599001,0.8324315548319962,0.5373528171247233,0.9679304336705324,0.6943564117039147,0.27766853932584257,0.786957912383239,0.789096326094964,0.37384760705289677
finals,21,I,5,397.0,356.0,0.04144416456759021,0.009337709589599001,1.141775820841245,0.8640053446773021,1.0910432203570446,0.8931928327911963,0.0752574906367041,0.9925917554002998,0.9951480049755295,0.046773719563392116
finals,21,I,8,397.0,356.0,0.03601752728799328,0.009337709589599001,1.141775820841245,0.8640053446773021,1.063241759985128,0.8644971878741344,0.0752574906367041,1.0270698273548808,1.029573577643611,0.07442065491183886
finals,21,I,10,397.0,356.0,0.03370906801007557,0.009337709589599001,1.141775820841245,0.8640053446773021,1.0515949104836804,0.8527087115682549,0.0752574906367041,1.0460040788393747,1.0481552378697485,0.09310348446683459
finals,21,I,15,397.0,356.0,0.029619367478309604,0.009337709589599001,1.141775820841245,0.8640053446773021,1.0320875568311958,0.834345236220405,0.0752574906367041,1.0748410563344377,1.0764594277073518,0.13973866498740561
finals,21,I,20,397.0,356.0,0.027138958858102462,0.009337709589599001,1.141775820841245,0.8640053446773021,1.0195843425282003,0.8230028604969224,0.0752574906367041,1.0956560552036836,1.0986790905304376,0.1866099916036944
finals,21,I,30,397.0,356.0,0.023355723481668058,0.009337709589599001,1.141775820841245,0.8640053446773021,1.0029917013544984,0.8078985458061784,0.0752574906367041,1.1759839668339374,1.178174427087485,0.28009235936188076
finals,21,I,40,397.0,356.0,0.02102487405541561,0.009337709589599001,1.141775820841245,0.8640053446773021,0.9924211900628284,0.7978681510605478,0.0752574906367041,1.1958926829258547,1.1969344364547116,0.37372166246851385
finals,22,C,5,397.0,356.0,0.1103988245172125,0.009337709589599001,0.834637681621228,0.5417089625078261,1.0790912019284375,0.8933292398252264,0.27151217228464414,0.6616748153478029,0.6672644524867916,0.04681884970612934
finals,22,C,8,397.0,356.0,0.0787258606213266,0.009337709589599001,0.834637681621228,0.5417089625078261,1.0501560132204164,0.8551918048275415,0.27151217228464414,0.6974124167454654,0.7006493698933997,0.07475965575146935
finals,22,C,10,397.0,356.0,0.06758396305625526,0.009337709589599001,0.834637681621228,0.5417089625078261,1.0416610624637255,0.8327991697883429,0.27151217228464414,0.7114527896163158,0.7140561782070677,0.09359361880772465
finals,22,C,15,397.0,356.0,0.05066610691295843,0.009337709589599001,0.834637681621228,0.5417089625078261,1.0165310655884938,0.7973359046959195,0.27151217228464414,0.7318468206862812,0.734206306877848,0.14035579345088162
finals,22,C,20,397.0,356.0,0.04132976490344249,0.009337709589599001,0.834637681621228,0.5417089625078261,1.0021513381421658,0.7724071353904133,0.27151217228464414,0.7474302055184855,0.7494295759888662,0.18742548278757348
finals,22,C,30,397.0,356.0,0.030792751189476594,0.009337709589599001,0.834637681621228,0.5417089625078261,0.9838579939362718,0.7281949468067421,0.27151217228464414,0.7717290932498124,0.7737459226872893,0.28045025188916883
finals,22,C,40,397.0,356.0,0.025001574307304753,0.009337709589599001,0.834637681621228,0.5417089625078261,0.9671487534066283,0.6973478209249235,0.27151217228464414,0.7928883607798718,0.7952167510136658,0.3737846347607053
finals,22,I,5,397.0,356.0,0.04053736356003353,0.009337709589599001,1.1405531682989642,0.8637668089959286,1.091292335470864,0.8942706077117768,0.07579588014981273,0.9916720230215537,0.9941370366911398,0.04668555835432413
finals,22,I,8,397.0,356.0,0.035264483627203996,0.009337709589599001,1.1405531682989642,0.8637668089959286,1.062936677058535,0.8663918192816527,0.07579588014981273,1.025701350150609,1.028070071555162,0.07455604534005036
finals,22,I,10,397.0,356.0,0.03276238455079769,0.009337709589599001,1.1405531682989642,0.8637668089959286,1.0511921594181506,0.8543817133551398,0.07579588014981273,1.0440938075713764,1.0460550196009086,0.09314336691855583
finals,22,I,15,397.0,356.0,0.028909879652952712,0.009337709589599001,1.1405531682989642,0.8637668089959286,1.032399032534585,0.8358299901617513,0.07579588014981273,1.0720044028596336,1.0735517114367275,0.139801637279597
finals,22,I,20,397.0,356.0,0.02647565071368596,0.009337709589599001,1.1405531682989642,0.8637668089959286,1.0201075590381208,0.824278449136968,0.07579588014981273,1.0926458350023354,1.095641121755285,0.18646515533165411
finals,22,I,30,397.0,356.0,0.022940106353204544,0.009337709589599001,1.1405531682989642,0.8637668089959286,1.003388258025631,0.8088588805290464,0.07579588014981273,1.1724430509325996,1.1746213722493077,0.2805740973971453
finals,22,I,40,397.0,356.0,0.020863769941225904,0.009337709589599001,1.1405531682989642,0.8637668089959286,0.9928338054308228,0.798732541542901,0.07579588014981273,1.1923686162988258,1.193373617326087,0.3738444584382872
finals,23,C,5,397.0,356.0,0.1090931989924433,0.009337709589599001,0.8361741948573262,0.5485043853374675,1.0793034481408044,0.8944540757507886,0.2820458801498125,0.6679678073222832,0.6736943563300888,0.04674748110831233
finals,23,C,8,397.0,356.0,0.07712006717044506,0.009337709589599001,0.8361741948573262,0.5485043853374675,1.0447528559720716,0.8534307600980652,0.2820458801498125,0.7049413691768532,0.7081130224508798,0.07476805205709486
finals,23,C,10,397.0,356.0,0.06486565910999166,0.009337709589599001,0.8361741948573262,0.5485043853374675,1.0319513803288831,0.836399284214303,0.2820458801498125,0.7182142860454654,0.7208039534286043,0.09363769941225865
finals,23,C,15,397.0,356.0,0.049447243212986415,0.009337709589599001,0.8361741948573262,0.5485043853374675,1.0150932263078214,0.7994501643203674,0.2820458801498125,0.739194332712396,0.7414719585614936,0.14028967254408062
finals,23,C,20,397.0,356.0,0.04070528967254408,0.009337709589599001,0.8361741948573262,0.5485043853374675,0.9998532432802995,0.772858271451602,0.2820458801498125,0.7548224667170942,0.7569442005534379,0.18746431570109154
finals,23,C,30,397.0,356.0,0.031043940666106936,0.009337709589599001,0.8361741948573262,0.5485043853374675,0.9839268808438048,0.7303395194854488,0.2820458801498125,0.778887635841734,0.7809543886470691,0.2805205709487825
finals,23,C,40,397.0,356.0,0.025066645675902645,0.009337709589599001,0.8361741948573262,0.5485043853374675,0.9686980606485842,0.6984014349103086,0.2820458801498125,0.8003706695779005,0.8026958552950471,0.3737080184718724
finals,23,I,5,397.0,356.0,0.040856423173803516,0.009337709589599001,1.1408099966874021,0.8665155630450824,1.0912363338820896,0.8964997675692448,0.07743445692883892,0.993154176707239,0.9955822479822091,0.04661209068010074
finals,23,I,8,397.0,356.0,0.03501521830394624,0.009337709589599001,1.1408099966874021,0.8665155630450824,1.063754759460836,0.8691367833087471,0.07743445692883892,1.0270363216169387,1.0292930342360977,0.07455919395465992
finals,23,I,10,397.0,356.0,0.032090680100755685,0.009337709589599001,1.1408099966874021,0.8665155630450824,1.052238664295426,0.857320767343101,0.07743445692883892,1.045270621965284,1.0471315628904845,0.09310768261964733
finals,23,I,15,397.0,356.0,0.02769941225860625,0.009337709589599001,1.1408099966874021,0.8665155630450824,1.0334635812150659,0.8379747325150542,0.07743445692883892,1.0726834910456051,1.0741420315679424,0.1397407640638119
finals,23,I,20,397.0,356.0,0.0253148614609572,0.009337709589599001,1.1408099966874021,0.8665155630450824,1.0205436719505712,0.8256547958649275,0.07743445692883892,1.0931582198161665,1.0960177744522308,0.18641792611251048
finals,23,I,30,397.0,356.0,0.022788273159809695,0.009337709589599001,1.1408099966874021,0.8665155630450824,1.00363636416285,0.809673941428308,0.07743445692883892,1.1712027924454422,1.1733577285225179,0.28024139378673385
finals,23,I,40,397.0,356.0,0.02075514273719562,0.009337709589599001,1.1408099966874021,0.8665155630450824,0.9932337510947488,0.7996681903038217,0.07743445692883892,1.191347021355917,1.1923610406941565,0.37352329974811077
finals,24,C,5,397.0,356.0,0.11311922753988242,0.009337709589599001,0.839279690203401,0.5623740839386534,1.0758415023401473,0.8951176686724326,0.28452715355805225,0.6814319567217734,0.6881708534553567,0.04680940386230057
finals,24,C,8,397.0,356.0,0.07989347187237614,0.009337709589599001,0.839279690203401,0.5623740839386534,1.0431735973930427,0.8544741058479114,0.28452715355805225,0.7183372737509182,0.7218595221667435,0.07495486985726278
finals,24,C,10,397.0,356.0,0.06678841309823674,0.009337709589599001,0.839279690203401,0.5623740839386534,1.0339724941468682,0.8301693690829138,0.28452715355805225,0.732163142518879,0.7350071334820305,0.09375000000000004
finals,24,C,15,397.0,356.0,0.05039182759585793,0.009337709589599001,0.839279690203401,0.5623740839386534,1.012874825526491,0.7961041048266727,0.28452715355805225,0.7538086203735712,0.7563641120188805,0.14049223341729639
finals,24,C,20,397.0,356.0,0.04142107472712007,0.009337709589599001,0.839279690203401,0.5623740839386534,1.000013752056376,0.770740638482232,0.28452715355805225,0.7697828036432455,0.7720882491058398,0.18746116708648194
finals,24,C,30,397.0,356.0,0.03102924713126221,0.009337709589599001,0.839279690203401,0.5623740839386534,0.9828622621193401,0.7341520283787794,0.28452715355805225,0.7949397649475927,0.7971566295900444,0.2808795130142737
finals,24,C,40,397.0,356.0,0.02538990344248531,0.009337709589599001,0.839279690203401,0.5623740839386534,0.9691697433005646,0.7031088014238944,0.28452715355805225,0.8171644227086439,0.819667302126678,0.37365973971452565
finals,24,I,5,397.0,356.0,0.04053736356003356,0.009337709589599001,1.1396840964769153,0.8716427574794039,1.08950752238541,0.8992457635857332,0.08073501872659176,0.9966112174294499,0.9990400428115678,0.04679995801847186
finals,24,I,8,397.0,356.0,0.03339630562552476,0.009337709589599001,1.1396840964769153,0.8716427574794039,1.063575872208595,0.8728405066975071,0.08073501872659176,1.0301710860105375,1.032318121228856,0.07460747271200671
finals,24,I,10,397.0,356.0,0.030913098236775835,0.009337709589599001,1.1396840964769153,0.8716427574794039,1.0525407041235515,0.8615479470913814,0.08073501872659176,1.048022530068141,1.0497873005803031,0.09313602015113355
finals,24,I,15,397.0,356.0,0.027150853624405263,0.009337709589599001,1.1396840964769153,0.8716427574794039,1.0335646187030443,0.8431801618488637,0.08073501872659176,1.0748466638439964,1.076312549628074,0.1397921914357682
finals,24,I,20,397.0,356.0,0.024987405541561716,0.009337709589599001,1.1396840964769153,0.8716427574794039,1.0212754185850283,0.8308750153725666,0.08073501872659176,1.0950207825272105,1.0977921512749098,0.18666771620486988
finals,24,I,30,397.0,356.0,0.022390148334732702,0.009337709589599001,1.1396840964769153,0.8716427574794039,1.0045719891399678,0.8149517994148271,0.08073501872659176,1.1688375514094715,1.170889643840839,0.28029806884970615
finals,24,I,40,397.0,356.0,0.02034792191435769,0.009337709589599001,1.1396840964769153,0.8716427574794039,0.9942731522315282,0.8042810981400409,0.08073501872659176,1.188469955869274,1.1894537326540522,0.37371431570109154
finals,25,C,5,397.0,356.0,0.11376994122586064,0.009337709589599001,0.8448190333735249,0.5757146818092761,1.0721465738585778,0.8937355036987332,0.2824438202247189,0.6972540942999181,0.7044485804125767,0.04664462636439968
finals,25,C,8,397.0,356.0,0.08165931989924431,0.009337709589599001,0.8448190333735249,0.5757146818092761,1.0390158006788794,0.8543191671404082,0.2824438202247189,0.7352059074787605,0.7392394764276259,0.0748646095717884
finals,25,C,10,397.0,356.0,0.0681213266162888,0.009337709589599001,0.8448190333735249,0.5757146818092761,1.0285765143745587,0.8303663813926253,0.2824438202247189,0.7499648088688041,0.7532009019833349,0.09367023509655752
finals,25,C,15,397.0,356.0,0.051043940666107075,0.009337709589599001,0.8448190333735249,0.5757146818092761,1.0091280126146054,0.7961532324430123,0.2824438202247189,0.7729562637875124,0.7757482561656129,0.14049853064651555
finals,25,C,20,397.0,356.0,0.04160159529806881,0.009337709589599001,0.8448190333735249,0.5757146818092761,1.0001264574723023,0.7655337037978484,0.2824438202247189,0.7898210978312387,0.7922089065015198,0.18736251049538213
finals,25,C,30,397.0,356.0,0.031094318499860052,0.009337709589599001,0.8448190333735249,0.5757146818092761,0.9850199402649935,0.7295364745536779,0.2824438202247189,0.8158098907288761,0.8181544553879859,0.2806076826196474
finals,25,C,40,397.0,356.0,0.025636020151133528,0.009337709589599001,0.8448190333735249,0.5757146818092761,0.9697533611346962,0.6979388322418073,0.2824438202247189,0.8391822136018107,0.8418756613098015,0.3737856842989085
finals,25,I,5,397.0,356.0,0.03874895046179676,0.009337709589599001,1.1417830196197172,0.8735671611263788,1.0921379640291253,0.8993097553575473,0.07460205992509364,0.9996728352019383,1.0020751897723956,0.046813602015113344
finals,25,I,8,397.0,356.0,0.03261177581863981,0.009337709589599001,1.1417830196197172,0.8735671611263788,1.0661683999822886,0.872933196920032,0.07460205992509364,1.033602354510194,1.03569595279599,0.07466729638958859
finals,25,I,10,397.0,356.0,0.030197313182199852,0.009337709589599001,1.1417830196197172,0.8735671611263788,1.0550263571854746,0.86175204824749,0.07460205992509364,1.0514607173485138,1.0531997533725048,0.09327560873215782
finals,25,I,15,397.0,356.0,0.026371396585502336,0.009337709589599001,1.1417830196197172,0.8735671611263788,1.036573020850871,0.8432721124682964,0.07460205992509364,1.0784799714731104,1.079934451355793,0.13996221662468514
finals,25,I,20,397.0,356.0,0.02412783375314862,0.009337709589599001,1.1417830196197172,0.8735671611263788,1.0238958450435958,0.8313770260205208,0.07460205992509364,1.0987495912299856,1.1014557671080494,0.18684403862300591
finals,25,I,30,397.0,356.0,0.02139098796529526,0.009337709589599001,1.1417830196197172,0.8735671611263788,1.006483884811423,0.8150414953711755,0.07460205992509364,1.1675673198851684,1.1694383110927198,0.28042191435768266
finals,25,I,40,397.0,356.0,0.01967569269521411,0.009337709589599001,1.1417830196197172,0.8735671611263788,0.9957125116652473,0.8041307736293535,0.07460205992509364,1.1870463338298218,1.1880366885024332,0.37370591939546605
finals,26,C,5,397.0,356.0,0.1157052896725441,0.009337709589599001,0.8516611408347694,0.5913032524674293,1.0713888452337916,0.8961733906794204,0.2805711610486889,0.7154162973559964,0.7227324323429636,0.046635180520570925
finals,26,C,8,397.0,356.0,0.0817957598656591,0.009337709589599001,0.8516611408347694,0.5913032524674293,1.0384197805374755,0.8534040649092832,0.2805711610486889,0.7544434544841995,0.7587322439968591,0.0748656591099916
finals,26,C,10,397.0,356.0,0.06846137699412261,0.009337709589599001,0.8516611408347694,0.5913032524674293,1.0299156348602112,0.8315535916086249,0.2805711610486889,0.7692791243907205,0.7727291066883185,0.09357997481108318
finals,26,C,15,397.0,356.0,0.050713685978169734,0.009337709589599001,0.8516611408347694,0.5913032524674293,1.0132935235613152,0.7925505660337725,0.2805711610486889,0.7928504137030405,0.7955007407679078,0.14032325776658272
finals,26,C,20,397.0,356.0,0.0417695214105794,0.009337709589599001,0.8516611408347694,0.5913032524674293,1.000819040188877,0.772846169920479,0.2805711610486889,0.8094519850987658,0.8119980822105042,0.18708858102434928
finals,26,C,30,397.0,356.0,0.0309410859221942,0.009337709589599001,0.8516611408347694,0.5913032524674293,0.9878076409014244,0.7338301397374465,0.2805711610486889,0.8361434759482365,0.8384417333955217,0.28054575986565916
finals,26,C,40,397.0,356.0,0.02574044920235091,0.009337709589599001,0.8516611408347694,0.5913032524674293,0.9730782800932882,0.7033996035761129,0.2805711610486889,0.8592701512339311,0.8620772192670475,0.3736775818639799
finals,26,I,5,397.0,356.0,0.03715365239294708,0.009337709589599001,1.1547509621623304,0.8874771150167603,1.0917556057372353,0.8991878408453143,0.0718632958801498,1.0158948476864709,1.0182367885446877,0.046817800167926124
finals,26,I,8,397.0,356.0,0.031026973131821952,0.009337709589599001,1.1547509621623304,0.8874771150167603,1.0654021344378355,0.8726803056505065,0.0718632958801498,1.0502469061127129,1.0522886116808792,0.07478064651553318
finals,26,I,10,397.0,356.0,0.029172963895885785,0.009337709589599001,1.1547509621623304,0.8874771150167603,1.0538694830404025,0.8614903261781016,0.0718632958801498,1.0684807170411368,1.0701711079833154,0.0930142737195634
finals,26,I,15,397.0,356.0,0.025778057654631925,0.009337709589599001,1.1547509621623304,0.8874771150167603,1.0345576602617448,0.84342343479038,0.0718632958801498,1.0963824658476395,1.0978377562865023,0.13981003358522248
finals,26,I,20,397.0,356.0,0.023713266162888304,0.009337709589599001,1.1547509621623304,0.8874771150167603,1.0220383975928933,0.8315728620922928,0.0718632958801498,1.116981209905007,1.1195919391113434,0.18667086481947945
finals,26,I,30,397.0,356.0,0.021637279596977293,0.009337709589599001,1.1547509621623304,0.8874771150167603,1.0051144973098256,0.8156593323620931,0.0718632958801498,1.180632521207535,1.1824262783724964,0.28030226700251887
finals,26,I,40,397.0,356.0,0.019886649874055452,0.009337709589599001,1.1547509621623304,0.8874771150167603,0.9947601295348617,0.8049062473928791,0.0718632958801498,1.1994062506438778,1.2004135584996407,0.3736376994122586
finals,27,C,5,397.0,356.0,0.11515113350125941,0.009337709589599001,0.8656281741245582,0.6157603950087719,1.0658454816444638,0.8993743819943772,0.2688904494382024,0.7417722487430269,0.7498419161248393,0.04669920235096559
finals,27,C,8,397.0,356.0,0.08045497481108316,0.009337709589599001,0.8656281741245582,0.6157603950087719,1.04162399889912,0.8595648168722082,0.2688904494382024,0.7817411093341273,0.7861627775606429,0.07486356003358527
finals,27,C,10,397.0,356.0,0.0681591099916037,0.009337709589599001,0.8656281741245582,0.6157603950087719,1.0299467313271018,0.8352109104518077,0.2688904494382024,0.7960608015082967,0.7995747946317889,0.09345822837951304
finals,27,C,15,397.0,356.0,0.05071928351525339,0.009337709589599001,0.8656281741245582,0.6157603950087719,1.0130854241981035,0.7955378216803928,0.2688904494382024,0.8210268722426574,0.8240127001277944,0.14033900083963058
finals,27,C,20,397.0,356.0,0.04150293870696894,0.009337709589599001,0.8656281741245582,0.6157603950087719,1.0020800386376834,0.7762813647092685,0.2688904494382024,0.838293916036119,0.841091085245743,0.18714420654911837
finals,27,C,30,397.0,356.0,0.03137839350685698,0.009337709589599001,0.8656281741245582,0.6157603950087719,0.9874407186760019,0.7416328095030723,0.2688904494382024,0.8664569766479653,0.8689959349177573,0.2805153232577666
finals,27,C,40,397.0,356.0,0.026367548278757393,0.009337709589599001,0.8656281741245582,0.6157603950087719,0.9721143960710774,0.7155995261091601,0.2688904494382024,0.8903655053328194,0.8932632110127366,0.37371431570109154
finals,27,I,5,397.0,356.0,0.036120906801007574,0.009337709589599001,1.1693269472589274,0.9027396277635186,1.094992544850326,0.9032805020337936,0.0676732209737828,1.030795689844311,1.0330365450738883,0.04671284634760706
finals,27,I,8,397.0,356.0,0.03017947103274561,0.009337709589599001,1.1693269472589274,0.9027396277635186,1.067743140143187,0.8774247405461232,0.0676732209737828,1.0646962962637825,1.0667610203009394,0.07445843828715364
finals,27,I,10,397.0,356.0,0.02781066330814442,0.009337709589599001,1.1693269472589274,0.9027396277635186,1.0560958643844094,0.8662655897868999,0.0676732209737828,1.0827531761050293,1.0844371937360189,0.09299013434089005
finals,27,I,15,397.0,356.0,0.024736915757066793,0.009337709589599001,1.1693269472589274,0.9027396277635186,1.0368009217124112,0.8481474881115285,0.0676732209737828,1.1108529393493138,1.1122728363637502,0.13951826196473552
finals,27,I,20,397.0,356.0,0.022911418975650702,0.009337709589599001,1.1693269472589274,0.9027396277635186,1.0240268640573302,0.8361007326951521,0.0676732209737828,1.1316950209633232,1.1340863339155343,0.18620486985726278
finals,27,I,30,397.0,356.0,0.020549258326336403,0.009337709589599001,1.1693269472589274,0.9027396277635186,1.0063575767492012,0.8194940243853581,0.0676732209737828,1.189065807016354,1.190763064235231,0.2798058354324098
finals,27,I,40,397.0,356.0,0.019177162048698633,0.009337709589599001,1.1693269472589274,0.9027396277635186,0.9955094163476449,0.8091716512247538,0.0676732209737828,1.208361967890366,1.2093777535565415,0.3727581863979849
finals,28,C,5,397.0,356.0,0.09620067170445004,0.009337709589599001,0.8698089996468872,0.570038220812125,1.1577682913937943,0.8860379022195606,0.244194756554307,0.6822402213536889,0.6883168716360138,0.04625734676742239
finals,28,C,8,397.0,356.0,0.06941120906801006,0.009337709589599001,0.8698089996468872,0.570038220812125,1.1227872405931336,0.8400623882650088,0.244194756554307,0.7199940866016373,0.7247937191293531,0.07414252728799334
finals,28,C,10,397.0,356.0,0.05860621326616289,0.009337709589599001,0.8698089996468872,0.570038220812125,1.104512149736008,0.8168259402303176,0.244194756554307,0.7362977035138877,0.740536816298024,0.09270151133501264
finals,28,C,15,397.0,356.0,0.044487825356842946,0.009337709589599001,0.8698089996468872,0.570038220812125,1.07245179872957,0.7702235784995206,0.244194756554307,0.768854805990595,0.7723246359060961,0.14000314861460955
finals,28,C,20,397.0,356.0,0.03677371956339207,0.009337709589599001,0.8698089996468872,0.570038220812125,1.0515044644224711,0.7403554156712807,0.244194756554307,0.7937904668050184,0.7971276783780967,0.186855583543241
finals,28,C,30,397.0,356.0,0.027964595577945683,0.009337709589599001,0.8698089996468872,0.570038220812125,1.0134155370765197,0.7000130001796632,0.244194756554307,0.8332362164788532,0.8362759131151766,0.2798383711167087
finals,28,C,40,397.0,356.0,0.022899349286313986,0.009337709589599001,0.8698089996468872,0.570038220812125,0.9888855540433692,0.6601926268579953,0.244194756554307,0.8660827893637298,0.8694094025790279,0.37280436607892536
finals,28,I,5,397.0,356.0,0.02382451721242647,0.009337709589599001,1.1341009962103241,0.8048821096363394,1.1890961094158796,0.9089912258877388,0.04967228464419474,0.9127019416438177,0.9144538253003884,0.04678946263643999
finals,28,I,8,397.0,356.0,0.02024821578505456,0.009337709589599001,1.1341009962103241,0.8048821096363394,1.1539945690003455,0.8811925929557752,0.04967228464419474,0.9441429094890446,0.945559098598913,0.07456863979848867
finals,28,I,10,397.0,356.0,0.01863350125944585,0.009337709589599001,1.1341009962103241,0.8048821096363394,1.1372161258590312,0.8679769699667577,0.04967228464419474,0.9603382606138099,0.9617318880706648,0.09346767422334172
finals,28,I,15,397.0,356.0,0.01670445004198169,0.009337709589599001,1.1341009962103241,0.8048821096363394,1.1055894723860709,0.8425044881234516,0.04967228464419474,0.9930375869596616,0.9944410285982347,0.14031696053736356
finals,28,I,20,397.0,356.0,0.015328505457598675,0.009337709589599001,1.1341009962103241,0.8048821096363394,1.0826604625481986,0.8237221955820565,0.04967228464419474,1.0246575599778285,1.0263817093235292,0.1869007136859782
finals,28,I,30,397.0,356.0,0.013777637839350683,0.009337709589599001,1.1341009962103241,0.8048821096363394,1.0458855654905255,0.7949153284688479,0.04967228464419474,1.0760443196172003,1.077476724457013,0.27981108312342573
finals,28,I,40,397.0,356.0,0.013288727959697726,0.009337709589599001,1.1341009962103241,0.8048821096363394,1.0210804113297571,0.7723010720715965,0.04967228464419474,1.1055500890772103,1.1068861389754792,0.3733984047019312
finals,29,C,5,397.0,356.0,0.10151553316540725,0.009337709589599001,0.8765706345711954,0.6083915387738023,1.123397143571894,0.8912820719162744,0.23815543071161027,0.7320751358081791,0.7396043782437774,0.046657220822837964
finals,29,C,8,397.0,356.0,0.06895203610411421,0.009337709589599001,0.8765706345711954,0.6083915387738023,1.094319684676003,0.8415240301599117,0.23815543071161027,0.7739862965792444,0.7794628250520407,0.07470403022670023
finals,29,C,10,397.0,356.0,0.05793450881612087,0.009337709589599001,0.8765706345711954,0.6083915387738023,1.0754752545301567,0.8209212015933336,0.23815543071161027,0.7917654093961747,0.7963197188185834,0.09335327455919398
finals,29,C,15,397.0,356.0,0.0444374475230898,0.009337709589599001,0.8765706345711954,0.6083915387738023,1.0488498194052114,0.7840847624688336,0.23815543071161027,0.8223460739870362,0.8255764040909713,0.13990869017632238
finals,29,C,20,397.0,356.0,0.03684298908480265,0.009337709589599001,0.8765706345711954,0.6083915387738023,1.0281614765901599,0.7548228804911555,0.23815543071161027,0.8455567079776245,0.8485261337548589,0.18663727959697735
finals,29,C,30,397.0,356.0,0.028814021830394543,0.009337709589599001,0.8765706345711954,0.6083915387738023,1.00011441237118,0.714215266917693,0.23815543071161027,0.8803285819715391,0.8830771965075578,0.27979638958858105
finals,29,C,40,397.0,356.0,0.023980373635600308,0.009337709589599001,0.8765706345711954,0.6083915387738023,0.9852231262812485,0.6780479213658334,0.23815543071161027,0.9090457011715302,0.9124386467670043,0.3733627204030227
finals,29,I,5,397.0,356.0,0.026830394626364395,0.009337709589599001,1.152463804259382,0.8514209402166777,1.1444068198056947,0.9058078894017626,0.054892322097378356,0.9686445547568517,0.9704396894435331,0.046671914357682635
finals,29,I,8,397.0,356.0,0.02228431989924433,0.009337709589599001,1.152463804259382,0.8514209402166777,1.1148569247203701,0.8804159041760747,0.054892322097378356,1.0001345842007183,1.0016442244285135,0.07423383711167084
finals,29,I,10,397.0,356.0,0.020463895885810202,0.009337709589599001,1.152463804259382,0.8514209402166777,1.1011629286571163,0.8691810680966492,0.054892322097378356,1.016490067212,1.0179522792619626,0.09296179680940386
finals,29,I,15,397.0,356.0,0.017884130982367786,0.009337709589599001,1.152463804259382,0.8514209402166777,1.0757118649096438,0.8474796310267524,0.054892322097378356,1.0472224081814594,1.0486324644382958,0.1395486985726281
finals,29,I,20,397.0,356.0,0.016719143576826252,0.009337709589599001,1.152463804259382,0.8514209402166777,1.0573687710148456,0.8322367687194182,0.054892322097378356,1.0739259837330362,1.075844527125254,0.1862321578505458
finals,29,I,30,397.0,356.0,0.015385530366638735,0.009337709589599001,1.152463804259382,0.8514209402166777,1.0301482436825316,0.8091162726130731,0.054892322097378356,1.1232943554252484,1.124826945682959,0.27975125944584384
finals,29,I,40,397.0,356.0,0.014427476910159508,0.009337709589599001,1.152463804259382,0.8514209402166777,1.0115675236228092,0.7922416797212087,0.054892322097378356,1.1486688805544565,1.1499305878211412,0.37304785894206555
finals,30,C,5,397.0,356.0,0.09417716204869855,0.009337709589599001,0.8104262362490986,0.5545637704645693,1.121536888587047,0.8892624704304704,0.2371488764044942,0.6608759980860162,0.6665140208387801,0.046622586062132695
finals,30,C,8,397.0,356.0,0.06670864819479431,0.009337709589599001,0.8104262362490986,0.5545637704645693,1.0956579313124841,0.8421164150013445,0.2371488764044942,0.6971485234945267,0.7017504330721244,0.07485096557514688
finals,30,C,10,397.0,356.0,0.056097816960537325,0.009337709589599001,0.8104262362490986,0.5545637704645693,1.0772693993875342,0.8201051918545438,0.2371488764044942,0.7131683989551352,0.7171262644882883,0.09365239294710333
finals,30,C,15,397.0,356.0,0.042555275678701314,0.009337709589599001,0.8104262362490986,0.5545637704645693,1.0560519612186845,0.7807174548955376,0.2371488764044942,0.7433641302357153,0.7474603575062546,0.14023929471032745
finals,30,C,20,397.0,356.0,0.03555100755667507,0.009337709589599001,0.8104262362490986,0.5545637704645693,1.0352846329306868,0.7529284146663778,0.2371488764044942,0.7658734188332784,0.7690314701629956,0.1871305625524769
finals,30,C,30,397.0,356.0,0.02656241253848312,0.009337709589599001,0.8104262362490986,0.5545637704645693,1.0090479742200094,0.7124782633160983,0.2371488764044942,0.8022323790602335,0.8053813624053529,0.27997061293031067
finals,30,C,40,397.0,356.0,0.022456444164567595,0.009337709589599001,0.8104262362490986,0.5545637704645693,0.9919305295716426,0.6622261759197684,0.2371488764044942,0.8372511524813497,0.8408193990502024,0.3731202770780857
finals,30,I,5,397.0,356.0,0.02888748950461801,0.009337709589599001,1.0495618972423113,0.7723091859757171,1.127443079658732,0.9087653416386785,0.056507490636704155,0.8783867711098394,0.8803549443193976,0.04648404701931151
finals,30,I,8,397.0,356.0,0.024643157010915177,0.009337709589599001,1.0495618972423113,0.7723091859757171,1.0984844457684448,0.8844755359063039,0.056507490636704155,0.906694120948639,0.9081363664416819,0.07433249370277076
finals,30,I,10,397.0,356.0,0.022793870696893384,0.009337709589599001,1.0495618972423113,0.7723091859757171,1.0861905118260315,0.8737865684892122,0.056507490636704155,0.9199777402284514,0.9212594163791803,0.09282640638119229
finals,30,I,15,397.0,356.0,0.020222502099076292,0.009337709589599001,1.0495618972423113,0.7723091859757171,1.0643135527039518,0.8551541830064348,0.056507490636704155,0.9450216676422546,0.9464247092863342,0.1394962216624685
finals,30,I,20,397.0,356.0,0.01882556675062972,0.009337709589599001,1.0495618972423113,0.7723091859757171,1.0487296554394212,0.8420637865502572,0.056507490636704155,0.9706409272035167,0.9721726531984664,0.18604009235936186
finals,30,I,30,397.0,356.0,0.016912958298348775,0.009337709589599001,1.0495618972423113,0.7723091859757171,1.0254008362152873,0.8231231736272329,0.056507490636704155,1.0039255997341698,1.0050696429220545,0.2793419395465995
finals,30,I,40,397.0,356.0,0.015529492023509669,0.009337709589599001,1.0495618972423113,0.7723091859757171,1.007792296118816,0.8083287149803708,0.056507490636704155,1.0244078557362744,1.0256450202598992,0.3726280436607893
finals,31,C,5,397.0,356.0,0.11088161209068012,0.009337709589599001,0.802103862214828,0.5945213618369966,1.0852168774425166,0.9035724222297329,0.29042602996254663,0.7061224715648017,0.7123515094501821,0.046503988245172136
finals,31,C,8,397.0,356.0,0.07729061712846343,0.009337709589599001,0.802103862214828,0.5945213618369966,1.0515799355168107,0.8602406896382436,0.29042602996254663,0.7428560861186818,0.747050159975424,0.07441645675902599
finals,31,C,10,397.0,356.0,0.06551847187237621,0.009337709589599001,0.802103862214828,0.5945213618369966,1.0393677418773506,0.843065092353462,0.29042602996254663,0.7564653323887224,0.7606218330572294,0.09316330814441648
finals,31,C,15,397.0,356.0,0.05038623005877425,0.009337709589599001,0.802103862214828,0.5945213618369966,1.0192778742981745,0.8096957193844464,0.29042602996254663,0.7811702763589992,0.7842495823000467,0.14030121746431573
finals,31,C,20,397.0,356.0,0.04183669185558356,0.009337709589599001,0.802103862214828,0.5945213618369966,1.0031678751081237,0.788860367443793,0.29042602996254663,0.7971711675192945,0.7998384290509521,0.1869290512174643
finals,31,C,30,397.0,356.0,0.03202420934788693,0.009337709589599001,0.802103862214828,0.5945213618369966,0.9828960962715142,0.7573766841547064,0.29042602996254663,0.8224523834508838,0.8248719144425392,0.28001259445843835
finals,31,C,40,397.0,356.0,0.026606842989084844,0.009337709589599001,0.802103862214828,0.5945213618369966,0.9634248865240075,0.7334059257759904,0.29042602996254663,0.8425303307328089,0.8446504216200202,0.37316120906801015
finals,31,I,5,397.0,356.0,0.037476910159529794,0.009337709589599001,1.1089476280072732,0.8546895041230447,1.102262295459056,0.9087966303312113,0.07191011235955055,0.9688872940943942,0.970998255236274,0.04656905961376996
finals,31,I,8,397.0,356.0,0.03164357682619648,0.009337709589599001,1.1089476280072732,0.8546895041230447,1.0756860497766758,0.8837780275646862,0.07191011235955055,0.9998705937339597,1.0016393622478215,0.0744080604534005
finals,31,I,10,397.0,356.0,0.029099496221662476,0.009337709589599001,1.1089476280072732,0.8546895041230447,1.0643641486932973,0.872905874148836,0.07191011235955055,1.0152535385183377,1.0167750144857135,0.09304890848026866
finals,31,I,15,397.0,356.0,0.025363839910439345,0.009337709589599001,1.1089476280072732,0.8546895041230447,1.0448428673198231,0.8552867148268933,0.07191011235955055,1.0404494703597371,1.0418282219986674,0.13933354324097397
finals,31,I,20,397.0,356.0,0.022772879932829577,0.009337709589599001,1.1089476280072732,0.8546895041230447,1.0317156651048156,0.8434227238781421,0.07191011235955055,1.0597065863621027,1.0613172315386759,0.18580814441645677
finals,31,I,30,397.0,356.0,0.01948222781975924,0.009337709589599001,1.1089476280072732,0.8546895041230447,1.0133523170857481,0.8269135272529187,0.07191011235955055,1.096938973610867,1.0983863097148847,0.2792212426532326
finals,31,I,40,397.0,356.0,0.01771620486985736,0.009337709589599001,1.1089476280072732,0.8546895041230447,1.0009818743123076,0.814676924765928,0.07191011235955055,1.117910142523409,1.1192069895008805,0.37258711167086483
pre_last,0,C,5,397.0,356.0,0.3055079764903443,0.009337709589599001,0.3940395660325121,0.47450297150036397,0.6379298877296474,0.9411064581334438,0.6348782771535578,0.5313588429554182,0.5660787225994403,0.046725440806045314
pre_last,0,C,8,397.0,356.0,0.21016740134340892,0.009337709589599001,0.3940395660325121,0.47450297150036397,0.5616321529930546,0.8883113484784316,0.6348782771535578,0.5795212973200888,0.6032229520110843,0.07491498740554155
pre_last,0,C,10,397.0,356.0,0.17049538203190598,0.009337709589599001,0.3940395660325121,0.47450297150036397,0.5414479182983999,0.868387242997102,0.6348782771535578,0.6016811772802462,0.6194197020682862,0.093639798488665
pre_last,0,C,15,397.0,356.0,0.11866218863699977,0.009337709589599001,0.3940395660325121,0.47450297150036397,0.47281614631652086,0.8173848361212047,0.6348782771535578,0.6443783057927652,0.6621320290551649,0.14016477749790096
pre_last,0,C,20,397.0,356.0,0.08991288832913517,0.009337709589599001,0.3940395660325121,0.47450297150036397,0.44691918353390336,0.7807567297565634,0.6348782771535578,0.6806805524533266,0.6999886518645523,0.18665407220822836
pre_last,0,C,30,397.0,356.0,0.06274769101595305,0.009337709589599001,0.3940395660325121,0.47450297150036397,0.4005107272975713,0.6982790092577058,0.6348782771535578,0.7326659079209887,0.7363045423048376,0.27985831234256936
pre_last,0,C,40,397.0,356.0,0.048733207388748985,0.009337709589599001,0.3940395660325121,0.47450297150036397,0.3933934506155291,0.6820610155218972,0.6348782771535578,0.751880443677318,0.7566029114336684,0.3731381192275399
pre_last,0,I,5,397.0,356.0,0.08486985726280437,0.009337709589599001,0.8203982339033666,0.4560130175295127,1.1264293309428077,0.8462280599982857,0.22172284644194767,0.6080955873575251,0.6150120100844289,0.0468324937027708
pre_last,0,I,8,397.0,356.0,0.05916771620486987,0.009337709589599001,0.8203982339033666,0.4560130175295127,1.082934914830722,0.7797608674239848,0.22172284644194767,0.6530005109534559,0.6599410220204756,0.07504827875734674
pre_last,0,I,10,397.0,356.0,0.05020151133501262,0.009337709589599001,0.8203982339033666,0.4560130175295127,1.0657404030494393,0.7443486388430617,0.22172284644194767,0.676917538363517,0.6840168526450484,0.09381192275398822
pre_last,0,I,15,397.0,356.0,0.038621606493142974,0.009337709589599001,0.8203982339033666,0.4560130175295127,1.0359070430339616,0.6635272470274285,0.22172284644194767,0.7365052698798353,0.745596903406019,0.14055730478589418
pre_last,0,I,20,397.0,356.0,0.03261754827875732,0.009337709589599001,0.8203982339033666,0.4560130175295127,1.01749577110164,0.5967983450433714,0.22172284644194767,0.8120303980777588,0.823134987225935,0.18702141057934513
pre_last,0,I,30,397.0,356.0,0.02550797649034432,0.009337709589599001,0.8203982339033666,0.4560130175295127,0.9978808308128891,0.5272230912782276,0.22172284644194767,0.9040216867950862,0.906581561860466,0.2802046599496222
pre_last,0,I,40,397.0,356.0,0.021311397984886668,0.009337709589599001,0.8203982339033666,0.4560130175295127,0.9860785102787847,0.5054223978391131,0.22172284644194767,0.9302720266137811,0.9345602728401029,0.37401133501259454
pre_last,1,C,5,397.0,356.0,0.2900335852225021,0.009337709589599001,0.41515689272611006,0.48050418390998895,0.6697656052283458,0.9301425997918576,0.620482209737828,0.5425819605730863,0.5778623276176246,0.0468324937027708
pre_last,1,C,8,397.0,356.0,0.19989767002518902,0.009337709589599001,0.41515689272611006,0.48050418390998895,0.5693660020153555,0.8764541263158634,0.620482209737828,0.5929478172126628,0.6184833374818665,0.07519626364399663
pre_last,1,C,10,397.0,356.0,0.16429261125104955,0.009337709589599001,0.41515689272611006,0.48050418390998895,0.5443056894499466,0.8488981382723696,0.620482209737828,0.6138749850142257,0.6366232017151017,0.09400923593618812
pre_last,1,C,15,397.0,356.0,0.11454520011195066,0.009337709589599001,0.41515689272611006,0.48050418390998895,0.495203179200209,0.7847692565553592,0.620482209737828,0.6673385954394958,0.6829348872532298,0.14059718723761547
pre_last,1,C,20,397.0,356.0,0.08751364399664151,0.009337709589599001,0.41515689272611006,0.48050418390998895,0.4756982833660881,0.7364457633779702,0.620482209737828,0.7028705566754847,0.7210035373311509,0.1869238035264484
pre_last,1,C,30,397.0,356.0,0.06150153932269809,0.009337709589599001,0.41515689272611006,0.48050418390998895,0.4381650927318989,0.6748760977159195,0.620482209737828,0.7639895653523758,0.7699043500963185,0.28017422334172964
pre_last,1,C,40,397.0,356.0,0.04804366078925271,0.009337709589599001,0.41515689272611006,0.48050418390998895,0.41591223960293083,0.6460925886243896,0.620482209737828,0.7892570527063437,0.7942981475111599,0.37377728799328297
pre_last,1,I,5,397.0,356.0,0.07822418136020155,0.009337709589599001,0.8439494725049635,0.47540206128114604,1.1531207103784993,0.8346982331733978,0.20725655430711612,0.6346047914419526,0.6417736912685211,0.04669500419815284
pre_last,1,I,8,397.0,356.0,0.055132241813602004,0.009337709589599001,0.8439494725049635,0.47540206128114604,1.099123730128699,0.7644534572864785,0.20725655430711612,0.6826136797816492,0.6895299647481987,0.0750451301427372
pre_last,1,I,10,397.0,356.0,0.047088581024349326,0.009337709589599001,0.8439494725049635,0.47540206128114604,1.0800120198808374,0.7277564432267629,0.20725655430711612,0.7086282723388547,0.7160387153948491,0.09379722921914355
pre_last,1,I,15,397.0,356.0,0.03704869857262804,0.009337709589599001,0.8439494725049635,0.47540206128114604,1.0465945188546208,0.6486519602156872,0.20725655430711612,0.7729486163540981,0.7823193432306471,0.14044605373635602
pre_last,1,I,20,397.0,356.0,0.031402183039462656,0.009337709589599001,0.8439494725049635,0.47540206128114604,1.024279410340862,0.5854427203353455,0.20725655430711612,0.8497112786716308,0.8609392953904252,0.18717044500419813
pre_last,1,I,30,397.0,356.0,0.024910439406661152,0.009337709589599001,0.8439494725049635,0.47540206128114604,1.0000262845452437,0.5310449395201722,0.20725655430711612,0.9417060059594076,0.9446443769821702,0.2803914777497901
pre_last,1,I,40,397.0,356.0,0.021255247691015937,0.009337709589599001,0.8439494725049635,0.47540206128114604,0.9853138902918914,0.5081065752607371,0.20725655430711612,0.9693379712059307,0.9729767234215512,0.3736272040302267
pre_last,2,C,5,397.0,356.0,0.2837153652392948,0.009337709589599001,0.4270141410861289,0.4814689490863007,0.6700783036646184,0.9220928784309198,0.6033707865168539,0.5464427167398416,0.5825414523612801,0.04686293031066329
pre_last,2,C,8,397.0,356.0,0.1975335852225021,0.009337709589599001,0.4270141410861289,0.4814689490863007,0.5805003837129579,0.8733348190563848,0.6033707865168539,0.597658289474508,0.6261330034718962,0.07504932829554992
pre_last,2,C,10,397.0,356.0,0.1614924433249371,0.009337709589599001,0.4270141410861289,0.4814689490863007,0.5600215981416882,0.8445605352411522,0.6033707865168539,0.620857595024735,0.6460647633774653,0.09410684298908481
pre_last,2,C,15,397.0,356.0,0.11224181360201499,0.009337709589599001,0.4270141410861289,0.4814689490863007,0.48934257167672296,0.7547322714300022,0.6033707865168539,0.6765981114988016,0.6918814954326019,0.14090890008396306
pre_last,2,C,20,397.0,356.0,0.08712006717044501,0.009337709589599001,0.4270141410861289,0.4814689490863007,0.4648417505919599,0.7143753194826538,0.6033707865168539,0.7111735952559265,0.7277860062036574,0.1875734676742234
pre_last,2,C,30,397.0,356.0,0.0612566470752869,0.009337709589599001,0.4270141410861289,0.4814689490863007,0.4269667553165683,0.6623348287360561,0.6033707865168539,0.7729770253451872,0.7790545382265738,0.28076826196473553
pre_last,2,C,40,397.0,356.0,0.04795025188916873,0.009337709589599001,0.4270141410861289,0.4814689490863007,0.416431461059405,0.635598353302979,0.6033707865168539,0.8001611555401034,0.8062051464258554,0.3735337951301428
pre_last,2,I,5,397.0,356.0,0.07512594458438283,0.009337709589599001,0.8583265602935637,0.49611993540355076,1.1575867574579124,0.8236945404288325,0.19777621722846445,0.6603664890954346,0.667938722649221,0.046784214945423994
pre_last,2,I,8,397.0,356.0,0.05411943744752313,0.009337709589599001,0.8583265602935637,0.49611993540355076,1.1064325983322258,0.7510409538239796,0.19777621722846445,0.710371322033886,0.7170790267687454,0.07500209907640641
pre_last,2,I,10,397.0,356.0,0.04634550797649031,0.009337709589599001,0.8583265602935637,0.49611993540355076,1.0861273602883827,0.7142663941346092,0.19777621722846445,0.7367884796280663,0.7437764092265888,0.0935558354324097
pre_last,2,I,15,397.0,356.0,0.03606493143017075,0.009337709589599001,0.8583265602935637,0.49611993540355076,1.052164627634698,0.6422519284628344,0.19777621722846445,0.7984543273509316,0.807838543299905,0.1403484466834593
pre_last,2,I,20,397.0,356.0,0.031046389588581063,0.009337709589599001,0.8583265602935637,0.49611993540355076,1.029253021565791,0.5821763293092505,0.19777621722846445,0.8714467256300182,0.8818674136969636,0.18736880772460118
pre_last,2,I,30,397.0,356.0,0.024600475790652183,0.009337709589599001,0.8583265602935637,0.49611993540355076,1.002282912372367,0.539599510035462,0.19777621722846445,0.9566539301420406,0.9596054986154062,0.2802949202350966
pre_last,2,I,40,397.0,356.0,0.02071893366918551,0.009337709589599001,0.8583265602935637,0.49611993540355076,0.9862907387315812,0.5155405697526432,0.19777621722846445,0.9850490529963827,0.9884432778909769,0.373772040302267
pre_last,3,C,5,397.0,356.0,0.28162048698572634,0.009337709589599001,0.443933722310873,0.49313352884986483,0.6777783571890568,0.9202367914613492,0.6001404494382022,0.5597970130047687,0.5966031715385403,0.046924853064651544
pre_last,3,C,8,397.0,356.0,0.1965050377833754,0.009337709589599001,0.443933722310873,0.49313352884986483,0.5830144531320148,0.8663737340428695,0.6001404494382022,0.6097403987348017,0.6386655020542021,0.07497376154492022
pre_last,3,C,10,397.0,356.0,0.16088790931989927,0.009337709589599001,0.443933722310873,0.49313352884986483,0.5627043542784306,0.8217262502144529,0.6001404494382022,0.6360973690868342,0.6594438921725998,0.09401343408900088
pre_last,3,C,15,397.0,356.0,0.1106801007556674,0.009337709589599001,0.443933722310873,0.49313352884986483,0.5141286561431395,0.7525586183871155,0.6001404494382022,0.6880371636031405,0.7015097002933703,0.14061397984886653
pre_last,3,C,20,397.0,356.0,0.08635705289672543,0.009337709589599001,0.443933722310873,0.49313352884986483,0.4945277534716649,0.7180838939102507,0.6001404494382022,0.7217062195820655,0.7368344015824345,0.18728064651553317
pre_last,3,C,30,397.0,356.0,0.060784354883851185,0.009337709589599001,0.443933722310873,0.49313352884986483,0.4594152937315478,0.6716391997790842,0.6001404494382022,0.7804681582829885,0.7854502553843773,0.28070214105793456
pre_last,3,C,40,397.0,356.0,0.0484923383711167,0.009337709589599001,0.443933722310873,0.49313352884986483,0.43927886796980836,0.638332529912615,0.6001404494382022,0.8066605780366654,0.8124092585534604,0.3736502938706969
pre_last,3,I,5,397.0,356.0,0.07372795969773299,0.009337709589599001,0.8739477040067812,0.5292413443030458,1.1542378608220176,0.8271735839630707,0.1952715355805244,0.6932472844569173,0.7011377142378584,0.046952141057934486
pre_last,3,I,8,397.0,356.0,0.053174853064651605,0.009337709589599001,0.8739477040067812,0.5292413443030458,1.1057202263042998,0.756791553460731,0.1952715355805244,0.7430905101898758,0.7495694188636739,0.07488035264483625
pre_last,3,I,10,397.0,356.0,0.04573677581863977,0.009337709589599001,0.8739477040067812,0.5292413443030458,1.0853127849599888,0.7228572403085743,0.1952715355805244,0.7688524710157876,0.7751494562845832,0.09357682619647355
pre_last,3,I,15,397.0,356.0,0.03587741393786739,0.009337709589599001,0.8739477040067812,0.5292413443030458,1.0498615565504499,0.6567527099090253,0.1952715355805244,0.8270995048308553,0.8359871301720243,0.14050587741393789
pre_last,3,I,20,397.0,356.0,0.031036943744752337,0.009337709589599001,0.8739477040067812,0.5292413443030458,1.0253529765318996,0.6072654554991711,0.1952715355805244,0.8939776979015509,0.9032833885758215,0.1871788413098237
pre_last,3,I,30,397.0,356.0,0.024867758186398012,0.009337709589599001,0.8739477040067812,0.5292413443030458,1.000489336724752,0.5699370113845185,0.1952715355805244,0.9705379967359373,0.9732188059727994,0.2805310663308144
pre_last,3,I,40,397.0,356.0,0.020904177162048735,0.009337709589599001,0.8739477040067812,0.5292413443030458,0.985483185503437,0.5459604223004307,0.1952715355805244,0.9995220890047933,1.0029486264961331,0.3738171704450043
pre_last,4,C,5,397.0,356.0,0.2789294710327456,0.009337709589599001,0.462848386880584,0.5052484595332478,0.7083597146413755,0.9134489895357649,0.6049625468164794,0.574348952733121,0.6127714847934265,0.04703295549958023
pre_last,4,C,8,397.0,356.0,0.19322260705289676,0.009337709589599001,0.462848386880584,0.5052484595332478,0.602225172418429,0.8523012920769196,0.6049625468164794,0.6242005106412847,0.6533376955284226,0.07535579345088159
pre_last,4,C,10,397.0,356.0,0.1574622166246851,0.009337709589599001,0.462848386880584,0.5052484595332478,0.581747367260376,0.817568191263922,0.6049625468164794,0.6533968201113587,0.6730787088827552,0.09414042821158689
pre_last,4,C,15,397.0,356.0,0.11067730198712557,0.009337709589599001,0.462848386880584,0.5052484595332478,0.5338674958548371,0.7554686658915285,0.6049625468164794,0.70084284189868,0.7145057940024987,0.14080184718723757
pre_last,4,C,20,397.0,356.0,0.08732262804366078,0.009337709589599001,0.462848386880584,0.5052484595332478,0.5198325598103389,0.7261694348006994,0.6049625468164794,0.7353392053938508,0.7481696765978845,0.18731633081444168
pre_last,4,C,30,397.0,356.0,0.061675062972292305,0.009337709589599001,0.462848386880584,0.5052484595332478,0.48238370273952974,0.6758969269338929,0.6049625468164794,0.7910201608618591,0.7970763595134777,0.2805310663308145
pre_last,4,C,40,397.0,356.0,0.04880300167926112,0.009337709589599001,0.462848386880584,0.5052484595332478,0.4595322843453799,0.6449502114246943,0.6049625468164794,0.816895990614947,0.8225662804578933,0.3735799748110831
pre_last,4,I,5,397.0,356.0,0.07314861460957177,0.009337709589599001,0.8944710639555047,0.5632961628365716,1.1509412534245886,0.8281352471384074,0.19089419475655428,0.7276815755185964,0.7353506078690003,0.04670235096557516
pre_last,4,I,8,397.0,356.0,0.053476595298068835,0.009337709589599001,0.8944710639555047,0.5632961628365716,1.1039080847706648,0.7626401722135759,0.19089419475655428,0.7763879297344048,0.7827950770022,0.0749202350965575
pre_last,4,I,10,397.0,356.0,0.04622795969773297,0.009337709589599001,0.8944710639555047,0.5632961628365716,1.083971305355978,0.732922875350742,0.19089419475655428,0.8013308259099242,0.8075554965592132,0.09367863140218305
pre_last,4,I,15,397.0,356.0,0.036095717884131025,0.009337709589599001,0.8944710639555047,0.5632961628365716,1.0499143235016042,0.6764842310913329,0.19089419475655428,0.8568481639217832,0.8650512255596107,0.14033060453400512
pre_last,4,I,20,397.0,356.0,0.031206968933669203,0.009337709589599001,0.8944710639555047,0.5632961628365716,1.026077374606967,0.6331727466032118,0.19089419475655428,0.9175364835171408,0.925954108876994,0.18723761544920237
pre_last,4,I,30,397.0,356.0,0.025013993842709293,0.009337709589599001,0.8944710639555047,0.5632961628365716,1.0002183233711326,0.5953886548266834,0.19089419475655428,0.987239161423494,0.9898671734027052,0.2808417296389589
pre_last,4,I,40,397.0,356.0,0.021171809403862277,0.009337709589599001,0.8944710639555047,0.5632961628365716,0.9838422873021294,0.5674731417454775,0.19089419475655428,1.0175685599533004,1.020894915667377,0.37423593618807727
pre_last,5,C,5,397.0,356.0,0.27831654072208234,0.009337709589599001,0.4770391047119379,0.5199182846782181,0.734507510471589,0.9135770307645928,0.5918305243445692,0.5913296316921165,0.6293753541436817,0.04704554995801846
pre_last,5,C,8,397.0,356.0,0.1936870277078086,0.009337709589599001,0.4770391047119379,0.5199182846782181,0.6300623733734235,0.859441047872999,0.5918305243445692,0.6410893524665789,0.6693213594512143,0.07532115869017635
pre_last,5,C,10,397.0,356.0,0.15983837111670868,0.009337709589599001,0.4770391047119379,0.5199182846782181,0.615162994363353,0.81962381506577,0.5918305243445692,0.6699839480713633,0.6872786237886672,0.0941383291351805
pre_last,5,C,15,397.0,356.0,0.11186957738595009,0.009337709589599001,0.4770391047119379,0.5199182846782181,0.5793392307862486,0.7677517027723836,0.5918305243445692,0.7126631396289859,0.7273529757942626,0.14063602015113344
pre_last,5,C,20,397.0,356.0,0.08885915197313182,0.009337709589599001,0.4770391047119379,0.5199182846782181,0.5583001676981476,0.7357090783614011,0.5918305243445692,0.7491840101459021,0.7606086613599622,0.18707703610411422
pre_last,5,C,30,397.0,356.0,0.06267982087881344,0.009337709589599001,0.4770391047119379,0.5199182846782181,0.5153540281251108,0.6837890815578072,0.5918305243445692,0.8016007475035433,0.8074318122005919,0.2803767842149455
pre_last,5,C,40,397.0,356.0,0.04969143576826197,0.009337709589599001,0.4770391047119379,0.5199182846782181,0.4937223447430554,0.6607545071502305,0.5918305243445692,0.8254157150066932,0.8301740492177901,0.37340260285474397
pre_last,5,I,5,397.0,356.0,0.07432829554995797,0.009337709589599001,0.9032486977189814,0.5866170235074394,1.1486052721253468,0.8345364730958088,0.19290730337078654,0.7493581405039275,0.7572388793545677,0.04659214945424017
pre_last,5,I,8,397.0,356.0,0.0543949412258606,0.009337709589599001,0.9032486977189814,0.5866170235074394,1.1006328892487993,0.7737552342207435,0.19290730337078654,0.7974535609582276,0.8037273274381164,0.07479429051217464
pre_last,5,I,10,397.0,356.0,0.04691015952980686,0.009337709589599001,0.9032486977189814,0.5866170235074394,1.0803342917721526,0.7469910159448043,0.19290730337078654,0.8218992673977116,0.8279811217586115,0.09359571788413097
pre_last,5,I,15,397.0,356.0,0.036638678981248264,0.009337709589599001,0.9032486977189814,0.5866170235074394,1.0457162243768703,0.6921747691412403,0.19290730337078654,0.8750123692451931,0.8829526361395988,0.14023719563392106
pre_last,5,I,20,397.0,356.0,0.031670864819479456,0.009337709589599001,0.9032486977189814,0.5866170235074394,1.023130052136451,0.6517751330127197,0.19290730337078654,0.9315187264261431,0.9392903239916505,0.1868765743073048
pre_last,5,I,30,397.0,356.0,0.0255268681780017,0.009337709589599001,0.9032486977189814,0.5866170235074394,0.9976575467240479,0.6180821522374489,0.19290730337078654,0.9947723421666615,0.9971698050466735,0.2809078505457599
pre_last,5,I,40,397.0,356.0,0.021743282955499585,0.009337709589599001,0.9032486977189814,0.5866170235074394,0.9813241360768582,0.5933048274621892,0.19290730337078654,1.0245983855563687,1.0277903956415368,0.37452036104114195
pre_last,6,C,5,397.0,356.0,0.2785894206549119,0.009337709589599001,0.48235580758967944,0.5247288852084687,0.7441820835589962,0.9171912285150502,0.5805009363295878,0.5953142073439845,0.632170893242671,0.04699622166246849
pre_last,6,C,8,397.0,356.0,0.1943429890848027,0.009337709589599001,0.48235580758967944,0.5247288852084687,0.664089046944637,0.8607276550162086,0.5805009363295878,0.6448958468553581,0.6704036369081124,0.07515743073047855
pre_last,6,C,10,397.0,356.0,0.15924223341729637,0.009337709589599001,0.48235580758967944,0.5247288852084687,0.6383602063571432,0.822564180537587,0.5805009363295878,0.6714806829595061,0.6873095840274682,0.09398194794290521
pre_last,6,C,15,397.0,356.0,0.11231738035264471,0.009337709589599001,0.48235580758967944,0.5247288852084687,0.601901846433432,0.7719229773953314,0.5805009363295878,0.7107004596214705,0.7257204122318816,0.14074517212426535
pre_last,6,C,20,397.0,356.0,0.08923068849706131,0.009337709589599001,0.48235580758967944,0.5247288852084687,0.5729122557633646,0.7318362384975964,0.5805009363295878,0.7467809242176784,0.7563193685082314,0.18699307304785895
pre_last,6,C,30,397.0,356.0,0.06315910999160373,0.009337709589599001,0.48235580758967944,0.5247288852084687,0.5342657460194603,0.6823753797172295,0.5805009363295878,0.7935098741064833,0.7985583774793954,0.2803746851385391
pre_last,6,C,40,397.0,356.0,0.050093408900083895,0.009337709589599001,0.48235580758967944,0.5247288852084687,0.5172782386760854,0.6605815141143538,0.5805009363295878,0.816806935473277,0.8217036952417,0.37352749790092366
pre_last,6,I,5,397.0,356.0,0.07569269521410578,0.009337709589599001,0.9103073283003407,0.6094664589770394,1.1428918112646078,0.8406315795579133,0.194873595505618,0.768477022021846,0.7760928959703044,0.0466414777497901
pre_last,6,I,8,397.0,356.0,0.054869857262804377,0.009337709589599001,0.9103073283003407,0.6094664589770394,1.0954920951156037,0.7848890838022214,0.194873595505618,0.8147179174130125,0.8205884656059605,0.07469143576826195
pre_last,6,I,10,397.0,356.0,0.047638539042821136,0.009337709589599001,0.9103073283003407,0.6094664589770394,1.0751649257543947,0.7609835825126966,0.194873595505618,0.8378054463503963,0.8434335733660124,0.09369647355163724
pre_last,6,I,15,397.0,356.0,0.03760565351245449,0.009337709589599001,0.9103073283003407,0.6094664589770394,1.0422299011586942,0.7101205213075842,0.194873595505618,0.8873018347337708,0.8945437095065785,0.1405069269521411
pre_last,6,I,20,397.0,356.0,0.032604953820319,0.009337709589599001,0.9103073283003407,0.6094664589770394,1.02043597205219,0.673893356801754,0.194873595505618,0.9391528874068557,0.9464994836355681,0.1871903862300588
pre_last,6,I,30,397.0,356.0,0.026157290792051535,0.009337709589599001,0.9103073283003407,0.6094664589770394,0.9966729415760412,0.6391797567238231,0.194873595505618,1.000066644632967,1.0024785941685828,0.28094878253568434
pre_last,6,I,40,397.0,356.0,0.022027707808564233,0.009337709589599001,0.9103073283003407,0.6094664589770394,0.9806177789022311,0.6149301221148208,0.194873595505618,1.0292043621789184,1.0321010398383224,0.3741110411418976
pre_last,7,C,5,397.0,356.0,0.28541981528127636,0.009337709589599001,0.48531762524973193,0.5348317594197759,0.7262587573922136,0.9235594677004287,0.5974016853932584,0.604362435437378,0.6424795371876288,0.046902812762384595
pre_last,7,C,8,397.0,356.0,0.200341099916037,0.009337709589599001,0.48531762524973193,0.5348317594197759,0.6418631873379315,0.8612121384437708,0.5974016853932584,0.6562446690484462,0.6798966854536167,0.07533480268681779
pre_last,7,C,10,397.0,356.0,0.16595088161209065,0.009337709589599001,0.48531762524973193,0.5348317594197759,0.6309210755368445,0.8311346380584431,0.5974016853932584,0.6808526502001662,0.697208166932313,0.09421389588581029
pre_last,7,C,15,397.0,356.0,0.11633081444164566,0.009337709589599001,0.48531762524973193,0.5348317594197759,0.5976508315387793,0.7679676920593472,0.5974016853932584,0.7206240080891934,0.7362427379959445,0.14065176322418135
pre_last,7,C,20,397.0,356.0,0.09092464315701096,0.009337709589599001,0.48531762524973193,0.5348317594197759,0.5727552103404897,0.7283582471316271,0.5974016853932584,0.7554692182227866,0.7636944254932507,0.18700356842989088
pre_last,7,C,30,397.0,356.0,0.06607402742793168,0.009337709589599001,0.48531762524973193,0.5348317594197759,0.5365514051687252,0.6859702936063451,0.5974016853932584,0.7979768670054143,0.8034265449896424,0.2802329974811083
pre_last,7,C,40,397.0,356.0,0.051791036943744796,0.009337709589599001,0.48531762524973193,0.5348317594197759,0.5141040087273065,0.6668753306653421,0.5974016853932584,0.8220327497789932,0.826626096205133,0.37344773299748113
pre_last,7,I,5,397.0,356.0,0.07623425692695214,0.009337709589599001,0.9169032681134371,0.6288463297706092,1.135601304747756,0.8474633506530842,0.1947565543071161,0.7851483460670496,0.7926905725072778,0.04679995801847191
pre_last,7,I,8,397.0,356.0,0.05557042401343413,0.009337709589599001,0.9169032681134371,0.6288463297706092,1.0890340788093174,0.7965383559328001,0.1947565543071161,0.8297432546169545,0.8355858402710993,0.07491498740554155
pre_last,7,I,10,397.0,356.0,0.0483879093198992,0.009337709589599001,0.9169032681134371,0.6288463297706092,1.0696713107317335,0.7730149753955928,0.1947565543071161,0.8518029304283383,0.8572479744369218,0.09371221662468512
pre_last,7,I,15,397.0,356.0,0.038018471872376086,0.009337709589599001,0.9169032681134371,0.6288463297706092,1.0379288644139069,0.7274753542699418,0.1947565543071161,0.8989750622252737,0.9057704341306068,0.1404638958858103
pre_last,7,I,20,397.0,356.0,0.03250104953820315,0.009337709589599001,0.9169032681134371,0.6288463297706092,1.0180207456471153,0.6949257401351834,0.1947565543071161,0.947096471154558,0.9539318503953933,0.18703085642317385
pre_last,7,I,30,397.0,356.0,0.026048838511055196,0.009337709589599001,0.9169032681134371,0.6288463297706092,0.9956575751117148,0.6612177500911933,0.1947565543071161,1.0053277012870123,1.007723796948246,0.2806664567590261
pre_last,7,I,40,397.0,356.0,0.02211534424853061,0.009337709589599001,0.9169032681134371,0.6288463297706092,0.9793443837730045,0.6362591078797899,0.1947565543071161,1.034746298863381,1.0376425192138687,0.37414042821158694
pre_last,8,C,5,397.0,356.0,0.28762384550797654,0.009337709589599001,0.48793519248868084,0.539644089343691,0.7374429721981676,0.9172648920056266,0.592626404494382,0.6082704635490682,0.6462850827039421,0.04696158690176322
pre_last,8,C,8,397.0,356.0,0.2039725020990764,0.009337709589599001,0.48793519248868084,0.539644089343691,0.6428391573955097,0.8614815652789581,0.592626404494382,0.6594479277627854,0.6827401665242477,0.0753442485306465
pre_last,8,C,10,397.0,356.0,0.1678694374475231,0.009337709589599001,0.48793519248868084,0.539644089343691,0.6311910435017228,0.8333531593914497,0.592626404494382,0.6839000354233392,0.6999274732641001,0.09403967254408063
pre_last,8,C,15,397.0,356.0,0.11721102714805484,0.009337709589599001,0.48793519248868084,0.539644089343691,0.6030576238024093,0.7695070510931424,0.592626404494382,0.7219141163196262,0.7370526312572998,0.14027602854743912
pre_last,8,C,20,397.0,356.0,0.09412153652392947,0.009337709589599001,0.48793519248868084,0.539644089343691,0.5705653385774366,0.7239455273758426,0.592626404494382,0.7561110288575423,0.764123827819345,0.1866110411418976
pre_last,8,C,30,397.0,356.0,0.06766652672823953,0.009337709589599001,0.48793519248868084,0.539644089343691,0.5256825856193611,0.6861912125506182,0.592626404494382,0.7993396849689758,0.8049764990520398,0.28003778337531493
pre_last,8,C,40,397.0,356.0,0.05258081444164567,0.009337709589599001,0.48793519248868084,0.539644089343691,0.5041352467295946,0.6639000853991212,0.592626404494382,0.8230751441601539,0.8278601854094813,0.373331234256927
pre_last,8,I,5,397.0,356.0,0.07722921914357682,0.009337709589599001,0.9222620794554753,0.6451798691437863,1.1285468911549612,0.8515909627310985,0.20039794007490638,0.7987238503603324,0.8063314102195067,0.04656171284634759
pre_last,8,I,8,397.0,356.0,0.056438916876574305,0.009337709589599001,0.9222620794554753,0.6451798691437863,1.0848003541541806,0.8029061444985124,0.20039794007490638,0.8419207265363553,0.8473654819281566,0.07484991603694371
pre_last,8,I,10,397.0,356.0,0.04921284634760704,0.009337709589599001,0.9222620794554753,0.6451798691437863,1.0651322632647746,0.7807487594134316,0.20039794007490638,0.8628141295630731,0.8679435814100056,0.0936670864819479
pre_last,8,I,15,397.0,356.0,0.038634200951581224,0.009337709589599001,0.9222620794554753,0.6451798691437863,1.035947386711474,0.73896263990243,0.20039794007490638,0.9077470381128052,0.9142855193957542,0.14053526448362721
pre_last,8,I,20,397.0,356.0,0.03300167926112508,0.009337709589599001,0.9222620794554753,0.6451798691437863,1.017021720238377,0.7072871172990651,0.20039794007490638,0.9537966603532139,0.9604696905938062,0.18725860621326618
pre_last,8,I,30,397.0,356.0,0.0263650993562833,0.009337709589599001,0.9222620794554753,0.6451798691437863,0.9944962838860032,0.6738254383767586,0.20039794007490638,1.0106657167657567,1.0130383027102297,0.28057619647355164
pre_last,8,I,40,397.0,356.0,0.022374580184718742,0.009337709589599001,0.9222620794554753,0.6451798691437863,0.9788446462699681,0.6477297684965546,0.20039794007490638,1.0390663731417893,1.0417476593301958,0.373772040302267
pre_last,9,C,5,397.0,356.0,0.2875692695214106,0.009337709589599001,0.4872434986968424,0.5372568559183725,0.7301354366956477,0.9206631339290982,0.6040496254681649,0.6046468755464646,0.6420933090857819,0.046977329974811084
pre_last,9,C,8,397.0,356.0,0.20555205709487828,0.009337709589599001,0.4872434986968424,0.5372568559183725,0.6617035636890854,0.8621154823954013,0.6040496254681649,0.6553238760936092,0.6770185613140001,0.07520780856423175
pre_last,9,C,10,397.0,356.0,0.16854953820319055,0.009337709589599001,0.4872434986968424,0.5372568559183725,0.6424829728274193,0.8357871279830406,0.6040496254681649,0.6793082124858003,0.6946190562853041,0.09390638119227544
pre_last,9,C,15,397.0,356.0,0.11809543800727683,0.009337709589599001,0.4872434986968424,0.5372568559183725,0.6047950935447235,0.7689183679227957,0.6040496254681649,0.7155185426378815,0.7300152391294025,0.14026028547439126
pre_last,9,C,20,397.0,356.0,0.09391057934508819,0.009337709589599001,0.4872434986968424,0.5372568559183725,0.5759847593703673,0.7281260746338092,0.6040496254681649,0.7489704044518206,0.7569200041077843,0.186365449202351
pre_last,9,C,30,397.0,356.0,0.06797439126784213,0.009337709589599001,0.4872434986968424,0.5372568559183725,0.527922327784885,0.6870407042538021,0.6040496254681649,0.7906994573912124,0.7963322460643442,0.27991813602015114
pre_last,9,C,40,397.0,356.0,0.05222134760705287,0.009337709589599001,0.4872434986968424,0.5372568559183725,0.5092634341425778,0.6653660162918429,0.6040496254681649,0.8140685660125583,0.8187127396014559,0.37310138539042825
pre_last,9,I,5,397.0,356.0,0.07793450881612093,0.009337709589599001,0.9209676644072291,0.6513551981478988,1.1274791476289372,0.8551905836694872,0.20032771535580526,0.8014106429850185,0.8086754106845645,0.04655751469353478
pre_last,9,I,8,397.0,356.0,0.056640952980688525,0.009337709589599001,0.9209676644072291,0.6513551981478988,1.0835800776871938,0.8083431193001045,0.20032771535580526,0.8428160400516608,0.8480646029470403,0.07470822837951305
pre_last,9,I,10,397.0,356.0,0.049120486985726304,0.009337709589599001,0.9209676644072291,0.6513551981478988,1.0650940879277255,0.7869944803246511,0.20032771535580526,0.863123774433966,0.8681768341110243,0.09350125944584385
pre_last,9,I,15,397.0,356.0,0.03877413937867332,0.009337709589599001,0.9209676644072291,0.6513551981478988,1.035277094821889,0.7450145299505253,0.20032771535580526,0.9069062673184181,0.9131216647494206,0.14049223341729639
pre_last,9,I,20,397.0,356.0,0.033115029387069686,0.009337709589599001,0.9209676644072291,0.6513551981478988,1.0172456705019408,0.7156780452014372,0.20032771535580526,0.9507244213611848,0.9572519050307933,0.18708543240973974
pre_last,9,I,30,397.0,356.0,0.026641477749790095,0.009337709589599001,0.9209676644072291,0.6513551981478988,0.9950137096300686,0.6815754428837381,0.20032771535580526,1.006834975295028,1.0092880925778773,0.28047544080604536
pre_last,9,I,40,397.0,356.0,0.022401343408900102,0.009337709589599001,0.9209676644072291,0.6513551981478988,0.978305703191728,0.6543443131836277,0.20032771535580526,1.035344124837164,1.0380101336249168,0.3735306465155332
pre_last,10,C,5,397.0,356.0,0.2965659109991604,0.009337709589599001,0.49229375851086943,0.5489115942906451,0.7384921776065769,0.9202857226875786,0.6073501872659178,0.6152819626204323,0.6533524646899547,0.04694059613769941
pre_last,10,C,8,397.0,356.0,0.20919657850545761,0.009337709589599001,0.49229375851086943,0.5489115942906451,0.658878227517712,0.8686500551971237,0.6073501872659178,0.666559017775504,0.6884416865004606,0.07512594458438285
pre_last,10,C,10,397.0,356.0,0.17139588581024348,0.009337709589599001,0.49229375851086943,0.5489115942906451,0.6367980948453926,0.8353375496481104,0.6073501872659178,0.6908280841615632,0.706237498599148,0.09374685138539036
pre_last,10,C,15,397.0,356.0,0.1206409179960818,0.009337709589599001,0.49229375851086943,0.5489115942906451,0.5953720267802285,0.7753563821501795,0.6073501872659178,0.7262493611876123,0.7400453198603961,0.14019416456759023
pre_last,10,C,20,397.0,356.0,0.09547544080604535,0.009337709589599001,0.49229375851086943,0.5489115942906451,0.5667460678180753,0.7364820978976211,0.6073501872659178,0.7572995582559495,0.7659147900612404,0.18642422334172962
pre_last,10,C,30,397.0,356.0,0.06855163727959704,0.009337709589599001,0.49229375851086943,0.5489115942906451,0.5220230034613518,0.6914498716182798,0.6073501872659178,0.7998889598899799,0.8052642710756566,0.2799044920235097
pre_last,10,C,40,397.0,356.0,0.05252204030226699,0.009337709589599001,0.49229375851086943,0.5489115942906451,0.5026660043000691,0.672745358382308,0.6073501872659178,0.8225157086208352,0.8270088496195476,0.3734298908480269
pre_last,10,I,5,397.0,356.0,0.07760705289672541,0.009337709589599001,0.9277284205525639,0.667709914251759,1.1203443119543772,0.86124321852059,0.20376872659176032,0.8148994715646593,0.8218662577423668,0.04675797649034425
pre_last,10,I,8,397.0,356.0,0.05693482367758187,0.009337709589599001,0.9277284205525639,0.667709914251759,1.0794210044366717,0.8170944460854348,0.20376872659176032,0.8550656770651694,0.8601438691757278,0.07471452560873212
pre_last,10,I,10,397.0,356.0,0.04961796809403862,0.009337709589599001,0.9277284205525639,0.667709914251759,1.0616943638769496,0.7964592817307027,0.20376872659176032,0.8746254195572566,0.879540047439099,0.093507556675063
pre_last,10,I,15,397.0,356.0,0.039750909599775924,0.009337709589599001,0.9277284205525639,0.667709914251759,1.0330140285088774,0.7568120610911596,0.20376872659176032,0.9170616199974062,0.9231223772098739,0.14048173803526445
pre_last,10,I,20,397.0,356.0,0.03397355163727957,0.009337709589599001,0.9277284205525639,0.667709914251759,1.0152603370940858,0.7284166735260348,0.20376872659176032,0.9596941766450974,0.9661915004703799,0.18677896725440807
pre_last,10,I,30,397.0,356.0,0.026856982927511944,0.009337709589599001,0.9277284205525639,0.667709914251759,0.9931707880779472,0.6952760069392987,0.20376872659176032,1.0149612112761381,1.0173981866306407,0.2805636020151134
pre_last,10,I,40,397.0,356.0,0.022712531486146135,0.009337709589599001,0.9277284205525639,0.667709914251759,0.9761472502746993,0.6693252019673294,0.20376872659176032,1.0429426117104668,1.0455580051353384,0.37318219983207396
pre_last,11,C,5,397.0,356.0,0.3001259445843829,0.009337709589599001,0.49249756028683195,0.5520522597899028,0.7226608554018248,0.9270928158231304,0.6164325842696633,0.6169321314348813,0.6544665684553637,0.046882871536523936
pre_last,11,C,8,397.0,356.0,0.21160002099076405,0.009337709589599001,0.49249756028683195,0.5520522597899028,0.6578218125172751,0.8711535831561373,0.6164325842696633,0.6671472254480381,0.6882617804499608,0.07516267842149453
pre_last,11,C,10,397.0,356.0,0.17445843828715363,0.009337709589599001,0.49249756028683195,0.5520522597899028,0.6441709111184596,0.8416450320232499,0.6164325842696633,0.6895612250148456,0.7053349961978038,0.09373425692695214
pre_last,11,C,15,397.0,356.0,0.12335012594458453,0.009337709589599001,0.49249756028683195,0.5520522597899028,0.6001789150673641,0.7847308008956072,0.6164325842696633,0.7234898631837495,0.7366823308281509,0.14023089840470193
pre_last,11,C,20,397.0,356.0,0.09566225860621327,0.009337709589599001,0.49249756028683195,0.5520522597899028,0.5708420636420092,0.7464458673794222,0.6164325842696633,0.7514899150771572,0.7594079434020355,0.18657955499580184
pre_last,11,C,30,397.0,356.0,0.06820458998040865,0.009337709589599001,0.49249756028683195,0.5520522597899028,0.528348930803865,0.7045300473879169,0.6164325842696633,0.7923866999424624,0.7973724287464592,0.28014063811922757
pre_last,11,C,40,397.0,356.0,0.05262279596977327,0.009337709589599001,0.49249756028683195,0.5520522597899028,0.5074616375838495,0.6814518579850405,0.6164325842696633,0.8140828609350593,0.818475833439997,0.373705919395466
pre_last,11,I,5,397.0,356.0,0.07871116708648196,0.009337709589599001,0.9261585005727672,0.6776570611692719,1.1154356333260786,0.867205136373149,0.20234082397003741,0.8211989275485703,0.8279237562314437,0.046572208228379534
pre_last,11,I,8,397.0,356.0,0.05781118807724605,0.009337709589599001,0.9261585005727672,0.6776570611692719,1.0739106087548629,0.8242902734406736,0.20234082397003741,0.8600034912867452,0.8650188145026877,0.07468618807724599
pre_last,11,I,10,397.0,356.0,0.05042401343408897,0.009337709589599001,0.9261585005727672,0.6776570611692719,1.0561604111574732,0.804065168240445,0.20234082397003741,0.8789677734916527,0.8838403967069791,0.09361565910999166
pre_last,11,I,15,397.0,356.0,0.040067170445004116,0.009337709589599001,0.9261585005727672,0.6776570611692719,1.029530505585201,0.7658489106003065,0.20234082397003741,0.9200099121254688,0.9258424092580633,0.14054995801847184
pre_last,11,I,20,397.0,356.0,0.034208648194794286,0.009337709589599001,0.9261585005727672,0.6776570611692719,1.012973573423609,0.739814545304039,0.20234082397003741,0.9602108776776811,0.9663973005414955,0.18717254408060455
pre_last,11,I,30,397.0,356.0,0.027042401343408917,0.009337709589599001,0.9261585005727672,0.6776570611692719,0.9912991064679186,0.7083850856547289,0.20234082397003741,1.0132405165513072,1.015582472168887,0.28062027707808573
pre_last,11,I,40,397.0,356.0,0.023063077246011743,0.009337709589599001,0.9261585005727672,0.6776570611692719,0.9750162069776444,0.6837310322488743,0.20234082397003741,1.0399236035123556,1.0423683372770636,0.3735726280436608
pre_last,12,C,5,397.0,356.0,0.30109151973131826,0.009337709589599001,0.4891546552349825,0.5492709746956148,0.7116621598245594,0.9234773503213131,0.6240168539325843,0.6132453348731529,0.6504163116829681,0.046861880772460125
pre_last,12,C,8,397.0,356.0,0.21309298908480268,0.009337709589599001,0.4891546552349825,0.5492709746956148,0.6610772225700033,0.869289214378042,0.6240168539325843,0.661801075031124,0.6825875311383648,0.07501469353484462
pre_last,12,C,10,397.0,356.0,0.17500839630562542,0.009337709589599001,0.4891546552349825,0.5492709746956148,0.6395752957807901,0.8397617607414367,0.6240168539325843,0.6843782861234368,0.6994706801318629,0.09366288832913519
pre_last,12,C,15,397.0,356.0,0.12330814441645686,0.009337709589599001,0.4891546552349825,0.5492709746956148,0.5848445642918592,0.7841379739510743,0.6240168539325843,0.7164781456642884,0.728818928435382,0.14025503778337534
pre_last,12,C,20,397.0,356.0,0.09568639798488668,0.009337709589599001,0.4891546552349825,0.5492709746956148,0.5580220472090599,0.7460275775968639,0.6240168539325843,0.7437336767223461,0.7515524414755852,0.18660369437447524
pre_last,12,C,30,397.0,356.0,0.06829834872656029,0.009337709589599001,0.4891546552349825,0.5492709746956148,0.5148222261249501,0.7108777655580402,0.6240168539325843,0.7831286608808219,0.7880380884067566,0.2799359781696053
pre_last,12,C,40,397.0,356.0,0.05233312342569272,0.009337709589599001,0.4891546552349825,0.5492709746956148,0.49401563123083864,0.6901284176634034,0.6240168539325843,0.8038021345329812,0.8081163376834247,0.3734529806884971
pre_last,12,I,5,397.0,356.0,0.07902183039462632,0.009337709589599001,0.9237565473696601,0.6810376657311401,1.1117837025928738,0.8702746050421196,0.20320692883895133,0.8211480775849636,0.8277825036158833,0.04672544080604535
pre_last,12,I,8,397.0,356.0,0.05837006717044504,0.009337709589599001,0.9237565473696601,0.6810376657311401,1.071838934918928,0.8288088222685597,0.20320692883895133,0.8590526583042826,0.8640180441593804,0.07467569269521411
pre_last,12,I,10,397.0,356.0,0.050829135180520554,0.009337709589599001,0.9237565473696601,0.6810376657311401,1.0553002460694587,0.8096036694767846,0.20320692883895133,0.8775382099602211,0.8823047632659478,0.09357262804366079
pre_last,12,I,15,397.0,356.0,0.040216904561992596,0.009337709589599001,0.9237565473696601,0.6810376657311401,1.028488222908296,0.7732964243940763,0.20320692883895133,0.9174955615211317,0.9232303227162153,0.140424013434089
pre_last,12,I,20,397.0,356.0,0.0343345927791771,0.009337709589599001,0.9237565473696601,0.6810376657311401,1.0121162492847173,0.7482438706204328,0.20320692883895133,0.9570046244694292,0.9631360652693721,0.18720822837951306
pre_last,12,I,30,397.0,356.0,0.02737685418415894,0.009337709589599001,0.9237565473696601,0.6810376657311401,0.9901976217299164,0.7177396405483079,0.20320692883895133,1.0095255075937624,1.0118587998310506,0.28084277917716205
pre_last,12,I,40,397.0,356.0,0.023180625524769093,0.009337709589599001,0.9237565473696601,0.6810376657311401,0.9739411195704964,0.6940325301169612,0.20320692883895133,1.0351955011475849,1.0375124582118496,0.37355163727959706
pre_last,13,C,5,397.0,356.0,0.3021452560873216,0.009337709589599001,0.48453058271861377,0.5455141757976186,0.705552026412707,0.9238516545024691,0.6264981273408239,0.6080427777627243,0.6447512179811612,0.046850335852225054
pre_last,13,C,8,397.0,356.0,0.21623635600335858,0.009337709589599001,0.48453058271861377,0.5455141757976186,0.639351470646687,0.8691351537657321,0.6264981273408239,0.6570654699825825,0.6764533678771888,0.07501574307304786
pre_last,13,C,10,397.0,356.0,0.17675062972292188,0.009337709589599001,0.48453058271861377,0.5455141757976186,0.6223271477328384,0.8368961976429105,0.6264981273408239,0.6779332246233672,0.6932936369226824,0.09369332493702777
pre_last,13,C,15,397.0,356.0,0.12482647635040595,0.009337709589599001,0.48453058271861377,0.5455141757976186,0.5776937445195098,0.7834454806179424,0.6264981273408239,0.7097969621180684,0.7214783290904935,0.13996116708648196
pre_last,13,C,20,397.0,356.0,0.09671494542401346,0.009337709589599001,0.48453058271861377,0.5455141757976186,0.544453170387175,0.7444598064112744,0.6264981273408239,0.7366455212037158,0.7446955405583899,0.18652183039462636
pre_last,13,C,30,397.0,356.0,0.06880282675622729,0.009337709589599001,0.48453058271861377,0.5455141757976186,0.4989637304622541,0.7126546491067242,0.6264981273408239,0.7741553673907735,0.778757938985274,0.2798939966414778
pre_last,13,C,40,397.0,356.0,0.05238297649034427,0.009337709589599001,0.48453058271861377,0.5455141757976186,0.48375976135814663,0.6969871897040285,0.6264981273408239,0.7942689031091564,0.7982246063519781,0.37327246011754833
pre_last,13,I,5,397.0,356.0,0.07837111670864819,0.009337709589599001,0.9233208372770962,0.6860725163251284,1.1080469373565371,0.8735163742272919,0.2031367041198502,0.8238935441242934,0.8304645166984392,0.04672858942065492
pre_last,13,I,8,397.0,356.0,0.058627204030226705,0.009337709589599001,0.9233208372770962,0.6860725163251284,1.0697637188875513,0.8320409275568437,0.2031367041198502,0.8611420963722358,0.8659906439924409,0.0748341729638959
pre_last,13,I,10,397.0,356.0,0.05121746431570106,0.009337709589599001,0.9233208372770962,0.6860725163251284,1.0540004063978679,0.8135772578342048,0.2031367041198502,0.879151434040215,0.8838329582892801,0.0933805625524769
pre_last,13,I,15,397.0,356.0,0.04075986565910987,0.009337709589599001,0.9233208372770962,0.6860725163251284,1.0274684739044677,0.7785828794468912,0.2031367041198502,0.9178524439921002,0.9233081171520927,0.14037573467674225
pre_last,13,I,20,397.0,356.0,0.03481842989084806,0.009337709589599001,0.9233208372770962,0.6860725163251284,1.0112318508854996,0.755238145690895,0.2031367041198502,0.9561204337353909,0.9622814374979598,0.18688497061293038
pre_last,13,I,30,397.0,356.0,0.027677022110271503,0.009337709589599001,0.9233208372770962,0.6860725163251284,0.9902054308023119,0.7255817317750192,0.2031367041198502,1.008865027448023,1.0111853231872663,0.2806790512174643
pre_last,13,I,40,397.0,356.0,0.023449832073887445,0.009337709589599001,0.9233208372770962,0.6860725163251284,0.9735233281885391,0.7024323258867126,0.2031367041198502,1.0339016266364451,1.0360971710493676,0.37424223341729645
pre_last,14,C,5,397.0,356.0,0.30649034424853067,0.009337709589599001,0.48215425211950647,0.5468309264585475,0.6861752839468441,0.9283814161798816,0.6351825842696627,0.607283454742329,0.6444832960049802,0.046870277078085665
pre_last,14,C,8,397.0,356.0,0.21986251049538202,0.009337709589599001,0.48215425211950647,0.5468309264585475,0.62645397033663,0.8660784401002601,0.6351825842696627,0.6564620019607604,0.6760417066803243,0.07495277078085646
pre_last,14,C,10,397.0,356.0,0.1802770780856423,0.009337709589599001,0.48215425211950647,0.5468309264585475,0.6075534273712349,0.8360326354196475,0.6351825842696627,0.67756503738338,0.6939883438851412,0.09362615449202352
pre_last,14,C,15,397.0,356.0,0.12518471872376172,0.009337709589599001,0.48215425211950647,0.5468309264585475,0.5570624483710858,0.7761540135797708,0.6351825842696627,0.7114238303588386,0.72244096898748,0.14020675902602855
pre_last,14,C,20,397.0,356.0,0.09700671704450041,0.009337709589599001,0.48215425211950647,0.5468309264585475,0.5268402086644978,0.7505707921807778,0.6351825842696627,0.736858563787237,0.7451973642996486,0.18673488664987403
pre_last,14,C,30,397.0,356.0,0.06836132101875177,0.009337709589599001,0.48215425211950647,0.5468309264585475,0.4913502463373781,0.7191169375685483,0.6351825842696627,0.7718467068745652,0.7761928425428473,0.27998530646515535
pre_last,14,C,40,397.0,356.0,0.05281328715365242,0.009337709589599001,0.48215425211950647,0.5468309264585475,0.47435923635092647,0.6993813111006636,0.6351825842696627,0.7912623458675564,0.7951286966253105,0.373623005877414
pre_last,14,I,5,397.0,356.0,0.07882871536523929,0.009337709589599001,0.9270094885893662,0.6933102420865496,1.104279590129674,0.8763304647157628,0.2025046816479401,0.8296025284733158,0.8362088991241194,0.046960537363560054
pre_last,14,I,8,397.0,356.0,0.0590024139378674,0.009337709589599001,0.9270094885893662,0.6933102420865496,1.0668648859356804,0.8343898992349325,0.2025046816479401,0.8667465585030402,0.8716347537115996,0.075022040302267
pre_last,14,I,10,397.0,356.0,0.05172334172963897,0.009337709589599001,0.9270094885893662,0.6933102420865496,1.0517801078038433,0.8161916187938807,0.2025046816479401,0.884519470436549,0.8891912999950804,0.09357157850545764
pre_last,14,I,15,397.0,356.0,0.04124405261684848,0.009337709589599001,0.9270094885893662,0.6933102420865496,1.0258147771153507,0.7830876950414907,0.2025046816479401,0.9223411559273565,0.9276738037568129,0.1401805205709488
pre_last,14,I,20,397.0,356.0,0.035223551637279596,0.009337709589599001,0.9270094885893662,0.6933102420865496,1.0094310316789032,0.7591787679463219,0.2025046816479401,0.959460199605328,0.9655801608897199,0.18659319899244334
pre_last,14,I,30,397.0,356.0,0.0278232577665827,0.009337709589599001,0.9270094885893662,0.6933102420865496,0.9886148390385887,0.730934580781864,0.2025046816479401,1.0115056566798708,1.0137590279307667,0.28061188077246013
pre_last,14,I,40,397.0,356.0,0.023673383711167076,0.009337709589599001,0.9270094885893662,0.6933102420865496,0.9726176178627439,0.7093038361215037,0.2025046816479401,1.035873128824777,1.0380189074136246,0.37407535684298915
pre_last,15,C,5,397.0,356.0,0.3132199832073887,0.009337709589599001,0.4810271736182834,0.5503754642162944,0.6812004906887388,0.9280697467561952,0.658988764044944,0.6108516699108111,0.6488820719011635,0.04675482787573467
pre_last,15,C,8,397.0,356.0,0.22253883291351811,0.009337709589599001,0.4810271736182834,0.5503754642162944,0.6190674167834505,0.8622710631747135,0.658988764044944,0.6610774749467665,0.6815326578355272,0.07491183879093198
pre_last,15,C,10,397.0,356.0,0.18163308144416457,0.009337709589599001,0.4810271736182834,0.5503754642162944,0.5888089302469589,0.8279423163524747,0.658988764044944,0.6825270633397059,0.699098871615751,0.09366603694374474
pre_last,15,C,15,397.0,356.0,0.12685978169605377,0.009337709589599001,0.4810271736182834,0.5503754642162944,0.5360386435368004,0.7735110759954317,0.658988764044944,0.7171701106183469,0.728243718971518,0.14018052057094885
pre_last,15,C,20,397.0,356.0,0.09753883291351807,0.009337709589599001,0.4810271736182834,0.5503754642162944,0.5097535184917935,0.748648922899925,0.658988764044944,0.7416410167540363,0.7493434603984298,0.18649664147774977
pre_last,15,C,30,397.0,356.0,0.06870417016512738,0.009337709589599001,0.4810271736182834,0.5503754642162944,0.47503161965602214,0.7199315673779236,0.658988764044944,0.7754251360007564,0.7798493107978385,0.2799916036943745
pre_last,15,C,40,397.0,356.0,0.053069899244332495,0.009337709589599001,0.4810271736182834,0.5503754642162944,0.45878933927304477,0.7011808217332173,0.658988764044944,0.7949223294446301,0.7989684268464228,0.37344143576826194
pre_last,15,I,5,397.0,356.0,0.07843408900083962,0.009337709589599001,0.9316488765063402,0.6994381872173421,1.103717160527,0.8760909985315812,0.20353464419475656,0.8357716866208613,0.8423155675285098,0.04686712846347609
pre_last,15,I,8,397.0,356.0,0.05872166246851387,0.009337709589599001,0.9316488765063402,0.6994381872173421,1.0663837647618195,0.834610559932336,0.20353464419475656,0.8729995572170212,0.8778826530716065,0.07491603694374474
pre_last,15,I,10,397.0,356.0,0.05151763224181359,0.009337709589599001,0.9316488765063402,0.6994381872173421,1.0515320765550977,0.8156836935907757,0.20353464419475656,0.8909527843089673,0.8955608227067788,0.09363664987405543
pre_last,15,I,15,397.0,356.0,0.041621886369997134,0.009337709589599001,0.9316488765063402,0.6994381872173421,1.0262174563036988,0.7826765986970454,0.20353464419475656,0.9281739559465872,0.9334460967736553,0.14021515533165405
pre_last,15,I,20,397.0,356.0,0.03544815281276236,0.009337709589599001,0.9316488765063402,0.6994381872173421,1.0096028534079466,0.7592544848905501,0.20353464419475656,0.9649348885880464,0.9710622099791751,0.1866246851385391
pre_last,15,I,30,397.0,356.0,0.028216484746711467,0.009337709589599001,0.9316488765063402,0.6994381872173421,0.9883251120730497,0.7313865001146017,0.20353464419475656,1.0172392997330038,1.0194884706504295,0.2803736356003359
pre_last,15,I,40,397.0,356.0,0.02382189336691857,0.009337709589599001,0.9316488765063402,0.6994381872173421,0.9719545628462753,0.7116572407632518,0.20353464419475656,1.0411113609104086,1.0432431457479399,0.3739746011754828
pre_last,16,C,5,397.0,356.0,0.31650713685978177,0.009337709589599001,0.4807824843444804,0.5559522494682813,0.6480004980955173,0.9310801928691624,0.6796582397003745,0.6162810178205149,0.654856992157383,0.04685873215785052
pre_last,16,C,8,397.0,356.0,0.22479009235936195,0.009337709589599001,0.4807824843444804,0.5559522494682813,0.5982665032235189,0.8687609170827579,0.6796582397003745,0.6668897310211863,0.6884870337576992,0.07500839630562552
pre_last,16,C,10,397.0,356.0,0.18368807724601174,0.009337709589599001,0.4807824843444804,0.5559522494682813,0.5727659358284021,0.8303707687287278,0.6796582397003745,0.6903613788793551,0.7065312506541239,0.09367968094038627
pre_last,16,C,15,397.0,356.0,0.1282871536523929,0.009337709589599001,0.4807824843444804,0.5559522494682813,0.520823811110883,0.7773622479630437,0.6796582397003745,0.7264637541492452,0.7369821377349193,0.14019101595298075
pre_last,16,C,20,397.0,356.0,0.09774034424853065,0.009337709589599001,0.4807824843444804,0.5559522494682813,0.4980381360684823,0.7472142565528649,0.6796582397003745,0.7499284365726064,0.7575010100880094,0.1866089420654912
pre_last,16,C,30,397.0,356.0,0.06819129582983482,0.009337709589599001,0.4807824843444804,0.5559522494682813,0.4594074003015997,0.7119587228788333,0.6796582397003745,0.7833788945695467,0.788113251932615,0.2799212846347608
pre_last,16,C,40,397.0,356.0,0.052405541561712836,0.009337709589599001,0.4807824843444804,0.5559522494682813,0.44061722365803985,0.6912018720508617,0.6796582397003745,0.803757180056505,0.8079098075632655,0.37339210747271206
pre_last,16,I,5,397.0,356.0,0.07680100755667499,0.009337709589599001,0.9371283359602682,0.705075264704092,1.109082137684278,0.8770487156672665,0.20039794007490644,0.8414631840175757,0.8478718074440902,0.0468398404701931
pre_last,16,I,8,397.0,356.0,0.057165722082283814,0.009337709589599001,0.9371283359602682,0.705075264704092,1.070651779234905,0.8349199281329206,0.20039794007490644,0.8791611235050996,0.8839716940156709,0.07496011754827873
pre_last,16,I,10,397.0,356.0,0.050188916876574334,0.009337709589599001,0.9371283359602682,0.705075264704092,1.054661739822817,0.8163381502551142,0.20039794007490644,0.8972625932144277,0.9017843403174578,0.09354743912678418
pre_last,16,I,15,397.0,356.0,0.04001119507416726,0.009337709589599001,0.9371283359602682,0.705075264704092,1.029559496817431,0.7826761931943307,0.20039794007490644,0.9342120789284859,0.9393001910237673,0.14021200671704453
pre_last,16,I,20,397.0,356.0,0.034622166246851396,0.009337709589599001,0.9371283359602682,0.705075264704092,1.0125381560990685,0.7585106260130995,0.20039794007490644,0.9701206466170581,0.9761668864816602,0.18674643157010917
pre_last,16,I,30,397.0,356.0,0.02769031626084525,0.009337709589599001,0.9371283359602682,0.705075264704092,0.9896834943756245,0.7298207520365284,0.20039794007490644,1.0232661467366735,1.0255834031933275,0.28036628883291353
pre_last,16,I,40,397.0,356.0,0.023527497900923577,0.009337709589599001,0.9371283359602682,0.705075264704092,0.9725611394335729,0.7107553099069857,0.20039794007490644,1.0475217854596797,1.0496888928424448,0.37391582703610404
pre_last,17,C,5,397.0,356.0,0.3213979848866499,0.009337709589599001,0.47182643895688214,0.551027426078975,0.6353629237254097,0.9331008673588693,0.6925561797752808,0.6109263089264422,0.6491204860958509,0.04676847187237617
pre_last,17,C,8,397.0,356.0,0.22516792611251055,0.009337709589599001,0.47182643895688214,0.551027426078975,0.5755688354852655,0.8640341858588234,0.6925561797752808,0.6621102899048649,0.6833089325401897,0.07492653232577667
pre_last,17,C,10,397.0,356.0,0.1858963056255248,0.009337709589599001,0.47182643895688214,0.551027426078975,0.5533796610292512,0.8321907281689074,0.6925561797752808,0.685524174786211,0.7012073807162855,0.09357367758186398
pre_last,17,C,15,397.0,356.0,0.12805345647914917,0.009337709589599001,0.47182643895688214,0.551027426078975,0.5071363633040888,0.7763456186789217,0.6925561797752808,0.7216873452282974,0.7326673602038255,0.1402613350125944
pre_last,17,C,20,397.0,356.0,0.09869857262804367,0.009337709589599001,0.47182643895688214,0.551027426078975,0.4797565156518598,0.7463757805739013,0.6925561797752808,0.7469229324122322,0.7547282346365608,0.1865186817800168
pre_last,17,C,30,397.0,356.0,0.06862160649314304,0.009337709589599001,0.47182643895688214,0.551027426078975,0.4402860655529936,0.7097671939586258,0.6925561797752808,0.7814595157503313,0.7862798491049645,0.28020361041141906
pre_last,17,C,40,397.0,356.0,0.052393471872376175,0.009337709589599001,0.47182643895688214,0.551027426078975,0.4224279931431937,0.6899768566536169,0.6925561797752808,0.8023478991189,0.8063087962845233,0.37326196473551637
pre_last,17,I,5,397.0,356.0,0.07523929471032748,0.009337709589599001,0.9339920421492152,0.7011696337917189,1.1105688562695297,0.8765777585365243,0.2000234082397004,0.8370917677301914,0.8433899979213801,0.0467453820319059
pre_last,17,I,8,397.0,356.0,0.05673803526448363,0.009337709589599001,0.9339920421492152,0.7011696337917189,1.0716780471628815,0.8354698942339966,0.2000234082397004,0.8750612865739331,0.8798237888381831,0.07498215785054577
pre_last,17,I,10,397.0,356.0,0.04981528127623843,0.009337709589599001,0.9339920421492152,0.7011696337917189,1.0547964676052468,0.8162126342316918,0.2000234082397004,0.8934563141755778,0.8978940857119294,0.09351595298068852
pre_last,17,I,15,397.0,356.0,0.03977609851665258,0.009337709589599001,0.9339920421492152,0.7011696337917189,1.028888284214659,0.7819233917792455,0.2000234082397004,0.9303395536931768,0.9354356626086396,0.14015428211586903
pre_last,17,I,20,397.0,356.0,0.03463790931989925,0.009337709589599001,0.9339920421492152,0.7011696337917189,1.01230783606388,0.7575907693753028,0.2000234082397004,0.9666293401365481,0.9727432813347046,0.18690596137699414
pre_last,17,I,30,397.0,356.0,0.027802267002518883,0.009337709589599001,0.9339920421492152,0.7011696337917189,0.9891210906450902,0.7276912584697218,0.2000234082397004,1.0209013968033671,1.0232706856391445,0.28040617128463474
pre_last,17,I,40,397.0,356.0,0.023749475230898435,0.009337709589599001,0.9339920421492152,0.7011696337917189,0.9718970050259325,0.7089835008571188,0.2000234082397004,1.045646800580933,1.047833364423302,0.3737416036943744
pre_last,18,C,5,397.0,356.0,0.3237531486146096,0.009337709589599001,0.46223907365179706,0.5484748990432416,0.6218278702031789,0.9355648155950026,0.7076310861423223,0.6058407768178279,0.6445765063593255,0.04693219983207391
pre_last,18,C,8,397.0,356.0,0.22700986565911005,0.009337709589599001,0.46223907365179706,0.5484748990432416,0.5526046775658042,0.8724257706328158,0.7076310861423223,0.6583538247208768,0.6798027299348158,0.07493073047858939
pre_last,18,C,10,397.0,356.0,0.18979638958858108,0.009337709589599001,0.46223907365179706,0.5484748990432416,0.5347895045215467,0.8391394960554431,0.7076310861423223,0.6811735455019652,0.6979510032537067,0.09364714525608735
pre_last,18,C,15,397.0,356.0,0.1314735516372795,0.009337709589599001,0.46223907365179706,0.5484748990432416,0.47925909410274,0.7765385776725913,0.7076310861423223,0.7181532410406887,0.7296061193909978,0.1402088581024349
pre_last,18,C,20,397.0,356.0,0.10014063811922755,0.009337709589599001,0.46223907365179706,0.5484748990432416,0.45943943208225063,0.7497874115429326,0.7076310861423223,0.7446682162551529,0.7531117274200755,0.1867296389588581
pre_last,18,C,30,397.0,356.0,0.0693059054016233,0.009337709589599001,0.46223907365179706,0.5484748990432416,0.4230421409045927,0.7133314695377403,0.7076310861423223,0.7811057907781689,0.786081879449523,0.280181570109152
pre_last,18,C,40,397.0,356.0,0.052741393786733815,0.009337709589599001,0.46223907365179706,0.5484748990432416,0.40827094730163976,0.6930496239234719,0.7076310861423223,0.8030179993991781,0.8071774925462267,0.3734876154492024
pre_last,18,I,5,397.0,356.0,0.07365239294710328,0.009337709589599001,0.932873895098637,0.6987336580055564,1.1160237321364903,0.8776345243285392,0.19730805243445695,0.8347312764982765,0.8409962874834231,0.046813602015113316
pre_last,18,I,8,397.0,356.0,0.0556596347607053,0.009337709589599001,0.932873895098637,0.6987336580055564,1.0754576528797177,0.8363034587822298,0.19730805243445695,0.8730520854338998,0.8778194532507301,0.07496641477749791
pre_last,18,I,10,397.0,356.0,0.048965155331654034,0.009337709589599001,0.932873895098637,0.6987336580055564,1.0581631061389458,0.8168327663833865,0.19730805243445695,0.891736107425389,0.8961464832055953,0.0935065071368598
pre_last,18,I,15,397.0,356.0,0.03943184998600606,0.009337709589599001,0.932873895098637,0.6987336580055564,1.0311064808672534,0.7803059577704907,0.19730805243445695,0.929391100814815,0.9345374219495215,0.14033795130142732
pre_last,18,I,20,397.0,356.0,0.03443010075566748,0.009337709589599001,0.932873895098637,0.6987336580055564,1.0139569786800802,0.7543211504897264,0.19730805243445695,0.9664261905708416,0.972596874638997,0.18718198992443327
pre_last,18,I,30,397.0,356.0,0.02787013713965855,0.009337709589599001,0.932873895098637,0.6987336580055564,0.9908928533959542,0.7240313092630261,0.19730805243445695,1.0207710005247028,1.0231090406494572,0.28041141897565075
pre_last,18,I,40,397.0,356.0,0.02359047019311506,0.009337709589599001,0.932873895098637,0.6987336580055564,0.9731226974696009,0.7053180731142514,0.19730805243445695,1.0455742136085835,1.0477709629037804,0.3736775818639798
pre_last,19,C,5,397.0,356.0,0.3327287993282955,0.009337709589599001,0.449428958715948,0.5666591531456447,0.5719087983046415,0.9464476325846835,0.7211610486891389,0.6233011918567587,0.6631007088913033,0.04678316540722083
pre_last,19,C,8,397.0,356.0,0.23661314021830393,0.009337709589599001,0.449428958715948,0.5666591531456447,0.48724634741572365,0.8753237607031791,0.7211610486891389,0.6755131100963925,0.6968043566583833,0.07496116708648194
pre_last,19,C,10,397.0,356.0,0.19287573467674227,0.009337709589599001,0.449428958715948,0.5666591531456447,0.4690700756121607,0.8501285156891238,0.7211610486891389,0.6983975371190245,0.7142610222363786,0.09342779177162049
pre_last,19,C,15,397.0,356.0,0.13308984047019304,0.009337709589599001,0.449428958715948,0.5666591531456447,0.4402550261438231,0.8004915221286549,0.7211610486891389,0.7318906465342769,0.7428721192046887,0.14023824517212433
pre_last,19,C,20,397.0,356.0,0.10199727120067172,0.009337709589599001,0.449428958715948,0.5666591531456447,0.4211576397312592,0.7676809171691199,0.7211610486891389,0.7579865995805934,0.7660176719384691,0.1869227539882452
pre_last,19,C,30,397.0,356.0,0.07012734396865382,0.009337709589599001,0.449428958715948,0.5666591531456447,0.3927479423005293,0.7283552412852363,0.7211610486891389,0.7940860283789587,0.7992329279305012,0.2800713685978169
pre_last,19,C,40,397.0,356.0,0.05330342149454243,0.009337709589599001,0.449428958715948,0.5666591531456447,0.3769606623078675,0.7030681690056643,0.7211610486891389,0.8164485740045037,0.8207252667619845,0.37343094038623004
pre_last,19,I,5,397.0,356.0,0.07450041981528129,0.009337709589599001,0.9323497848599845,0.7064369278286551,1.1175707701130915,0.8810336992867929,0.20004681647940079,0.8390805866388692,0.8452460706148764,0.04653862300587742
pre_last,19,I,8,397.0,356.0,0.055499580184718726,0.009337709589599001,0.9323497848599845,0.7064369278286551,1.0786265175201097,0.8411675764288726,0.20004681647940079,0.8767988305592704,0.8815050900231437,0.07480478589420654
pre_last,19,I,10,397.0,356.0,0.04888329135180524,0.009337709589599001,0.9323497848599845,0.7064369278286551,1.061450455579457,0.82077073422712,0.20004681647940079,0.8955848897504354,0.9000144158162068,0.09361565910999158
pre_last,19,I,15,397.0,356.0,0.039387069689336585,0.009337709589599001,0.9323497848599845,0.7064369278286551,1.0322862379943911,0.7831405254787999,0.20004681647940079,0.9337507630378117,0.9388311926965626,0.14054366078925276
pre_last,19,I,20,397.0,356.0,0.03395885810243489,0.009337709589599001,0.9323497848599845,0.7064369278286551,1.0137159043861939,0.7566791727695891,0.20004681647940079,0.9710214484089165,0.9771808324059793,0.1870382031905961
pre_last,19,I,30,397.0,356.0,0.027864539602574886,0.009337709589599001,0.9323497848599845,0.7064369278286551,0.9901751846013406,0.726694806122253,0.20004681647940079,1.0260240912185048,1.0283943286285786,0.28017737195633924
pre_last,19,I,40,397.0,356.0,0.02370906801007555,0.009337709589599001,0.9323497848599845,0.7064369278286551,0.9728944504674256,0.709269564077204,0.20004681647940079,1.050783173386413,1.0529318528687799,0.37362405541561716
pre_last,20,C,5,397.0,356.0,0.3377539882451722,0.009337709589599001,0.4413310447520674,0.5800869732974181,0.5345359260215417,0.9433795859789675,0.7300561797752807,0.6326887003499684,0.6775417690430567,0.04669395465994961
pre_last,20,C,8,397.0,356.0,0.24019468933669183,0.009337709589599001,0.4413310447520674,0.5800869732974181,0.46396075410723253,0.877366178622978,0.7300561797752807,0.6887267220212282,0.7118257663888891,0.0746526028547439
pre_last,20,C,10,397.0,356.0,0.19662048698572634,0.009337709589599001,0.4413310447520674,0.5800869732974181,0.44090132462592463,0.8488662022981159,0.7300561797752807,0.7125606637229409,0.7298794508225183,0.09340260285474394
pre_last,20,C,15,397.0,356.0,0.13590820039182763,0.009337709589599001,0.4413310447520674,0.5800869732974181,0.4112826394645862,0.8015573309539907,0.7300561797752807,0.7475571793081458,0.7587884514820276,0.1402602854743913
pre_last,20,C,20,397.0,356.0,0.10356947942905124,0.009337709589599001,0.4413310447520674,0.5800869732974181,0.3986118245290876,0.7753704555670667,0.7300561797752807,0.774295843128206,0.7822518798878308,0.18692800167926113
pre_last,20,C,30,397.0,356.0,0.07088860901203477,0.009337709589599001,0.4413310447520674,0.5800869732974181,0.3732824021240326,0.7367947978411828,0.7300561797752807,0.8092892962364352,0.8144591777768216,0.2800703190596138
pre_last,20,C,40,397.0,356.0,0.05412468513853904,0.009337709589599001,0.4413310447520674,0.5800869732974181,0.3570967326812851,0.7150907074753479,0.7300561797752807,0.8320524084064341,0.8360633819111702,0.3736345507976491
pre_last,20,I,5,397.0,356.0,0.07456339210747268,0.009337709589599001,0.9329571413510417,0.7119662024001088,1.1174460304110145,0.8826932818348728,0.201310861423221,0.8438504772219612,0.8499770377659581,0.04651868178001677
pre_last,20,I,8,397.0,356.0,0.056310348446683464,0.009337709589599001,0.9329571413510417,0.7119662024001088,1.079379541559155,0.843832056216243,0.201310861423221,0.8809630935343837,0.8857402858870989,0.07489084802686818
pre_last,20,I,10,397.0,356.0,0.049426952141057946,0.009337709589599001,0.9329571413510417,0.7119662024001088,1.0624051436311117,0.8244406853492481,0.201310861423221,0.8996719182442405,0.9042241662369613,0.09349706129303106
pre_last,20,I,15,397.0,356.0,0.03920235096557508,0.009337709589599001,0.9329571413510417,0.7119662024001088,1.0334319182727947,0.7865971436902598,0.201310861423221,0.9379138497741795,0.9429912084455366,0.1402141057934509
pre_last,20,I,20,397.0,356.0,0.03399139378673384,0.009337709589599001,0.9329571413510417,0.7119662024001088,1.013508206843401,0.7609500004363331,0.201310861423221,0.9751582853761022,0.9813619278467881,0.1868219983207389
pre_last,20,I,30,397.0,356.0,0.028013574027427927,0.009337709589599001,0.9329571413510417,0.7119662024001088,0.9893214218702239,0.7307384447514406,0.201310861423221,1.030652586540159,1.0330873351466114,0.2800545759865659
pre_last,20,I,40,397.0,356.0,0.023809298908480235,0.009337709589599001,0.9329571413510417,0.7119662024001088,0.9715737826417452,0.7131573998600992,0.201310861423221,1.0556513558016567,1.0578621702383941,0.3734403862300588
pre_last,21,C,5,397.0,356.0,0.34181780016792623,0.009337709589599001,0.441193968767071,0.6113143492633747,0.5128385486374237,0.9486718025132937,0.735955056179775,0.6610543774484795,0.7090772931756981,0.04670864819479426
pre_last,21,C,8,397.0,356.0,0.24467359361880772,0.009337709589599001,0.441193968767071,0.6113143492633747,0.4374605147513217,0.8907085316050666,0.735955056179775,0.7182584609395183,0.7454063262528894,0.07467674223341735
pre_last,21,C,10,397.0,356.0,0.1996326616288834,0.009337709589599001,0.441193968767071,0.6113143492633747,0.41804592855052003,0.860513634053084,0.735955056179775,0.743618925207798,0.7627523414902523,0.09308564231738038
pre_last,21,C,15,397.0,356.0,0.1357458718164008,0.009337709589599001,0.441193968767071,0.6113143492633747,0.39750705428289573,0.8095581931510872,0.735955056179775,0.7815580459227911,0.7918761912558018,0.14006402183039462
pre_last,21,C,20,397.0,356.0,0.10409424853064654,0.009337709589599001,0.441193968767071,0.6113143492633747,0.3804956113954118,0.786137408425898,0.735955056179775,0.8072716829950952,0.8147547613750096,0.18689441645675905
pre_last,21,C,30,397.0,356.0,0.07104114189756515,0.009337709589599001,0.441193968767071,0.6113143492633747,0.3613165805391599,0.749832861578816,0.735955056179775,0.8423779030952127,0.8480857116118664,0.2801343408900084
pre_last,21,C,40,397.0,356.0,0.05434613769941228,0.009337709589599001,0.441193968767071,0.6113143492633747,0.3472298520482441,0.721822670116625,0.735955056179775,0.8661915336510281,0.8705421117587591,0.3734089000839631
pre_last,21,I,5,397.0,356.0,0.07479848866498742,0.009337709589599001,0.9407677153391599,0.7275534282211188,1.1161314718401398,0.886749401022291,0.20107677902621726,0.8591756989268268,0.8652893435302196,0.04650713685978173
pre_last,21,I,8,397.0,356.0,0.05624475230898406,0.009337709589599001,0.9407677153391599,0.7275534282211188,1.080154492048902,0.8474210288863419,0.20107677902621726,0.8967258430161126,0.9015216652806046,0.07483942065491184
pre_last,21,I,10,397.0,356.0,0.049473131821998334,0.009337709589599001,0.9407677153391599,0.7275534282211188,1.0633418754353408,0.8284949389318078,0.20107677902621726,0.9156365913253796,0.9202192179184335,0.09351070528967252
pre_last,21,I,15,397.0,356.0,0.03940666106912949,0.009337709589599001,0.9407677153391599,0.7275534282211188,1.0344504655627877,0.7925433780736696,0.20107677902621726,0.9540393395090416,0.9591795113973997,0.14017212426532327
pre_last,21,I,20,397.0,356.0,0.03401238455079764,0.009337709589599001,0.9407677153391599,0.7275534282211188,1.014701235293987,0.7673587284749165,0.20107677902621726,0.9904940943799012,0.9965651489231279,0.18666036943744752
pre_last,21,I,30,397.0,356.0,0.02768052057094876,0.009337709589599001,0.9407677153391599,0.7275534282211188,0.9907161362230442,0.7377542610754423,0.20107677902621726,1.0446069084876,1.0471277875205676,0.28013434089000844
pre_last,21,I,40,397.0,356.0,0.02371641477749786,0.009337709589599001,0.9407677153391599,0.7275534282211188,0.9720039244557014,0.7195859632984546,0.20107677902621726,1.0699320768680598,1.0721447302380367,0.3734949622166247
pre_last,22,C,5,397.0,356.0,0.3491393786733837,0.009337709589599001,0.43661083159271263,0.6395025359298442,0.48936757819425963,0.9523279697222047,0.7513810861423221,0.6888785530994457,0.7397335983862091,0.046738035264483634
pre_last,22,C,8,397.0,356.0,0.24624265323257774,0.009337709589599001,0.43661083159271263,0.6395025359298442,0.4204319294642462,0.8937255335098366,0.7513810861423221,0.7475457400496204,0.7768341940037816,0.0747113769941226
pre_last,22,C,10,397.0,356.0,0.20237615449202354,0.009337709589599001,0.43661083159271263,0.6395025359298442,0.3997693155988516,0.863007106717158,0.7513810861423221,0.7733574491994113,0.794104472348397,0.09312132661628884
pre_last,22,C,15,397.0,356.0,0.13731738035264485,0.009337709589599001,0.43661083159271263,0.6395025359298442,0.36643386488357554,0.817661766509118,0.7513810861423221,0.8129173883779699,0.8225635502076138,0.14014273719563394
pre_last,22,C,20,397.0,356.0,0.1040176322418136,0.009337709589599001,0.43661083159271263,0.6395025359298442,0.3596151242290431,0.7924602597467842,0.7513810861423221,0.8372722017032274,0.8449249827328955,0.18696893366918557
pre_last,22,C,30,397.0,356.0,0.07068779736915767,0.009337709589599001,0.43661083159271263,0.6395025359298442,0.3463553926796778,0.7571230190486096,0.7513810861423221,0.8711964487572323,0.8761908923932915,0.28010390428211596
pre_last,22,C,40,397.0,356.0,0.05405541561712847,0.009337709589599001,0.43661083159271263,0.6395025359298442,0.3333863213662081,0.7360333915234565,0.7513810861423221,0.8950358861632278,0.8995309045898741,0.37333543240973976
pre_last,22,I,5,397.0,356.0,0.07362720403022668,0.009337709589599001,0.9453274078010974,0.7393540019738398,1.1165605759311898,0.8892350229821645,0.2000468164794008,0.8701663390374587,0.8760514183405388,0.04665722082283794
pre_last,22,I,8,397.0,356.0,0.056066330814441616,0.009337709589599001,0.9453274078010974,0.7393540019738398,1.0802866338690984,0.8517744551423656,0.2000468164794008,0.9074141431169416,0.9120497922840809,0.07468094038623004
pre_last,22,I,10,397.0,356.0,0.04939336691855582,0.009337709589599001,0.9453274078010974,0.7393540019738398,1.0638594019903844,0.8338661137784844,0.2000468164794008,0.9259194866598149,0.9303859174711081,0.09331968933669191
pre_last,22,I,15,397.0,356.0,0.03926392387349558,0.009337709589599001,0.9453274078010974,0.7393540019738398,1.0359223618740672,0.800976229325848,0.2000468164794008,0.96355187926393,0.9685031184132684,0.14030331654072206
pre_last,22,I,20,397.0,356.0,0.03380142737195631,0.009337709589599001,0.9453274078010974,0.7393540019738398,1.0173910347107624,0.7785204239926764,0.2000468164794008,0.998883822627691,1.0046866711311009,0.18691855583543235
pre_last,22,I,30,397.0,356.0,0.02711586901763221,0.009337709589599001,0.9453274078010974,0.7393540019738398,0.9934541975377607,0.7505011381252964,0.2000468164794008,1.0522151517089164,1.054773125913002,0.2801910159529807
pre_last,22,I,40,397.0,356.0,0.023176952141057926,0.009337709589599001,0.9453274078010974,0.7393540019738398,0.975063584299989,0.7324745383178582,0.2000468164794008,1.077983989199974,1.0802265047663417,0.373463476070529
pre_last,23,C,5,397.0,356.0,0.35386649874055415,0.009337709589599001,0.4357516830132623,0.673932752419537,0.47015351609207273,0.9503329619236299,0.7520365168539326,0.7236549560379365,0.77861968751764,0.04679366078925276
pre_last,23,C,8,397.0,356.0,0.24910526868178,0.009337709589599001,0.4357516830132623,0.673932752419537,0.40611132309078785,0.896017843223586,0.7520365168539326,0.7831212696589873,0.8132852962693945,0.07475545759865661
pre_last,23,C,10,397.0,356.0,0.20512174643157016,0.009337709589599001,0.4357516830132623,0.673932752419537,0.38168560403746127,0.8686603837010778,0.7520365168539326,0.8103450921102067,0.8303735806537886,0.09337321578505461
pre_last,23,C,15,397.0,356.0,0.13869437447523097,0.009337709589599001,0.4357516830132623,0.673932752419537,0.3526726410591225,0.8234570516357432,0.7520365168539326,0.8461679067850252,0.8552791444326018,0.14021620486985722
pre_last,23,C,20,397.0,356.0,0.1052371956339211,0.009337709589599001,0.4357516830132623,0.673932752419537,0.34407431903240654,0.8050175170764599,0.7520365168539326,0.8690551777617954,0.8766544845940081,0.1867264903442485
pre_last,23,C,30,397.0,356.0,0.07196123705569556,0.009337709589599001,0.4357516830132623,0.673932752419537,0.33037594503611173,0.7710585160047898,0.7520365168539326,0.9020969009133962,0.90766635303664,0.2800041981528128
pre_last,23,C,40,397.0,356.0,0.05433669185558354,0.009337709589599001,0.4357516830132623,0.673932752419537,0.31882777364457016,0.7470722810433377,0.7520365168539326,0.9252284494754247,0.9294871963344514,0.37375209907640633
pre_last,23,I,5,397.0,356.0,0.07398404701931152,0.009337709589599001,0.9515583840939728,0.7535083188376827,1.112911642900172,0.8933588421708418,0.20229400749063675,0.8828515036347334,0.8887720519211403,0.04649454240134344
pre_last,23,I,8,397.0,356.0,0.056467779177162065,0.009337709589599001,0.9515583840939728,0.7535083188376827,1.078582189680764,0.8575611548406653,0.20229400749063675,0.919795285334552,0.9244313749264503,0.0746326616288833
pre_last,23,I,10,397.0,356.0,0.049706129303106666,0.009337709589599001,0.9515583840939728,0.7535083188376827,1.0625284529603032,0.8409359691458885,0.20229400749063675,0.9379949205362661,0.9424253083455628,0.09330184718723761
pre_last,23,I,15,397.0,356.0,0.03958438287153647,0.009337709589599001,0.9515583840939728,0.7535083188376827,1.0358133815898052,0.8101071913257218,0.20229400749063675,0.9745613575832757,0.979159580282849,0.13991813602015118
pre_last,23,I,20,397.0,356.0,0.03380037783375319,0.009337709589599001,0.9515583840939728,0.7535083188376827,1.0172740630760988,0.7897632653600355,0.20229400749063675,1.0080256430885126,1.0136816152193693,0.18686817800167926
pre_last,23,I,30,397.0,356.0,0.02689056815001402,0.009337709589599001,0.9515583840939728,0.7535083188376827,0.9941357286067566,0.763900063423017,0.20229400749063675,1.0599538616473407,1.0624341518552474,0.2802183039462636
pre_last,23,I,40,397.0,356.0,0.023176427371956385,0.009337709589599001,0.9515583840939728,0.7535083188376827,0.9770491408162731,0.7467349220087223,0.20229400749063675,1.0853810435926243,1.0877108968889369,0.37346452560873217
pre_last,24,C,5,397.0,356.0,0.3642317380352645,0.009337709589599001,0.437043220294374,0.7289179664235641,0.43924892073615046,0.9522865714183957,0.7641151685393262,0.7758461418675099,0.8347993857601917,0.04681465155331652
pre_last,24,C,8,397.0,356.0,0.25527655331654076,0.009337709589599001,0.437043220294374,0.7289179664235641,0.37755543951903603,0.9061044945153627,0.7641151685393262,0.8356081436554922,0.8685499667204366,0.07475860621326613
pre_last,24,C,10,397.0,356.0,0.20916036943744754,0.009337709589599001,0.437043220294374,0.7289179664235641,0.34713705292593944,0.8786448702071822,0.7641151685393262,0.8660529818811727,0.8832339946752449,0.09347816960537365
pre_last,24,C,15,397.0,356.0,0.14181640078365537,0.009337709589599001,0.437043220294374,0.7289179664235641,0.3299852354322375,0.8448043104975181,0.7641151685393262,0.8986408088344534,0.9075707895243091,0.14021620486985725
pre_last,24,C,20,397.0,356.0,0.10896935348446686,0.009337709589599001,0.437043220294374,0.7289179664235641,0.3186375258632807,0.8273482181114722,0.7641151685393262,0.9185167483716548,0.9258744167265645,0.18670654911838785
pre_last,24,C,30,397.0,356.0,0.0743108032465714,0.009337709589599001,0.437043220294374,0.7289179664235641,0.3040861999274474,0.7919002476400928,0.7641151685393262,0.9489916087120945,0.954274256493281,0.27975230898404707
pre_last,24,C,40,397.0,356.0,0.05657063392107474,0.009337709589599001,0.437043220294374,0.7289179664235641,0.29347069789190194,0.7720540609104701,0.7641151685393262,0.9704385245526814,0.9738749336183131,0.37327455919395464
pre_last,24,I,5,397.0,356.0,0.07702350965575144,0.009337709589599001,0.9595674430053092,0.775871934054768,1.1034639769124654,0.8988715138921866,0.2072799625468165,0.9028750697813265,0.90909179684571,0.046499790092359376
pre_last,24,I,8,397.0,356.0,0.057913518052057085,0.009337709589599001,0.9595674430053092,0.775871934054768,1.0711154075806357,0.865764965282673,0.2072799625468165,0.9391443848080995,0.9439193932280012,0.07470927791771624
pre_last,24,I,10,397.0,356.0,0.05065910999160369,0.009337709589599001,0.9595674430053092,0.775871934054768,1.056611174923162,0.8501066160327618,0.2072799625468165,0.9567685410802315,0.9609844119605387,0.09335222502099079
pre_last,24,I,15,397.0,356.0,0.04032185838231173,0.009337709589599001,0.9595674430053092,0.775871934054768,1.0313775152669231,0.8231856606616605,0.2072799625468165,0.9914038941916808,0.9958040717075608,0.14025083963056253
pre_last,24,I,20,397.0,356.0,0.03428421494542401,0.009337709589599001,0.9595674430053092,0.775871934054768,1.013605537770283,0.8055359779412131,0.2072799625468165,1.0229756910309948,1.0285022850967127,0.1868251469353485
pre_last,24,I,30,397.0,356.0,0.027173243772739986,0.009337709589599001,0.9595674430053092,0.775871934054768,0.991445395142494,0.7810506982296462,0.2072799625468165,1.0728757834406946,1.075335187147391,0.2799905541561713
pre_last,24,I,40,397.0,356.0,0.023803526448362738,0.009337709589599001,0.9595674430053092,0.775871934054768,0.9747828087836707,0.7639566758644614,0.2072799625468165,1.0974903711428137,1.0998451203426376,0.3736093618807725
pre_last,25,C,5,397.0,356.0,0.3660159529806885,0.009337709589599001,0.4371708397469674,0.7382289416702028,0.4346511629718213,0.9546173529116005,0.7697799625468168,0.785658195080565,0.8451170827481972,0.04674538203190601
pre_last,25,C,8,397.0,356.0,0.25598499160369437,0.009337709589599001,0.4371708397469674,0.7382289416702028,0.3750189016436764,0.9034450838278866,0.7697799625468168,0.8461579576783443,0.8775954907692227,0.07470927791771619
pre_last,25,C,10,397.0,356.0,0.21021830394626365,0.009337709589599001,0.4371708397469674,0.7382289416702028,0.3478246212966949,0.8779843589024919,0.7697799625468168,0.8757260630556019,0.8922483051894862,0.09330709487825364
pre_last,25,C,15,397.0,356.0,0.1424615169325499,0.009337709589599001,0.4371708397469674,0.7382289416702028,0.330060504310266,0.8411135308979085,0.7697799625468168,0.9073009568081988,0.916438866532768,0.1398226280436608
pre_last,25,C,20,397.0,356.0,0.10851490344248532,0.009337709589599001,0.4371708397469674,0.7382289416702028,0.32004633160540447,0.8206987575821555,0.7697799625468168,0.9271466932852565,0.9344744344320226,0.18651973131821994
pre_last,25,C,30,397.0,356.0,0.07511125104953817,0.009337709589599001,0.4371708397469674,0.7382289416702028,0.3040508906719699,0.7888241834287874,0.7697799625468168,0.9571058150413593,0.9620638007040885,0.27982052896725446
pre_last,25,C,40,397.0,356.0,0.057930835432409726,0.009337709589599001,0.4371708397469674,0.7382289416702028,0.2934212101837193,0.7705567640746191,0.7697799625468168,0.9781354301000817,0.9816482853702658,0.37311188077246016
pre_last,25,I,5,397.0,356.0,0.07583123425692691,0.009337709589599001,0.9622643774554331,0.7801838531940336,1.1043214170473823,0.9004707700604648,0.20273876404494384,0.9085926604985098,0.9150489769099994,0.04670864819479428
pre_last,25,I,8,397.0,356.0,0.056819374475230916,0.009337709589599001,0.9622643774554331,0.7801838531940336,1.0711115712289543,0.8673188723026838,0.20273876404494384,0.9458274735016843,0.9506169827298415,0.07456968933669182
pre_last,25,I,10,397.0,356.0,0.04961167086481951,0.009337709589599001,0.9622643774554331,0.7801838531940336,1.0565940438504997,0.8516831174826803,0.20273876404494384,0.9637406524595663,0.9678985812072975,0.09354743912678429
pre_last,25,I,15,397.0,356.0,0.03956759026028543,0.009337709589599001,0.9622643774554331,0.7801838531940336,1.0319908682837198,0.8260372377473534,0.20273876404494384,0.9972498250758555,1.00126539725175,0.1401227959697733
pre_last,25,I,20,397.0,356.0,0.0336691855583543,0.009337709589599001,0.9622643774554331,0.7801838531940336,1.0142956508490995,0.8089541236807264,0.20273876404494384,1.026281301681414,1.03125664999044,0.18674118387909322
pre_last,25,I,30,397.0,356.0,0.02698642597257207,0.009337709589599001,0.9622643774554331,0.7801838531940336,0.9928265162032244,0.7851143455481387,0.20273876404494384,1.0732131113091856,1.0757216953202773,0.2802141057934509
pre_last,25,I,40,397.0,356.0,0.02371011754827875,0.009337709589599001,0.9622643774554331,0.7801838531940336,0.9766383687105914,0.7687172289576963,0.20273876404494384,1.097880696021785,1.100102512003393,0.37377833753148615
pre_last,26,C,5,397.0,356.0,0.3724181360201511,0.009337709589599001,0.43538673369914727,0.7631170263756544,0.4389393637408875,0.9640936436666971,0.7814138576779024,0.8048427217982536,0.8653931496225169,0.04676112510495382
pre_last,26,C,8,397.0,356.0,0.25946158690176324,0.009337709589599001,0.43538673369914727,0.7631170263756544,0.3626913994965039,0.9118739612143434,0.7814138576779024,0.8662464727038357,0.8982016852807754,0.07470088161209064
pre_last,26,C,10,397.0,356.0,0.21196683459277915,0.009337709589599001,0.43538673369914727,0.7631170263756544,0.33442508321212217,0.8886358776954009,0.7814138576779024,0.8953971961654432,0.9125915720344453,0.09321683459277917
pre_last,26,C,15,397.0,356.0,0.14530786453960262,0.009337709589599001,0.43538673369914727,0.7631170263756544,0.31254805992272955,0.8500198966598018,0.7814138576779024,0.9288059059201209,0.9392701437047901,0.1396998320738875
pre_last,26,C,20,397.0,356.0,0.11129303106633084,0.009337709589599001,0.43538673369914727,0.7631170263756544,0.3000776057457345,0.8300526177818682,0.7814138576779024,0.9502015395838648,0.9577254207995449,0.18616918555835432
pre_last,26,C,30,397.0,356.0,0.0776910159529807,0.009337709589599001,0.43538673369914727,0.7631170263756544,0.29126640293290484,0.8045004932528597,0.7814138576779024,0.9780330946570177,0.9835737839069527,0.27969248530646523
pre_last,26,C,40,397.0,356.0,0.06044133081444163,0.009337709589599001,0.43538673369914727,0.7631170263756544,0.28374222285313544,0.7858269048644589,0.7814138576779024,0.9985785875160638,1.00276315553984,0.3731360201511335
pre_last,26,I,5,397.0,356.0,0.07730058774139376,0.009337709589599001,0.9646407844635598,0.7898156590738374,1.099132332254245,0.9006960392332295,0.20423689138576778,0.9189359871264116,0.9255633298869,0.0469133081444164
pre_last,26,I,8,397.0,356.0,0.05801847187237618,0.009337709589599001,0.9646407844635598,0.7898156590738374,1.0673594423205373,0.8680315520410672,0.20423689138576778,0.956275585442827,0.9609727056370923,0.07488769941225862
pre_last,26,I,10,397.0,356.0,0.05079974811083128,0.009337709589599001,0.9646407844635598,0.7898156590738374,1.0531131791619825,0.8539000584860639,0.20423689138576778,0.9736138958978046,0.9777564589445485,0.09368702770780861
pre_last,26,I,15,397.0,356.0,0.04013154212146645,0.009337709589599001,0.9646407844635598,0.7898156590738374,1.0287809292923844,0.8298325077766547,0.20423689138576778,1.0066784387215442,1.010619103214926,0.1403473971452561
pre_last,26,I,20,397.0,356.0,0.034626364399664156,0.009337709589599001,0.9646407844635598,0.7898156590738374,1.011458348948079,0.8136939227980979,0.20423689138576778,1.0346037151294314,1.0392483362544145,0.18669185558354323
pre_last,26,I,30,397.0,356.0,0.028433389308704093,0.009337709589599001,0.9646407844635598,0.7898156590738374,0.990609258727173,0.7903170261052651,0.20423689138576778,1.0790297697548323,1.0816882149819131,0.28039672544080607
pre_last,26,I,40,397.0,356.0,0.02468723761544921,0.009337709589599001,0.9646407844635598,0.7898156590738374,0.9745691562460164,0.7742107456576266,0.20423689138576778,1.1036038123872323,1.1059226022064803,0.37402707808564234
pre_last,27,C,5,397.0,356.0,0.3762258606213267,0.009337709589599001,0.43426072215822825,0.7812591686988103,0.4149750148827961,0.9613632398471824,0.7921348314606741,0.8269702745248663,0.8861428444670499,0.04663832913518051
pre_last,27,C,8,397.0,356.0,0.26396148194794294,0.009337709589599001,0.43426072215822825,0.7812591686988103,0.343609259195576,0.9179649172462926,0.7921348314606741,0.8840988984762407,0.9160424778119552,0.07464000839630562
pre_last,27,C,10,397.0,356.0,0.21509865659109992,0.009337709589599001,0.43426072215822825,0.7812591686988103,0.3110969167671259,0.895752932766246,0.7921348314606741,0.9138174729703994,0.9314840135116846,0.09318639798488663
pre_last,27,C,15,397.0,356.0,0.14671704450041972,0.009337709589599001,0.43426072215822825,0.7812591686988103,0.2923048598985187,0.8598056604438614,0.7921348314606741,0.9464779817888042,0.9583388202692491,0.13937762384550798
pre_last,27,C,20,397.0,356.0,0.11353064651553316,0.009337709589599001,0.43426072215822825,0.7812591686988103,0.28457131597517354,0.8361263944808199,0.7921348314606741,0.9699247372998363,0.9769484188789109,0.18609466834592783
pre_last,27,C,30,397.0,356.0,0.07883221382591662,0.009337709589599001,0.43426072215822825,0.7812591686988103,0.2763917818055572,0.8088372719573956,0.7921348314606741,0.99711786534357,1.00252205779706,0.27925587741393787
pre_last,27,C,40,397.0,356.0,0.06155384130982368,0.009337709589599001,0.43426072215822825,0.7812591686988103,0.2710372773346275,0.7923308362241919,0.7921348314606741,1.0167884346827276,1.0211177316603819,0.3728788832913518
pre_last,27,I,5,397.0,356.0,0.07963895885810242,0.009337709589599001,0.9702470228836528,0.7976336481171964,1.098538641313457,0.8999597848385626,0.20531367041198503,0.9272279266435449,0.9340384718105191,0.04672858942065493
pre_last,27,I,8,397.0,356.0,0.05912048698572628,0.009337709589599001,0.9702470228836528,0.7976336481171964,1.066229329119279,0.8658423053904052,0.20531367041198503,0.964976894146964,0.9697952955094737,0.0750094458438287
pre_last,27,I,10,397.0,356.0,0.05177371956339216,0.009337709589599001,0.9702470228836528,0.7976336481171964,1.052139134555172,0.8519195494330873,0.20531367041198503,0.9824731931616173,0.986685542064636,0.09388539042821162
pre_last,27,I,15,397.0,356.0,0.04187517492303381,0.009337709589599001,0.9702470228836528,0.7976336481171964,1.027107386427451,0.8280410846927962,0.20531367041198503,1.0156479277907633,1.0194918674312712,0.14051217464315705
pre_last,27,I,20,397.0,356.0,0.036352854743912665,0.009337709589599001,0.9702470228836528,0.7976336481171964,1.0105371236706178,0.812545983672711,0.20531367041198503,1.0421862617639417,1.0465878942069218,0.1870224601175483
pre_last,27,I,30,397.0,356.0,0.02916736635880204,0.009337709589599001,0.9702470228836528,0.7976336481171964,0.988995175795641,0.7903970163634642,0.20531367041198503,1.084184178778031,1.086946035047195,0.2803925272879933
pre_last,27,I,40,397.0,356.0,0.02491866078925276,0.009337709589599001,0.9702470228836528,0.7976336481171964,0.9729137951274154,0.7747364830939208,0.20531367041198503,1.108280304617771,1.1104467357030976,0.3740218303946264
pre_last,28,C,5,397.0,356.0,0.36193115029387074,0.009337709589599001,0.44568506726061946,0.7200743059542893,0.4438789453681708,0.9570253786032054,0.7760767790262171,0.7730447705676698,0.8200190872130353,0.04647565071368604
pre_last,28,C,8,397.0,356.0,0.2477303736356004,0.009337709589599001,0.44568506726061946,0.7200743059542893,0.37099025333901847,0.9134943550921277,0.7760767790262171,0.8282909154383081,0.8478793940528265,0.07418240973971449
pre_last,28,C,10,397.0,356.0,0.20183459277917726,0.009337709589599001,0.44568506726061946,0.7200743059542893,0.3520133859329606,0.8905675107439261,0.7760767790262171,0.8469570799631795,0.8617518647557675,0.09263434089000841
pre_last,28,C,15,397.0,356.0,0.13828155611530932,0.009337709589599001,0.44568506726061946,0.7200743059542893,0.33319518966379336,0.8552390201438838,0.7760767790262171,0.8774524401468854,0.889058835802318,0.13922753988245173
pre_last,28,C,20,397.0,356.0,0.10646515533165406,0.009337709589599001,0.44568506726061946,0.7200743059542893,0.32505943196529746,0.8320214466340368,0.7760767790262171,0.8995658749438287,0.9084313670009984,0.18586272040302274
pre_last,28,C,30,397.0,356.0,0.07307794570389023,0.009337709589599001,0.44568506726061946,0.7200743059542893,0.31236885956172217,0.8027806589207526,0.7760767790262171,0.932884730620334,0.9384598350699805,0.2796022250209908
pre_last,28,C,40,397.0,356.0,0.05715994962216621,0.009337709589599001,0.44568506726061946,0.7200743059542893,0.3029324037999079,0.7826514274395018,0.7760767790262171,0.9548710894626303,0.9595044911130539,0.3732346767422334
pre_last,28,I,5,397.0,356.0,0.07334592779177167,0.009337709589599001,0.9454764466732849,0.7442053977928911,1.1208814699660339,0.8980458518601306,0.18691479400749064,0.8597294381006125,0.8654960164072169,0.04682304785894207
pre_last,28,I,8,397.0,356.0,0.05507976490344253,0.009337709589599001,0.9454764466732849,0.7442053977928911,1.0887389660639544,0.8644891826104816,0.18691479400749064,0.8941340941465387,0.8983741692517142,0.0747753988245172
pre_last,28,I,10,397.0,356.0,0.04845298068849709,0.009337709589599001,0.9454764466732849,0.7442053977928911,1.0735347520303402,0.8494010866380932,0.18691479400749064,0.9105043278625433,0.9142862704401271,0.09342884130982367
pre_last,28,I,15,397.0,356.0,0.038579624965015304,0.009337709589599001,0.9454764466732849,0.7442053977928911,1.0465192329692174,0.8235677642805831,0.18691479400749064,0.9430934442894372,0.9465414404691934,0.14060453400503778
pre_last,28,I,20,397.0,356.0,0.03238560033585224,0.009337709589599001,0.9454764466732849,0.7442053977928911,1.0256304571606705,0.8044643537417376,0.18691479400749064,0.9709383074280967,0.9747907152746322,0.18709068010075566
pre_last,28,I,30,397.0,356.0,0.02557864539602585,0.009337709589599001,0.9454764466732849,0.7442053977928911,0.9975732778966897,0.7771039861306086,0.18691479400749064,1.0129107163421662,1.015186131161515,0.2805258186397985
pre_last,28,I,40,397.0,356.0,0.02188916876574311,0.009337709589599001,0.9454764466732849,0.7442053977928911,0.9775883168473563,0.7582988592111184,0.18691479400749064,1.038919599160971,1.040811037399909,0.3739578085642318
pre_last,29,C,5,397.0,356.0,0.37367758186397987,0.009337709589599001,0.451045829119065,0.7353209257170493,0.4432776675322333,0.9589596949173795,0.7814840823970035,0.786387082708541,0.8364050106027966,0.04650398824517212
pre_last,29,C,8,397.0,356.0,0.25931989924433246,0.009337709589599001,0.451045829119065,0.7353209257170493,0.3771304632046536,0.9132382743517273,0.7814840823970035,0.8394297812281192,0.8639064461412017,0.07444689336691854
pre_last,29,C,10,397.0,356.0,0.21009026028547442,0.009337709589599001,0.451045829119065,0.7353209257170493,0.3553268904914542,0.8892035519282175,0.7814840823970035,0.8625311679679529,0.8781148568873999,0.09290302267002519
pre_last,29,C,15,397.0,356.0,0.14253148614609587,0.009337709589599001,0.451045829119065,0.7353209257170493,0.3426186536965368,0.8512433177049866,0.7814840823970035,0.8942945864401345,0.9039981806176655,0.1395193115029387
pre_last,29,C,20,397.0,356.0,0.1083595717884131,0.009337709589599001,0.451045829119065,0.7353209257170493,0.32985883034933144,0.826565777077968,0.7814840823970035,0.914944134232553,0.9217038685314213,0.18630142737195632
pre_last,29,C,30,397.0,356.0,0.07491043940666099,0.009337709589599001,0.451045829119065,0.7353209257170493,0.31968163288328394,0.796987390903644,0.7814840823970035,0.945198680743226,0.9504799894183248,0.27934089000839635
pre_last,29,C,40,397.0,356.0,0.058052581863979866,0.009337709589599001,0.451045829119065,0.7353209257170493,0.3131743831334021,0.7771779237163402,0.7814840823970035,0.9671275239624523,0.9717237752877087,0.3732525188916877
pre_last,29,I,5,397.0,356.0,0.07718723761544923,0.009337709589599001,0.9439548991642515,0.7501385620695054,1.116021721402227,0.8980300819035374,0.19882958801498127,0.8666458779804871,0.8734154025526359,0.046645675902602914
pre_last,29,I,8,397.0,356.0,0.05798698572628047,0.009337709589599001,0.9439548991642515,0.7501385620695054,1.081940930018844,0.8641905921937287,0.19882958801498127,0.9023857390918406,0.906867726649624,0.07473551637279598
pre_last,29,I,10,397.0,356.0,0.05077875734676744,0.009337709589599001,0.9439548991642515,0.7501385620695054,1.066416698650942,0.8489379465373119,0.19882958801498127,0.9190836394485614,0.9229891701770293,0.09360621326616293
pre_last,29,I,15,397.0,356.0,0.0401133501259445,0.009337709589599001,0.9439548991642515,0.7501385620695054,1.0389535660856641,0.8220703153855541,0.19882958801498127,0.9508977271285757,0.9544216305351452,0.14019941225860622
pre_last,29,I,20,397.0,356.0,0.033924223341729606,0.009337709589599001,0.9439548991642515,0.7501385620695054,1.0197866390165058,0.804585068612217,0.19882958801498127,0.9762051029067974,0.9797387628096528,0.18673068849706131
pre_last,29,I,30,397.0,356.0,0.026835992163448126,0.009337709589599001,0.9439548991642515,0.7501385620695054,0.9944655696204626,0.779091508580233,0.19882958801498127,1.0152390977999588,1.017578617830323,0.28025188916876576
pre_last,29,I,40,397.0,356.0,0.02282798068849706,0.009337709589599001,0.9439548991642515,0.7501385620695054,0.9745634013655785,0.760095279629835,0.19882958801498127,1.0408877203724247,1.0429790402004682,0.3733648194794291
pre_last,30,C,5,397.0,356.0,0.374487825356843,0.009337709589599001,0.432372991610166,0.7099778338381262,0.45611589907648187,0.9557127749512896,0.7826076779026214,0.7524613837773422,0.8066369218338001,0.04655226700251892
pre_last,30,C,8,397.0,356.0,0.2652943954659949,0.009337709589599001,0.432372991610166,0.7099778338381262,0.3903424436719475,0.9134830957254922,0.7826076779026214,0.8087433713724926,0.8326950587966889,0.07431675062972294
pre_last,30,C,10,397.0,356.0,0.21666456759026034,0.009337709589599001,0.432372991610166,0.7099778338381262,0.35862937624675145,0.8932251838683203,0.7826076779026214,0.8313219935783699,0.8460818619943994,0.09310663308144415
pre_last,30,C,15,397.0,356.0,0.14839490624125373,0.009337709589599001,0.432372991610166,0.7099778338381262,0.34692642058578804,0.8573021293991558,0.7826076779026214,0.8615086218458624,0.8712747846623614,0.1398509655751469
pre_last,30,C,20,397.0,356.0,0.11513958858102434,0.009337709589599001,0.432372991610166,0.7099778338381262,0.33775257062528363,0.8353241384888879,0.7826076779026214,0.8818628098167616,0.8886704373224835,0.18665092359361884
pre_last,30,C,30,397.0,356.0,0.07946683459277921,0.009337709589599001,0.432372991610166,0.7099778338381262,0.32624165312031267,0.8086694097377473,0.7826076779026214,0.9096922087092002,0.9153038096108504,0.2800598236775819
pre_last,30,C,40,397.0,356.0,0.061522879932829545,0.009337709589599001,0.432372991610166,0.7099778338381262,0.31424639446715386,0.790689209814975,0.7826076779026214,0.9308231015599376,0.9347163873884807,0.3736471452560873
pre_last,30,I,5,397.0,356.0,0.07777497900923591,0.009337709589599001,0.8920539575729016,0.6903349424921025,1.1321660662267836,0.8959362280088784,0.1911516853932584,0.7980859578929677,0.8043616905043619,0.046545969773299785
pre_last,30,I,8,397.0,356.0,0.060463895885810186,0.009337709589599001,0.8920539575729016,0.6903349424921025,1.0982665744881586,0.8621204281354565,0.1911516853932584,0.8317877786181388,0.8362523529402558,0.07482367758186402
pre_last,30,I,10,397.0,356.0,0.05313392107472717,0.009337709589599001,0.8920539575729016,0.6903349424921025,1.0818662389915765,0.8477250664607325,0.1911516853932584,0.8475357459178442,0.8516086631704278,0.09359361880772463
pre_last,30,I,15,397.0,356.0,0.04122306185278464,0.009337709589599001,0.8920539575729016,0.6903349424921025,1.0519621709588212,0.820832320291068,0.1911516853932584,0.8780723238119502,0.8814261279865351,0.1404345088161209
pre_last,30,I,20,397.0,356.0,0.0344846767422334,0.009337709589599001,0.8920539575729016,0.6903349424921025,1.0308950182914618,0.8023295255148967,0.1911516853932584,0.9013587359496197,0.9042856318235246,0.1870801847187238
pre_last,30,I,30,397.0,356.0,0.026946543520850894,0.009337709589599001,0.8920539575729016,0.6903349424921025,1.0023754222248098,0.7764201232212443,0.1911516853932584,0.9356325868489029,0.9378402749037108,0.2798058354324098
pre_last,30,I,40,397.0,356.0,0.022699412258606177,0.009337709589599001,0.8920539575729016,0.6903349424921025,0.9824260049168954,0.7573786943567931,0.1911516853932584,0.9593251033101542,0.9612281830168131,0.3733070948782536
pre_last,31,C,5,397.0,356.0,0.39728379513014284,0.009337709589599001,0.43513550160238595,0.7986364607164578,0.41705497149274,0.9679966739838496,0.8064606741573035,0.8405188252734271,0.9084794886535411,0.04674433249370277
pre_last,31,C,8,397.0,356.0,0.28677057094878255,0.009337709589599001,0.43513550160238595,0.7986364607164578,0.34085675445502706,0.9152239847210554,0.8064606741573035,0.9041557442198646,0.9384864884761958,0.07450041981528131
pre_last,31,C,10,397.0,356.0,0.2361628883291352,0.009337709589599001,0.43513550160238595,0.7986364607164578,0.30360884751550343,0.8946719792167139,0.8064606741573035,0.9350166113161612,0.9527723741558987,0.09317485306465159
pre_last,31,C,15,397.0,356.0,0.1643492863140218,0.009337709589599001,0.43513550160238595,0.7986364607164578,0.292045909782012,0.8564205346055688,0.8064606741573035,0.9674065970459259,0.978645835123989,0.13970927791771623
pre_last,31,C,20,397.0,356.0,0.12855793450881609,0.009337709589599001,0.43513550160238595,0.7986364607164578,0.283694777672539,0.8397086240779911,0.8064606741573035,0.9870857686773041,0.9958610711405199,0.18645465994962215
pre_last,31,C,30,397.0,356.0,0.09144486425972559,0.009337709589599001,0.43513550160238595,0.7986364607164578,0.2754055687287239,0.8164423289399594,0.8064606741573035,1.0158106680548082,1.022488754351464,0.28001784214945424
pre_last,31,C,40,397.0,356.0,0.0720019941225861,0.009337709589599001,0.43513550160238595,0.7986364607164578,0.2686576781230823,0.7988387701359442,0.8064606741573035,1.037986523783494,1.0433717531978497,0.37326931150293874
pre_last,31,I,5,397.0,356.0,0.0893912678421495,0.009337709589599001,0.9446076456194987,0.7705609308363904,1.096465413631333,0.9021123878757409,0.20912921348314611,0.8901380269660986,0.8983522296312226,0.04697523089840467
pre_last,31,I,8,397.0,356.0,0.06932199832073883,0.009337709589599001,0.9446076456194987,0.7705609308363904,1.0672980028271375,0.8700972757261659,0.20912921348314611,0.9275505644193403,0.9334555245314731,0.07510600335852224
pre_last,31,I,10,397.0,356.0,0.06028337531486149,0.009337709589599001,0.9446076456194987,0.7705609308363904,1.0536943342788032,0.8560565625971195,0.20912921348314611,0.945179156332192,0.9503296866018663,0.0937405541561713
pre_last,31,I,15,397.0,356.0,0.046841589700531795,0.009337709589599001,0.9446076456194987,0.7705609308363904,1.027597787678825,0.8324364486012695,0.20912921348314611,0.9786344493599032,0.9825775234859405,0.1405027287993283
pre_last,31,I,20,397.0,356.0,0.03896095717884132,0.009337709589599001,0.9446076456194987,0.7705609308363904,1.0110898628639122,0.817022515190675,0.20912921348314611,1.0028817402562542,1.0064200490654962,0.18729114189756507
pre_last,31,I,30,397.0,356.0,0.03063671984326892,0.009337709589599001,0.9446076456194987,0.7705609308363904,0.9893078957996793,0.7932707993384693,0.20912921348314611,1.0405347138902976,1.0432869490583578,0.28052581863979853
pre_last,31,I,40,397.0,356.0,0.026053211586901777,0.009337709589599001,0.9446076456194987,0.7705609308363904,0.9709327900720461,0.7762766007974162,0.20912921348314611,1.0660927009087142,1.0683312786590222,0.37360516372795977
