representation,layer,group,k,mean,median,p05,p95,fraction_positive,top_abs5_contribution,remainder_contribution
finals,0,C,5,3.808734383793498,4.1e-15,-1.3810285485798333,19.978488170609346,0.5707808564231737,2.397354594013439,1.411379789780059
finals,0,C,8,2.232043069534482,3.5201814917075e-05,-0.7830390436153075,12.012109610294397,0.5749370277078084,1.2631573860422165,0.9688856834922656
finals,0,C,10,1.7614577835984107,2.274624821909167e-05,-0.7438998757166062,9.67186731635954,0.5554366078925272,0.9835163820820051,0.7779414015164059
finals,0,C,15,1.4009184142631521,0.00033682045719610003,-0.709742955683551,6.73959153835412,0.5484676742233418,0.8045694904199421,0.5963489238432101
finals,0,C,20,1.1577452939877984,0.003443762191486209,-0.6195351294858294,4.973293071618014,0.5600125944584383,0.7555294573777235,0.40221583661007493
finals,0,C,30,0.7761166670853897,0.0017136668330403001,-0.7746475292284577,3.321030155291596,0.5531066330814443,0.6386419396050286,0.1374747274803611
finals,0,C,40,0.6018997512261236,0.003617689469267542,-0.4162273045362853,2.6930952891481446,0.5577665827036105,0.4794271109817766,0.12247264024434698
finals,0,I,5,1.0267809799594765,4.997335740542138e-17,-1.5752012203717303,4.1024176510878245,0.45810243492863145,1.0010916116268267,0.025689368332649794
finals,0,I,8,0.7171025711448068,-5.3660779523549233e-17,-1.2857558272580016,3.265928383086407,0.449895046179681,0.7017305200428866,0.015372051101920236
finals,0,I,10,0.6868960547768125,-3.1196747026230397e-16,-1.0682802799124396,3.0959855044424662,0.44462636439966424,0.6626961510267083,0.024199903750103943
finals,0,I,15,0.5483758615052615,-1.51372903160434e-05,-0.8748186513552133,2.466852876590643,0.4187447523089841,0.5365440056107339,0.01183185589452761
finals,0,I,20,0.49575738223964083,-0.00030066988402756945,-0.7517458915696172,2.3485398339226555,0.41286733837111683,0.4786859520225853,0.017071430217055577
finals,0,I,30,0.4007142819788489,-0.0009362296115662936,-0.6311362941943156,1.9700777609786138,0.42376154492023516,0.38631261244442,0.014401669534428818
finals,0,I,40,0.3406424186412523,-0.001090156034174652,-0.5817673190098404,1.8434438926240306,0.4292401343408901,0.32696600944519716,0.013676409196055067
finals,1,C,5,3.84311485113907,3.462939280656671e-15,-1.4333589322274125,23.203938994716165,0.5604114189756507,2.066143688583734,1.7769711625553357
finals,1,C,8,2.5425255599070025,6.2398029736616695e-15,-1.0450646240447854,14.360326316099416,0.5610201511335012,1.4714518970407895,1.0710736628662128
finals,1,C,10,2.1225925527927987,3.9252605292115735e-05,-0.6213372118203713,11.863998320489479,0.5496221662468515,1.1789726290737907,0.9436199237190084
finals,1,C,15,1.4714675097403598,0.00020795575043365,-0.7203282000089278,8.23454533333728,0.5411209068010076,0.8115024521437214,0.6599650575966381
finals,1,C,20,1.1147700790849109,0.0015512075037873417,-0.5238503384761758,5.793308127021464,0.5668136020151133,0.6335028565241434,0.48126722256076754
finals,1,C,30,0.6478401508100682,0.0003762743247540241,-0.7259830418774721,3.1937322757262536,0.5414147774979008,0.47934200032410784,0.16849815048596026
finals,1,C,40,0.5723905121599273,0.0017925431323274,-0.566165151591704,2.712291838599199,0.5503988245172124,0.46571154966313005,0.1066789624967973
finals,1,I,5,0.8658550754856396,4.625929269271492e-18,-1.4194569707289952,3.2838140019867046,0.45745172124265326,0.8445574318818974,0.02129764360374215
finals,1,I,8,0.6118626393583609,-1.0826672684688674e-16,-1.1127589834754101,2.890931381734519,0.44097397145256095,0.5983055159435977,0.01355712341476315
finals,1,I,10,0.5355786972930926,-6.47031283627742e-16,-1.0161670467179256,2.743913465189648,0.4297439126784216,0.5237254105542435,0.011853286738849176
finals,1,I,15,0.431882063461016,-4.4424166940157295e-05,-0.8708431691760367,2.304841128414014,0.4185558354324098,0.4268600529145,0.005022010546515934
finals,1,I,20,0.3979698812093316,-0.0003917215910949027,-0.7890607818705168,2.1714186119040457,0.4120277078085643,0.39342650431476284,0.0045433768945687585
finals,1,I,30,0.33419585153461323,-0.0010442011558826612,-0.6776249687876402,1.9697472387808133,0.4243073047858943,0.3341866651177192,9.186416894041717e-06
finals,1,I,40,0.2951328448166999,-0.0020908166777064124,-0.6284838503238066,1.8621921463679505,0.41868178001679274,0.293377758991623,0.0017550858250768918
finals,2,C,5,2.7688651171199488,2.8434770744825076e-15,-1.0152910087369278,19.116044508092465,0.5619017632241813,1.5818182886435073,1.1870468284764413
finals,2,C,8,1.98535142442976,8.507098552500001e-07,-0.6731205182980197,13.276511872136574,0.5680310663308143,1.1003246329988265,0.8850267914309338
finals,2,C,10,1.7144432531822025,5.605948227062591e-05,-0.6352646495188324,11.79425817925526,0.5496851385390429,1.0025774645334409,0.7118657886487616
finals,2,C,15,1.2117363566639778,3.104512698242312e-15,-0.716218278029942,6.722698857327006,0.5224811083123425,0.7257503687711078,0.48598598789287006
finals,2,C,20,0.8595480309581484,4.339648544723599e-05,-0.6571756387580003,5.006015033441326,0.5205499580184719,0.5056619768827505,0.3538860540753978
finals,2,C,30,0.5785595368445464,6.353669260750085e-05,-0.5812901319981797,3.389156665163897,0.50848026868178,0.4060499871425997,0.17250954970194682
finals,2,C,40,0.5067801307694431,0.0005684663009848565,-0.5370218857533696,2.421800167722921,0.5359991603694374,0.3929538899371975,0.11382624083224568
finals,2,I,5,0.7392124308524399,2.4054832200211726e-17,-1.280003805785858,3.0863164188953642,0.45682199832073894,0.7204793808448934,0.018733050007546458
finals,2,I,8,0.5065091168810316,-2.2119268620626827e-16,-1.043316742151483,2.713535184737359,0.4366288832913519,0.5009974949127796,0.0055116219682519755
finals,2,I,10,0.4612778424053903,-6.266372309510796e-16,-0.961446443592527,2.5629795957104253,0.43121326616288846,0.4578302190705698,0.0034476233348204586
finals,2,I,15,0.39187199821488206,-1.3613304148231384e-05,-0.7979696109234485,2.2986281191982254,0.42332073887489513,0.3827948798721279,0.009077118342754166
finals,2,I,20,0.3822989172392998,-0.00022904654698693145,-0.7071267670618098,2.288589967548077,0.42523089840470196,0.37512911643655417,0.007169800802745526
finals,2,I,30,0.3097801226265623,-0.0008314837929067102,-0.6427886123757688,2.0165842437829595,0.4238035264483628,0.30743341779322464,0.0023467048333376084
finals,2,I,40,0.27324665376888063,-0.0015915767984679753,-0.5959923677111602,1.8819508095999804,0.4260915197313182,0.26365069995814744,0.009595953810733141
finals,3,C,5,2.423502383643425,1.6497868592433709e-15,-1.2982459487397442,16.64094972962878,0.5387279596977329,1.3765952330455338,1.0469071505978913
finals,3,C,8,1.4977080911752967,3.5305377938258365e-15,-0.9497033580166736,10.82721333633052,0.5537573467674224,0.8586428288402499,0.6390652623350467
finals,3,C,10,1.3903172205110292,4.080654971276849e-05,-0.5336288912835532,8.912131783852638,0.5405331654072209,0.8196095378340644,0.5707076826769649
finals,3,C,15,0.8585376281896047,2.6137911993754344e-15,-0.70475832235024,5.467703078000665,0.5205289672544081,0.4547887270141239,0.4037489011754808
finals,3,C,20,0.7111270284864517,4.5508519187187635e-15,-0.6752848623694573,4.566455471486377,0.5237825356842989,0.42000076606556735,0.29112626242088435
finals,3,C,30,0.5160645969742493,0.0001572407641311842,-0.6347253625511625,3.480549671826274,0.5249580184718724,0.35811182159594535,0.15795277537830402
finals,3,C,40,0.46079143405168754,0.00042593612236814814,-0.5345585692577287,2.783207574356042,0.5328295549958019,0.3489766922612628,0.11181474179042472
finals,3,I,5,0.5528351384893466,3.517038374375263e-17,-1.4628570155040184,3.2058902367896613,0.45379932829555003,0.5407620816171933,0.01207305687215346
finals,3,I,8,0.4642732558029755,-1.1845043188792867e-16,-1.0704034051805957,2.9682174160700003,0.443639798488665,0.4510846444773059,0.013188611325669584
finals,3,I,10,0.40995776591779143,-4.554179021502326e-16,-1.0078939093559738,2.695714771088863,0.43732157850545766,0.3971066384815421,0.012851127436249277
finals,3,I,15,0.3285707707997135,-3.3865340927295394e-06,-0.8566902679516551,2.3428450414148316,0.43104534005037787,0.32098701036451727,0.007583760435196125
finals,3,I,20,0.30314253374210437,-8.956062897113051e-05,-0.7585258035274722,2.1649258438366528,0.4343408900083964,0.2942998585608912,0.008842675181213233
finals,3,I,30,0.2772979779905762,-0.0009677143108150491,-0.6775084449522064,2.052273585321599,0.42837951301427385,0.2672555122881181,0.010042465702458168
finals,3,I,40,0.2507361681393165,-0.001088011243663037,-0.5842324130155736,1.8502873131420172,0.4290092359361882,0.23440912574626507,0.016327042393051435
finals,4,C,5,2.6141805996139906,2.8953407674875057e-15,-1.2518523496324958,17.691450081012743,0.5464945424013433,1.4472982793488582,1.1668823202651326
finals,4,C,8,1.7740232001091294,3.103398810903701e-06,-0.7864456883868922,12.832690615846332,0.556360201511335,0.9400453374176286,0.833977862691501
finals,4,C,10,1.445461171783234,2.951730480032105e-15,-0.7436452741476458,10.401335281578094,0.5264483627204031,0.8424426024810813,0.6030185693021529
finals,4,C,15,1.100523867712759,1.3300508212388713e-06,-0.5211725225170821,6.3582088578826825,0.5485096557514694,0.6069055625363143,0.49361830517644456
finals,4,C,20,0.7861561238930475,3.337899316764803e-15,-0.6041072863155321,4.862910083346434,0.511943744752309,0.45018537932042,0.33597074457262743
finals,4,C,30,0.5636299892390054,0.00029765504010028986,-0.6748524788848657,3.615115347714968,0.5347607052896726,0.3906968138773979,0.17293317536160743
finals,4,C,40,0.40526025060885157,0.00033300147472445184,-0.6502914878592914,2.9244460400723002,0.5296389588581024,0.2883908893964542,0.1168693612123974
finals,4,I,5,0.481502631436154,5.367410082083856e-17,-1.5799103406717543,3.362254909684556,0.4568010075566751,0.4704267521742531,0.01107587926190086
finals,4,I,8,0.4786077220241607,-1.0919857334938569e-16,-1.1048788291914358,3.143828438110086,0.4439966414777499,0.4606498052910469,0.017957916733113775
finals,4,I,10,0.45461500609497546,-4.230097546707536e-16,-0.9536004831137099,3.000625668603136,0.43921074727120074,0.43526421589859426,0.01935079019638111
finals,4,I,15,0.33708011405068217,-2.148974904416476e-15,-0.8834528771604463,2.585274275389254,0.4353064651553317,0.3255881916266134,0.011491922424068685
finals,4,I,20,0.29674120337644555,-3.057729566949532e-05,-0.8538406268284597,2.3269362876998008,0.43685978169605383,0.28870892995954095,0.008032273416904675
finals,4,I,30,0.2690005245959874,-0.0006461015992198713,-0.6837153306523864,2.146719477755868,0.4324097397145257,0.24945328454767554,0.019547240048311893
finals,4,I,40,0.2406640047530813,-0.0012270296644491983,-0.5936092259782718,1.944541735906695,0.42984886649874066,0.2159924831169775,0.024671521636103793
finals,5,C,5,2.4286673138696795,3.6574014868308345e-15,-1.0824518914932424,17.494047050058388,0.5619647355163728,1.0211073468246157,1.4075599670450634
finals,5,C,8,1.9766731608929524,0.000107654307407025,-0.6160752659409214,12.512661001229048,0.5702350965575146,0.931374533772098,1.0452986271208546
finals,5,C,10,1.559167240637818,4.194408920985006e-15,-0.7274197298056383,10.451810896798422,0.5388958858102435,0.8088418657351237,0.7503253749026945
finals,5,C,15,1.0986586577747104,0.00029075073781764167,-0.4836764034987265,6.7332146765544545,0.552455919395466,0.5428044239482316,0.5558542338264789
finals,5,C,20,0.8633000512002356,0.00032168046542945,-0.5294847073567763,5.228550276274869,0.5468094038623005,0.48331995465271493,0.3799800965475206
finals,5,C,30,0.539023613369443,0.0003259408666106814,-0.5969751618254864,3.66255021764991,0.5295340050377834,0.3196666198321564,0.2193569935372867
finals,5,C,40,0.3915795146037611,0.0016436106282834732,-0.6144284623844057,2.8727805301393827,0.5417506297229219,0.26696017002454525,0.1246193445792159
finals,5,I,5,0.5086625169481956,7.957930472875886e-17,-1.5606370247717334,3.837705845254092,0.45896305625524775,0.4729630582493506,0.03569945869884485
finals,5,I,8,0.4738841908390184,-1.1011709855459533e-16,-1.1431519219909692,3.327384561140967,0.4491393786733838,0.4449421449640377,0.028942045874980626
finals,5,I,10,0.4246994155441579,-5.554445447448113e-16,-1.0659773961579786,3.1607290698763206,0.4418345927791772,0.40372680160553637,0.020972613938621636
finals,5,I,15,0.3327857053632594,-1.4962126681522024e-15,-0.9094614112881625,2.690203579031974,0.4439336691855584,0.3095472085260325,0.023238496837226827
finals,5,I,20,0.2709954177827914,-4.2775954406178644e-05,-0.8462682235252454,2.336209596697274,0.4434718723761545,0.24782562968855676,0.023169788094234593
finals,5,I,30,0.2546173687636912,-0.0008032029897269232,-0.7068765422426602,2.142785474672469,0.43052057094878265,0.2302618573224731,0.024355511441218104
finals,5,I,40,0.238920957997904,-0.0009354223465175454,-0.61015576495175,2.0024444957904133,0.43159109991603706,0.20520554386385362,0.03371541413405036
finals,6,C,5,2.682493958015939,3.3000000000000004e-15,-1.1619589806685942,18.085244460581123,0.5613350125944584,1.3134042734731284,1.3690896845428104
finals,6,C,8,1.8829275748493732,4.54445319929e-05,-0.7797137349456184,12.707502296472034,0.5566750629722922,0.8547940482862619,1.0281335265631113
finals,6,C,10,1.5983707954214672,4.148136306995002e-15,-0.7535622819160107,10.774917628353519,0.536041141897565,0.7730138590576952,0.825356936363772
finals,6,C,15,1.150914952517451,0.00012661222871380743,-0.6099193871974466,6.921652181323743,0.5466834592779176,0.5670441538256092,0.5838707986918418
finals,6,C,20,0.8480257147686683,0.00019642894476066668,-0.5706415281913504,4.958089705511242,0.5450461796809404,0.4313691803066236,0.4166565344620447
finals,6,C,30,0.5154266133011615,0.0005830318583598722,-0.6060604816547125,3.574099640046109,0.5358522250209907,0.30069812085319186,0.2147284924479696
finals,6,C,40,0.3260490048852541,0.0014598929982858751,-0.663542165114923,2.4736238692074015,0.5409739714525609,0.2118627146932315,0.11418629019202257
finals,6,I,5,0.4541803804500045,1.480297366166874e-17,-1.787782263137294,3.7618602865807387,0.4545549958018473,0.4261913266656672,0.02798905378433727
finals,6,I,8,0.42697779761730714,-1.85143741149174e-16,-1.270670429221145,3.49009865799733,0.44725020990764075,0.4069515642593916,0.020026233357915483
finals,6,I,10,0.40000087806027035,-5.684237892933501e-16,-1.1560071700710932,3.3418961675645433,0.44445843828715376,0.37133323427028836,0.028667643789981944
finals,6,I,15,0.33215154562480537,-6.897069888230964e-07,-0.9861045774318516,2.9415463222216216,0.44332493702770787,0.3071738918170836,0.024977653807721812
finals,6,I,20,0.2872212708043145,-5.616193634422032e-05,-0.90795022757468,2.664776371726525,0.44960117548278766,0.25587242567458796,0.03134884512972649
finals,6,I,30,0.2474852270383989,-0.0005128050031224625,-0.7134804051450935,2.2146556456224786,0.4325356842989086,0.2097849573163804,0.03770026972201854
finals,6,I,40,0.23331116602827917,-0.0007951975318853648,-0.6171148194720956,2.0318015645103613,0.4380772460117549,0.19052307550424935,0.0427880905240298
finals,7,C,5,2.5142624605668993,4.283333333333334e-15,-1.6200899943312586,17.70749249363326,0.5786943744752308,1.2014329678422577,1.3128294927246418
finals,7,C,8,1.8453082041178706,1.9387651488990685e-06,-1.028325993546765,13.009190009591643,0.5736775818639798,0.822158625763803,1.0231495783540676
finals,7,C,10,1.5713671836719592,0.00011453988102027501,-0.6083094855553295,10.847530702345447,0.5723971452560873,0.704768490335313,0.8665986933366461
finals,7,C,15,1.129274821974944,6.67263518588361e-05,-0.549127144855592,7.314418477075702,0.5459277917716204,0.5911624583462008,0.5381123636287433
finals,7,C,20,0.9000906096639081,0.0011582110801521,-0.6030453376514626,4.979014870619532,0.5606423173803526,0.4836210048838534,0.4164696047800547
finals,7,C,30,0.5169490167391391,0.0015872809261997835,-0.6632070917811382,3.346898938082919,0.5493912678421495,0.3002594502596566,0.2166895664794825
finals,7,C,40,0.3668563377720023,0.005321533655352068,-0.5643180960497751,2.537352298259627,0.5646305625524769,0.23050311378860147,0.13635322398340083
finals,7,I,5,0.4461121322575259,1.572815951552305e-17,-1.8623525289674676,3.974830518120508,0.4525818639798489,0.41817145403607936,0.027940678221446528
finals,7,I,8,0.44730706441430185,-1.0367410082083856e-16,-1.2944259859380185,3.608635534417778,0.45186817800167933,0.41786300456594266,0.0294440598483593
finals,7,I,10,0.4236944275128357,-3.305044905826132e-16,-1.1213385615062839,3.526158106130894,0.4475230898404703,0.38899415484886096,0.034700272663974664
finals,7,I,15,0.34861210687077776,-1.0999467148108426e-15,-1.00163998855555,3.1799726346976738,0.450230898404702,0.30951275501571446,0.03909935185506322
finals,7,I,20,0.2899540322878163,-1.0380889884403674e-05,-0.9063685202928575,2.7906120257505407,0.4469773299748112,0.25238086455697123,0.03757316773084506
finals,7,I,30,0.26491114410252126,-0.00027708435089686113,-0.7258761743456525,2.394859442448774,0.4413098236775819,0.21472351269978188,0.05018763140273944
finals,7,I,40,0.24991902791233855,-0.0003115247980062778,-0.6004204719787865,2.1781453199393876,0.4469143576826198,0.1908537553017652,0.05906527261057333
finals,8,C,5,2.2346738538129856,3.565734820164168e-15,-1.3522613173675837,14.75633277029777,0.5510915197313182,1.066509365163728,1.1681644886492575
finals,8,C,8,1.5513494559532253,5.364479783287035e-06,-1.1991204293128035,11.468209814130738,0.550335852225021,0.7954253323954971,0.7559241235577283
finals,8,C,10,1.4687636336326089,0.0003675125420804417,-0.561234921292545,9.29264687893585,0.5745801847187236,0.7204782099393774,0.7482854236932318
finals,8,C,15,1.0312894047938697,0.000125764170782025,-0.5981254996884435,6.104173462880383,0.5557724601175483,0.5035755102810817,0.5277138945127879
finals,8,C,20,0.7133258908832826,7.280946569123328e-05,-0.7087943064627112,4.509411557463968,0.5301217464315701,0.37429576517027097,0.33903012571301167
finals,8,C,30,0.4626133197941471,0.004593621665904066,-0.5140511216346167,3.1014983692441045,0.5645256087321578,0.23022681750019436,0.2323865022939527
finals,8,C,40,0.29870578252312546,0.004247559129295392,-0.5885167339073866,2.3075612708627147,0.5585852225020991,0.1890956271988614,0.10961015532426405
finals,8,I,5,0.5532767907437389,1.665334536937734e-17,-1.964982054330238,4.687040495096084,0.45451301427371965,0.522745814621684,0.03053097612205486
finals,8,I,8,0.46233004502888486,-8.239482618218973e-17,-1.319546025703879,4.064192069636326,0.4509865659109993,0.4207324598791459,0.041597585149738894
finals,8,I,10,0.43634460249925056,-4.3512375920324005e-16,-1.189800013090642,3.7441707036304623,0.44447942905121757,0.4016794418414425,0.03466516065780797
finals,8,I,15,0.38011936454221396,-1.1379326200080263e-15,-0.9990777837741054,3.2659081095311717,0.4558774139378674,0.335469132750848,0.044650231791366034
finals,8,I,20,0.350825697237629,-1.1686932130173132e-05,-0.8843904795039373,3.0783118803772433,0.4590680100755668,0.2975982720239256,0.053227425213703446
finals,8,I,30,0.3086115899888747,-0.0002279317760417662,-0.6917313839077209,2.688840022044354,0.4465575146935349,0.24153639223699716,0.06707519775187747
finals,8,I,40,0.2817190911275825,-0.0001983682925912324,-0.6048492257551598,2.3529575074927753,0.45780856423173805,0.21027930709362422,0.07143978403395822
finals,9,C,5,2.6666389717827235,4.125e-15,-1.51747279151992,15.788213071801932,0.5722082283795129,1.4172298693905054,1.249409102392218
finals,9,C,8,1.6253851688077645,5.3e-15,-1.4021339834499504,11.856440950052708,0.5630352644836272,0.7497851835373675,0.8755999852703973
finals,9,C,10,1.5409933185021518,0.00019165974640022407,-0.6678285561663169,10.014569522806417,0.5617338371116708,0.7316273616787979,0.809365956823354
finals,9,C,15,1.0925487913602903,6.950287037084167e-05,-0.602671215678036,7.204916594066497,0.5453820319059614,0.5188810763134919,0.5736677150467985
finals,9,C,20,0.8695302770012884,0.0033246379302918584,-0.4331970040773421,5.2361624868547985,0.5644206549118388,0.41069396945522385,0.4588363075460645
finals,9,C,30,0.511943357624615,0.0041186061047894336,-0.5252611126090201,3.211519991125734,0.5574517212426533,0.2635599566393488,0.24838340098526615
finals,9,C,40,0.36047255233083625,0.004477239433594742,-0.5816551537401294,2.674301123360951,0.5600125944584382,0.2110533371407466,0.14941921519008966
finals,9,I,5,0.5227006806946525,4.5340767487505224e-17,-1.9449501768009307,4.507874236423616,0.45335852225021,0.5007393506923108,0.021961330002341642
finals,9,I,8,0.4219879113462167,-1.3422521594396433e-16,-1.4053490257640273,4.017932422144504,0.44993702770780863,0.391256387575092,0.030731523771124692
finals,9,I,10,0.4151598716176519,-4.592052339980304e-16,-1.1939323151001444,3.7335495515384527,0.44720822837951313,0.3748744872181591,0.040285384399492884
finals,9,I,15,0.3843522931018855,-7.943822783904277e-16,-1.0011312231233103,3.324658840496032,0.4562762384550798,0.3357606886356063,0.048591604466279144
finals,9,I,20,0.35372541631988835,-1.6666267027747987e-15,-0.9097295476591815,3.110651503602803,0.4612720403022671,0.3045367581897585,0.049188658130129854
finals,9,I,30,0.3172375744118086,-0.0001163588649878699,-0.6862536364579573,2.694989246010686,0.4508186397984888,0.24888133485581285,0.06835623955599592
finals,9,I,40,0.2851869035474089,-0.0002092273821188852,-0.6307153806294429,2.453767049660558,0.4540512174643158,0.21804663752065856,0.06714026602675031
finals,10,C,5,2.5934357866980453,3.516666666666667e-15,-1.8266508123768281,16.558610270286405,0.5442275398824516,1.3607213815807144,1.232714405117331
finals,10,C,8,1.942985800220378,5.271271450539167e-05,-0.8187322485993973,12.484078428060803,0.5535684298908481,0.9227747507754882,1.0202110494448897
finals,10,C,10,1.6164303069286536,7.935576358153335e-05,-0.9064465690299234,10.685954300024045,0.5678421494542402,0.7998530754730225,0.8165772314556311
finals,10,C,15,1.0764345453219932,2.237432210162407e-05,-0.8472298902409428,7.316286288523636,0.5430520570948781,0.5446001028256802,0.5318344424963131
finals,10,C,20,0.899310822292618,0.0025466051469530157,-0.5298026366104008,5.603326203629237,0.56316120906801,0.4081439004264753,0.49116692186614286
finals,10,C,30,0.5355495871421662,0.0019408894902445918,-0.6014412007254909,3.381158523027577,0.5617548278757346,0.27669847280220305,0.25885111433996316
finals,10,C,40,0.3685848208228284,0.004536289182069817,-0.5560464719756628,2.575826957846113,0.5501469353484467,0.20571095091249028,0.162873869910338
finals,10,I,5,0.526084333505508,4.997335740542136e-17,-2.117501505132564,4.422103667003756,0.45251889168765747,0.5184117812708559,0.0076725522346520435
finals,10,I,8,0.39457275419127136,-2.119741309109486e-16,-1.5566853887531564,3.7726375017446734,0.446998320738875,0.37889764126524245,0.015675112926028925
finals,10,I,10,0.4042411459512146,-3.0460594732333753e-16,-1.2858807105085421,3.72160006048611,0.45163727959697736,0.36894306637495333,0.03529807957626132
finals,10,I,15,0.39014927689372936,-7.082733874955314e-16,-1.0402204248011198,3.394434436723276,0.4583333333333333,0.3452959932885014,0.04485328360522787
finals,10,I,20,0.36302075974609777,-1.2235789179759952e-15,-0.8884775461912837,3.153308409703678,0.46328715365239304,0.30486724877539423,0.058153510970703516
finals,10,I,30,0.3248519787574345,-9.059135291932082e-05,-0.7282313939681838,2.7571777919898888,0.45319059613769946,0.2600959551034785,0.06475602365395597
finals,10,I,40,0.3001599636944919,-0.00020294674044673983,-0.6259493856010622,2.496308859393876,0.4592779177162049,0.22463900498791242,0.07552095870657945
finals,11,C,5,2.6175434248928595,3.137939280656671e-15,-1.9758997104057292,16.991227519748744,0.5467884130982367,1.3983725271495504,1.219170897743309
finals,11,C,8,1.9358808974742432,5.908333333333333e-15,-0.8386456710493542,12.192389878399068,0.5651343408900084,0.9112116106137209,1.0246692868605223
finals,11,C,10,1.656158374242672,0.00030515606569049173,-0.875748303148219,10.941806526362745,0.5577665827036105,0.7628697678056021,0.89328860643707
finals,11,C,15,1.140402186928686,0.0005390186938947167,-0.603931397108385,7.036548938367334,0.5564441645675903,0.5495170981213208,0.5908850888073653
finals,11,C,20,0.8925599638916556,0.001177788248706925,-0.46804830714296985,5.37410959893114,0.5537363560033586,0.4211234383550359,0.4714365255366197
finals,11,C,30,0.5772772093714083,0.004583617228884783,-0.6166849824591517,3.4735230353393467,0.5554156171284634,0.29679137533791883,0.2804858340334894
finals,11,C,40,0.4002501422093863,0.005830540842512692,-0.5109543044866564,2.580221241785851,0.564840470193115,0.23835743519253372,0.16189270701685257
finals,11,I,5,0.47839497631429134,3.517038374375261e-17,-2.216219068794929,4.700943700855095,0.45493282955499587,0.4631120802419162,0.015282896072375233
finals,11,I,8,0.42397703108123486,-1.1478965236437945e-16,-1.6324524633960131,4.113805500739281,0.45161628883291355,0.4077324880985722,0.016244542982662636
finals,11,I,10,0.4317276227288435,-9.721112114114781e-17,-1.369197577834169,3.9301306228447297,0.45959277917716207,0.39594695779669764,0.03578066493214587
finals,11,I,15,0.41393616382448734,-3.0368076146948324e-16,-1.0246975101804305,3.555072719795764,0.4687867338371117,0.35266243886617216,0.061273724958315304
finals,11,I,20,0.3812650012253553,-8.314935489581914e-06,-0.9118753858487836,3.220219470657305,0.46796809403862305,0.3150366857959286,0.06622831542942682
finals,11,I,30,0.3375264339378671,-8.401914138001804e-05,-0.753136622049452,2.849455958213784,0.46051637279596985,0.2620875214045618,0.07543891253330526
finals,11,I,40,0.3054606505560687,-0.000173718010774513,-0.6652863015020843,2.5511843542446466,0.4625314861460958,0.22789138324021435,0.07756926731585434
finals,12,C,5,2.134782907847646,5.183333333333334e-15,-2.203341888673472,14.633745134035658,0.5779387069689336,0.9617676097347357,1.1730152981129107
finals,12,C,8,1.7558434327536772,0.00023198442946557502,-0.932739977266832,11.01108631421948,0.5849496221662468,0.7321134792181445,1.0237299535355324
finals,12,C,10,1.5476579248606555,0.00040326218442765,-0.8044104849344781,9.963359155637905,0.5834592779177162,0.6484463180824498,0.8992116067782057
finals,12,C,15,1.1237480433895073,0.0028703980820121585,-0.4927978939245635,6.896796690029575,0.5727959697732997,0.5077899683088914,0.6159580750806157
finals,12,C,20,0.9046993469825864,0.003813740693564167,-0.5273314812901833,5.413009268427623,0.5713685978169605,0.4171152716023786,0.4875840753802078
finals,12,C,30,0.6063973807085647,0.005949249153028317,-0.5279494183698004,3.4979471051159075,0.5687867338371116,0.30655075827429906,0.29984662243426574
finals,12,C,40,0.4430752810221678,0.010149411151880875,-0.428717257289332,2.5346795940909774,0.5760075566750629,0.264170180025223,0.17890510099694482
finals,12,I,5,0.5053886502896079,0.0,-2.3513910558109976,5.038710154158417,0.45209907640638125,0.48452299623520917,0.02086565405439871
finals,12,I,8,0.4473486802695647,-6.478965236437944e-17,-1.59777501973623,4.219995826824809,0.4561083123425693,0.42169757225189425,0.025651108017670437
finals,12,I,10,0.4424911917692579,-8.052447252854715e-17,-1.3823386461354896,4.060978745927151,0.46053736356003366,0.3931097408979855,0.04938145087127235
finals,12,I,15,0.43085830033626693,-2.786607795235492e-16,-1.0495315984712799,3.6677724419125233,0.4679890848026869,0.3602992235101799,0.07055907682608707
finals,12,I,20,0.3923581783130664,-6.481229856977129e-16,-0.9346981984591839,3.328903225569773,0.4698152812762385,0.3193292434644196,0.0730289348486468
finals,12,I,30,0.34087819706760186,-9.409003337907731e-05,-0.7806243316609837,2.9413629626322857,0.4585222502099077,0.260502927020887,0.08037527004671487
finals,12,I,40,0.31751183308916253,-9.924227511156017e-05,-0.66539539908431,2.657487901279878,0.4666456759026029,0.23009768044324802,0.08741415264591443
finals,13,C,5,2.143050987062153,3.808333333333334e-15,-1.7045885861356005,14.843177425082526,0.5578295549958019,0.9479307311191086,1.1951202559430445
finals,13,C,8,1.6854472296942964,8.6237929787e-06,-1.1498322006842399,11.146882547495148,0.5600965575146936,0.7086205920028286,0.9768266376914679
finals,13,C,10,1.4906280255170605,0.00030266231272492504,-0.9098446307270734,9.714974625451305,0.5704869857262804,0.5999148626987164,0.8907131628183442
finals,13,C,15,1.133103023626234,0.003739577959332767,-0.5027089987444643,7.05753619210351,0.5732157850545759,0.5275997166658963,0.605503306960338
finals,13,C,20,0.8934653132618137,0.00181190443565445,-0.5646018766182874,5.338156228590405,0.5578505457598657,0.4454251230974301,0.4480401901643835
finals,13,C,30,0.6374637161802745,0.0067306709015458755,-0.4932935886434327,3.7420442210073332,0.5729219143576826,0.33895587948131517,0.29850783669895925
finals,13,C,40,0.4504360544547811,0.014071153345602818,-0.42172785108571903,2.4801797682905145,0.588497061293031,0.24905261177523072,0.20138344267955033
finals,13,I,5,0.5878322288126385,6.107558765167292e-17,-2.309506642258107,5.385725389876692,0.4592779177162049,0.5586825066069293,0.029149722205709275
finals,13,I,8,0.45413414833390603,-9.813630699500209e-17,-1.6866815639077588,4.397694425574595,0.4570948782535685,0.42741925689192534,0.026714891441980613
finals,13,I,10,0.4366263853441565,-1.9072815951552308e-16,-1.4100783841984001,4.185030178223004,0.45900503778337537,0.3864561131667468,0.050170272177409804
finals,13,I,15,0.4369742267338151,-2.1294594130531552e-16,-1.062739067078423,3.839432852303521,0.469311502938707,0.35512913356717873,0.08184509316663635
finals,13,I,20,0.3994890690225004,-5.823788448245554e-05,-0.9592963174062379,3.4592014120011787,0.4713476070528968,0.3200667694358955,0.07942229958660486
finals,13,I,30,0.34927728753757026,-1.2710714377370275e-06,-0.8226066768472905,2.966539201233275,0.4611670864819481,0.2625482073019131,0.0867290802356572
finals,13,I,40,0.33381451799711087,-7.997334476864629e-05,-0.6447710031704691,2.709333179921032,0.46754827875734684,0.2368624597680513,0.09695205822905963
finals,14,C,5,2.4089749729821515,1.7025557561562892e-15,-1.6378981736301907,16.903711308585805,0.5203820319059614,1.0495534700168996,1.359421502965252
finals,14,C,8,1.8139587509522328,1.8100392396741666e-05,-0.9057049841022128,12.025860938290286,0.5697313182199831,0.8089091633285734,1.0050495876236594
finals,14,C,10,1.5711831226526902,0.0002452761976741417,-0.92735896521232,10.373803919628928,0.5660159529806885,0.7027052132761643,0.868477909376526
finals,14,C,15,1.1476496005576842,0.005590741350659784,-0.6674569785254558,7.0695064785975115,0.5825146935348446,0.5330761238591599,0.6145734766985244
finals,14,C,20,0.9704393317099439,0.009009454238273817,-0.5095477649456657,5.3122709873819085,0.5928211586901764,0.4569547162247101,0.5134846154852338
finals,14,C,30,0.6471160426311822,0.005399370518894259,-0.4345130886426907,3.6884685070741083,0.5645256087321578,0.33110047559181444,0.3160155670393677
finals,14,C,40,0.4668403753647249,0.015469832629894119,-0.3954243529353973,2.659836677665534,0.5899664147774979,0.26288682743701003,0.2039535479277149
finals,14,I,5,0.6709239507618054,9.624597139542553e-17,-2.2796388198696937,5.919829248934938,0.4624265323257768,0.6287834079706893,0.04214054279111608
finals,14,I,8,0.5122116525481377,3.332667268468868e-17,-1.7107220639166034,4.830697236264229,0.46141897565071377,0.4608745435070915,0.051337109041046186
finals,14,I,10,0.48866163726755485,-1.3982961625624742e-16,-1.3770043543467703,4.487596451923484,0.46395885810243503,0.418581010953732,0.07008062631382277
finals,14,I,15,0.46655005567362484,-1.6108890894896225e-16,-1.0577164623760744,3.9228222981808494,0.4696263643996642,0.37256235125786136,0.09398770441576344
finals,14,I,20,0.4263546689450933,-3.0556443642041513e-16,-0.9642561260552773,3.573041480298252,0.4773929471032746,0.33373849925351984,0.09261616969157344
finals,14,I,30,0.37690215437367264,-7.284453324500436e-06,-0.7981003916830594,3.1033526353993017,0.46901763224181364,0.27898657248439857,0.09791558188927398
finals,14,I,40,0.3510764118993185,-2.792062467162407e-05,-0.6491090651896396,2.7886341793995517,0.4718933669185559,0.24470296686844142,0.10637344503087716
finals,15,C,5,2.830763780746651,2.7546059473233377e-15,-1.7441460394678228,17.613143240392617,0.5399034424853064,1.4820276292807752,1.3487361514658758
finals,15,C,8,1.8200879952550324,8.0164563696375e-05,-1.0551789811934285,12.062181806252893,0.5764903442485305,0.7812573087444902,1.0388306865105421
finals,15,C,10,1.805116713253417,0.0005305376664368917,-0.7148073873664639,11.5000808729221,0.5746851385390427,0.826679742514789,0.9784369707386279
finals,15,C,15,1.1991819523092828,0.002737987028527959,-0.6301202139190715,6.9552894195326775,0.5769311502938707,0.5042665245592286,0.6949154277500544
finals,15,C,20,1.0507495083431801,0.007297311615477209,-0.4538946229100376,5.800703651578281,0.580352644836272,0.49367121580654566,0.5570782925366344
finals,15,C,30,0.7059115051399335,0.011988837501144742,-0.5258709150058523,4.020222607404153,0.5914777497900924,0.37040297221167084,0.3355085329282626
finals,15,C,40,0.471938754406715,0.008782812929507567,-0.5415149494000834,2.653178651868331,0.5795549958018472,0.27566347804635105,0.19627527636036393
finals,15,I,5,0.7388084941277758,3.423853724125365e-17,-2.423118607091636,6.148024455366668,0.46309823677581874,0.6894077076789759,0.04940078644879999
finals,15,I,8,0.5350651072871144,-2.7768896912918233e-17,-1.7923287306319005,5.00260096723345,0.46162888329135193,0.48858574995745485,0.04647935732965954
finals,15,I,10,0.499039065165525,-1.4072815951552308e-16,-1.521379121435302,4.591553238958098,0.4610411418975652,0.43798269320690664,0.06105637195861837
finals,15,I,15,0.4651318507500847,-3.8427850113312166e-16,-1.145283845015293,4.074186295595776,0.47103274559193964,0.37517348570164827,0.08995836504843632
finals,15,I,20,0.43381210470115644,-3.796259292692715e-16,-1.0458263363516755,3.70747538921395,0.4743073047858942,0.3404712181085434,0.0933408865926131
finals,15,I,30,0.3828778512348376,-5.257679575674075e-06,-0.8219693956905177,3.1701704253116825,0.4669815281276239,0.27843759684546215,0.10444025438937542
finals,15,I,40,0.3491951342436111,-1.627425804500832e-05,-0.6831901139215054,2.8092762504028603,0.47327875734676744,0.24433085897490195,0.10486427526870921
finals,16,C,5,2.7517531034153184,3.832401486830835e-15,-2.021072786291416,17.384627489034795,0.5464735516372795,1.4047239632185944,1.347029140196724
finals,16,C,8,2.018592936653876,2.7365930624358337e-05,-1.1518449487649391,13.039123439820115,0.5833543240973972,0.823906190719954,1.194686745933922
finals,16,C,10,1.824839471154015,0.00018236088515270003,-0.6663972448448134,11.017106147542565,0.5571998320738876,0.7738255015005265,1.0510139696534884
finals,16,C,15,1.2044572072832038,0.0007611568939320667,-0.593281840438253,7.202087383146614,0.5558774139378674,0.5526037177620071,0.6518534895211967
finals,16,C,20,1.0059260386969484,0.006023987776765259,-0.4125528269131048,5.629599400976559,0.5712426532325776,0.44455432343172174,0.5613717152652267
finals,16,C,30,0.6981686810439761,0.010792063730002943,-0.48085184929471597,4.260018643855775,0.584256926952141,0.3515432941380117,0.34662538690596445
finals,16,C,40,0.47879533672597757,0.009029181224644866,-0.4591760911702565,2.6309474984250008,0.5773299748110831,0.2811236373691773,0.19767169935680026
finals,16,I,5,0.7179720399648147,1.6200743415417189e-16,-2.3097558277540102,6.014620030777769,0.46456759026028555,0.6642946016753323,0.05367743828948243
finals,16,I,8,0.5501675917922219,-1.0197026338331252e-17,-1.78265367148935,5.070597278644408,0.4596767422334174,0.4986027163218808,0.051564875470340964
finals,16,I,10,0.524808123383661,-1.8885780586188049e-16,-1.4944532323002093,4.634179418038149,0.4595088161209068,0.46320039040863453,0.06160773297502651
finals,16,I,15,0.48148504797064534,-5.851504017978186e-16,-1.1675220133684088,4.155373428302945,0.4657640638119228,0.39390681739573274,0.08757823057491251
finals,16,I,20,0.42828493790666616,-2.4108025523336554e-05,-1.0691407127753776,3.647745249834175,0.4676952141057935,0.3495900122228762,0.07869492568379002
finals,16,I,30,0.3797825396680136,-1.9818474407090264e-05,-0.8275955170042409,3.1164274402646726,0.46849286314021843,0.28118519414525955,0.09859734552275398
finals,16,I,40,0.34027304888904364,-4.395419384326575e-05,-0.7129653264265848,2.755884482609657,0.4701511335012595,0.23961453416555262,0.10065851472349102
finals,17,C,5,3.04338310971359,3.2064696403283356e-15,-2.2243078086753996,17.36264828054438,0.5482577665827036,1.6068346075549058,1.4365485021586848
finals,17,C,8,2.0054533202416667,0.0001526325106243667,-0.9920361736096185,13.284368592957614,0.5849076406381193,0.7220793853830347,1.283373934858632
finals,17,C,10,1.798797486913018,6.0629001247833336e-06,-0.7851534691950256,11.202678543354061,0.5612510495382032,0.7478514067649262,1.0509460801480919
finals,17,C,15,1.2074996226840886,0.0034811712773229085,-0.5338371193398459,7.396027044172681,0.5678631402183039,0.4978679066303144,0.7096317160537742
finals,17,C,20,0.9595091184980071,0.005487017633845817,-0.5488702820487469,5.780803268570675,0.5715785054575986,0.4589139671967282,0.500595151301279
finals,17,C,30,0.6828276732847428,0.004794496824853392,-0.4983625032620701,4.231612075057643,0.5593408900083963,0.3725689006104106,0.3102587726743323
finals,17,C,40,0.4869279743554499,0.01583454274559741,-0.3510940381307728,2.5288989234947956,0.5913727959697733,0.2685293758907231,0.21839859846472678
finals,17,I,5,0.7009073724760089,8.146964032833542e-17,-2.4485934910288263,6.099905094249553,0.4621956339210748,0.6590039371500853,0.04190343532592374
finals,17,I,8,0.5341304360425226,-2.038073137937318e-17,-1.9022508818601813,4.9432460650995,0.4627413937867339,0.48320097568527826,0.05092946035724449
finals,17,I,10,0.5200806271698634,-1.6757187057458702e-16,-1.551710092430695,4.697871707979063,0.461062132661629,0.4583389188752151,0.06174170829464824
finals,17,I,15,0.4820766173064353,-1.5737484423625573e-16,-1.1499411300276907,4.160076712432371,0.4700461796809404,0.39430534507580123,0.08777127223063401
finals,17,I,20,0.41473540892561345,-5.12007434154172e-16,-1.0823115599387563,3.65095583879144,0.4732997481108313,0.3317802995294265,0.08295510939618689
finals,17,I,30,0.3774347550496012,-2.35886085109486e-05,-0.7860647769865047,3.100127388393459,0.47059193954659956,0.2733428188640831,0.10409193618551806
finals,17,I,40,0.3425325525866002,-3.93875743779463e-05,-0.7089277276057956,2.7265925152521056,0.4722712006717045,0.24056642499262246,0.10196612759397782
finals,18,C,5,2.9183796769956416,3.808333333333334e-15,-1.495550067949455,17.643636187568497,0.5558774139378674,1.3983379856832776,1.5200416913123642
finals,18,C,8,2.1746060868418717,0.00014441960351355002,-0.7959944153643259,13.323501729331896,0.5903232577665827,0.9001681660618163,1.2744379207800556
finals,18,C,10,1.7820130731815242,0.000597222774789075,-0.6872651212160089,11.470205360998385,0.5703610411418975,0.6608349045810991,1.1211781686004252
finals,18,C,15,1.264657888596578,0.004155154699988226,-0.5776121015678173,7.903083312189673,0.571305625524769,0.5372475482673492,0.7274103403292289
finals,18,C,20,1.0177397142187705,0.009017808908001718,-0.5404802243894039,6.079371483399098,0.588727959697733,0.4779183479488135,0.539821366269957
finals,18,C,30,0.6851915776897545,0.011064237631327184,-0.45318411998951175,4.0601106708896575,0.5752518891687657,0.3564227113219594,0.32876886636779507
finals,18,C,40,0.46595660803969857,0.012395481592793526,-0.4186483791414499,2.495719883082383,0.5811502938706969,0.26420600103014286,0.20175060700955563
finals,18,I,5,0.6858274136411241,6.293928065667083e-17,-2.5927803322810647,6.203010236848216,0.45898404701931156,0.6614121004093997,0.024415313231724377
finals,18,I,8,0.5108220818830447,9.238537241253643e-18,-1.8215910364806531,4.895641456684034,0.4591729638958858,0.4612511276405625,0.04957095424248226
finals,18,I,10,0.4706048061323884,-2.370074341541719e-16,-1.6034026582987695,4.645849037846353,0.4575356842989085,0.41008815233265344,0.06051665379973496
finals,18,I,15,0.46288657385978327,-6.388578058618805e-16,-1.1931562877042599,4.1772633939014225,0.462951301427372,0.3833848386471717,0.07950173521261165
finals,18,I,20,0.41626185366566215,-7.300485583043306e-16,-1.078371011716217,3.675184971657492,0.4712006717044501,0.32940437792321037,0.08685747574245174
finals,18,I,30,0.37049621418844997,-2.247750282818886e-05,-0.8335410695283458,3.1076108262859763,0.468198992443325,0.26991778440918396,0.10057842977926593
finals,18,I,40,0.340849353436767,-1.2919883499943531e-05,-0.7331365442759702,2.7719681582812066,0.4728169605373636,0.23977126256644782,0.10107809087031913
finals,19,C,5,3.260693679687586,4.783333333333334e-15,-1.6492592536800346,17.965965256638263,0.5613560033585223,1.701306338107851,1.5593873415797355
finals,19,C,8,2.3559449309061056,0.00038753188556452507,-0.9856185791205492,14.753680802409834,0.5804575986565911,1.0632416655216268,1.2927032653844788
finals,19,C,10,1.8727751871276055,0.0008873066501645417,-0.7237923432854457,11.83682930160865,0.5888119227539883,0.7066440166224394,1.1661311705051662
finals,19,C,15,1.2679489772233725,0.0006488959872251001,-0.626950550928559,7.883372051582583,0.5605163727959698,0.5130931006549538,0.7548558765684188
finals,19,C,20,1.0344847487765323,0.01449091768197625,-0.42284988659683154,5.999553871751752,0.595298068849706,0.4581943147900426,0.5762904339864898
finals,19,C,30,0.6607414487032504,0.012939694482739376,-0.5502284928029237,3.9517570576161556,0.5814441645675903,0.3391530349273267,0.3215884137759237
finals,19,C,40,0.44445602806644496,0.012157185851010251,-0.47790721504259187,2.446610395684471,0.5903862300587742,0.26150482363683125,0.18295120442961377
finals,19,I,5,0.4757226814496784,9.997335740542137e-17,-2.6041339806199417,5.801315376730217,0.46051637279596985,0.44675515019230144,0.028967531257377
finals,19,I,8,0.48016935569936897,5.544454474481126e-18,-1.8051970418473908,4.785363926881686,0.4628253568429892,0.4333115133015567,0.04685784239781222
finals,19,I,10,0.46680552268912456,-1.564429977337568e-16,-1.6118898109121789,4.52394592258596,0.4581654072208229,0.41161205603357504,0.055193466655549535
finals,19,I,15,0.4394337437613266,-6.008785613133417e-16,-1.2964845958257027,4.191239247689413,0.46219563392107477,0.37008076595403894,0.06935297780728762
finals,19,I,20,0.39950761932860446,-1.5340576216660005e-08,-1.0863861322062145,3.6510153592683037,0.4697313182199832,0.32235501272792744,0.07715260660067705
finals,19,I,30,0.3663631095435529,-1.7249800180540662e-15,-0.8660993448443866,3.1149849808409775,0.46683459277917727,0.2714768558765889,0.09488625366696399
finals,19,I,40,0.3366863340576288,-2.426215458652321e-06,-0.7067016374964332,2.6956994498288895,0.4717884130982368,0.24025396467749724,0.09643236938013158
finals,20,C,5,3.2958939615141416,5.675e-15,-1.4082188517332703,20.836919350227138,0.5861041141897565,1.4262880117281225,1.8696059497860193
finals,20,C,8,2.3057224687674127,5.8975484651408344e-05,-1.0053515727156268,14.540652731681282,0.5780646515533164,0.9516683001885906,1.3540541685788223
finals,20,C,10,2.0209859623160207,0.00378445758736535,-0.5921590245683785,12.336008511290869,0.5921074727120067,0.8512942687839844,1.1696916935320363
finals,20,C,15,1.3487206446666238,0.0008490858836079167,-0.6599164698013101,8.659434656138648,0.5626994122586062,0.5805132307145022,0.7682074139521214
finals,20,C,20,1.0709740554240166,0.011919948361372711,-0.4650322568252505,6.180259591620555,0.5873005877413938,0.4705340413844425,0.6004400140395739
finals,20,C,30,0.7395115968852871,0.019903632062657703,-0.4604642672107355,4.114801358023017,0.5997061293031066,0.3646946929405379,0.3748169039447492
finals,20,C,40,0.48112498387249114,0.018029447854024567,-0.44534519792524735,2.6430860371555593,0.5969563392107472,0.2704003575933632,0.210724626279128
finals,20,I,5,0.7896280221170308,7.220446049250314e-17,-2.4416815393676097,6.6390539291108075,0.46141897565071377,0.7401416151854502,0.0494864069315807
finals,20,I,8,0.5706493564805798,-1.7585191871876295e-17,-1.8419305827894328,5.231174731189446,0.4625314861460958,0.5159439774204286,0.05470537906015116
finals,20,I,10,0.5494595706337383,-1.8052447252854716e-16,-1.5850850597515282,4.8822548356655,0.4616288832913519,0.4884617794864836,0.06099779114725466
finals,20,I,15,0.4707505453996651,-7.517970865185514e-16,-1.2770330299289874,4.403433320192595,0.4611041141897566,0.3967653201375664,0.07398522526209869
finals,20,I,20,0.4244169107333734,-8.365515018758894e-16,-1.098922448431856,3.8139613772588836,0.4683249370277079,0.34392256751680045,0.08049434321657298
finals,20,I,30,0.3787734611740044,-4.9082523198424996e-05,-0.8838344940776472,3.227511239934252,0.46435768261964744,0.28605516546936116,0.09271829570464325
finals,20,I,40,0.3493546054968898,-0.00013106441331725373,-0.730873892082685,2.766778096495786,0.46863979848866505,0.25155709749731114,0.09779750799957869
finals,21,C,5,3.2308309445117653,3.590734820164168e-15,-1.7114884710573282,19.78591679220399,0.5529596977329976,1.426911198780156,1.8039197457316092
finals,21,C,8,2.4670618244467954,0.0005211616033589666,-1.1695206869837809,15.248463476510246,0.5819059613769941,1.035565870635156,1.4314959538116392
finals,21,C,10,1.946795739718136,0.0030726614680243415,-0.9216637752733501,12.332477889426164,0.5878463476070529,0.6633978356292186,1.2833979040889174
finals,21,C,15,1.4370150185991233,0.0019144214174830001,-0.5809470452883626,9.124646102971417,0.5826616288832914,0.5607706093084251,0.8762444092906984
finals,21,C,20,1.1393251542488636,0.019491746722848934,-0.5337508471217736,6.996181268310825,0.6145885810243493,0.5109535687196137,0.6283715855292501
finals,21,C,30,0.7500782165181278,0.017328167364008298,-0.4326370916516261,4.387766416083124,0.5971662468513854,0.35606511794906004,0.3940130985690677
finals,21,C,40,0.5680524527262764,0.02160073193901891,-0.3688687529781825,2.8598281212601306,0.6049328295549957,0.3164380689785435,0.2516143837477329
finals,21,I,5,0.6659006965345535,7.401486830834375e-18,-2.415984330691992,6.409189025491946,0.45913098236775823,0.6138383387643256,0.05206235777022802
finals,21,I,8,0.5661778498311067,-1.9435563579584898e-17,-1.8708327569887018,5.195498582288436,0.45959277917716207,0.5214272509474406,0.04475059888366611
finals,21,I,10,0.5425944621996336,-1.0923853724125365e-16,-1.6307745333481363,5.061854584668773,0.460054575986566,0.48802016011995764,0.05457430207967589
finals,21,I,15,0.4657060766990736,-7.2682372911313e-16,-1.2905586650437963,4.30100217283891,0.46125104953820323,0.40402674235751346,0.0616793343415601
finals,21,I,20,0.40824881084371,-1.4101570624464633e-15,-1.1460534386427261,3.670440740299094,0.46162888329135193,0.347710087385234,0.06053872345847598
finals,21,I,30,0.3709825136682835,-4.8332795849879146e-05,-0.8602454769203354,3.110804059594318,0.46139798488664996,0.2809158833985686,0.09006663026971488
finals,21,I,40,0.34418968204888534,-8.722760993681897e-05,-0.7196122559397156,2.7044297117620024,0.4697103274559194,0.2506821237752362,0.09350755827364915
finals,22,C,5,2.8516934203823436,5.091666666666667e-15,-1.689995742455355,18.43543129527695,0.5741603694374474,1.2175900194757776,1.634103400906566
finals,22,C,8,2.0692518390329853,8.224502723530834e-05,-1.2700974984635518,14.264954770681511,0.5593198992443325,0.6804386914269571,1.3888131476060284
finals,22,C,10,1.905660210082817,0.0014554399824119335,-0.7679530326423928,12.449385342521493,0.5934928631402183,0.7152414337433337,1.1904187763394833
finals,22,C,15,1.4224221178537166,0.0034220022505286668,-0.6338129249071736,8.843301548179342,0.5731947942905121,0.6025382382555056,0.819883879598211
finals,22,C,20,1.0822444492624916,0.013085305177278917,-0.49918663130509877,6.442040450346162,0.593744752308984,0.471384106694719,0.6108603425677727
finals,22,C,30,0.7958231633291258,0.020336247444066115,-0.45768503909759967,4.508556000419431,0.6005247691015952,0.4076407359755797,0.388182427353546
finals,22,C,40,0.5303917199584715,0.023287201066824092,-0.3642030123221573,2.8182419838106583,0.6070948782535683,0.2855634589104507,0.24482826104802075
finals,22,I,5,0.7000030235415451,1.0921189464667501e-16,-2.2021353730027573,6.487663778905939,0.45913098236775823,0.6420814230235945,0.05792160051795061
finals,22,I,8,0.5851549341248543,-9.535408878479455e-17,-1.777023551486112,5.418355673878678,0.4565701091519732,0.533732853892755,0.05142208023209915
finals,22,I,10,0.5406415775594279,-2.370074341541719e-16,-1.5182146697718506,5.129495567033411,0.45560453400503786,0.47759358465202767,0.06304799290740011
finals,22,I,15,0.45819768533660593,-1.0508785613133417e-15,-1.3148305985870925,4.411297460714453,0.45474391267842157,0.4025771936222109,0.055620491714394885
finals,22,I,20,0.40619661590656536,-1.7768237291131303e-15,-1.1278392380432531,3.734382780786683,0.45988664987405553,0.33587887120228144,0.07031774470428388
finals,22,I,30,0.36483871207186724,-7.256579481514954e-05,-0.9004675556080145,3.120798561963371,0.4611041141897566,0.28147892840825217,0.08335978366361509
finals,22,I,40,0.33129146383872654,-6.258797045337128e-05,-0.7403626605189577,2.7257420967715005,0.4638119227539883,0.24648488575915983,0.08480657807956668
finals,23,C,5,3.612992808318192,5.083333333333333e-15,-1.4308558872174222,19.052393667394995,0.5639378673383711,1.8666291953793432,1.7463636129388491
finals,23,C,8,2.0070817025908725,1.6785256326683335e-05,-1.1081469169623464,13.1604211118654,0.5695424013434088,0.762811809242025,1.2442698933488476
finals,23,C,10,1.8296832296178922,0.0012332955025173417,-0.9584823639468767,12.248948121885558,0.5746431570109152,0.7778298732259711,1.0518533563919212
finals,23,C,15,1.4161555361805012,0.007176587471773826,-0.6247805267129629,8.68093796224511,0.5824307304785894,0.5917580008860093,0.8243975352944922
finals,23,C,20,1.0801307894292234,0.010970429686427467,-0.7557998212074012,6.401844869086636,0.5873215785054576,0.4907665084603427,0.5893642809688807
finals,23,C,30,0.788175402198291,0.026050166938797716,-0.4992301498768846,4.146758789508498,0.6106003358522251,0.4107748336546528,0.3774005685436382
finals,23,C,40,0.5725679319945604,0.027826974077398817,-0.45512693692360956,2.935708994874046,0.6130352644836272,0.32570639300583043,0.24686153898872992
finals,23,I,5,0.7654525636060273,8.887112715916981e-17,-2.3258407479830843,6.989942280067206,0.4600125944584383,0.7039787721591405,0.06147379144688677
finals,23,I,8,0.6078576073789429,-2.5000000000000012e-17,-1.692318928677859,5.795806642836877,0.4608522250209908,0.5423983311178732,0.06545927626106975
finals,23,I,10,0.5787160870755657,-1.7219113919521383e-16,-1.4609184285680858,5.329334282765213,0.46047439126784223,0.5000478499938134,0.07866823708175229
finals,23,I,15,0.5067888241574044,-7.517970865185514e-16,-1.1723806195682447,4.593176504614754,0.46049538203190604,0.4320335261322215,0.07475529802518296
finals,23,I,20,0.42033435330050256,-1.5337826049629712e-15,-1.1135333258333902,3.76561371012941,0.46083123425692707,0.353366806037497,0.06696754726300565
finals,23,I,30,0.35029457220381965,-0.0001126792866795037,-0.9198158055716131,3.05434941436583,0.4538623005877414,0.2740421030229181,0.07625246918090149
finals,23,I,40,0.32313931216678754,-0.00010892350335280277,-0.7301392190261387,2.6731513488379117,0.4645046179680941,0.23809678160025963,0.08504253056652784
finals,24,C,5,3.8114160335241274,3.908333333333334e-15,-1.7008484024912258,18.731003400596002,0.5558984047019312,2.2793581828146565,1.5320578507094709
finals,24,C,8,2.2503854111391806,8.655175945482502e-05,-1.213658792576354,14.189178002299482,0.5793240973971453,1.092615152451548,1.1577702586876328
finals,24,C,10,1.9656331262350017,0.000693633360710325,-1.1344296434006933,13.70359407495976,0.5647145256087321,0.9463649993598885,1.0192681268751136
finals,24,C,15,1.4455967828435035,0.010868712936899484,-0.6093696010734774,8.96555418479296,0.6016162888329135,0.6626188724900722,0.7829779103534311
finals,24,C,20,1.0964455989672077,0.013742693473551384,-0.5108909784238909,6.246885631055949,0.5924433249370277,0.5065603527658973,0.5898852462013106
finals,24,C,30,0.7876415693111993,0.024258847197105717,-0.46396648076585295,4.504439161222286,0.6137279596977331,0.39756443811524633,0.39007713119595294
finals,24,C,40,0.5932287398141161,0.038355577563399995,-0.33674437994189005,2.9109696018639233,0.6300587741393787,0.32675820500440833,0.2664705348097077
finals,24,I,5,0.7947469680630272,6.480297366166875e-17,-2.372588499416495,7.610318829396609,0.461167086481948,0.7202268212036189,0.07452014685940841
finals,24,I,8,0.6427865266530202,-3.1496282922914055e-17,-1.7528145012875134,6.134687823607893,0.46135600335852234,0.5691390546469662,0.07364747200605384
finals,24,I,10,0.5992730581728721,-2.1757187057458702e-16,-1.455014389694838,5.445057560376974,0.4596347607052898,0.5221921063420883,0.07708095183078373
finals,24,I,15,0.48992652217349164,-6.684770744825074e-16,-1.2546622344508713,4.59594502410969,0.4594458438287154,0.4152864750167035,0.07464004715678807
finals,24,I,20,0.4174058253752207,-1.7064429977337569e-15,-1.127997994444245,3.86921149791185,0.46154492023509663,0.3480875871585452,0.0693182382166755
finals,24,I,30,0.34582756923709407,-0.0001180044365742139,-0.896890283985625,3.020448887930505,0.4560663308144417,0.2700044883700776,0.07582308086701654
finals,24,I,40,0.30778462940683915,-0.00016163116435921666,-0.7486365633692272,2.6430019811186494,0.46332913518052066,0.21894218939432855,0.0888424400125106
finals,25,C,5,3.3302029271646,3.5333333333333333e-15,-2.1001930429214766,17.869422688333124,0.5567800167926112,1.8378912867943733,1.4923116403702268
finals,25,C,8,2.2723781797883995,0.002048715630275042,-1.0795401097020405,14.576249141583292,0.6022040302267003,0.9716735984855851,1.3007045813028149
finals,25,C,10,1.849405778565049,0.0008617397461218,-1.26127341152511,13.057100982459048,0.5671074727120067,0.7357617570723918,1.1136440214926573
finals,25,C,15,1.3813325850944225,0.005797162598508151,-0.7787609188860711,9.380209495980258,0.5747061293031065,0.6467025636047594,0.7346300214896632
finals,25,C,20,1.1220984216888537,0.013924416188144693,-0.5065335768136895,7.0875797395147915,0.6011544920235096,0.5293369962984961,0.5927614253903576
finals,25,C,30,0.7728026579568295,0.028832177617634885,-0.4070580152156727,4.237530093051947,0.6038623005877414,0.3900661881978943,0.38273646975893516
finals,25,C,40,0.5573633171310426,0.02036103450875202,-0.4313509483828728,3.097082314060906,0.5980898404701931,0.31598867351870863,0.2413746436123341
finals,25,I,5,0.6770468501795718,8.146964032833542e-17,-2.4432536996002736,6.485899613888025,0.4635600335852225,0.6327731154735154,0.04427373470605643
finals,25,I,8,0.5628701163617413,-2.593184650249896e-17,-1.7454699966432612,5.4810473734586695,0.459047019311503,0.501960415105249,0.06090970125649232
finals,25,I,10,0.5097451407100804,-1.2867410082083855e-16,-1.5366871243299378,5.123166406717,0.45789252728799335,0.43945517623461483,0.07028996447546561
finals,25,I,15,0.4500410219244284,-9.629259593593816e-16,-1.251607330587814,4.247085501101556,0.4581444164567591,0.3763427681559854,0.07369825376844297
finals,25,I,20,0.3703267755198224,-3.0883151836231167e-06,-1.1469304090626262,3.5850974406633593,0.4626574307304786,0.3066876441649049,0.0636391313549176
finals,25,I,30,0.328888965159324,-0.00016449472549774166,-0.8691217168206934,2.909947320278495,0.45850125944584386,0.2530739191562515,0.07581504600307241
finals,25,I,40,0.2796174498237257,-0.00013037923068722222,-0.7278665064797455,2.4335904882100974,0.4613140218303947,0.20005428881789636,0.07956316100582934
finals,26,C,5,3.370793691931495,4.925e-15,-2.2147475546883704,22.4853042906711,0.5560243492863141,1.6469917793681945,1.7238019125633004
finals,26,C,8,2.3450111518729884,0.0008139853843397334,-1.27855661395077,15.812754795984091,0.5827665827036105,1.0580850771573564,1.286926074715632
finals,26,C,10,2.0878232058409028,0.0007249094295691666,-0.884376490745,12.82543450934777,0.5613560033585222,0.9521874709528778,1.135635734888025
finals,26,C,15,1.6029280763290459,0.009153095922293474,-0.6056486009488641,10.581883665914148,0.599097397145256,0.7532548838975086,0.8496731924315372
finals,26,C,20,1.18866595825489,0.009754240639676027,-0.6835733157822811,7.575072443112259,0.5803946263643996,0.576741600846588,0.611924357408302
finals,26,C,30,0.838252293862175,0.01940680018104825,-0.5025865109941957,4.935907663621454,0.5997061293031066,0.4351913858133864,0.40306090804878864
finals,26,C,40,0.5878872822416704,0.0156543482305687,-0.620485752589293,3.43751210449784,0.5837951301427372,0.3440530018364528,0.24383428040521768
finals,26,I,5,0.736141409343691,5.923853724125364e-17,-2.2929638384708015,6.205484401486237,0.4589000839630563,0.6960453073279402,0.04009610201575071
finals,26,I,8,0.5570498998210508,1.2979244548538792e-17,-1.7102258035162536,5.106336044304582,0.4581654072208229,0.5087830202603961,0.048266879560654535
finals,26,I,10,0.5145521316020845,-1.7587856131334168e-16,-1.5054857263385355,4.980764765016442,0.4566120906801008,0.4527886136527253,0.06176351794935915
finals,26,I,15,0.41994779864142723,-1.141586738882931e-15,-1.293028866031627,4.173168339420058,0.45407220822837957,0.36809985826587893,0.0518479403755483
finals,26,I,20,0.35081177227022553,-1.2908045622167572e-05,-1.1504758645308832,3.478950503719562,0.45541561712846357,0.3011732847420218,0.04963848752820374
finals,26,I,30,0.29209385304983027,-9.706496615371667e-05,-0.9039005691622067,2.7356814102091915,0.4452350965575148,0.23592283598556155,0.056171017064268684
finals,26,I,40,0.26500059571448337,-0.00035262760216180837,-0.7361129785536175,2.4041734212833608,0.4545340050377834,0.19583072940570598,0.0691698663087774
finals,27,C,5,3.1780044094260047,3.1434770744825077e-15,-2.2028960654562653,22.254302310385537,0.5366288832913517,1.557524708917247,1.620479700508758
finals,27,C,8,2.496619777018934,0.0006764776889061334,-1.0783038347078344,17.180295564623016,0.5839000839630563,1.1779694398334248,1.3186503371855092
finals,27,C,10,2.1074316417180166,0.0012178763534088416,-0.8854651007598714,13.598421057522916,0.5752099076406381,0.9588597623284267,1.14857187938959
finals,27,C,15,1.4846618514709617,0.0040692424112047,-0.7568135588739203,10.501817029532656,0.5738035264483626,0.7342550268165517,0.7504068246544101
finals,27,C,20,1.1821772705683924,0.008816808934832934,-0.5337550088386215,7.092128579166823,0.5813182199832074,0.5849659812115132,0.5972112893568793
finals,27,C,30,0.821859798321531,0.017852928691696916,-0.48258055916932074,5.098011301311462,0.5898824517212427,0.43532074884515776,0.3865390494763732
finals,27,C,40,0.6045869552502371,0.026765721243301184,-0.4171173884687078,3.199139456677749,0.602120067170445,0.3281843794408063,0.2764025758094308
finals,27,I,5,0.8279246944876458,8.330669073875471e-17,-2.175996756515072,6.2713150595905605,0.46032745591939545,0.7880822064608329,0.03984248802681289
finals,27,I,8,0.5588082368892872,5.5644364204150975e-18,-1.6496359802912224,4.927378210115959,0.4611251049538204,0.5105441774495721,0.048264059439714964
finals,27,I,10,0.5186675573726858,-2.6850371707708595e-16,-1.4588456346243217,4.5484157574972395,0.45751469353484475,0.45983634490438224,0.05883121246830356
finals,27,I,15,0.40831922252402997,-1.0906948562722998e-15,-1.3406065504702278,3.835113069574417,0.4556045340050378,0.3548723585072173,0.053446864016812645
finals,27,I,20,0.32603504466164135,-2.656098148254722e-05,-1.1862491301520999,3.2159928386689725,0.4531276238455081,0.28504385926584513,0.04099118539579615
finals,27,I,30,0.2798249090708602,-0.0002981570676322407,-0.8935481273037603,2.649045654175671,0.4510495382031906,0.22123337101232218,0.05859153805853804
finals,27,I,40,0.2503532540699943,-0.00039489505242960924,-0.7688629017318063,2.307309478540495,0.44815281276238467,0.19761855211399648,0.05273470195599774
finals,28,C,5,2.6763302357501075,3.3157348201641677e-15,-1.3243862428033109,16.41601796975507,0.5344458438287154,1.6650539867528777,1.0112762489972298
finals,28,C,8,1.5995214567217892,3.3815962211083335e-06,-0.7291957317706821,11.006322624575839,0.5678001679261125,0.8084557103320636,0.7910657463897258
finals,28,C,10,1.360346314219375,4.9260443063816666e-05,-0.7495838605809723,9.819199985978242,0.5765743073047859,0.7127933824792415,0.6475529317401336
finals,28,C,15,0.9184964977898784,0.002037372925103025,-0.47564268022539385,5.997337321545207,0.5819269521410579,0.5218892428779193,0.3966072549119591
finals,28,C,20,0.710557782565379,0.0069381029679018175,-0.3990221823670502,4.025426823084253,0.5777917716204869,0.39915082544927044,0.3114069571161087
finals,28,C,30,0.4303615311653936,0.013556270431099018,-0.2951621881402222,2.3780204751268115,0.5927162048698572,0.2249625887059176,0.20539894245947596
finals,28,C,40,0.3017330094560972,0.015173049147802441,-0.23738868900885587,1.4952963372282784,0.5938706968933668,0.15623777771928377,0.1454952317368134
finals,28,I,5,0.4639056949749729,9.350371707708595e-17,-1.7325855949156155,3.2661794734933665,0.4592569269521411,0.45682363984640595,0.007082055128567025
finals,28,I,8,0.2798788767241132,8.240148683083439e-17,-1.2885285708768803,2.425441745472214,0.4626574307304787,0.26533653678623353,0.01454233993787971
finals,28,I,10,0.2253979747071401,7.313630699500209e-17,-1.1360234573921466,2.2291100620449305,0.4702141057934509,0.20940014647024724,0.01599782823689291
finals,28,I,15,0.15790594887314394,-5.55644364204151e-17,-1.0600362159761163,1.8572743987547393,0.4739504617968095,0.14030010821407585,0.017605840659068075
finals,28,I,20,0.15146804448509946,1.6480297366166875e-16,-0.8327215105080922,1.580558652727333,0.4802057094878254,0.12797727698715433,0.023490767497945167
finals,28,I,30,0.10742822399654152,-2.5299053553592387e-06,-0.6881351147322887,1.2060790316408234,0.4705079764903443,0.08906130582809106,0.01836691816845042
finals,28,I,40,0.07770138095237204,2.1969661194564838e-05,-0.5618484802251866,0.9342215035871113,0.47550377833753144,0.061696970775666986,0.01600441017670502
finals,29,C,5,2.3892648378727865,2.3175718705745873e-15,-1.7281310399303025,15.922971485737966,0.5274139378673384,1.3438694101386361,1.0453954277341506
finals,29,C,8,1.8497999982911406,3.496005819433334e-06,-0.8187937495300174,12.00958916293066,0.581360201511335,0.998992950892013,0.8508070473991277
finals,29,C,10,1.3627954272386253,8.216732297531667e-05,-0.7587779075051941,9.828799409569813,0.5587951301427372,0.7041945439662116,0.6586008832724137
finals,29,C,15,1.060709766511263,0.0036119944414479085,-0.7191303608968036,6.7627146372611655,0.5850755667506298,0.5747369378255094,0.48597282868575353
finals,29,C,20,0.8496033391509771,0.004926539627801116,-0.5530318708588923,5.3224503466330475,0.5784424853064652,0.46983889848846466,0.3797644406625124
finals,29,C,30,0.5321910466812764,0.010398770665586976,-0.34558907040109804,3.201957718047092,0.5826826196473552,0.2766315685366193,0.2555594781446572
finals,29,C,40,0.3515051174822137,0.010646391423614683,-0.3616069134677649,2.3332394432730674,0.5842149454240134,0.1995199544360765,0.15198516304613718
finals,29,I,5,0.585933902021616,1.0551115123125784e-16,-1.7140265692420513,4.165978441645211,0.4612510495382033,0.5763945248093936,0.009539377212222542
finals,29,I,8,0.3993586912190247,6.480297366166875e-17,-1.2867445811704987,3.196753552752574,0.4641687657430731,0.37973749203437335,0.019621199184651394
finals,29,I,10,0.2972443203890859,-1.2035408878479454e-16,-1.1977475234106836,2.8559305971947153,0.4594458438287154,0.28160449497165246,0.015639825417433487
finals,29,I,15,0.2292171576869392,-3.407348201641677e-16,-0.990836724237342,2.304405667669701,0.46754827875734684,0.21071606881448807,0.018501088872451044
finals,29,I,20,0.16901291488733258,-6.388844484564592e-16,-0.9017264680057138,1.8754980352733943,0.46901763224181364,0.15142342767833616,0.017589487208996415
finals,29,I,30,0.1095976800485367,-0.00017822825588087126,-0.7912503246882984,1.3813422004754703,0.45312762384550803,0.1024995909716542,0.007098089076882459
finals,29,I,40,0.09790379880577392,-0.00015194218322784166,-0.6131184699732429,1.1369805887730662,0.4588790931989925,0.08437462274017683,0.013529176065597134
finals,30,C,5,2.9072579360183415,4.066666666666667e-15,-2.0803710512809004,20.526188193795274,0.5480898404701932,1.6213821967055932,1.2858757393127482
finals,30,C,8,1.6081095698485983,9.643327133358333e-05,-1.045426477629191,12.512549822077878,0.5580184718723762,0.8352757269783033,0.7728338428702952
finals,30,C,10,1.4183596575703221,0.001171406022718575,-0.6768815992970857,9.874660831967004,0.5743702770780856,0.7660885198232189,0.6522711377471033
finals,30,C,15,0.8266670906929559,0.0011678250060377416,-0.5316534789903028,6.5776145222050895,0.5613979848866498,0.4260532482966157,0.4006138423963401
finals,30,C,20,0.6479975097131185,0.00486758437276155,-0.45490052975952333,4.261477101607152,0.5791561712846346,0.3439164058221969,0.3040811038909217
finals,30,C,30,0.4117851874407663,0.013540057465942768,-0.3309399128158835,2.3926401024079724,0.5905751469353484,0.21887985699762844,0.19290533044313793
finals,30,C,40,0.25099402124326314,0.011948352209382125,-0.4227737907415772,1.6514475180385522,0.588832913518052,0.12538616180510895,0.12560785943815425
finals,30,I,5,0.5459411904232978,1.2034076748750518e-17,-2.1423218346340867,5.084882288391654,0.4543031066330815,0.5211699239881028,0.024771266435195012
finals,30,I,8,0.4424103747498077,3.05644364204151e-17,-1.5868692966614255,4.0726856460526415,0.4588581024349287,0.4190673526749953,0.02334302207481241
finals,30,I,10,0.3593999810792146,-1.814429977337568e-16,-1.4124581485009389,3.5524592010502802,0.456255247691016,0.3321712807722903,0.027228700306924283
finals,30,I,15,0.2933488380373789,-6.694089209850063e-16,-1.1676747331665438,2.9692890637911313,0.46416876574307314,0.25641930076069797,0.03692953727668093
finals,30,I,20,0.22587800677310768,-1.5194222422822958e-15,-1.0770313820021002,2.466316561950803,0.46051637279596985,0.19643508819633648,0.02944291857677116
finals,30,I,30,0.18026446235799695,-2.709090083293516e-05,-0.8436308609652223,1.8982053813415687,0.46204869857262815,0.14489714839514978,0.03536731396284713
finals,30,I,40,0.13532220626986172,-1.745367410082084e-15,-0.7277433237771529,1.4644819686422668,0.47021410579345096,0.1042204834444442,0.031101722825417503
finals,31,C,5,3.901811700227272,2.923604962465833e-05,-1.6833685035816501,25.854470007980193,0.5966834592779177,1.4436396907226625,2.4581720095046093
finals,31,C,8,2.9171847746193715,0.0002458593184525667,-1.0681792474503167,19.160315469444456,0.5808984047019312,1.4161854511914602,1.5009993234279113
finals,31,C,10,2.348136703867188,0.0022814997742309083,-0.6665383850158315,15.988333340068204,0.5977120067170445,1.0444295412676436,1.303707162599544
finals,31,C,15,1.642498883207181,0.00548304273731355,-0.7210436429322951,11.063671025200541,0.5777497900923593,0.8101151964807439,0.8323836867264371
finals,31,C,20,1.2742314505491843,0.0060905053116772,-0.7288208231958662,7.877787473916871,0.5716204869857262,0.6206628065189062,0.6535686440302781
finals,31,C,30,0.878616478387995,0.00818173763089555,-0.6800975766843624,5.857867961295677,0.5616498740554157,0.45143556169029425,0.4271809166977007
finals,31,C,40,0.6585746186061836,0.028518291210135587,-0.379879858470482,3.5533005736022054,0.6039672544080604,0.3346831594707362,0.32389145913544753
finals,31,I,5,0.8592720071048194,9.997335740542137e-17,-2.427200001764127,7.1957017449916805,0.45892107472712007,0.8061361173757516,0.05313588972906796
finals,31,I,8,0.6752177647710076,-1.1110223024625157e-16,-1.741548438644228,5.863869859735647,0.4577665827036105,0.6105059006304355,0.06471186414057203
finals,31,I,10,0.6038947899512954,-1.17571870574587e-16,-1.4636934909419355,5.283593713993269,0.461733837111671,0.5241836152921688,0.07971117465912639
finals,31,I,15,0.4630479614866653,-5.314429977337568e-16,-1.3178604867559078,4.198504164927908,0.46603694374475235,0.3881283732786182,0.07491958820804707
finals,31,I,20,0.40704375393568887,-9.805377938258365e-16,-1.1385656255235104,3.662643182783815,0.4687447523089841,0.3428822343112967,0.06416151962439219
finals,31,I,30,0.33200402178294774,-6.760006952510462e-05,-0.8580145595902695,2.8096079714714413,0.47164147774979015,0.2688762092777589,0.06312781250518877
finals,31,I,40,0.2650505568694699,-9.044776491098798e-05,-0.761478216756717,2.2207283467282917,0.4718933669185558,0.2093062593170876,0.05574429755238226
pre_last,0,C,5,24.84015970777231,4.711671072678139,-0.6263084479959757,79.66640573770934,0.746767422334173,15.474848752975308,9.365310954797001
pre_last,0,C,8,17.133502201216427,2.968035861930334,-1.4828664001005447,56.3701594522524,0.7288413098236777,9.101033261415484,8.032468939800946
pre_last,0,C,10,13.457405354796515,2.554622321373129,-0.9135227263616844,52.05682892035342,0.7459277917716206,6.567644875375637,6.889760479420877
pre_last,0,C,15,9.13525038921084,0.9684112544121343,-0.32637479691104715,48.52519439238117,0.7419815281276241,4.029140078899585,5.106110310311255
pre_last,0,C,20,7.66323547073453,0.7307024601726085,-0.38755439407932063,41.652123753880886,0.7401343408900085,3.496483246004297,4.166752224730232
pre_last,0,C,30,6.6157178147219975,0.7533245463347872,-0.1480080634285438,37.12032559348565,0.7678211586901765,3.1816005148334523,3.434117299888545
pre_last,0,C,40,5.762364047249822,0.7098470705901073,-0.14443457328572729,33.999928431925696,0.7782115869017633,3.037825801407688,2.724538245842134
pre_last,0,I,5,3.115350656314948,1.3886513257538962e-15,-1.3608101006879636,19.99270620258555,0.5347607052896726,2.086391970249555,1.0289586860653934
pre_last,0,I,8,1.9538336873022253,1.7117942933975428e-15,-0.9450036968498127,11.055480718135936,0.5315071368597818,1.3779359209043611,0.575897766397864
pre_last,0,I,10,1.6080905869657434,1.6993686684259037e-05,-0.8525496050703029,8.130684889887819,0.5278757346767422,1.195192159891436,0.41289842707430774
pre_last,0,I,15,1.1583500918183725,2.9875624301548898e-05,-0.8722585464231115,4.5811786307403635,0.5258816120906801,0.9432353674444661,0.21511472437390614
pre_last,0,I,20,0.9530014748823047,3.424479637268689e-05,-0.7868394388071567,3.7254434358207154,0.5017632241813602,0.7953574472486619,0.15764402763364288
pre_last,0,I,30,0.8049113174750475,6.195934147194063e-05,-0.41380253531605654,3.1327311174559234,0.5032955499580185,0.6491479142973128,0.15576340317773466
pre_last,0,I,40,0.6767613280465953,0.00014240634355999619,-0.4847866831513277,2.7879783787808257,0.5140008396305625,0.554028877603512,0.12273245044308337
pre_last,1,C,5,25.492861956143862,3.404653694927382,-0.8187936210551439,83.48840600543835,0.7245382031905963,16.631903729365334,8.860958226778529
pre_last,1,C,8,18.070099302860797,1.5392572919675935,-1.4313405832769395,65.86790470990164,0.7119017632241815,11.62369495450675,6.446404348354047
pre_last,1,C,10,14.11840975981112,1.2822824377529405,-0.7869302153977861,58.081534687992416,0.7116078925272882,8.799984061169095,5.318425698642023
pre_last,1,C,15,8.069998744696873,0.9606393027685236,-0.219208127375814,47.29351407013988,0.762951301427372,3.931174327564111,4.138824417132763
pre_last,1,C,20,5.880108414020547,0.5733115627572349,-0.3336378008365984,38.60808490487679,0.7118597816960539,2.6753507919207875,3.2047576220997596
pre_last,1,C,30,4.55936194348044,0.5407444720507684,-0.11905374391035237,29.595134210892756,0.7615449202350967,2.2689223894796227,2.290439554000818
pre_last,1,C,40,3.7592757895433246,0.49252545694721656,-0.1310674501040344,21.494313958904847,0.7549328295549959,1.8730869196976212,1.8861888698457037
pre_last,1,I,5,2.612840772597607,1.042258820088288e-15,-1.12912122016319,16.59674561489005,0.5281905961376994,1.825410346944871,0.7874304256527357
pre_last,1,I,8,1.6240503828710229,1.2886646470511855e-15,-0.9320139267259093,9.110560697659487,0.5244962216624685,1.2083367279971817,0.4157136548738412
pre_last,1,I,10,1.3230736234933431,1.2127794250891991e-15,-0.9142037882183369,6.545586064374808,0.5193954659949622,1.035262048789732,0.28781157470361135
pre_last,1,I,15,0.9509763003293621,1.408146835171283e-15,-0.9222353137440222,3.6381309991527315,0.5116288832913518,0.8062766747887513,0.14469962554061083
pre_last,1,I,20,0.8315388652107155,3.0457264408011423e-16,-0.6863859239289768,3.1975194996638736,0.4858732157850546,0.7007617289169368,0.13077713629377888
pre_last,1,I,30,0.7096150420567232,1.9391720741806377e-05,-0.35936950765746584,2.9626242514249053,0.49895046179680946,0.5651099750777919,0.1445050669789313
pre_last,1,I,40,0.5783069844126959,7.822877467661565e-05,-0.4281402770926098,2.7163852049865738,0.511502938706969,0.4538467524128657,0.12446023199983021
pre_last,2,C,5,19.60488517528189,2.0065064307024016,-1.235505457627771,74.59050534294929,0.6969353484466836,12.351550435770143,7.253334739511749
pre_last,2,C,8,13.176722882242114,1.062163205685447,-1.3583581966950646,48.32511360395212,0.6971872376154493,7.410693785332711,5.766029096909404
pre_last,2,C,10,11.078769037910261,1.0502176293691339,-0.6588861359013207,43.28056862711219,0.7192695214105795,6.447244354681148,4.631524683229113
pre_last,2,C,15,7.554225840665542,0.6998115326033311,-0.3899082071609451,43.60268505654406,0.7414987405541563,3.8580315629988005,3.6961942776667427
pre_last,2,C,20,5.152050621679845,0.5456705444807463,-0.37074662653321,35.54622837434326,0.707388748950462,2.241819788239738,2.9102308334401075
pre_last,2,C,30,4.16538212231445,0.48444345000727396,-0.17702186838385098,26.359478411308995,0.7520570948782537,1.9189390631627865,2.2464430591516638
pre_last,2,C,40,3.4175631660541095,0.44889692604070036,-0.14870810833523274,19.303119377465467,0.7548908480268682,1.6063313755818789,1.8112317904722308
pre_last,2,I,5,2.3282395691593907,9.311565898420365e-16,-1.183864119180727,14.318699391646032,0.5252099076406381,1.6929265868780576,0.6353129822813329
pre_last,2,I,8,1.357422576875279,1.056203214382549e-15,-0.9293854340705985,7.625960597575726,0.5207178841309823,1.0231196119220507,0.3343029649532282
pre_last,2,I,10,1.1383768095690316,8.979098449410838e-16,-0.9026489760376933,5.540996409925233,0.5112300587741394,0.9015631368998048,0.2368136726692269
pre_last,2,I,15,0.8366052159782751,8.516638735456581e-16,-0.9328323331909263,3.769337545448061,0.5030856423173804,0.7031081742200649,0.13349704175821003
pre_last,2,I,20,0.769970787023531,3.360223024625157e-16,-0.610241013372826,3.4991562466707835,0.4913518052057095,0.6237734417670988,0.14619734525643216
pre_last,2,I,30,0.6662390487475084,1.3085457803024003e-05,-0.34343241546333475,2.9291247612805824,0.5055625524769102,0.5219947436950003,0.14424430505250807
pre_last,2,I,40,0.5549241162753564,0.00016439199355642027,-0.39542369264309013,2.6774724190149115,0.5144836272040302,0.42835277746275874,0.12657133881259755
pre_last,3,C,5,19.094848317401077,2.0644545454321324,-0.9738127154823849,75.97107161322901,0.7099286314021832,11.936235446167508,7.158612871233568
pre_last,3,C,8,11.856245123348518,0.8667310656279273,-1.2378638540890345,51.78678031546259,0.7066540722082285,6.474196696781801,5.382048426566717
pre_last,3,C,10,9.780821004184675,0.8614595149842071,-0.5401300781276224,41.94907204171572,0.7257346767422336,5.53360133825136,4.247219665933316
pre_last,3,C,15,7.114829349129381,0.797869456263499,-0.2969672903913724,35.37438651779103,0.7244332493702772,3.7579444466811487,3.356884902448232
pre_last,3,C,20,4.818084387641035,0.5059693532991216,-0.36686042596411017,29.877777624725173,0.719206549118388,2.0658674190979425,2.752216968543092
pre_last,3,C,30,3.8373579180211435,0.4799202169466024,-0.19817881599022824,24.134997692033014,0.7432409739714527,1.631271970540876,2.206085947480268
pre_last,3,C,40,3.0907949683278972,0.4855357016824074,-0.1435896608334595,19.231302856566156,0.7506926952141059,1.3345661108462674,1.7562288574816298
pre_last,3,I,5,2.0848100863971815,8.66346955531723e-16,-1.2757073674877046,12.461032620051206,0.5200671704450042,1.5541320333026831,0.5306780530944986
pre_last,3,I,8,1.3094935763095705,1.01731876592609e-15,-0.9084582277118147,7.406408957165136,0.5167086481947943,0.967917660464954,0.34157591584461644
pre_last,3,I,10,1.1014542731244432,1.1876861760081738e-15,-0.7949104564263204,5.902366422063063,0.5180100755667507,0.8234444411115328,0.27800983201291046
pre_last,3,I,15,0.7915019012650064,7.998534657298175e-16,-0.8824483324092401,4.381645613483857,0.5004408060453401,0.6305721393347217,0.1609297619302848
pre_last,3,I,20,0.7026176415908513,5.490015470110545e-16,-0.5886869717354192,4.036036053185337,0.49145675902602864,0.542650296030337,0.15996734556051423
pre_last,3,I,30,0.5725094470287218,3.924695120098969e-06,-0.3888280495618189,3.3338163032909716,0.5017632241813603,0.41856329646407975,0.1539461505646421
pre_last,3,I,40,0.49021998125300603,0.00018186746887205178,-0.4221095922602026,3.076415326172357,0.5173593618807725,0.3567828722662004,0.1334371089868056
pre_last,4,C,5,13.799335304169356,1.3272126218772928,-1.202119630393951,70.9280563307911,0.6986356003358523,7.07315847494622,6.726176829223136
pre_last,4,C,8,9.81931469696328,0.8513384029716492,-0.8136416192051421,41.4847125916258,0.6979429051217466,5.009665104040688,4.809649592922592
pre_last,4,C,10,8.638331453607703,1.0638908453429596,-0.3711931361081088,34.08837918650095,0.7383081444164569,4.544062271789043,4.094269181818661
pre_last,4,C,15,6.5851795609198716,0.6800413469849028,-0.3207599155150059,30.238469328718296,0.7281905961376995,3.3126494976945096,3.2725300632253624
pre_last,4,C,20,4.7727164153557995,0.48202471553780685,-0.24497918668309993,26.18662333899714,0.724223341729639,2.031530034311674,2.7411863810441255
pre_last,4,C,30,3.5331399932431133,0.48773870365735805,-0.20330176733850266,22.66745302688032,0.7240554156171286,1.4375562054489683,2.0955837877941454
pre_last,4,C,40,2.8191120502242746,0.4593818940688684,-0.21483834834945997,16.7849857361626,0.7354114189756509,1.0791664318105219,1.7399456184137523
pre_last,4,I,5,1.9616922432993034,8.09930600392545e-16,-1.2131653702757264,12.142276025353032,0.5157640638119229,1.4368825456087382,0.5248096976905653
pre_last,4,I,8,1.2583012874491035,1.103474281361499e-15,-0.9431760298906364,7.270349281427055,0.5169395465994963,0.9279752278315417,0.33032605961756184
pre_last,4,I,10,1.05217317215788,1.4710727945306644e-15,-0.846501284797524,6.175249675679667,0.520214105793451,0.7762957729349428,0.2758773992229372
pre_last,4,I,15,0.7846250780869125,8.581867990631509e-16,-0.8481259080029024,5.082270438283596,0.50379932829555,0.5997695083819321,0.18485556970498035
pre_last,4,I,20,0.6821762551581938,7.674786214935618e-16,-0.6067159879305632,4.474958648798449,0.49720822837951306,0.5052150072055753,0.17696124795261842
pre_last,4,I,30,0.5642353594901017,3.3621046731002655e-05,-0.4035829298230132,3.687882106661076,0.5120277078085642,0.3977236239163187,0.16651173557378296
pre_last,4,I,40,0.476272032180807,0.0003538657807718768,-0.44777795640042467,3.4027812567493014,0.5220403022670026,0.3367636998180078,0.13950833236279908
pre_last,5,C,5,13.803676230393366,1.3001488901808147,-1.7932865488196716,83.27157563802373,0.6852015113350127,6.7704041475876515,7.0332720828057145
pre_last,5,C,8,9.13065601976917,0.8608095400126498,-1.1524644276523912,42.19985753778821,0.7063811922753991,4.585814584988113,4.544841434781058
pre_last,5,C,10,8.07933867112821,1.0861797094946857,-0.3209027056566997,38.3967311350169,0.7324727120067173,3.9988352708178896,4.080503400310322
pre_last,5,C,15,6.252590145224179,0.6773594322715053,-0.30627352793752805,33.05117018325982,0.71431570109152,3.070929394510186,3.1816607507139936
pre_last,5,C,20,4.759417203873681,0.45602356042283865,-0.41579152585659146,23.672220844477724,0.7155961376994124,2.1056418639003014,2.653775339973379
pre_last,5,C,30,3.3350521674712943,0.5342597923577082,-0.32777849555400673,18.717703651243447,0.7251889168765744,1.2360335112409033,2.0990186562303905
pre_last,5,C,40,2.7130483770504883,0.543535714397069,-0.1632424351403007,15.165588621506211,0.7594878253568431,0.9334626481753915,1.7795857288750967
pre_last,5,I,5,2.027172650445747,8.672921233315113e-16,-1.1948990930930878,12.26640236045713,0.514735516372796,1.4898947394852118,0.5372779109605353
pre_last,5,I,8,1.2468719925081049,1.2535009239560773e-15,-0.8737912136183382,7.73251103267149,0.5209697732997481,0.8745472816681061,0.37232471083999863
pre_last,5,I,10,1.0387367902940272,1.281283142166285e-15,-0.8436697131217056,6.579802880793466,0.5164357682619648,0.7364530441801883,0.302283746113839
pre_last,5,I,15,0.763147797875648,1.2267304800321047e-15,-0.8498484070502486,5.400267510375735,0.5057094878253569,0.5595572705631046,0.2035905273125434
pre_last,5,I,20,0.6733341005959199,2.7929421155383256e-05,-0.58511342813377,4.7212966571295905,0.5008186397984887,0.4789032409657941,0.19443085963012582
pre_last,5,I,30,0.5743791320376574,0.00016381949405363605,-0.4008499066137322,4.075084449939252,0.5173173803526449,0.38410193384552777,0.19027719819212968
pre_last,5,I,40,0.4838858149428256,0.0005017930885958639,-0.4665862062175922,3.6314351868076167,0.5254827875734677,0.32730268859600137,0.1565831263468242
pre_last,6,C,5,13.220217493828393,1.423256043167107,-1.195704506051533,71.04903709313884,0.6967674223341731,6.823090079761899,6.397127414066494
pre_last,6,C,8,9.200271591750395,1.0976838923135122,-0.7205191407979028,45.63309161326807,0.7100965575146937,4.345164188156537,4.855107403593856
pre_last,6,C,10,7.7305263754861455,1.1886491000842334,-0.28869532080445465,34.70900472825572,0.7307724601175484,3.6386024902854355,4.09192388520071
pre_last,6,C,15,5.5739753881804415,0.6743709159618082,-0.484261175562029,27.33017050609793,0.7155541561712848,2.6669990671980868,2.9069763209823547
pre_last,6,C,20,4.6748555643578955,0.5815099620932547,-0.4346511018646242,21.625942767659556,0.7117548278757349,2.1422787204574454,2.53257684390045
pre_last,6,C,30,3.352469159964513,0.6235446172303496,-0.1892660656926397,15.907476441453564,0.7500629722921915,1.193840263320399,2.1586288966441134
pre_last,6,C,40,2.6159501298302823,0.533835819491986,-0.2131411446494994,14.495385496475759,0.7469563392107474,0.8482177254646373,1.7677324043656455
pre_last,6,I,5,1.9135939945103912,8.895232264185931e-16,-1.2991568866086254,13.207086094173631,0.5139378673383712,1.3184259052145326,0.5951680892958585
pre_last,6,I,8,1.2808689384432084,1.5516372309510795e-15,-0.8353990232233699,8.655297376468768,0.5247900923593619,0.8524063713332701,0.42846256710993835
pre_last,6,I,10,1.0801213667698186,1.564643118094197e-15,-0.804470878152334,7.452768607577758,0.5215785054575987,0.7304697731139184,0.34965159365590015
pre_last,6,I,15,0.8123625609135998,2.4234938258889672e-05,-0.7822328956197739,5.900072653072863,0.5152392947103275,0.5728915711212145,0.23947098979238537
pre_last,6,I,20,0.7086432195139994,9.293342606998084e-06,-0.5948336913439137,5.295053904519052,0.5075986565910999,0.48876498862678286,0.21987823088721653
pre_last,6,I,30,0.59491293931713,9.74766097989018e-05,-0.4276397066068312,4.369781351233602,0.520654911838791,0.3867887677641311,0.20812417155299887
pre_last,6,I,40,0.5014786395031233,0.0013361123775736492,-0.45098524361363945,3.748888605608999,0.5334592779177162,0.3251230939283993,0.17635554557472405
pre_last,7,C,5,10.983089988098907,1.027224690206348,-2.2983829569092675,57.82237481630425,0.68639798488665,4.988781765121152,5.994308222977756
pre_last,7,C,8,8.403507529481177,1.381336166355834,-0.624428141371864,38.18023632999991,0.7055205709487827,3.797556410564056,4.60595111891712
pre_last,7,C,10,6.817436695166643,1.3712554792942595,-0.323780833243786,30.436626432098084,0.737405541561713,3.001031892472135,3.816404802694508
pre_last,7,C,15,4.821536151287687,0.8459844141366257,-0.47000925658629367,22.273755867864214,0.724349286314022,1.9746277268892756,2.8469084243984115
pre_last,7,C,20,4.37144442670182,0.7689153823326131,-0.5060945384007132,19.02527181835345,0.7408270361041144,1.8353677993734947,2.5360766273283257
pre_last,7,C,30,3.22953851997421,0.7231104165748456,-0.33775505764233865,14.763987992754842,0.7475020990764065,1.1313013308487052,2.0982371891255043
pre_last,7,C,40,2.6326847180996182,0.6381227336087634,-0.21141800999278804,13.059063489449747,0.7527497900923594,0.8682962841892176,1.7643884339104008
pre_last,7,I,5,1.937242210236072,1.043250612428589e-15,-1.2844451529465848,13.659576614213455,0.5168136020151134,1.2694140502735636,0.6678281599625084
pre_last,7,I,8,1.3462585068680437,1.7535675304425242e-15,-0.9158921310373144,9.323040557308497,0.5263014273719563,0.8794590406158274,0.4667994662522165
pre_last,7,I,10,1.1437874450976726,1.942451978898983e-15,-0.859424757057995,7.889195455820851,0.5235726280436608,0.7535448754263527,0.39024256967132004
pre_last,7,I,15,0.8708265677419927,3.681000987003877e-05,-0.822115053286663,6.462696695064588,0.5125524769101596,0.597399865733683,0.2734267020083097
pre_last,7,I,20,0.7576966537543863,1.3129760744191614e-05,-0.5877812605578459,5.713532667665331,0.5124055415617128,0.5071373688574854,0.2505592848969009
pre_last,7,I,30,0.6238178596645015,0.0002966159536920907,-0.4479001531709525,4.519488592405083,0.5255457598656591,0.3974293259439563,0.2263885337205452
pre_last,7,I,40,0.5159797707494964,0.0020063608595283426,-0.4557911087238775,3.7605930866474773,0.5413518052057095,0.33082197585259787,0.18515779489689843
pre_last,8,C,5,11.790738082844378,1.5400074144002054,-1.921150662307327,58.55043278924508,0.6965365239294712,5.447544057068522,6.343194025775857
pre_last,8,C,8,9.285553608175471,1.7434597227927378,-0.6416753373346011,34.84259395352004,0.7066540722082285,4.665392540946934,4.620161067228539
pre_last,8,C,10,8.094731719381484,1.5993925938610303,-0.5337207944285326,27.614048751918837,0.725797649034425,4.043492393826179,4.051239325555304
pre_last,8,C,15,5.712333400020672,0.9438975564169787,-0.37775759154965516,21.29381698167259,0.7250419815281277,2.816689954813641,2.8956434452070314
pre_last,8,C,20,4.449131915814032,0.8529733740222085,-0.4112446554524478,18.142512246787074,0.7214945424013435,1.839331908548796,2.6098000072652363
pre_last,8,C,30,3.2614487841896396,0.6351594464044994,-0.32192786595838024,14.671549093750206,0.7382661628883292,1.1543990648774727,2.107049719312167
pre_last,8,C,40,2.6163671190986575,0.6844774129101325,-0.13329374963238289,13.128051871815877,0.7825356842989085,0.8289140154398698,1.7874531036587877
pre_last,8,I,5,1.9363584078196032,1.1599306003925449e-15,-1.4216198966888227,13.707318220997143,0.5198572628043661,1.2483278211434,0.688030586676203
pre_last,8,I,8,1.4588896209517987,2.0721245327087675e-15,-0.9180761941729851,10.184317865516967,0.5305835432409739,0.9301907711546754,0.5286988497971234
pre_last,8,I,10,1.2501069513790095,2.4961926862062685e-15,-0.8284896079636376,8.908140100464255,0.5291981528127624,0.8043749067744355,0.44573204460457416
pre_last,8,I,15,0.9681917195871469,0.0001462970391733416,-0.8170358188196486,7.280995806743803,0.524664147774979,0.6542578301502638,0.31393388943688316
pre_last,8,I,20,0.8329820113169183,6.191231158459435e-05,-0.6125402642872567,6.117652884965827,0.5180310663308145,0.5489315864517,0.2840504248652183
pre_last,8,I,30,0.6647596281142432,0.0007619426981662519,-0.45883897985156347,4.694171250536815,0.5279177162048698,0.42005076894448534,0.2447088591697578
pre_last,8,I,40,0.563298899410894,0.002534280484840091,-0.4452761752365148,4.011801730862054,0.544983207388749,0.35541242278492574,0.20788647662596813
pre_last,9,C,5,10.184507235072152,1.5940130720951744,-2.106292598815369,56.225203576577925,0.6971452560873217,4.179917971842532,6.0045892632296205
pre_last,9,C,8,8.483822315254141,1.878658665737715,-0.632939638111754,35.41894446898604,0.7157640638119229,3.7280389894501265,4.755783325804016
pre_last,9,C,10,7.123984170008754,1.5302960026852248,-0.4026835707316192,28.099654704885907,0.7396515533165409,2.998659137510103,4.125325032498651
pre_last,9,C,15,5.189206335871031,0.87923249821188,-0.44710633020182367,22.26927537476935,0.7192275398824519,2.2774348968109663,2.911771439060065
pre_last,9,C,20,4.213977778757825,0.8306174959911267,-0.378033609955147,17.763680518245728,0.732388748950462,1.6875073060986991,2.526470472659126
pre_last,9,C,30,3.2214585594462766,0.6607234104405519,-0.2786327243468855,14.333722855962472,0.7326406381192277,1.135699113561038,2.085759445885239
pre_last,9,C,40,2.5846887381865113,0.6797048952866956,-0.15544765678953432,12.412265728694196,0.7676322418136021,0.8241470526635905,1.7605416855229206
pre_last,9,I,5,2.096662909253845,1.1784742813614988e-15,-1.4226350251659303,14.833854330391665,0.5183669185558355,1.3782204423720161,0.7184424668818289
pre_last,9,I,8,1.5778477349701374,2.1933971466987716e-15,-0.9257798966419251,11.163074901360735,0.5312762384550798,1.0139599270918616,0.5638878078782756
pre_last,9,I,10,1.3252422290131947,7.729661772241588e-06,-0.8575432747706514,9.70565849728504,0.5342779177162048,0.8527344877580149,0.47250774125517986
pre_last,9,I,15,1.0132340996788687,3.7674120838924945e-05,-0.793859111070123,7.6605681907297845,0.5289462636439967,0.675644104526733,0.33758999515213567
pre_last,9,I,20,0.8588252654224061,5.7669055606711984e-05,-0.6109224791790645,6.300786470025468,0.5203190596137699,0.5600024526322236,0.29882281279018275
pre_last,9,I,30,0.6904645055756725,0.0008456956246257816,-0.4848158320229767,4.870014934321432,0.53392107472712,0.4373542379105124,0.2531102676651601
pre_last,9,I,40,0.5867895666995147,0.0028766136313702383,-0.42858847716173193,4.199127471492226,0.5450251889168766,0.36665421038710694,0.22013535631240766
pre_last,10,C,5,10.247792749176666,1.748566922372236,-1.213468569489428,49.21373227425601,0.7240973971452561,4.143950831264726,6.103841917911941
pre_last,10,C,8,7.9708580306825265,1.7999998075477122,-0.8626903016680839,32.5651652577854,0.7382451721242654,3.2089094463319445,4.7619485843505815
pre_last,10,C,10,6.770167384951772,1.6299976380565293,-0.43221164167489123,26.018549428609074,0.7364189756507139,2.6364902294544006,4.133677155497371
pre_last,10,C,15,5.136327455337988,1.0316394658168948,-0.48816157760719947,21.605607392047027,0.7301427371956339,2.0995764095036127,3.0367510458343756
pre_last,10,C,20,4.070463831417835,0.9988258021715821,-0.4372583730413959,17.588003968428872,0.72791771620487,1.6059655650804447,2.4644982663373907
pre_last,10,C,30,3.233081814597614,0.7862608117794946,-0.29903481897266077,13.957481561299465,0.7546179680940387,1.1612556779140004,2.071826136683614
pre_last,10,C,40,2.6613239113945903,0.7413512655733238,-0.18629011032640308,11.810112257795117,0.773782535684299,0.8606735646436273,1.8006503467509634
pre_last,10,I,5,2.2490537165341835,1.4322482919120072e-15,-1.4735673666457099,16.129079918843654,0.5234047019311503,1.4335687846802794,0.8154849318539039
pre_last,10,I,8,1.6533460976788201,2.149866787027107e-15,-0.9924720542525627,12.07545655077781,0.5292611251049538,1.0688384335638275,0.5845076641149926
pre_last,10,I,10,1.416367491915987,2.560090455960017e-15,-0.89257510128039,10.426674400834603,0.5293870696893367,0.921432510499874,0.494934981416113
pre_last,10,I,15,1.0516722874499214,0.00015968750345376662,-0.840027021745783,8.056151731674856,0.5295549958018472,0.6981375345153613,0.35353475293455994
pre_last,10,I,20,0.8759873924606107,3.200764833504066e-05,-0.6855509425171745,6.621403659479484,0.5219143576826196,0.5664265046430609,0.3095608878175501
pre_last,10,I,30,0.7152371014648221,0.0013558030227914426,-0.4626864754595828,5.035863788423342,0.5363979848866499,0.4471750721344088,0.26806202933041334
pre_last,10,I,40,0.6133912544149774,0.003629757023548024,-0.43148719894693505,4.304010965331234,0.5502938706968934,0.38284415830393215,0.2305470961110452
pre_last,11,C,5,10.285389303800867,2.2610134579269703,-2.148220653743417,47.05530445794208,0.7208018471872377,3.9820523260259,6.303336977774969
pre_last,11,C,8,8.084465830906241,2.298096798075787,-0.6025718575197225,31.917880888147515,0.7516372795969775,3.1913003104780615,4.89316552042818
pre_last,11,C,10,7.303776455468906,1.732615286382481,-0.4886188830159889,26.94192588277892,0.7388119227539884,3.0634540415205276,4.240322413948379
pre_last,11,C,15,5.30052391749886,1.269526462504221,-0.32717600154650145,23.69261347145888,0.7632031905961377,2.0753041258442044,3.225219791654655
pre_last,11,C,20,4.370767232508568,1.118398029981642,-0.291531684802387,18.076914256241132,0.7493282955499582,1.6906638977846076,2.6801033347239596
pre_last,11,C,30,3.3976521233728914,0.9397676172199383,-0.23104358982486023,13.77328681074312,0.7524559193954661,1.151098978300939,2.2465531450719523
pre_last,11,C,40,2.7655202195731814,0.7774242311683385,-0.15586883947519312,12.635717090899842,0.7870906801007558,0.8840952635171333,1.881424956056048
pre_last,11,I,5,2.3442931368792514,1.5099972068789915e-15,-1.449771322522383,17.261841867431755,0.5242653232577665,1.46144040884073,0.8828527280385218
pre_last,11,I,8,1.692113356685443,2.602702290426472e-15,-0.9978555759145132,12.608824593765576,0.5344038623005878,1.055732581110915,0.636380775574528
pre_last,11,I,10,1.44994803559047,3.09714682583509e-06,-0.8827106106994805,10.602851734060078,0.5330184718723762,0.918967271068717,0.5309807645217529
pre_last,11,I,15,1.081923698156715,1.2893089907545527e-06,-0.861594496314869,8.423405570351928,0.5240344248530646,0.7047812830988338,0.3771424150578814
pre_last,11,I,20,0.9108507855974964,0.00023463765778361569,-0.706572137079546,6.956600961166144,0.5289462636439967,0.5779196144318581,0.3329311711656383
pre_last,11,I,30,0.7492600608544742,0.0025104886255289593,-0.4909100102373439,5.171301846131899,0.5411418975650714,0.46260628879677684,0.28665377205769726
pre_last,11,I,40,0.6296868754532124,0.00439702921884674,-0.45425663667269445,4.3476485324940635,0.5525608732157851,0.3916918502403079,0.2379950252129047
pre_last,12,C,5,10.26668957258033,2.400597368104013,-2.160675366975544,51.79631125424032,0.7136020151133503,3.894922805450873,6.371766767129457
pre_last,12,C,8,7.375850332864257,2.3204501584935904,-0.5375262138514517,30.786315500925536,0.7653652392947105,2.5151482644385426,4.860702068425714
pre_last,12,C,10,7.178050388200011,2.12074973475087,-0.3967782644103988,32.74859136953043,0.7297439126784215,2.6395074786199513,4.53854290958006
pre_last,12,C,15,5.091781194861328,1.4874057913188983,-0.3730616065887664,24.387997330636967,0.7642107472712006,1.8824145481723076,3.2093666466890203
pre_last,12,C,20,4.248284054700329,1.1367849726019492,-0.3534120600524797,20.62090079977616,0.7332493702770783,1.5365829574996845,2.7117010972006437
pre_last,12,C,30,3.400660243160327,1.0107486062088105,-0.2280593145308417,15.371529012925919,0.7675272879932832,1.1235120017282625,2.2771482414320645
pre_last,12,C,40,2.8498008644692434,0.8493986834422882,-0.1617508958056869,13.180221836853683,0.7726280436607894,0.9076582520468267,1.9421426124224166
pre_last,12,I,5,2.360514794023006,1.5905749645966959e-15,-1.5968679395605827,17.654045238140213,0.5244962216624686,1.4500551430489976,0.9104596509740086
pre_last,12,I,8,1.6642094007769188,2.477675647831893e-15,-1.0912137722188477,12.495593556611318,0.530919395465995,0.9920623293516431,0.6721470714252759
pre_last,12,I,10,1.437865530711805,2.1769613879266615e-05,-0.9518774201188106,10.798684702350348,0.5339630562552478,0.8962102816786259,0.5416552490331789
pre_last,12,I,15,1.0723597187659233,0.00010645082992755642,-0.8738080383414367,8.379125410006582,0.5263224181360202,0.6928547010576295,0.379505017708294
pre_last,12,I,20,0.9152953339272034,0.0002687589583770935,-0.7257462066609826,6.8248403044419685,0.5327665827036104,0.5807265957517571,0.33456873817544636
pre_last,12,I,30,0.7566329460140586,0.0017770023393027434,-0.5144602155787088,5.114849119797776,0.5408270361041142,0.47175395410490334,0.28487899190915533
pre_last,12,I,40,0.652295568696344,0.005507273765728882,-0.44475696457021147,4.420574672825924,0.5544290512174643,0.40754040265300273,0.24475516604334127
pre_last,13,C,5,10.971314452406451,2.487946959373445,-1.6560456599168787,48.406943288746234,0.7329764903442487,4.424481009177774,6.546833443228676
pre_last,13,C,8,7.805257434556391,2.263843514020823,-0.5415309107594002,31.727514816782694,0.7541561712846349,2.8635606037074988,4.941696830848892
pre_last,13,C,10,7.235171766326704,2.242460656029771,-0.7652646999238084,34.94598241907702,0.7394836272040304,2.7861763652845064,4.448995401042198
pre_last,13,C,15,5.396363219527726,1.5916678307404777,-0.29043564447281217,28.251361441611216,0.7629303106633082,2.026666054294812,3.3696971652329135
pre_last,13,C,20,4.382931291954494,1.193005867426543,-0.3564751445834183,22.29939775301092,0.7506087321578506,1.6693843225855483,2.7135469693689447
pre_last,13,C,30,3.5111325635896944,1.0518204679906453,-0.18656598730445803,16.63960756717129,0.7612090680100757,1.1719388741118495,2.339193689477845
pre_last,13,C,40,2.946576051358494,0.9386589378233228,-0.12205709383256846,13.76198285297051,0.7812972292191437,0.9104529460968982,2.0361231052615962
pre_last,13,I,5,2.5282591970799047,1.4535408878479454e-15,-1.5201581978005592,17.675167524837587,0.5225230898404702,1.5834397741827526,0.944819422897152
pre_last,13,I,8,1.693098864343704,2.4610223024625156e-15,-1.1430565970131166,12.333461072097322,0.5289252728799329,1.0070342845654474,0.6860645797782564
pre_last,13,I,10,1.4005047698738469,0.00011883729744394532,-1.052883161461996,10.425042351693937,0.5329974811083124,0.8421722941769745,0.5583324756968724
pre_last,13,I,15,1.0930464681135128,0.0001889179537953083,-0.8968516644289913,8.348014231626461,0.531255247691016,0.6981306321048382,0.3949158360086747
pre_last,13,I,20,0.9528802040673447,0.0004146285226558796,-0.7343373976048556,6.938103662714097,0.532367758186398,0.6153244332753397,0.3375557707920051
pre_last,13,I,30,0.7892845187135014,0.002543880986269208,-0.5540376551926052,5.408401783944882,0.5437867338371116,0.4958778393588149,0.2934066793546865
pre_last,13,I,40,0.6818490481740773,0.005543937145023523,-0.4641928125314382,4.596242004218334,0.555919395465995,0.42760872931231925,0.25424031886175796
pre_last,14,C,5,11.53621182119317,2.876357065438083,-1.9277532670280242,48.22828297841606,0.7216204869857265,5.204118243747146,6.332093577446023
pre_last,14,C,8,8.379634835458027,2.568098604394239,-0.6635831339225055,34.060085351393234,0.7529806884970613,3.4625086442078,4.917126191250228
pre_last,14,C,10,7.221509178446814,2.120957315531917,-0.9867340731683029,33.50835478078328,0.7392317380352647,3.032631235487853,4.188877942958961
pre_last,14,C,15,5.459823658502627,1.4822957740995688,-0.30829570806975376,27.613716580520585,0.7800587741393787,2.2155552965764285,3.244268361926198
pre_last,14,C,20,4.390515858148471,1.3700130992797825,-0.2860212239008278,20.82855971070496,0.7611460957178842,1.617640228763169,2.7728756293853016
pre_last,14,C,30,3.5429858498043396,1.1913536245131566,-0.15974855178502106,15.082222375684138,0.785264483627204,1.155643420705468,2.387342429098872
pre_last,14,C,40,3.055057859489959,1.051169769239746,-0.12625248856763163,13.977515726736602,0.8048908480268683,0.9729876283244517,2.0820702311655075
pre_last,14,I,5,2.3850508645086657,1.7646564393914863e-15,-1.608274409224005,16.905747044013125,0.526679261125105,1.489746559997066,0.8953043045115996
pre_last,14,I,8,1.6561086788882542,2.5814163551391782e-15,-1.1512096921102746,11.645665721232946,0.5295549958018472,0.9740337096169539,0.6820749692713003
pre_last,14,I,10,1.3846620254423108,2.407907833911664e-05,-1.095609675473962,10.17732740338665,0.5312132661628882,0.8354406244751165,0.5492214009671944
pre_last,14,I,15,1.0689055376465655,0.00014489505152346852,-0.9720017221983478,8.127952718745563,0.5337321578505457,0.6820482935202539,0.38685724412631156
pre_last,14,I,20,0.9351777094603033,0.00046995445870948703,-0.7543322477113384,6.831190277273939,0.531591099916037,0.6059710091322938,0.3292067003280095
pre_last,14,I,30,0.8048252389329338,0.0026129996986652584,-0.5086311007071128,5.468856462559248,0.5476700251889169,0.5024696483399241,0.30235559059300965
pre_last,14,I,40,0.6906055558150452,0.006329781334064366,-0.46812525666660154,4.659659548549458,0.5568849706129304,0.43313278446979975,0.25747277134524565
pre_last,15,C,5,10.751975115553195,3.4551072122693687,-1.6267022935305373,52.27944023845409,0.7205709487825358,3.9846005312919477,6.767374584261247
pre_last,15,C,8,8.280144095301278,2.7125831590216527,-0.534502726538896,37.076770171688985,0.747670025188917,3.2104694654634707,5.069674629837808
pre_last,15,C,10,7.107945049689778,2.31068661321732,-0.6546785724600761,32.04641265675379,0.7336481947942907,2.794524258556659,4.313420791133118
pre_last,15,C,15,5.4267495245018615,1.7457660951768144,-0.17839772399284545,26.058119237904478,0.7855163727959699,2.087771194633853,3.338978329868008
pre_last,15,C,20,4.414733243142542,1.3104232270296887,-0.238801454136868,18.49509424255008,0.7732997481108314,1.5713744141683972,2.843358828974145
pre_last,15,C,30,3.6707787171725936,1.2343849555828117,-0.20117386426556796,15.253319983534022,0.7891267842149455,1.2676765415667606,2.403102175605833
pre_last,15,C,40,3.1477572807370118,1.1321971535973563,-0.1234959900060407,13.541845711944623,0.8057934508816121,1.0314816931112847,2.116275587625727
pre_last,15,I,5,2.3069601187522375,1.6053779382583646e-15,-1.643165042500301,16.057617730631982,0.5224811083123426,1.4183315595186679,0.8886285592335693
pre_last,15,I,8,1.6611340328706357,2.550878561313342e-15,-1.1949235723474283,11.590228131658622,0.5321158690176323,0.9929631454064505,0.6681708874641853
pre_last,15,I,10,1.4108547834423155,1.2218978191415656e-05,-1.0473535046782294,10.104485910914956,0.5287153652392947,0.850498497267037,0.5603562861752786
pre_last,15,I,15,1.0851081034274663,0.0001877989257527046,-0.9575210344292928,8.081914430069864,0.5348446683459277,0.7034200521870843,0.38168805124038213
pre_last,15,I,20,0.933813988264101,0.0002520816679294648,-0.7647637401423996,6.856150881419952,0.5321158690176323,0.6072758143514413,0.3265381739126597
pre_last,15,I,30,0.8033144282291312,0.0023883525657503457,-0.4948868867910538,5.466711098518702,0.5438916876574307,0.5031160099576799,0.3001984182714513
pre_last,15,I,40,0.6976994749723587,0.006922313589678041,-0.45544963430291946,4.7896863543069275,0.5565701091519731,0.4371895745146847,0.2605099004576741
pre_last,16,C,5,11.73091698110111,3.9927811448979043,-1.309307054053572,52.40510379146202,0.7480268681780018,4.757943368802549,6.972973612298561
pre_last,16,C,8,7.575246464655971,3.0969422263046322,-0.6836296061880103,34.49757263349321,0.7470822837951303,2.609908143174961,4.96533832148101
pre_last,16,C,10,6.472011717659521,2.3376560363235437,-0.5396400100644463,28.85465488943445,0.7618807724601177,2.1971122563543974,4.274899461305123
pre_last,16,C,15,5.215973795817806,1.8324491405278853,-0.24289114577415472,23.455925933111452,0.772229219143577,1.8985241304676632,3.3174496653501437
pre_last,16,C,20,4.736451773157283,1.5058748684732166,-0.16948556095331802,21.061563344419163,0.7985726280436609,1.7368745284819478,2.999577244675335
pre_last,16,C,30,3.7542890702345253,1.4090346202130368,-0.12040799729057718,15.113724890678432,0.7977749790092361,1.2126173920625747,2.5416716781719506
pre_last,16,C,40,3.117831354771815,1.2686444854337873,-0.10578427347636042,13.575974954541396,0.8134340890008397,0.9192697800533494,2.1985615747184655
pre_last,16,I,5,2.1039529289526717,1.73229491645252e-15,-1.5897302875936041,15.42213260562442,0.5239294710327456,1.2326889415685203,0.8712639873841517
pre_last,16,I,8,1.5996448321185028,2.487885995467514e-15,-1.1123213617214802,11.36156437210579,0.5297229219143577,0.9369107171636661,0.6627341149548367
pre_last,16,I,10,1.384860376334691,2.610090455960017e-15,-1.0279756834583167,9.80697349608469,0.528337531486146,0.8297812175543969,0.5550791587802942
pre_last,16,I,15,1.040342480796853,0.00015372663575299444,-0.8910459108664178,7.665788620059897,0.5296599496221662,0.653413175805862,0.3869293049909912
pre_last,16,I,20,0.8938449027721322,0.0006365772648726816,-0.7783578945761925,6.517165929022427,0.5325146935348447,0.5736035227419969,0.3202413800301356
pre_last,16,I,30,0.7615090243685854,0.002754238274767201,-0.5069627376819121,5.1526703093221,0.5454659949622165,0.48077236794281464,0.2807366564257708
pre_last,16,I,40,0.6551959420406792,0.00576921757232585,-0.4348749761530751,4.342437216650694,0.5581024349286314,0.4087026032771305,0.24649333876354876
pre_last,17,C,5,10.853383691823336,3.909035034318427,-1.0549370313623099,43.90035299241146,0.7360201511335014,3.801499297052344,7.051884394770992
pre_last,17,C,8,7.625935304701896,3.0387429940162307,-0.6714488758116659,35.44372485583304,0.7632661628883294,2.5975438011198473,5.028391503582048
pre_last,17,C,10,6.717850528953409,2.566119651402738,-0.759613413516325,31.94625949718074,0.7525818639798489,2.290492845275364,4.4273576836780455
pre_last,17,C,15,4.999499726820272,1.7378129784874627,-0.2253271024058908,22.375581407305315,0.7779177162048699,1.7632918796950583,3.236207847125213
pre_last,17,C,20,4.505280977681463,1.459633664022779,-0.23914934674745145,20.1194140214324,0.7805205709487827,1.49336997662724,3.0119110010542225
pre_last,17,C,30,3.700863447519093,1.4462265396209792,-0.1444751562916092,15.096084662954665,0.7950251889168768,1.1861738674836377,2.514689580035456
pre_last,17,C,40,3.1163945851438872,1.2734116158030204,-0.07626176111273085,13.478171465637242,0.8134760705289673,0.9345831573075091,2.181811427836378
pre_last,17,I,5,2.207321901348854,1.6461660436116898e-15,-1.4903025328905022,15.27502366209509,0.5239084802686818,1.3854151354235442,0.8219067659253098
pre_last,17,I,8,1.5725394526510768,2.401770443923973e-15,-1.172477835528466,11.10374270428766,0.5297649034424853,0.9179947303264491,0.6545447223246277
pre_last,17,I,10,1.353191138886804,2.6656548923804317e-15,-1.0248358658699621,9.752415598149122,0.5263643996641478,0.7982759240091235,0.5549152148776808
pre_last,17,I,15,1.0091230756422576,3.2544880145256446e-05,-0.9135193243053937,7.599419632458943,0.5297019311502938,0.6317810022868428,0.37734207335541475
pre_last,17,I,20,0.8789377459141937,0.0003685264177049898,-0.7785934813265663,6.5038602330301245,0.5274979009235936,0.5640779871753155,0.3148597587388783
pre_last,17,I,30,0.7452422642506448,0.0018147169582422363,-0.5212917318521245,5.036404149424521,0.5438287153652392,0.467578809414735,0.2776634548359098
pre_last,17,I,40,0.6325073254339019,0.005822886674751589,-0.4341954610347055,4.272516088214587,0.5537363560033586,0.3944667342678185,0.23804059116608328
pre_last,18,C,5,11.124688776076782,4.922747803290795,-0.5364332770107969,48.31975910757915,0.7757346767422336,3.5977494645006987,7.526939311576084
pre_last,18,C,8,7.775690957288532,3.4806831493410124,-0.7596417701842602,36.91767075267764,0.766204869857263,2.6648643528170393,5.110826604471494
pre_last,18,C,10,6.6618897668933545,3.024578872664129,-0.4894400721566357,32.53899729555006,0.7638539042821161,2.306127162628549,4.3557626042648065
pre_last,18,C,15,4.926029493886868,1.6982212819422948,-0.3096633066044319,22.825230717685074,0.7809613769941227,1.7407854980485975,3.185243995838271
pre_last,18,C,20,4.347159396637568,1.4994174948774783,-0.19543425076562645,19.41690290045979,0.7899454240134341,1.4262664064992954,2.920892990138272
pre_last,18,C,30,3.6424773475113974,1.5354179226637823,-0.09541119825222431,14.687511742553353,0.8090680100755668,1.1234941251101949,2.5189832224012028
pre_last,18,C,40,3.0486265207975243,1.297291289103402,-0.09905678677791545,13.15354605331497,0.8140428211586902,0.9016279545872598,2.1469985662102644
pre_last,18,I,5,2.0481602216348294,1.6470579262223208e-15,-1.6452098357792353,14.84295145213252,0.5242653232577665,1.2602679731088027,0.787892248526027
pre_last,18,I,8,1.5108334353218886,2.3082534055495976e-15,-1.1782841822393344,11.003018949753749,0.5298908480268681,0.8904745663117367,0.6203588690101518
pre_last,18,I,10,1.29250156404293,2.546219328800847e-15,-1.0617601887424133,9.60880209555526,0.526784214945424,0.7664417744836023,0.5260597895593279
pre_last,18,I,15,0.9722721113628308,5.6618256557896224e-05,-0.9370477550349986,7.433246409370309,0.5250629722921915,0.6188604520260508,0.3534116593367801
pre_last,18,I,20,0.8527234164824369,0.00040172120474579905,-0.799149866313077,6.272706812389859,0.5264273719563393,0.560725369976543,0.29199804650589384
pre_last,18,I,30,0.7291684628788091,0.0016556752176290148,-0.5281893602635185,5.061056532614947,0.541057934508816,0.4642228962268474,0.26494556665196173
pre_last,18,I,40,0.6332970342980048,0.00493142338449065,-0.4169669404482898,4.287891702451832,0.55379932829555,0.3967207420544374,0.23657629224356744
pre_last,19,C,5,12.732460665405632,6.1604611134395055,-0.5056711537402383,50.181901538513564,0.7706759026028549,4.531795522090701,8.200665143314932
pre_last,19,C,8,8.644622950712103,4.794990286075853,-0.4511994556700161,36.018594127611415,0.7759026028547441,2.732018545572652,5.912604405139452
pre_last,19,C,10,7.5960641788587155,4.43209121135914,-0.2531909776340578,30.404420229670528,0.787615449202351,2.3682340795765087,5.227830099282206
pre_last,19,C,15,5.590873425075743,2.9535303720462682,-0.18154998405291753,20.83741975344175,0.805709487825357,1.7409885102850415,3.8498849147907013
pre_last,19,C,20,4.634575485615489,2.331559239479838,-0.15234006633252722,19.110138064256173,0.8031486146095719,1.3258842706189262,3.3086912149965633
pre_last,19,C,30,3.855325724008702,2.0565902418228523,-0.0791131746712335,15.408441332761061,0.809718723761545,1.0381603030607225,2.8171654209479797
pre_last,19,C,40,3.16825923564937,1.8677005000851057,-0.06743209927893475,12.333795999044103,0.8220193115029387,0.8091513859482811,2.359107849701089
pre_last,19,I,5,2.0871859776235313,1.7711860255576237e-15,-1.7734088167769064,15.054188646329548,0.5248740554156172,1.2492942709532089,0.8378917066703223
pre_last,19,I,8,1.5966332454811791,3.1582800481441764e-15,-1.1310919442315226,11.223890103117773,0.5365239294710327,0.9228283427772843,0.6738049027038949
pre_last,19,I,10,1.3641121078566794,5.725907347987216e-05,-0.9944049638720059,9.908558458572811,0.5318849706129304,0.7904060718104573,0.5737060360462222
pre_last,19,I,15,1.0165908749209234,0.0001574197943273009,-0.8785560101563051,7.546943009508968,0.5324307304785895,0.6289072219755947,0.3876836529453288
pre_last,19,I,20,0.8531415072277075,0.0004506882041052073,-0.7635710699416173,6.26276008780046,0.5285894206549119,0.5362083829478486,0.31693312427985887
pre_last,19,I,30,0.7292891039249637,0.0016785978713931614,-0.4966429728996768,5.031606909852071,0.540176322418136,0.4465653117850178,0.28272379213994586
pre_last,19,I,40,0.6301022679430329,0.004750743763073802,-0.41604987240732716,4.195185653505224,0.5551007556675064,0.38417904122120916,0.24592322672182373
pre_last,20,C,5,12.766694345696246,6.0678741473054485,-0.523805228483344,60.13524118215967,0.7740973971452563,3.576198391791712,9.190495953904534
pre_last,20,C,8,9.205890019064435,4.777200898790996,-0.3580903182154365,40.46416526805942,0.8036104114189757,2.660020251705579,6.545869767358857
pre_last,20,C,10,7.791565752520252,4.446755365688167,-0.22714437402511192,30.3826893639249,0.7916666666666666,2.249627574667079,5.541938177853172
pre_last,20,C,15,5.662024716529115,3.4525791533250176,-0.20740494896242692,20.757141003633826,0.7906171284634761,1.596941367039903,4.065083349489211
pre_last,20,C,20,4.97000404566412,2.841223069511328,-0.18190061748157424,18.62363734967662,0.8084382871536525,1.4107375429375006,3.559266502726618
pre_last,20,C,30,3.9987253692010762,2.4298345876041676,-0.07417856497008608,14.437593348857627,0.8093198992443326,0.9789063230206592,3.019819046180417
pre_last,20,C,40,3.3872180050477723,2.0042396687683555,-0.06172071238462941,12.352892543454397,0.8287993282955501,0.7875402971054724,2.5996777079422997
pre_last,20,I,5,2.1125320495998694,1.6859556959760693e-15,-1.7042098776872694,15.022351204905034,0.5231947942905122,1.2218304610046054,0.8907015885952643
pre_last,20,I,8,1.6073510210620474,2.8601437411491744e-15,-1.1877793261704934,11.487714691844314,0.5355583543240974,0.9012142155023845,0.7061368055596631
pre_last,20,I,10,1.3880514454063175,2.9665839810938844e-05,-1.0599155905198017,10.065147296165549,0.5373635600335852,0.7826268159249367,0.6054246294813806
pre_last,20,I,15,1.043740642292021,0.00035291594717685743,-0.832683682955712,7.5422752134158575,0.5363560033585222,0.6217426262063781,0.42199801608564297
pre_last,20,I,20,0.8568960930319495,0.0003660894643268861,-0.7310890683021495,6.335941793451727,0.5303946263643997,0.5201175396559657,0.33677855337598384
pre_last,20,I,30,0.72969221143455,0.0018034548313579583,-0.5257064820362787,5.032004147031185,0.5396095717884131,0.44299746077488206,0.2866947506596678
pre_last,20,I,40,0.6327932700236129,0.005733245905406708,-0.41640046724346585,4.125692082923414,0.5543870696893367,0.3759253851860603,0.2568678848375525
pre_last,21,C,5,17.483272647737454,6.806995347415091,-0.3306391564131973,65.18317217555173,0.7652392947103277,6.972908566164931,10.510364081572524
pre_last,21,C,8,9.696788399843282,5.424952061853022,-0.2837366077530704,38.8977759740909,0.8043450881612092,2.9613654598623547,6.735422939980927
pre_last,21,C,10,8.014064297989798,4.712769455421158,-0.20855534361897268,30.488866892935683,0.7951511335012597,2.163087053714093,5.850977244275705
pre_last,21,C,15,6.216503314327872,4.245040415858046,-0.14070283384153687,21.609752572469308,0.8117548278757347,1.5357820850895791,4.6807212292382925
pre_last,21,C,20,5.487175663356689,3.3293579998128684,-0.1776398091570405,19.11443868654412,0.8094038623005878,1.3501464988256737,4.137029164531015
pre_last,21,C,30,4.272414248195441,2.776811286284343,-0.0724189152392404,15.467827318028501,0.8221452560873216,0.9465458766793909,3.3258683715160493
pre_last,21,C,40,3.6101397294005912,2.308985566927339,-0.08268383394191833,12.342851300890162,0.8278127623845509,0.7851161891351283,2.8250235402654624
pre_last,21,I,5,2.223257061013068,2.073974904416476e-15,-1.5795471578104443,16.157490790315908,0.5285684298908481,1.2579214886126897,0.9653355724003787
pre_last,21,I,8,1.6836901228761427,2.9471778178979246e-15,-1.1163462799989208,12.081072942786864,0.5335222502099076,0.9511605357795212,0.7325295870966215
pre_last,21,I,10,1.4206444196429933,0.0001649147537781407,-1.0340127842730633,10.410643644997966,0.5352225020990764,0.8012391141157295,0.6194053055272639
pre_last,21,I,15,1.0251708978841612,0.00021852702714517775,-0.906876425663223,7.69652669870997,0.5319269521410579,0.6187798251467066,0.40639107273745456
pre_last,21,I,20,0.845558527530654,0.00042309170562768145,-0.7612327947040003,6.193364785741756,0.5273509655751469,0.5138849461180132,0.3316735814126408
pre_last,21,I,30,0.7221796162761529,0.002066334015759442,-0.5232665740974086,4.74101758890024,0.5427581863979849,0.4254835286376613,0.2966960876384917
pre_last,21,I,40,0.6271541210770912,0.005599232639456858,-0.4180454004153577,3.92260161988685,0.5552267002518892,0.36688144144497586,0.2602726796321154
pre_last,22,C,5,16.673983777925518,6.850299159751972,-0.22125544012644693,68.71633566017036,0.7992023509655752,5.983275399585059,10.690708378340458
pre_last,22,C,8,9.962055696531081,5.16097156675148,-0.2585666467302911,35.15463131833535,0.7842149454240135,2.76229870192105,7.19975699461003
pre_last,22,C,10,8.20380545885751,5.052647883952659,-0.15112370244299997,27.197077266446854,0.806486146095718,2.0739278518845623,6.129877606972948
pre_last,22,C,15,6.666807658817799,4.794414595992417,-0.14289948626915383,21.520181848732015,0.8271620486985726,1.5530941976988817,5.113713461118918
pre_last,22,C,20,5.928328672772754,4.006588284699128,-0.10931921472036586,19.47310469469472,0.8147145256087321,1.2955179816449516,4.632810691127803
pre_last,22,C,30,4.840809775668712,3.553112359908624,-0.07036861665052505,15.851388698655269,0.8266162888329135,0.9797437576832768,3.8610660179854346
pre_last,22,C,40,3.8718938907856955,3.0049554683826702,-0.06691241971382066,12.235140468959482,0.8228589420654912,0.7718890885961309,3.1000048021895648
pre_last,22,I,5,2.4242230567791485,2.1887512354835663e-15,-1.4366923887711163,17.4087945975058,0.5295340050377834,1.4215798604490915,1.002643196330057
pre_last,22,I,8,1.7946904740557676,2.769382278390428e-15,-1.0910325642869736,13.081776823778021,0.5325356842989084,1.0294593028411585,0.7652311712146093
pre_last,22,I,10,1.5187883187970448,3.3962726139900046e-15,-1.0299560922721582,11.366041224998481,0.5361670864819479,0.8718469036295224,0.6469414151675221
pre_last,22,I,15,1.0821611168676704,0.00016203674432260925,-0.9468203776134341,8.374469248625042,0.5301847187237615,0.6555131572362692,0.42664795963140123
pre_last,22,I,20,0.9033168855254268,0.0004883573544392407,-0.7689597298688317,6.803793981353423,0.5293031066330814,0.549455002179521,0.3538618833459057
pre_last,22,I,30,0.7473497673614031,0.0032978050490817825,-0.5130604466315596,4.866221622527388,0.5475020990764065,0.4416213727537615,0.3057283946076418
pre_last,22,I,40,0.6263685092345136,0.004502310357210823,-0.4144982069969197,3.929050789441873,0.5501889168765743,0.364539703084155,0.2618288061503586
pre_last,23,C,5,16.71086895882839,7.679805806872952,-0.30686125096972566,62.64403915583494,0.7889168765743074,5.824936669359289,10.885932289469102
pre_last,23,C,8,11.17770451258345,6.002223114784098,-0.2656691552246471,42.46869812929917,0.8061293031066332,3.0419680082205813,8.135736504362868
pre_last,23,C,10,9.386926446724315,5.775268581458399,-0.16522522290800615,31.327780208565464,0.8202770780856423,2.3337498972160025,7.053176549508312
pre_last,23,C,15,8.130624400074408,6.065500751378392,-0.09687164044299555,26.127303816177776,0.8284844668345929,1.9532811673234276,6.177343232750981
pre_last,23,C,20,6.899705346452529,5.321352998105521,-0.09829824640285752,21.91583406401396,0.8382031905961378,1.5594014235047808,5.340303922947749
pre_last,23,C,30,5.334443246739844,4.339678144566787,-0.0750743507449502,14.564093900667674,0.8335432409739716,1.1094397114892347,4.22500353525061
pre_last,23,C,40,4.368501578612228,3.4668406605285487,-0.07564802831089398,12.845284182198764,0.8267632241813604,0.8549392812340476,3.51356229737818
pre_last,23,I,5,2.52176259423059,1.9934371105906395e-15,-1.5019640946773127,18.336488349346045,0.5253778337531486,1.4842015414664511,1.0375610527641388
pre_last,23,I,8,1.8093649382678052,3.049946714810843e-15,-1.1654057490178107,13.575359393025,0.5331234256926952,1.0298514579464033,0.7795134803214021
pre_last,23,I,10,1.5713763570608446,3.519048122921569e-05,-1.055462082561747,11.899352131111845,0.5312762384550798,0.8949000994858015,0.6764762575750429
pre_last,23,I,15,1.1622456958739469,0.00033646235278861293,-0.9305547902663708,9.014942824425876,0.5332703610411419,0.6819846891147635,0.4802610067591836
pre_last,23,I,20,0.9780971436556996,0.0004916661955244982,-0.7881637052778759,7.498341634718518,0.5338371116708649,0.5923602838426726,0.3857368598130272
pre_last,23,I,30,0.8032736494600095,0.003619846833010755,-0.52656427813648,5.276135864961655,0.5481318219983208,0.4765307256799341,0.32674292378007525
pre_last,23,I,40,0.6545510015534596,0.005387451609034575,-0.45363536227198975,4.1964161948264165,0.5517002518891688,0.38166863475537277,0.2728823667980869
pre_last,24,C,5,18.987398496165433,9.93167575685308,-0.33217296154095266,75.00141053143867,0.8023089840470194,5.760068578327254,13.227329917838176
pre_last,24,C,8,12.726359075110286,7.601906889464415,-0.16063395527413057,45.154753677976615,0.8198572628043661,3.443444426917758,9.282914648192529
pre_last,24,C,10,11.183173541331785,7.3789181829127735,-0.1236728000165142,38.74299992456379,0.8285894206549119,2.688293021995991,8.494880519335792
pre_last,24,C,15,8.908559360847658,7.180041601822714,-0.15767486271190023,25.181101977635123,0.8292191435768262,1.7017800400707048,7.206779320776955
pre_last,24,C,20,7.775311663814919,6.690307171235714,-0.08965413767208195,21.394613788744824,0.839861460957179,1.419179804262838,6.3561318595520815
pre_last,24,C,30,6.226895597996933,5.37759827028223,-0.04554184598811891,16.77408082095951,0.8523299748110832,1.1590047871477154,5.067890810849218
pre_last,24,C,40,5.452401116389709,4.608757251217122,-0.053102550428973744,14.48075219296584,0.8439336691855583,1.0207453720942528,4.4316557442954565
pre_last,24,I,5,2.807910949762116,2.0943423144985598e-15,-1.617329097136481,19.98534225703938,0.5250209907640638,1.6296397665472278,1.1782711832148884
pre_last,24,I,8,1.964402801226823,3.2008785613133417e-15,-1.2169477703830438,14.753341708303529,0.5320528967254409,1.0963077660709855,0.8680950351558377
pre_last,24,I,10,1.7374964315517836,6.235429879216849e-05,-1.1153227423694017,13.105898301046034,0.5362300587741394,0.9808281318675866,0.756668299684197
pre_last,24,I,15,1.3574517131296002,0.0004228916365169305,-1.0111072834009889,10.433566897923617,0.5365869017632242,0.7954743156275221,0.5619773975020782
pre_last,24,I,20,1.1398508710687263,0.0012036937568806391,-0.8589923431099107,8.540404429288891,0.5387069689336692,0.680546846894675,0.45930402417405125
pre_last,24,I,30,0.9058349745721072,0.004774571430227426,-0.5503211205571521,6.061301053180112,0.5514903442485307,0.526083428343617,0.3797515462284901
pre_last,24,I,40,0.7423210307307353,0.008053538270099001,-0.47885276527412474,4.862928378222029,0.5599076406381193,0.4261715043598439,0.3161495263708913
pre_last,25,C,5,18.938381097388085,10.818722946737198,-0.25687132868623014,74.19540795376126,0.7887699412258606,5.618825534707009,13.31955556268108
pre_last,25,C,8,13.408073954349355,8.591183476371025,-0.28281004710056284,48.73793111633083,0.8065071368597818,3.662359631538422,9.745714322810933
pre_last,25,C,10,11.62147241629173,7.50410279155749,-0.1253925416654045,37.648128215806814,0.8203400503778338,2.835911914288773,8.785560502002959
pre_last,25,C,15,9.018969546140642,7.234679446492853,-0.11845445538805424,26.076342695999344,0.8353484466834593,1.6598088320903936,7.359160714050248
pre_last,25,C,20,7.829186156957027,7.24108622519106,-0.07112963666768103,21.73086870787827,0.8392737195633921,1.4532218021018957,6.375964354855132
pre_last,25,C,30,6.338394002816153,5.562275552767117,-0.06164833664783049,17.10067434142957,0.8286523929471034,1.141001703775091,5.197392299041061
pre_last,25,C,40,5.547160403458092,4.943746586160821,-0.0706683848896993,14.807500897263102,0.8511125104953821,1.014217872691445,4.532942530766646
pre_last,25,I,5,2.7235090675711375,1.838737914186277e-15,-1.6634509825003312,19.96184512632001,0.5228169605373636,1.5820352833814757,1.1414737841896623
pre_last,25,I,8,1.9313671988837875,2.968450431887929e-15,-1.179660164745085,14.9045739778437,0.5299748110831234,1.0847644898763773,0.8466027090074102
pre_last,25,I,10,1.7213968839730929,1.7828501702506416e-05,-1.1074063059670678,13.259998803815327,0.529911838790932,0.9824194446125998,0.7389774393604933
pre_last,25,I,15,1.4213207692926344,0.0004626752642487546,-0.9141821939108449,10.911139323427005,0.5336481947942905,0.8305731664464804,0.590747602846154
pre_last,25,I,20,1.1850029311919603,0.0008254701229671056,-0.8048845745015415,9.006845425339435,0.5394836272040302,0.7037167524800126,0.4812861787119479
pre_last,25,I,30,0.9448197545526671,0.0035465950321649327,-0.5829658580128899,6.474484526578048,0.5476910159529808,0.5619964413841603,0.38282331316850693
pre_last,25,I,40,0.7708409656203657,0.006056438996154715,-0.4689770223159643,5.157229536629459,0.5553736356003359,0.4542795217132405,0.3165614439071253
pre_last,26,C,5,23.807275162966054,13.03421450807398,-0.27698634653233445,95.5546761348643,0.7980478589420655,7.740084019478281,16.067191143487772
pre_last,26,C,8,15.28781057994825,8.935677429200085,-0.14088691346018323,54.16374055522685,0.8275608732157852,4.099775545010389,11.18803503493786
pre_last,26,C,10,12.864542717722319,8.13126017337219,-0.11750924646020254,42.54770021986196,0.8324307304785895,3.5764180388420876,9.288124678880232
pre_last,26,C,15,9.057402324596518,7.394655781302338,-0.0663828568583733,25.911850346223968,0.8528127623845508,1.7488406309545939,7.308561693641924
pre_last,26,C,20,7.964976692979517,7.01638162796379,-0.0767073491628695,22.491226838457685,0.8528967254408061,1.4128585808665253,6.552118112112993
pre_last,26,C,30,6.5531203529254,6.119994949487054,-0.06156578376612822,17.983425740683845,0.8523509655751469,1.1503394021124327,5.402780950812967
pre_last,26,C,40,5.68233256204851,5.101060587349834,-0.06380312849230034,15.33230951681207,0.8531905961376994,0.9860515235038427,4.696281038544667
pre_last,26,I,5,2.837415927300249,2.2313630699500212e-15,-1.6866472061824125,20.45174970520504,0.5262594458438287,1.6705055406989298,1.166910386601319
pre_last,26,I,8,2.099543724026762,3.173083021805845e-15,-1.1724450172830323,15.944581650782446,0.5313602015113351,1.1551423124448144,0.9444014115819477
pre_last,26,I,10,1.847243121152737,5.2842094830436045e-05,-1.1394175222462108,14.290005361599698,0.5323257766582704,1.02111404131517,0.826129079837567
pre_last,26,I,15,1.5004062763136783,0.0002614307264906768,-0.9823573950570995,11.52818084282241,0.5362090680100756,0.8525690252195092,0.6478372510941692
pre_last,26,I,20,1.2693650252545414,0.0006918259864383389,-0.8254951821467,9.534565951858065,0.5370906801007557,0.7361697217313871,0.5331953035231546
pre_last,26,I,30,1.0121915327319961,0.003212087974108227,-0.5911113242111247,7.027201041768566,0.5456129303106633,0.5858276105988711,0.426363922133125
pre_last,26,I,40,0.8403785784749566,0.007030754689751275,-0.496214884604059,5.79786511252889,0.5576616288832913,0.4879196639917343,0.35245891448322225
pre_last,27,C,5,27.553289431800405,14.045277795282532,-0.3911179133927029,97.97844426140871,0.8150923593618808,9.175286371088553,18.37800306071185
pre_last,27,C,8,17.703562768829542,10.29009003684619,-0.3473097753528744,60.98521424790973,0.817863140218304,5.498389917650554,12.20517285117899
pre_last,27,C,10,14.073653784548524,8.783840714084393,-0.07536397331940388,48.65981908878463,0.8539042821158691,3.7867197852677275,10.286933999280796
pre_last,27,C,15,10.084888276861117,8.118391864238678,-0.07807799286698679,31.444925921186165,0.8446053736356004,2.188271444644927,7.89661683221619
pre_last,27,C,20,8.739818366140565,7.7637034103869444,-0.07583961636518924,25.786522135673,0.8417086481947943,1.7213706240376316,7.018447742102934
pre_last,27,C,30,7.143131683841484,6.430134459016046,-0.04546614593539264,19.08887215294468,0.8523299748110831,1.2891814600771287,5.853950223764356
pre_last,27,C,40,6.084506668825324,5.90532753016663,-0.04417764518829907,15.675663465683217,0.8571788413098237,1.0552725266421261,5.029234142183198
pre_last,27,I,5,2.9027829996042596,2.3017637832753283e-15,-1.7628323755770772,20.34294660496689,0.5285474391267841,1.768137965241937,1.1346450343623227
pre_last,27,I,8,2.172678068094815,3.4212726139900044e-15,-1.2081447270131522,15.842320695755152,0.5343198992443324,1.2256692434556307,0.9470088246391842
pre_last,27,I,10,1.941781203010278,3.658280048144176e-15,-1.1139799939092467,14.430930021387178,0.5331234256926952,1.0966210330388744,0.8451601699714035
pre_last,27,I,15,1.5985106642381655,0.00019921657879828054,-0.965424934125309,12.07894764763515,0.5352225020990764,0.8981830738698964,0.7003275903682692
pre_last,27,I,20,1.3230296220051572,0.000968895216550863,-0.8438901792601757,9.976378158684906,0.539399664147775,0.7508236409492476,0.5722059810559094
pre_last,27,I,30,1.034359609427381,0.004481939619586534,-0.5718129570118166,7.416198923023754,0.5515952980688498,0.57902777771481,0.45533183171257124
pre_last,27,I,40,0.8697016735976437,0.0077109086051201665,-0.47610590404521,6.092633003470951,0.5579345088161208,0.48412416607365005,0.38557750752399367
pre_last,28,C,5,20.418893452246472,11.254247433333502,-0.3601433571288072,75.00747471711927,0.8114819479429052,5.730065737207473,14.688827715038997
pre_last,28,C,8,12.955975196469051,9.391418318700433,-0.1583122858324603,38.707159675437985,0.8237615449202351,2.8352886469857803,10.120686549483272
pre_last,28,C,10,10.925876082252342,8.527589271895534,-0.09388675935700679,32.33952096930507,0.8217254408060454,2.3527493670991957,8.573126715153146
pre_last,28,C,15,8.793217374707844,7.131600705585504,-0.10161577336193002,24.109535361180665,0.8324517212426533,1.9743286407595375,6.818888733948307
pre_last,28,C,20,7.552014278869395,6.136867001342908,-0.09366597011969222,21.601267980879648,0.838182199832074,1.6371544856342735,5.914859793235122
pre_last,28,C,30,5.929888330484653,4.802883336076481,-0.06043765609006172,16.324110574061333,0.839840470193115,1.3659640487603135,4.563924281724339
pre_last,28,C,40,4.869143422601484,3.9483058773318276,-0.09288457148843875,14.427519232038527,0.8356213266162889,1.063754744422902,3.8053886781785815
pre_last,28,I,5,2.448962308822857,2.0609956598679373e-15,-1.760995488841858,18.365494566261038,0.5245801847187238,1.486834585117675,0.962127723705182
pre_last,28,I,8,1.8072012584475254,3.1897363671752223e-15,-1.2908257181302103,13.4154099167344,0.5337531486146095,1.0865794964461557,0.7206217620013698
pre_last,28,I,10,1.5948438183114353,0.00015663966261315646,-1.1214803189086913,11.711037670025854,0.5375104953820319,0.9484461945971329,0.6463976237143024
pre_last,28,I,15,1.2876444365387414,0.0006650774087364612,-0.8615960294872254,9.189338280983604,0.5505457598656591,0.7597843272772866,0.5278601092614549
pre_last,28,I,20,1.0812171226032947,0.001834996270624541,-0.7058138719798493,7.475074347647783,0.5484466834592779,0.6529318561012173,0.4282852665020774
pre_last,28,I,30,0.8564282803700449,0.004588323745643245,-0.518607760792613,5.649337800751841,0.5524769101595298,0.5162373313652477,0.34019094900479724
pre_last,28,I,40,0.7295242301604973,0.005973015743505208,-0.40815149999126343,4.540088195990688,0.5538623005877413,0.4429087294383536,0.28661550072214376
pre_last,29,C,5,19.01277316610005,11.72247505080468,-0.35840043876932004,68.49268677779159,0.8163937867338371,5.033355529867828,13.979417636232226
pre_last,29,C,8,12.522078185735108,10.069852383831279,-0.06227988136630503,38.126982306453236,0.8284005037783376,2.3795015229930567,10.142576662742051
pre_last,29,C,10,10.858899542985343,9.279052394802617,-0.05919573256870613,32.37575618879145,0.822544080604534,2.2398437720692574,8.619055770916084
pre_last,29,C,15,9.020688201032103,8.09899340436622,-0.058807017890176796,25.07188039040576,0.849328295549958,1.7926711623369647,7.228017038695138
pre_last,29,C,20,8.09336692411169,6.4635460796561635,-0.04283755866470959,23.816141120344,0.8626364399664148,1.6618169295279253,6.431549994583766
pre_last,29,C,30,6.297518714139844,5.139760067090539,-0.06072158688196703,18.13018786688503,0.8424643157010916,1.3122263702982455,4.985292343841599
pre_last,29,C,40,5.150292529210122,4.207359788597695,-0.06375968999267773,14.942569606791372,0.8443534844668347,1.0312220377767463,4.1190704914333764
pre_last,29,I,5,2.316676319135043,2.3295526621341804e-15,-1.5748693159797589,16.98928758375467,0.5299958018471872,1.3786065809889165,0.9380697381461263
pre_last,29,I,8,1.8198871748341108,3.637007434154172e-15,-1.1111480532801086,13.185256273656393,0.5378673383711167,1.0432060159493024,0.7766811588848083
pre_last,29,I,10,1.643799873884936,9.049632587567573e-06,-1.0026354800408916,11.578020882031089,0.5383501259445844,0.9527833851445207,0.6910164887404153
pre_last,29,I,15,1.3211860024288318,0.0007536831384294018,-0.8509488794521025,9.06630514547323,0.5414777497900923,0.7795642163746669,0.5416217860541649
pre_last,29,I,20,1.1152501944785322,0.0009841580609184816,-0.7842198636114088,7.686466194547927,0.5431989924433249,0.6696239815386804,0.4456262129398521
pre_last,29,I,30,0.8896197140616169,0.004561958552517616,-0.5623719604866206,6.031114262290762,0.5524139378673384,0.5254464851772785,0.36417322888433834
pre_last,29,I,40,0.7353676452871091,0.0070087144144520335,-0.43251013854114906,4.880355887634073,0.5586062132661629,0.42986263389326135,0.3055050113938477
pre_last,30,C,5,19.3923330737128,12.095243418215762,-0.40746915841329656,65.87205485196591,0.8055205709487826,5.578837497975824,13.813495575736974
pre_last,30,C,8,13.927352902520607,10.172688497311036,-0.18232809909210118,45.7791745131984,0.8277078085642319,3.3572205902050047,10.570132312315602
pre_last,30,C,10,12.030392396598769,8.823390490291903,-0.08451075783617461,40.09261624291516,0.8342569269521412,2.6776113870717073,9.352781009527062
pre_last,30,C,15,9.711651668413872,7.740171791880354,-0.050304618728646326,29.947258408655113,0.8469773299748111,2.0621357232114645,7.649515945202408
pre_last,30,C,20,8.49212731085483,6.70553535010383,-0.06547796305503892,26.67903148153541,0.8448572628043661,1.7511363486518523,6.740990962202977
pre_last,30,C,30,7.017770147933612,5.7426937281667945,-0.057400895440145865,22.363832967474366,0.8403232577665828,1.4575840656887664,5.560186082244845
pre_last,30,C,40,5.98941718701588,4.681716882477145,-0.04700866078366554,18.99444299418897,0.839966414777498,1.2239086725851935,4.765508514430686
pre_last,30,I,5,2.530665205183376,1.8257719909350275e-15,-1.731139974526848,19.122129052434936,0.5204240134340891,1.6301150462182963,0.90055015896508
pre_last,30,I,8,1.9646230916575793,2.670314124892927e-15,-1.1879357275457354,15.136346562555515,0.5288623005877414,1.2193403286202205,0.7452827630373591
pre_last,30,I,10,1.7057993606968436,2.332026159090181e-05,-1.0489346870156262,12.86100225937029,0.5288832913518051,1.0351076389358844,0.6706917217609594
pre_last,30,I,15,1.3397336524668328,0.0002677797601180037,-0.8738771936661255,9.875555605029954,0.5362930310663309,0.8209829510823567,0.5187507013844761
pre_last,30,I,20,1.180881116280037,0.0010862184528204583,-0.7209494710673485,8.518403032330898,0.5391897565071369,0.7220625233682278,0.4588185929118093
pre_last,30,I,30,0.9353797393296964,0.003118555888717432,-0.509636930636514,6.539797226769588,0.548110831234257,0.5680877758774067,0.3672919634522898
pre_last,30,I,40,0.7764743821399381,0.006473507886942958,-0.40016885054557033,5.23822716440877,0.55892107472712,0.4733463095443144,0.3031280725956238
pre_last,31,C,5,24.312657339399355,13.038286895142246,-0.4080445198672418,101.18451122910692,0.8183879093198992,6.8948457273069925,17.417811612092358
pre_last,31,C,8,15.063737919597783,10.457322046693253,-0.17408516958496253,50.32691930671461,0.8290512174643159,3.4693577979236583,11.594380121674124
pre_last,31,C,10,13.340219039869739,9.77588297523419,-0.12975823884497625,43.198932624120545,0.8438287153652393,3.008897239720698,10.33132180014904
pre_last,31,C,15,11.384940316311646,8.802572432733257,-0.15104411573013646,40.2414934559313,0.8375524769101595,2.735577372589785,8.64936294372186
pre_last,31,C,20,9.876680585831634,8.24077029685232,-0.05848785853573844,33.77583934246507,0.8493073047858942,2.2607165630993076,7.615964022732328
pre_last,31,C,30,8.049947541497128,6.834074448992294,-0.05110666861435358,24.59912510397012,0.8590050377833752,1.813415585285547,6.2365319562115795
pre_last,31,C,40,6.713079964363856,5.836647333147352,-0.050581413851598846,19.407261667241325,0.86139798488665,1.403510894495124,5.309569069868732
pre_last,31,I,5,3.0595681571802933,2.2591586094575178e-15,-1.8631469905644482,22.28063579216151,0.5279596977329974,1.8603906899770257,1.1991774672032676
pre_last,31,I,8,2.3843471285750897,3.5342118946466755e-15,-1.2890842435801675,17.75071046059463,0.5369227539882452,1.4001369880547665,0.9842101405203233
pre_last,31,I,10,2.1717460014235233,1.4511966364467547e-05,-1.1393880347187324,16.298572431277275,0.5354953820319059,1.2690982095892236,0.9026477918343
pre_last,31,I,15,1.7838490362734671,0.0004450210580887889,-0.9264135223025528,13.214373279916215,0.5386859781696054,1.0300581815543348,0.7537908547191325
pre_last,31,I,20,1.5443442284375701,0.0014912235069423556,-0.8054410537895256,11.390309571209801,0.5466834592779178,0.893666678698791,0.6506775497387791
pre_last,31,I,30,1.2556526641747128,0.0046527116831571996,-0.6900267008088936,9.224134024154328,0.5501469353484467,0.7385039463471573,0.5171487178275554
pre_last,31,I,40,1.0533915451478717,0.0056714358278559,-0.5739993615485053,7.886937482737047,0.556591099916037,0.6156549797483838,0.43773656539948796
