analysis,representation,k,layer,delta_id,sampling_p025,sampling_p975,lopo_min,lopo_max,perm_mean,perm_p025,perm_p975
prefix_length__adjusted,finals,10,0,1.9325820431384295,-0.2185929765469372,4.566248324670035,0.5482797564557936,2.4913359361269896,-0.02821587003743553,-3.4653520934880553,3.624058448071882
prefix_length__adjusted,finals,10,1,0.023866324953147,-1.936438202875556,2.4964428785599124,-0.8155095475458009,0.6024982477369447,-0.05682297903700055,-4.02795690221349,3.8218457134789463
prefix_length__adjusted,finals,10,2,0.23321308952433994,-1.8690469192525265,2.280641361004065,-0.23961132576732405,1.1377398286692704,-0.18065428832471273,-3.5024988918400703,3.1491073962043137
prefix_length__adjusted,finals,10,3,0.9252168447512135,-0.914688940394026,3.300050630539897,0.20953423024503348,1.6932264677008797,0.04862218917778995,-3.9343137377721265,4.4343060559124545
prefix_length__adjusted,finals,10,4,1.954080060059404,0.3620116506745358,3.710557114282846,1.52219877309006,2.452034445599122,-0.10077816693147539,-3.2484294101584315,2.9086353201199064
prefix_length__adjusted,finals,10,5,1.4747152092333822,-0.15760040098045894,3.15738556325371,1.1145035699217343,1.8411168856092397,-0.127409062574343,-3.943177153436948,2.747607979625961
prefix_length__adjusted,finals,10,6,1.8728549210220191,0.5265275791613974,3.661885294096885,0.5077325061138963,2.33676117441643,0.06443399519345068,-3.676744976088722,2.6564593227835784
prefix_length__adjusted,finals,10,7,1.9250049433496366,0.38644056627046286,3.564725839567228,0.7187062223999404,2.5915721049030056,0.0940254241340702,-3.1461299527154263,2.758384244808383
prefix_length__adjusted,finals,10,8,2.941637343268242,1.6941219183077747,4.576388938675127,2.097015862986873,3.422755680494304,0.041009480074341645,-2.9740900410022544,2.2063495230439423
prefix_length__adjusted,finals,10,9,3.213916836072647,1.9645774870483992,4.930070630488703,2.5757773679673237,3.7704909813034857,0.07835951853236738,-2.915154602848169,2.2402449515601774
prefix_length__adjusted,finals,10,10,3.5405477658321556,2.479751012378385,5.1318197020242495,2.744358769432955,4.092369991671827,0.04085470541553069,-2.660049106959513,2.903020447818776
prefix_length__adjusted,finals,10,11,3.56099457931308,2.4836634042101435,5.188213512245481,3.071876762344966,3.9677591314015945,0.10129150561360944,-2.582728868881178,3.1191659701666685
prefix_length__adjusted,finals,10,12,4.009878111480495,2.9174253462080113,5.418999390595683,3.6979799745869637,4.400350032948788,0.10936635534537187,-2.3168539526539957,2.7324766876414595
prefix_length__adjusted,finals,10,13,4.308386318266401,3.210480048141378,5.804646719941629,3.9399315421941163,4.714323836413641,0.05119106480518245,-2.682850860763413,2.331321467695907
prefix_length__adjusted,finals,10,14,4.8076796588801605,3.6036296596830213,6.198885092841438,4.446967585527322,5.121881294832284,0.04823273694141102,-2.728508339761014,2.796333894113962
prefix_length__adjusted,finals,10,15,4.720219223792308,3.375614346051091,6.173688878975256,4.470977850540559,5.12143153440814,0.08705527417915641,-2.4516137270908516,2.4925689447118793
prefix_length__adjusted,finals,10,16,5.1778229300381,3.8499296755278642,6.618203419849557,4.88775679342278,5.46541295591032,0.026482942639955986,-2.600168154972611,2.591677554505703
prefix_length__adjusted,finals,10,17,5.293202809829796,4.177424735889216,6.646087001826996,5.0538578607735385,5.614577245996773,-0.022340952775459444,-2.694997093825586,2.476843110019921
prefix_length__adjusted,finals,10,18,5.386957390826288,4.16688041443976,6.621917691763922,5.172541520413276,5.7863931720323025,0.004746862800133167,-2.078705753534587,2.429534392467533
prefix_length__adjusted,finals,10,19,5.296886465733068,4.267646993100608,6.814038136284514,5.065260436092202,5.684798316844504,0.025726441688462477,-2.3781268110224127,2.602848921291164
prefix_length__adjusted,finals,10,20,5.481587896506195,4.200456657823621,6.657484990059637,5.189026436704873,5.780270894588435,0.015523100465124395,-1.8693720646933771,2.409264250198046
prefix_length__adjusted,finals,10,21,5.486428265291562,4.186782886332443,6.793131357599078,5.145056080847209,5.800306008331664,0.06452515246310533,-1.7610961063518518,2.2487929460866973
prefix_length__adjusted,finals,10,22,5.7773281343757485,4.494978176219034,7.325193055228337,5.521808046257988,6.116165672469574,0.055379870217943106,-2.1449140915628644,2.3431003700180946
prefix_length__adjusted,finals,10,23,6.0094787075116045,4.609122978814739,7.804050690462886,5.756964343959883,6.3634023522652345,-0.012270357077507921,-2.4936756143034984,2.2439496593603434
prefix_length__adjusted,finals,10,24,6.024355148103285,4.566000708323796,7.986243723535882,5.712201645615862,6.448951408704989,-0.01795105372514789,-2.6590198197108608,2.647867980817246
prefix_length__adjusted,finals,10,25,6.002795149025421,4.511045635256378,8.08561117569859,5.2848534191010215,6.586411773258465,-0.08580832465965926,-2.463602778012641,2.2154122801655096
prefix_length__adjusted,finals,10,26,5.9261493450754115,4.381754828291972,7.628177950391827,5.6141274220273765,6.506614366028587,-0.17100258548506062,-2.5398628350363377,2.576053625312592
prefix_length__adjusted,finals,10,27,6.00009966962071,4.368377854320803,7.710197541456591,5.423449930694509,6.609369321231043,-0.17605150832335256,-2.9620530469025255,2.388500009475621
prefix_length__adjusted,finals,10,28,6.957053234888389,5.621953328089109,8.30312924627402,6.638087008398333,7.301260700390276,0.042606749189120885,-2.4020155296721897,2.582452621609942
prefix_length__adjusted,finals,10,29,6.102873325953641,4.7468433296905665,7.2762142198052535,5.778862186760709,6.383457973802197,-0.17508698197847009,-2.1780889956644085,2.0742509725791662
prefix_length__adjusted,finals,10,30,6.476027277550313,4.945955434611165,7.7392864292345305,6.122641249793101,6.9091320449450295,-0.07259476726532639,-2.9670634890883014,2.5584732981415117
prefix_length__adjusted,finals,10,31,6.880346606823551,5.307135526926258,8.762769607276061,6.472834169627405,7.305616363429605,-0.16068747462391272,-3.1290406799289405,3.6935777021633163
prefix_length__adjusted,finals,20,0,1.3749969840862046,-0.3109022280661766,3.3338619935842866,0.10873484672891666,1.7638002679841474,0.014627844945083134,-2.58112394878802,2.7340880711097393
prefix_length__adjusted,finals,20,1,0.9948627955556101,-0.5839320599623586,2.7505279624114194,0.45747490642838323,1.504399187311033,-0.11334752623066247,-3.079365863380798,3.059063266365434
prefix_length__adjusted,finals,20,2,1.0186151505014653,-0.3970818376126562,2.8982731792498417,0.5109487989486516,1.7728991294185787,-0.242004996222749,-3.546237751949372,2.9394093818441434
prefix_length__adjusted,finals,20,3,0.9882086762626635,-0.47207726659726224,2.5422675918274207,-0.10498078295744344,2.0881451376167357,-0.031094438868011352,-4.216364957017148,3.254834697097352
prefix_length__adjusted,finals,20,4,2.1391644990929906,0.8982277371134949,3.6489329304906595,1.705091813218181,2.5851268265082985,-0.02226151414877351,-3.210283753745808,2.8322887260329006
prefix_length__adjusted,finals,20,5,2.027195911497499,0.7466384119014606,3.341494417172832,1.5692373721054098,2.3613138566801504,-0.05934176677161673,-2.868646149123946,2.2663887752329264
prefix_length__adjusted,finals,20,6,2.4625178814678907,1.3351587117831032,3.9958989954697635,1.658125653850108,2.751761076894612,0.027950365223769057,-2.5548600458595336,2.063989398117562
prefix_length__adjusted,finals,20,7,3.1630619881195137,2.0921646505369127,4.686485165272619,2.519193327873573,3.4229423772205636,0.07370108435365297,-2.696576218132249,2.2454344079618274
prefix_length__adjusted,finals,20,8,3.716538058438486,2.720581157170822,5.10815320527202,3.420493416805416,4.068635848469225,0.053281458286676034,-2.687371310545751,2.362895466252646
prefix_length__adjusted,finals,20,9,3.915655590159459,2.9273936755373207,5.242457018089349,3.5902367418536136,4.216232745221999,0.0350798520952865,-2.445053381006442,2.351671620863425
prefix_length__adjusted,finals,20,10,4.318331367510785,3.3185954024832776,5.5261031543908885,3.936293223187735,4.634873975658323,0.058421181223096544,-2.204912798559813,2.617885866071548
prefix_length__adjusted,finals,20,11,4.716809702546842,3.7105461721068975,5.851649419669454,4.380568379488506,5.063984728710829,0.06065495966477359,-1.947936483173733,2.733295857152386
prefix_length__adjusted,finals,20,12,4.8962517599952085,3.90991463150644,6.1557332629137615,4.5876675432358,5.23598027999918,-0.009108081906826326,-2.186434325260341,2.314935873207451
prefix_length__adjusted,finals,20,13,5.271977988889222,4.198540735663727,6.473847353170654,4.94254860579955,5.59763029326893,-0.02887790346902208,-2.2456060653244387,2.2817552139873474
prefix_length__adjusted,finals,20,14,5.256927837803856,4.2500690545867785,6.37237091684316,4.928084781900814,5.638238661515914,-0.03268107486931702,-2.1073397771494777,2.337799174722444
prefix_length__adjusted,finals,20,15,5.586130194204566,4.608056033285506,6.713430657404038,5.232574616476986,5.9870425347674585,-0.054529273035305345,-2.004784907831667,2.053024442221877
prefix_length__adjusted,finals,20,16,6.119701276328984,5.206136410360113,7.371496090143787,5.808152708052362,6.491978309301651,-0.08156626822421886,-1.9824294365448176,2.0479269875136983
prefix_length__adjusted,finals,20,17,6.316867259825724,5.410830210501466,7.600031106145326,6.056012146353258,6.624686602133667,-0.07327267504229953,-2.002017838753863,2.2241182759173888
prefix_length__adjusted,finals,20,18,6.198360660449999,5.321900391874371,7.449623875860912,5.9260462433003545,6.527158748571038,-0.08703270542874461,-1.8099998892326137,2.6118220844679785
prefix_length__adjusted,finals,20,19,6.259232765174678,5.348988301123916,7.303502466844522,5.994844978245501,6.589425065763922,-0.10029356064736028,-1.98414659001291,2.478935254265774
prefix_length__adjusted,finals,20,20,6.2442500387430036,5.329299209116769,7.375509859450809,6.020904253640135,6.550144953044647,-0.09379947549301297,-1.8364165604087461,2.170172572780861
prefix_length__adjusted,finals,20,21,6.188262189785007,5.214248828424059,7.306785018991517,5.940209508402023,6.512519708732439,-0.06446729521965185,-2.043708029560643,2.321842963944119
prefix_length__adjusted,finals,20,22,6.566208258532376,5.571290791325977,7.803268131209133,6.331801921601029,6.886402060553754,-0.12139003646312427,-2.247316390715786,1.8653032020521452
prefix_length__adjusted,finals,20,23,6.5219258916719465,5.368468325342989,7.830387568319318,6.251010131086719,6.8033928048089365,-0.08620927798967185,-2.093714930163465,1.9785381469591783
prefix_length__adjusted,finals,20,24,6.995754329231791,5.62589604332146,8.45916165919256,6.741143917040249,7.304392474725678,-0.08200432257667142,-2.3897176172640147,2.0023200208037832
prefix_length__adjusted,finals,20,25,6.979656075874955,5.650786107474828,8.232940755515116,6.682282570960785,7.313286184443681,-0.12476768349356768,-2.468970796497927,2.129331293829594
prefix_length__adjusted,finals,20,26,6.600356125387744,5.24273841766438,7.857298336773797,6.315782450102406,6.951656604285558,-0.18465700522777923,-2.254148262278883,2.2030726633581064
prefix_length__adjusted,finals,20,27,6.679573062458671,5.405427872328462,7.953723955479114,6.156633166956395,7.0024432351778705,-0.24340318806980282,-2.07856725360972,1.910400977657082
prefix_length__adjusted,finals,20,28,5.547864575141121,4.478294828195196,6.496657192042463,5.239041740543502,5.789683020229886,-0.04429195652169884,-1.9877614720580006,1.4942355851897926
prefix_length__adjusted,finals,20,29,5.629608858767998,4.584159717748909,6.533835923060302,5.394159416800325,5.89373633722504,-0.13278220374521377,-2.0989848511115166,1.481757690179827
prefix_length__adjusted,finals,20,30,6.386950601223467,5.088000431449671,7.446406657163889,6.0384318743352265,6.660053562519062,-0.027416522593336,-2.3720505378073677,2.249200662052372
prefix_length__adjusted,finals,20,31,6.079431530850557,4.837386137154967,7.233616789365535,5.744306965898775,6.438863203965978,-0.08515731073537132,-2.89186179712784,2.2608822763398484
prefix_length__adjusted,means,10,0,1.4649692794351898,0.881697940880178,2.090331223239347,1.156152587750414,1.738418378827821,-0.026455678325430766,-1.072831067839933,1.0783833538508305
prefix_length__adjusted,means,10,1,1.5623419169843236,0.9808204485170052,2.0829674121274726,1.3684598432258963,1.673438271612592,-0.02248438956101082,-0.934547514189411,0.9242221120674371
prefix_length__adjusted,means,10,2,1.5061599891776787,0.9275822864513219,2.0224412258203133,1.2655642691582483,1.6794119148850843,-0.007876337316224214,-0.8828251778652576,0.7087543968500227
prefix_length__adjusted,means,10,3,1.5701280638897424,1.0507397250925643,2.0772730030245294,1.3693468784665987,1.6992231958431605,0.028799724446880615,-0.6129831954172814,0.8293308060126721
prefix_length__adjusted,means,10,4,1.3188165645019856,0.8287055576626801,1.8873059536321342,1.178862555599347,1.4572549352343378,-0.047361045177984853,-0.9472922303010091,0.7306694688120671
prefix_length__adjusted,means,10,5,1.1405083110562648,0.61736155303427,1.6900810850095935,0.7944542280658031,1.290502669726156,-0.02189740234947657,-0.8909911450203194,0.72387883352874
prefix_length__adjusted,means,10,6,1.2539655003584433,0.6538907972845672,1.9716166312022851,1.064706108934938,1.3609709752277628,-0.003757861050275291,-0.9360211484708101,0.9903997594817604
prefix_length__adjusted,means,10,7,1.2035297630968265,0.6182691946484771,1.8012019920707707,1.0395549720608936,1.341444824949831,0.005678686441092951,-0.9978535280841363,0.9411336006247735
prefix_length__adjusted,means,10,8,1.1727121024982121,0.6056643780554769,1.7071708879297078,0.8510703531752044,1.2868192879930196,0.007953080001589497,-0.8782060570058042,1.1193965228173006
prefix_length__adjusted,means,10,9,1.2905641978661286,0.5622042837584823,1.9129553347118307,1.0576326499417505,1.4707505122645268,-0.029802371348736357,-1.0557816327168636,0.8597347616522565
prefix_length__adjusted,means,10,10,1.3127402364837124,0.6097598832296628,1.926906512623296,1.115903114266905,1.430576950859224,-0.010418894007491653,-1.0220352844251,0.9110880582659818
prefix_length__adjusted,means,10,11,1.4104171346487453,0.8299272986594272,2.0332284308693,1.2627720760219219,1.5296081324607114,-0.05574982249487168,-0.9478754348860835,0.8517546119038489
prefix_length__adjusted,means,10,12,1.5961395817409623,0.9716093736888065,2.254461041822396,1.3249564488597956,1.7039122061556329,-0.07179415317035893,-0.8657280166582921,0.9471763400167277
prefix_length__adjusted,means,10,13,1.4175279228703852,0.7795199762797713,2.0968585856527326,1.2968196531142269,1.6326198530190077,-0.03080482373968276,-0.8314842249961178,1.0567259156105928
prefix_length__adjusted,means,10,14,1.765228425121644,1.188570164869161,2.4575305322046863,1.615314963168649,2.0007573603654825,-0.02030801418220307,-0.9650839927766599,0.896613427853602
prefix_length__adjusted,means,10,15,2.080443486823674,1.4182408370954498,2.7439319355947283,1.9306040346790023,2.2584346387640566,-0.020242640833401104,-0.8443084953957405,0.9225829119447324
prefix_length__adjusted,means,10,16,2.2767709125909943,1.5697327581373608,3.0131763738514783,2.08739527423307,2.462808023853867,0.023723183220865928,-0.8042569780782682,0.9164536065485189
prefix_length__adjusted,means,10,17,2.2840727025535332,1.650119392459858,3.0000140517680363,2.0473894788509703,2.4862320118803765,0.040257028851305776,-0.7798665348715093,0.8732811698771782
prefix_length__adjusted,means,10,18,1.9137439359612818,1.2122643292130768,2.5871856858605864,1.7796317134851078,2.217905712911914,0.03700920778079482,-0.8625577774665751,1.0357112589365072
prefix_length__adjusted,means,10,19,2.097181530861542,1.4298803155598103,2.684105997033124,1.9191301485295993,2.260093891943744,0.06482627367445246,-0.8732711066188459,1.0251436673306247
prefix_length__adjusted,means,10,20,1.9323440644824017,1.2552566153996958,2.505527324686618,1.7960806667450884,2.0558924196141604,0.07838663188578934,-0.8933842679746677,0.9169587029074314
prefix_length__adjusted,means,10,21,1.8597445323860573,1.2811681418417804,2.482254774101929,1.6956242444119154,1.9743349804030965,0.05938858799665623,-0.7104335477968923,0.935257006844359
prefix_length__adjusted,means,10,22,1.9556558438654723,1.3653464860522857,2.659677612394393,1.6907333991873732,2.0550399590742434,0.04268287571258099,-0.7018206874839191,1.0254181724089029
prefix_length__adjusted,means,10,23,1.9700656769553968,1.324969095915871,2.5887213676308147,1.7690334356473583,2.0868734236717152,0.04400690753936213,-0.7778940405354713,0.9031265548033928
prefix_length__adjusted,means,10,24,1.7315275118871616,1.1757340472991664,2.2925100085884274,1.3476960736592705,1.8592720118901283,0.019573364703167218,-0.7640981328067703,0.850033104703004
prefix_length__adjusted,means,10,25,1.7901014506410529,1.177351571024833,2.408288357645039,1.5389891127302016,1.8964803765434923,0.025060958636152698,-0.8199490750619434,0.7043511770644268
prefix_length__adjusted,means,10,26,1.6244611551476278,1.032923691931012,2.165735748513607,1.4473695440383407,1.741230027031986,0.022000918469031083,-0.9066648669724426,0.8057441222935899
prefix_length__adjusted,means,10,27,1.4027656432316005,0.8844616243573667,2.0068090592275754,1.1797827570304933,1.584792057710063,-0.03690319359144432,-1.010759887732852,0.9805637764204149
prefix_length__adjusted,means,10,28,1.3558411850116288,0.8206977378295309,1.9594217284750661,1.2072157994223198,1.5545692510039073,0.026490358959739967,-0.8832136276017466,0.9383616696865213
prefix_length__adjusted,means,10,29,1.2449789657449548,0.6840083472134914,1.7861043814482191,1.1201673186906895,1.419833606560146,-0.01945836252355888,-0.8436557131382552,0.7817889469052649
prefix_length__adjusted,means,10,30,1.401675121641774,0.8213893350241737,1.939941157224319,1.2525050816493548,1.5536293058758592,0.0023856029006474435,-0.9232961482704055,0.797157803911996
prefix_length__adjusted,means,10,31,1.4927188555825162,0.8718583203192203,2.1577783330867164,1.2643395056364952,1.611294692728428,-0.034813012815601785,-0.7089857063151764,0.8501812485514855
prefix_length__adjusted,means,20,0,1.3933321381035966,1.0330266316670624,1.8026631199298035,1.2444951717223283,1.4883225590275626,-0.005322763199497293,-0.7264373530061007,0.7062351630404671
prefix_length__adjusted,means,20,1,1.3912086980031542,1.0627892801939336,1.7533979752614575,1.2272667683488492,1.4527007709508415,0.0019139211362357634,-0.6257688270154937,0.6767883198876902
prefix_length__adjusted,means,20,2,1.343843894948736,0.9683545300738639,1.7416426501012083,1.2052438654848376,1.3984282551182183,0.015529190497233624,-0.5652926558612066,0.5397709116752597
prefix_length__adjusted,means,20,3,1.0087058974970171,0.6273666849334467,1.3376416570214216,0.9042434835545408,1.0775403519076647,0.016055142850854676,-0.6062226713639899,0.5471749259791874
prefix_length__adjusted,means,20,4,1.1328615834497318,0.7282061452747033,1.511048272322341,1.0310141706138858,1.20279427024481,0.025425979499074304,-0.49233415874984543,0.6021264151807199
prefix_length__adjusted,means,20,5,0.9444956660627937,0.5202609298124197,1.2554894843128794,0.8384763482083072,1.0232546045743927,0.0060140879675556255,-0.5179874562915585,0.6390386464711808
prefix_length__adjusted,means,20,6,1.0538651373997874,0.6528179630380899,1.386620458013705,0.9695660136909497,1.169766807085478,0.01372678691714586,-0.47006541168533744,0.709077964635724
prefix_length__adjusted,means,20,7,1.0263515384677888,0.6506143206490249,1.3886552943517116,0.9252550052389953,1.1143068726086887,0.019341515015567756,-0.5499303231400979,0.6472418168215419
prefix_length__adjusted,means,20,8,1.1301851410905928,0.7347887393315451,1.4895817942707954,1.0256520289389301,1.2104775103349654,0.012280050694091927,-0.5832384237462037,0.6120967595712236
prefix_length__adjusted,means,20,9,1.1876758963014706,0.7571949595238643,1.6281264175158163,1.0709559329873704,1.2708702952175235,0.016279352193376527,-0.5408092040299122,0.6618323934120873
prefix_length__adjusted,means,20,10,1.1109640511852448,0.7127243081943146,1.6152665058562616,1.000818293818014,1.2490277876118248,0.013703448858250677,-0.6496751729343737,0.6145106707496564
prefix_length__adjusted,means,20,11,1.1218129636545362,0.6834199139843996,1.5677771706291543,1.0041051655428412,1.2305447310680497,0.007760384814288868,-0.6010738030413325,0.6590717365162444
prefix_length__adjusted,means,20,12,1.184116809006844,0.7570230616778487,1.6381998828980913,1.0651735166446759,1.322070004418883,0.014397762530922287,-0.6088682299211885,0.8891533242020766
prefix_length__adjusted,means,20,13,1.335131099727673,0.9286206118938899,1.695896214258247,1.2046867299719668,1.5413270206831806,0.029085957491427016,-0.7679599188771902,0.8106565340821895
prefix_length__adjusted,means,20,14,1.5789000099600188,1.1277461562648048,2.052553434141301,1.4497765082306258,1.7467770925705848,0.01948268309875063,-0.7622311528420258,0.8632391378189377
prefix_length__adjusted,means,20,15,1.614848189768416,1.166797611788007,2.0596131996490428,1.4953123196416682,1.7916222238307997,0.03743599051115987,-0.6631774360267793,0.7794873493008948
prefix_length__adjusted,means,20,16,1.7305254875366909,1.2998952147033742,2.178907294697444,1.6155248115209326,1.889220072074678,0.0339645050417972,-0.7056246558813614,0.774113039220538
prefix_length__adjusted,means,20,17,1.7946091872405379,1.3420388361051852,2.279502147308969,1.6854723057162648,1.9627442876927002,0.022978367417167255,-0.6187439074236725,0.7103611733597347
prefix_length__adjusted,means,20,18,1.6314337286553109,1.1886812057837817,2.060701289421034,1.54942802389399,1.8767412094597482,0.02253873011018386,-0.6091970170023462,0.7459305352223656
prefix_length__adjusted,means,20,19,1.6678926190355683,1.2512112098266175,2.105947676852614,1.5675489917138792,1.8246804125085536,0.02215873301751472,-0.6077524631762803,0.7858953831021412
prefix_length__adjusted,means,20,20,1.6276089811495555,1.1856623649418858,2.0306623992512227,1.5286130129141973,1.7383112580202316,0.018814022525914288,-0.5856464961796054,0.7019503496220256
prefix_length__adjusted,means,20,21,1.6165985038461814,1.193703433863371,2.0513415761239067,1.5222475004837175,1.6959797443414288,0.022379462032657328,-0.5272272217145266,0.7121852330401849
prefix_length__adjusted,means,20,22,1.4639547118999654,1.068772031158119,1.8964439636191393,1.3721850343913324,1.5477201631053519,0.03195140626241635,-0.5878815487256435,0.720409531578457
prefix_length__adjusted,means,20,23,1.405728644119378,1.0017509264023061,1.8413598101692523,1.3019754928823446,1.510809896060315,0.014344667048184956,-0.6298372827469635,0.7328135318752065
prefix_length__adjusted,means,20,24,1.4943494935970216,1.0489434869308136,1.9426973663007474,1.3929715632714903,1.5607140397228696,0.005273088877543497,-0.5234166303075772,0.6936158609839038
prefix_length__adjusted,means,20,25,1.4785193725751038,1.067980877149767,1.8652048610126566,1.3816132674240322,1.5484064200557675,0.01726544968947539,-0.5353369739879796,0.6773407406762723
prefix_length__adjusted,means,20,26,1.3480395276857842,0.9145125407419764,1.790923773452161,1.238487343245206,1.4682207730054004,-0.007699084233035958,-0.5138473282771092,0.6190980939126635
prefix_length__adjusted,means,20,27,1.2613402804376272,0.845109584084663,1.7064798588943744,1.1634646108998312,1.355796406141743,-0.025588010112180058,-0.552573933348726,0.6461398715736435
prefix_length__adjusted,means,20,28,0.9676572155873477,0.5848982118670579,1.3401529228018407,0.8428530636986444,1.0468357669040746,-0.01588973557512443,-0.6844550720425829,0.5898948401378037
prefix_length__adjusted,means,20,29,1.1324635627042217,0.7170861361930772,1.526959419282764,1.0197940634754814,1.2428147351147474,0.006611880366893419,-0.49301504222561054,0.695441766031733
prefix_length__adjusted,means,20,30,1.2788792440248853,0.8151019035708915,1.6912923911566877,1.1713561741761611,1.3443821375526255,0.0316368917592879,-0.5506836155684336,0.7555857776162214
prefix_length__adjusted,means,20,31,1.0542003999244811,0.64609957882034,1.4103094632312363,0.9365768523101641,1.13422888805121,-0.014705183275113743,-0.5059487762615698,0.7151271429328266
prefix_length__adjusted,pre_last,10,0,2.0651323911875235,0.10182422096964334,4.506524614283104,1.5771116205370952,3.1631310870643867,-0.2842074752101492,-3.890507743267476,3.0389327698602084
prefix_length__adjusted,pre_last,10,1,1.5458776698023007,-0.3521335430510272,3.292628785751198,0.9823197988272796,2.0678205302735737,-0.10203205298198721,-2.6434291068782048,2.787865938796503
prefix_length__adjusted,pre_last,10,2,1.6058138778389222,0.05280613359827002,3.3404706126801136,1.1968791838939068,2.0725526965683567,-0.1472751468516146,-3.235807726735503,2.6286114522983874
prefix_length__adjusted,pre_last,10,3,1.9867375712302542,0.2793145037340803,3.558784542746775,1.639506627305974,2.614214485320819,0.06061079845549209,-3.184103194928212,2.455994441264605
prefix_length__adjusted,pre_last,10,4,2.635944505006011,1.1932439674565356,3.947989276763038,2.40796888406941,3.143297773113138,-0.017112247479697463,-3.2162091626408107,1.9889973717636709
prefix_length__adjusted,pre_last,10,5,2.595447356498477,1.367280201281819,3.7360186429903712,2.3336886615444192,3.1137243773255943,-0.17136675435620613,-2.6259621713685957,1.496893915243729
prefix_length__adjusted,pre_last,10,6,2.4075645186479364,1.368585441822951,3.6009901906330297,2.03661993011123,3.0435523754740776,-0.1790094762083899,-2.3279645981321258,1.5026619786833688
prefix_length__adjusted,pre_last,10,7,2.774126298655085,1.6757362820934678,3.9466951231360152,2.447785536280698,3.384830506412245,-0.16055501737838038,-2.6136446665464566,1.4581369519738034
prefix_length__adjusted,pre_last,10,8,3.3377008473905936,2.232561270840146,4.443271055012933,2.8117949673026277,3.8257507210946557,-0.07958567061833473,-2.1731986591550285,1.8425527646788797
prefix_length__adjusted,pre_last,10,9,3.8526811953944553,2.6536461559397035,4.922857536761972,3.2197507249597943,4.301499876689955,-0.050727800152930456,-2.2147221172119096,1.820925158528153
prefix_length__adjusted,pre_last,10,10,4.322694135610566,3.0714212857459016,5.640799571050185,4.005699326897952,4.653213144962508,-0.0772494521170319,-1.9968793326548262,2.212500474507921
prefix_length__adjusted,pre_last,10,11,4.222594994172071,2.7626068186135737,5.41813282722068,3.862015884855429,4.7645581991496995,-0.0392987750327292,-2.3300793664903017,1.9470981232798532
prefix_length__adjusted,pre_last,10,12,4.602713649871017,3.2886831616920102,6.045152548464266,4.163942067178581,4.948558950605183,-0.015475186994777457,-1.9342215180938358,1.908333853078769
prefix_length__adjusted,pre_last,10,13,4.6405029791614005,3.488483954823682,6.274667542185238,4.33589331382922,5.1348711590871305,-0.07484822255074086,-2.044160321986953,2.261495397330265
prefix_length__adjusted,pre_last,10,14,5.023171413129456,3.606557345106068,6.430093159161909,4.7488219117052175,5.283823481927149,-0.061497848153858746,-2.04872784632462,1.9538355684484232
prefix_length__adjusted,pre_last,10,15,5.174567599832156,3.7095892119779257,6.516499487153265,4.743405775794103,5.548458182572181,0.01570586572431294,-2.1892557435803695,2.132995007513059
prefix_length__adjusted,pre_last,10,16,4.90586767541988,3.4791967817612277,6.299729778306073,4.518932532697876,5.433012272742355,-0.0711592899689872,-2.247017025594822,2.1495155353530437
prefix_length__adjusted,pre_last,10,17,5.046655464669263,3.61455515426215,6.5135005263334405,4.766983696423115,5.553339559666818,0.015405641517766555,-2.250391227244619,2.515529700685333
prefix_length__adjusted,pre_last,10,18,5.009104381349855,3.5287208444113025,6.6136429140960065,4.664591192345808,5.396926995449062,0.04776377351001149,-2.1279917980917546,2.041916312761789
prefix_length__adjusted,pre_last,10,19,5.157154054841336,3.7113597314334563,6.896223019405326,4.855080003029523,5.536162187702787,0.04027648716148209,-2.3998785754525858,2.2291220516454224
prefix_length__adjusted,pre_last,10,20,4.8966861911790085,3.5591153745053745,6.43571467102015,4.584197876722725,5.308948562137998,-0.016936609734546314,-2.2846847572486437,2.170087242104715
prefix_length__adjusted,pre_last,10,21,5.277198079930338,4.176562137222808,6.41353008632005,5.0247493125458105,5.759412449412119,0.006331842456646042,-2.015205284891872,2.12817498398541
prefix_length__adjusted,pre_last,10,22,5.789415786042652,4.743015775188772,7.0048911024950185,5.48225097727647,6.115987957517433,-0.0022863634702572798,-2.2422529277960668,2.1327417586622612
prefix_length__adjusted,pre_last,10,23,6.071658221846593,4.977653955324449,7.170377322831177,5.6661896993224765,6.280460841475514,-0.0375027856974038,-2.399572101613194,1.780041858890112
prefix_length__adjusted,pre_last,10,24,6.4840192546547115,5.265273840414324,7.604183384823464,6.225788996626012,6.724750988191247,-0.012494109288731958,-2.0455986573718117,1.7349839055123235
prefix_length__adjusted,pre_last,10,25,6.582297158145531,5.45049089182541,7.846789084886397,6.353209639780678,6.78227174355792,0.037365546666602835,-2.144168183821808,2.1134779811423434
prefix_length__adjusted,pre_last,10,26,6.476268633197947,5.225483327517147,7.746512269526556,6.171161004271772,6.72992581288729,-0.06076100462551546,-2.1660260124038273,1.6831212746959743
prefix_length__adjusted,pre_last,10,27,6.235009321475506,4.742071422143523,7.254312900297591,5.963433768340889,6.552413566830223,-0.09523407045977075,-2.4114731650935077,1.978922691767764
prefix_length__adjusted,pre_last,10,28,5.515777122681017,4.34822471832536,6.733960735352461,5.226386183549173,5.711306371929021,-0.13541143632121838,-2.2424945715144506,1.5230748201318827
prefix_length__adjusted,pre_last,10,29,5.897274035221205,4.821517499299707,6.976276120855358,5.584619018661544,6.081087557268041,-0.20980588776068743,-2.2919648782972644,1.6210124648626416
prefix_length__adjusted,pre_last,10,30,5.880214633508028,4.712843677012167,6.8740286267470205,5.619009876190579,6.098871073350039,-0.20016851693312382,-1.8787315278157284,1.7446614205533328
prefix_length__adjusted,pre_last,10,31,7.10581149504978,5.789761635712061,8.345514386360856,6.823520200979897,7.4417596792893015,-0.14106613943260146,-1.9367202501662588,1.8575813660347766
prefix_length__adjusted,pre_last,20,0,0.9462075139138962,-0.49766168999495114,2.814073927976539,0.6737831907328903,1.542791004184204,-0.09727177377175238,-2.2467275816974626,2.3778070297084644
prefix_length__adjusted,pre_last,20,1,1.013215605157387,-0.1823613439224141,2.316228126074517,0.6099269955889997,1.4470561957759398,-0.058031232308294586,-1.8167929058574286,2.009252031848894
prefix_length__adjusted,pre_last,20,2,1.0551310820458872,-0.09469540101663525,2.0935212326813475,0.7899678082079233,1.378344474404216,0.041606989352403145,-1.862354841446208,2.0339598503911183
prefix_length__adjusted,pre_last,20,3,1.501534970595537,0.33120214625953764,2.6300548490298086,1.322817470513414,1.843487660904338,0.06837664774394503,-1.6953857077259762,1.9634861513273063
prefix_length__adjusted,pre_last,20,4,1.92206284620618,0.8347680089495936,3.074993755656659,1.7159789595083497,2.2633483189236103,0.024771615283873217,-1.8024790558438202,1.80255902797966
prefix_length__adjusted,pre_last,20,5,1.8606827446250311,0.8906957020375926,2.941951826675563,1.6516912857526325,2.120944880811093,-0.03286063512060531,-1.8008108412997972,1.545144150460202
prefix_length__adjusted,pre_last,20,6,2.0641333343515105,1.1369557094988885,3.0712749749819737,1.8356445156317742,2.270631396817003,-0.033354247029846754,-1.6481105378947725,1.5627439865944344
prefix_length__adjusted,pre_last,20,7,2.359596527086682,1.454747334124521,3.3492803480768423,2.129282187820757,2.656352372425401,-0.05166604557926593,-1.7292045838440946,1.810218053805971
prefix_length__adjusted,pre_last,20,8,2.7982753629970967,1.822570748372303,3.819809472011333,2.5578565433202565,3.0075664479722315,-0.028673628188094314,-1.5828144423218165,1.7701940332733903
prefix_length__adjusted,pre_last,20,9,3.1852929193784285,2.2465052742536784,4.146746200437935,2.9268778082629288,3.4701042981093493,0.04299807530760051,-1.5541904917289475,1.8141805784431684
prefix_length__adjusted,pre_last,20,10,3.3402965510234868,2.4447345829045863,4.23907301105307,3.047957217683204,3.597631488911673,0.04540091220493414,-1.6500959702047167,1.8419335707483875
prefix_length__adjusted,pre_last,20,11,3.390345938390777,2.405177001520466,4.32432821763585,3.098896750678585,3.7072690505112638,0.02820324836729591,-1.6135852591620918,2.168021661103862
prefix_length__adjusted,pre_last,20,12,3.4324829307372524,2.4880941365613087,4.388523412332275,3.164538592826735,3.7543193553591587,0.025002189252862815,-1.6580269457552907,2.007687306165916
prefix_length__adjusted,pre_last,20,13,3.7542728653171826,2.894849477246885,4.8080263596226205,3.4801742627036867,4.04371146469207,0.00647199991274996,-1.886278980074957,2.1346568606919716
prefix_length__adjusted,pre_last,20,14,3.883899738319542,2.941774008225265,4.851982534637928,3.647562107250694,4.123149192168765,-0.024307893651718725,-1.689647894242245,2.0865664976210145
prefix_length__adjusted,pre_last,20,15,3.954928146747556,3.099542209940914,5.147603749116621,3.6764103879533208,4.170800213949204,-0.029618135058988738,-1.7825453259942325,1.9362768507176704
prefix_length__adjusted,pre_last,20,16,3.9287223336263946,3.092759348456412,4.929991068596545,3.572298108338468,4.232395352128413,-0.033165943991981896,-1.6399385367722514,1.9096278019258903
prefix_length__adjusted,pre_last,20,17,4.214121511599818,3.2892165785440644,5.2409645395411495,3.9100434252711884,4.473199987469139,-0.0007254593991200986,-1.906743474295595,1.9228956095275926
prefix_length__adjusted,pre_last,20,18,4.307285970201453,3.433017233308447,5.28039008759572,4.057375643443979,4.5349371258175335,-0.021585716222857942,-1.8645655007402566,2.1234544463094065
prefix_length__adjusted,pre_last,20,19,4.386680723799365,3.5257777287325,5.410519189505961,4.138055365192937,4.55256273000962,-0.07310753682026364,-1.6797177110016852,1.7421587057050238
prefix_length__adjusted,pre_last,20,20,4.516933704409104,3.6816527077023995,5.5716395096910984,4.268149062825008,4.650926583675892,-0.05734758019794881,-1.7464685460368552,1.6752419717081977
prefix_length__adjusted,pre_last,20,21,4.610834572070335,3.7380219303603006,5.592025289418339,4.38824185970397,4.784888838279113,-0.039443290548457854,-1.8130016791083445,1.5944389509515495
prefix_length__adjusted,pre_last,20,22,4.43394079507011,3.4937940034298713,5.243090276166041,4.186988441769587,4.590366841308316,0.019576025416823083,-1.851502969690585,1.6559704224312846
prefix_length__adjusted,pre_last,20,23,4.578872960539861,3.666315642206756,5.448100562590116,4.325141949861456,4.713967726592786,-0.014471967052432899,-1.6332781721024385,1.5409168296154494
prefix_length__adjusted,pre_last,20,24,4.673328984642944,3.8463897719894793,5.51273828110069,4.416708919717848,4.867316139793819,-0.0149159949156354,-1.5568334468172982,1.5074323645467007
prefix_length__adjusted,pre_last,20,25,4.852998695682034,3.95968181110409,5.792631750968386,4.58430242526079,5.037207630810646,-0.05961104185039843,-1.721568606522957,1.5000942953429357
prefix_length__adjusted,pre_last,20,26,5.103468553106804,4.113803089745407,5.897069637114331,4.811755260167774,5.275495138613784,-0.08840591286317279,-1.6398400993068385,1.7292000733157755
prefix_length__adjusted,pre_last,20,27,4.989901468471029,3.956605484341111,5.860048235688622,4.736745879517312,5.179014095052115,-0.107920353691813,-1.8673248555618454,1.6305604906439986
prefix_length__adjusted,pre_last,20,28,3.6287695888573324,2.775064341368607,4.309828644708999,3.4448695256722734,3.7888274248896154,-0.050624219040786775,-1.7009451783692005,1.2449963402245632
prefix_length__adjusted,pre_last,20,29,3.6643116326349543,2.825148935148001,4.485342296780996,3.4532978356834616,3.8553894656514087,-0.13161404745870814,-1.8248556255904866,1.3266048280535476
prefix_length__adjusted,pre_last,20,30,3.8934049750450686,3.025284247133238,4.636415102179907,3.652724580567809,4.022388863909859,-0.18616102329161371,-1.6014737196961273,1.3069687788171394
prefix_length__adjusted,pre_last,20,31,4.8080561851024735,3.755463335427002,5.617253838881263,4.568250331989265,5.0239198094278015,-0.12973520506532024,-1.4920045393235963,1.3744465266170103
prefix_length__adjusted,pre_mean,10,0,1.054433567488541,0.5289542315866018,1.5422075659807437,0.7340444101278888,1.2584509706101343,-0.016159315085068238,-0.8877789708794886,1.1971273420528852
prefix_length__adjusted,pre_mean,10,1,1.2089695975031067,0.6617949263316864,1.6772843879427448,0.9800135433957865,1.3197785339358001,-0.038874249764429346,-0.9092150418939656,0.8456346672155342
prefix_length__adjusted,pre_mean,10,2,1.0340748077945014,0.5385365951358332,1.5841172724217187,0.6576301066726065,1.3051453540680624,-0.011285517489518448,-0.652083352279899,0.7665306015208999
prefix_length__adjusted,pre_mean,10,3,1.2993067532365936,0.7743819600073875,1.9046862719627782,1.1299146390264359,1.4102700946112494,0.01897814200923731,-0.6438505977247917,0.8581909870922593
prefix_length__adjusted,pre_mean,10,4,1.0841074233984562,0.593299037508946,1.644097207473867,0.92345719209872,1.2470472642012451,-0.029196005701331674,-0.8981907152174807,0.7531111903284604
prefix_length__adjusted,pre_mean,10,5,1.2897095743442202,0.7981090653184268,1.8723715274733916,1.0789739365037787,1.3747983062312958,-0.017937069994368504,-0.7918423768333518,0.7391460845889357
prefix_length__adjusted,pre_mean,10,6,1.0604263658768291,0.44961905026756677,1.8191854156479235,0.9239249205740202,1.2025539308461386,-0.03948498380962284,-0.8226663986716423,0.7949260880115472
prefix_length__adjusted,pre_mean,10,7,0.9880245390542498,0.4184945749882785,1.5886339457385512,0.43867972644129005,1.163825469110964,-0.030210037848864047,-0.7952190563952061,0.7132003804386404
prefix_length__adjusted,pre_mean,10,8,1.08953630341714,0.4934710690804612,1.7057335800639124,0.9263049200383673,1.2660940297175107,0.0016010533847140795,-0.8760692393608174,0.8074466060162242
prefix_length__adjusted,pre_mean,10,9,1.0265042840548053,0.3974140102455478,1.662751570387978,0.8196227442566244,1.1946668108650862,-0.007701039759091111,-0.8415538548703173,0.8318223002465623
prefix_length__adjusted,pre_mean,10,10,1.145320564703255,0.5466749996747617,1.8804083941845833,0.9743042041453301,1.281697681733088,0.004808791168247994,-0.9244599461064016,0.8332993112756595
prefix_length__adjusted,pre_mean,10,11,1.382730281963151,0.7924148591416571,2.037056356003071,1.1844528269303107,1.5430366059482816,-0.04934187302858632,-0.6992914902828253,0.7522273154981455
prefix_length__adjusted,pre_mean,10,12,1.3263099702841739,0.6561398485163284,2.0409845397608954,1.1419357102740058,1.4678627361048464,-0.014289785500121787,-0.7689243143669844,0.8838629300028751
prefix_length__adjusted,pre_mean,10,13,1.3845079631830286,0.7742827370506432,2.0131698790378154,1.1938661672848672,1.6150641075141212,-0.01017573330526531,-0.6885714238162526,0.9879164548663287
prefix_length__adjusted,pre_mean,10,14,1.7700728681765718,1.1081638275196126,2.441984824326715,1.5705609625984742,1.8989290105016507,-0.023802424483607122,-0.9115352048186753,0.9184577340072075
prefix_length__adjusted,pre_mean,10,15,2.0455245863020908,1.4513772041179913,2.675204278979046,1.8865239523268627,2.219111958736086,0.0013208201395735308,-0.6699541208751935,0.8760623786060108
prefix_length__adjusted,pre_mean,10,16,2.1013043170193746,1.379420283685287,2.8075754419330647,1.988100416492469,2.240747134190853,0.029751683524277574,-0.6757210635385433,1.013514922924471
prefix_length__adjusted,pre_mean,10,17,2.1306400973683592,1.4039163863655082,2.757610637331372,1.9774791114606114,2.2920109559156727,0.03932047031028407,-0.7881549914643522,1.0138235545540353
prefix_length__adjusted,pre_mean,10,18,1.9424259401961428,1.3492564474262392,2.639962770940337,1.662517638549922,2.151329556308361,0.023622226627125077,-0.7348172728357791,0.9728789586585356
prefix_length__adjusted,pre_mean,10,19,1.7185669534802925,1.080139791492703,2.280945732510174,1.6239451615888134,1.9597145373984375,0.06814918435449416,-0.7170334102325941,0.9431634799662169
prefix_length__adjusted,pre_mean,10,20,1.7111117243560092,1.0924345851770751,2.2270237995405666,1.5852443815441586,1.8381353866354133,0.06156827180849515,-0.7362579678176879,0.9279651116244195
prefix_length__adjusted,pre_mean,10,21,1.5182119444909579,0.8367874471659835,2.0429692734173273,1.3382145700772339,1.6570905323572773,0.0545019118582567,-0.8264196619562472,0.9935590076555817
prefix_length__adjusted,pre_mean,10,22,1.6385452969487972,1.0827387569264273,2.2532101477247624,1.44213466725777,1.74189386956689,0.03130218067378434,-0.9198502427300905,0.7728896342445959
prefix_length__adjusted,pre_mean,10,23,1.7107119934729247,1.1258023275642255,2.2202253330681088,1.5229514242132653,1.810418740403219,0.006723160548061935,-0.8121919429845043,0.6780078058018921
prefix_length__adjusted,pre_mean,10,24,1.597179322878399,0.9950863093610592,2.0489375424031557,1.4364497659940945,1.7664965269493516,0.00045615987696351334,-0.7455915168929497,0.8136842789554599
prefix_length__adjusted,pre_mean,10,25,1.6125930436499982,1.0322501195165499,2.1594096811942696,1.4890262890543613,1.775146560690473,0.036790441155692376,-0.9568760762285157,0.7490133186000866
prefix_length__adjusted,pre_mean,10,26,1.4778006944297999,0.9354857755758935,2.0494408428139064,1.3486638800356048,1.7241885139227242,0.028113705314043412,-0.761947122799134,0.8228982703977039
prefix_length__adjusted,pre_mean,10,27,1.5125237917655279,0.9462351193299718,2.1757965243272013,1.3234667147854937,1.6187469057303807,-0.010218369666602134,-0.7936496323417022,0.797113395268761
prefix_length__adjusted,pre_mean,10,28,1.0353428842844932,0.5067665209474452,1.6206386088202716,0.8560197851845338,1.2065712215842026,0.022603862102987916,-0.877625509833949,1.041705602184827
prefix_length__adjusted,pre_mean,10,29,1.1538526164060694,0.5700940365250109,1.7825752209369246,0.8861743366005402,1.3546580257472962,-0.05545204234836502,-0.8677854499221146,0.8564970142643084
prefix_length__adjusted,pre_mean,10,30,1.1031499583925088,0.4804770047918365,1.6390832647106661,0.9755278919307346,1.2841700417535207,0.02261636600432789,-0.7177242238655016,1.0343493704428386
prefix_length__adjusted,pre_mean,10,31,1.1489321650298796,0.5952541452821467,1.7131817197357178,0.8882989182520653,1.3530457499979405,-0.06945680293860815,-0.8448929371708765,0.7939938243002013
prefix_length__adjusted,pre_mean,20,0,1.0285446911948921,0.6703841295270234,1.3896157783337533,0.8882413804280476,1.1477831808105161,0.016746671032914363,-0.6511442378451302,0.7549112138831034
prefix_length__adjusted,pre_mean,20,1,1.113571158229527,0.8251404692165049,1.4437794049380102,0.9612127660880565,1.1990089076899788,0.0007176267741517472,-0.5973777970233635,0.5616961909136238
prefix_length__adjusted,pre_mean,20,2,1.0699049734579655,0.7272945885250195,1.4625333045232836,0.9370068041281515,1.1389669518112533,-0.007945800196570273,-0.6427320158618066,0.5577672604852629
prefix_length__adjusted,pre_mean,20,3,0.8718122491579263,0.489026785650465,1.237604160868788,0.7660719034478666,0.9459297389915539,0.008474370314227953,-0.5634444734836425,0.6769540775447966
prefix_length__adjusted,pre_mean,20,4,0.9787334466040759,0.618561178881082,1.3467851710464809,0.8595747079808208,1.0476869039609293,0.008906473344673472,-0.5818021617713353,0.4325265858851227
prefix_length__adjusted,pre_mean,20,5,0.880757600876186,0.48214955298391593,1.1908192441181005,0.7528929613317641,0.9649427455113105,0.0059247328555136255,-0.5260965018474566,0.49872935442423655
prefix_length__adjusted,pre_mean,20,6,1.0555524915325067,0.6864280948532494,1.3989218797102871,0.9679861148098525,1.1129929190310515,0.001819984029866406,-0.491207745708925,0.5210560318361159
prefix_length__adjusted,pre_mean,20,7,0.9608851826252286,0.5234453148784612,1.341355753854349,0.8779631930350634,1.0355927181873272,0.015485121060424123,-0.5226528744771973,0.5962134143136035
prefix_length__adjusted,pre_mean,20,8,0.9863875827254246,0.5917855042028045,1.3603282709986255,0.7589639970840748,1.0462825294855278,-0.001261754026306594,-0.477678188517955,0.592187613165376
prefix_length__adjusted,pre_mean,20,9,0.946802863480102,0.573982240656595,1.3967544750569687,0.8644163625477189,1.0861131625116864,0.00012604384270631375,-0.5742593046817002,0.7137265722568207
prefix_length__adjusted,pre_mean,20,10,1.0632481361684567,0.6488220458235824,1.5274028205099308,0.9573803785087069,1.189006176730653,-0.005793431043342223,-0.6157863478403818,0.646299163232273
prefix_length__adjusted,pre_mean,20,11,1.146632583057009,0.6914011335966941,1.5507747856002738,1.0372331883921944,1.2441627154672976,0.01329452374658131,-0.5905676399542437,0.7195075204857131
prefix_length__adjusted,pre_mean,20,12,1.3150642464478575,0.8326702504513804,1.772953993511857,1.19541494258466,1.4153082288908452,0.002432714241002265,-0.6542146616308978,0.7451499106957395
prefix_length__adjusted,pre_mean,20,13,1.430278200458716,0.9866075280433582,1.857236111006114,1.3232203545024994,1.546757465547348,0.013056281060981135,-0.6575828672052315,0.7112977468037022
prefix_length__adjusted,pre_mean,20,14,1.6666772099298943,1.1986273801376965,2.1357729839730357,1.5625882833887466,1.7457220804222224,0.027911691490867096,-0.6333679693904694,0.7308716567423704
prefix_length__adjusted,pre_mean,20,15,1.7284879341718409,1.2949827078899325,2.208949516247542,1.632741668043923,1.8203486901029038,0.035209819948619735,-0.6726266746891667,0.7461382739185419
prefix_length__adjusted,pre_mean,20,16,1.800454853897674,1.3257830898289633,2.2160661319786867,1.6766292764461197,1.93067767499423,0.01580258621769992,-0.675616543397048,0.7230858072869771
prefix_length__adjusted,pre_mean,20,17,1.7935449937601833,1.3274407544596654,2.246592405172558,1.665479389779763,1.9418051867046502,0.026709937043500463,-0.585418439788725,0.696299650024714
prefix_length__adjusted,pre_mean,20,18,1.6381137685607834,1.1887365399297223,1.998340508526884,1.5382805348544055,1.7912850263140345,0.022824398073838337,-0.5549928644380063,0.6476150826108227
prefix_length__adjusted,pre_mean,20,19,1.6051680872161127,1.2003032787622772,1.983517286142525,1.5075636595651856,1.74360520300007,0.023736553287247462,-0.6146373167610651,0.6725376164330007
prefix_length__adjusted,pre_mean,20,20,1.4804546706365864,1.0853955420577506,1.851284115312855,1.3982805768016484,1.5969290411121133,0.021192948472207717,-0.5626841868925682,0.6442738920039687
prefix_length__adjusted,pre_mean,20,21,1.449226286724871,1.067798413195097,1.8762244062962778,1.3517168897047505,1.5344880007915054,0.0371606432735931,-0.5981703405597799,0.6425421994254383
prefix_length__adjusted,pre_mean,20,22,1.3429377092244081,0.9354507284645857,1.7567792254751042,1.2388241836755858,1.4348864788258053,0.029184102075660755,-0.4836493107778007,0.6708074486749968
prefix_length__adjusted,pre_mean,20,23,1.34477490568382,0.9125733922712531,1.7342030477974273,1.233957808849293,1.4545888964434512,0.020274397356866092,-0.5702157171135329,0.6784162949445663
prefix_length__adjusted,pre_mean,20,24,1.3509106401025741,0.9378598452030149,1.750671100043295,1.2777996252731518,1.4196549535773841,0.00203719165979388,-0.6040363503349462,0.6768666107225786
prefix_length__adjusted,pre_mean,20,25,1.3910345971140148,0.965403428991854,1.7881458854998047,1.3067926715993923,1.4594444278653962,0.0017889192718946179,-0.5835707992019631,0.6446247944563767
prefix_length__adjusted,pre_mean,20,26,1.2346032883567695,0.8124361774128808,1.6419875193617786,1.1476727259524389,1.3238316177020963,-0.007829134894786094,-0.633495808954941,0.68512702528866
prefix_length__adjusted,pre_mean,20,27,1.1310502638311644,0.7472183800993102,1.6116420969158398,1.029036339525813,1.19559127705029,-0.011335376104043693,-0.6492663674110781,0.5761887448161378
prefix_length__adjusted,pre_mean,20,28,0.8630472242597574,0.45385454945248466,1.3005839916271003,0.7582574403930813,0.960680417542391,-0.002916847429360203,-0.5843286249018598,0.6078593291799398
prefix_length__adjusted,pre_mean,20,29,1.1031412385507147,0.7282606655197185,1.5502033873970127,0.9894504483344791,1.1703281175101523,0.012328464541008045,-0.48835373726700076,0.6390865780907619
prefix_length__adjusted,pre_mean,20,30,1.190004457748826,0.7047091602480087,1.5842442260160807,1.0483733963923183,1.254620947573065,0.03622652742674759,-0.5521631349287502,0.6919697764569255
prefix_length__adjusted,pre_mean,20,31,0.9111258876869163,0.5174324198704168,1.253379192260672,0.803119940792915,0.9789480382279422,-0.03012666763982299,-0.5257509154518125,0.6466923713215799
prefix_length__reference,finals,10,0,1.363582928842738,-0.9096487472653643,4.158759441754627,0.28808713141725645,2.0448385506527207,0.08687529436020283,-3.6306807790425095,4.227272279219024
prefix_length__reference,finals,10,1,0.0038744558276606017,-2.811916407738111,2.814164276209482,-0.8373146455551123,0.5788465050414042,-0.08049721165005205,-4.530148679006422,3.9987125136655135
prefix_length__reference,finals,10,2,0.4375014850105421,-1.959068291011607,3.130964762317817,-0.040712012973400276,1.2188892275737564,-0.17064113804401493,-4.139282032569533,3.9485510665151478
prefix_length__reference,finals,10,3,0.4570581995249682,-2.027096979056861,3.0805088149679567,-0.4973526301627457,1.1445073149243288,-0.14162434096089718,-4.215577581297701,4.576189091323727
prefix_length__reference,finals,10,4,0.8528321138324785,-2.109587147678703,3.361561425210555,0.035206007511176904,1.2802495394829767,-0.1475348072826675,-3.89289360920665,4.239266539072184
prefix_length__reference,finals,10,5,1.2244297720254849,-1.3240143822085098,3.901246729806724,0.7942228905022968,1.5820075792360184,-0.1954015170395745,-3.5996926376944574,3.9424015000249706
prefix_length__reference,finals,10,6,1.8977451879941352,-0.2219816462252038,3.7346524231848712,0.4655440208766765,2.297474576190863,-0.04117980962581562,-3.515103204228149,3.5667981817423273
prefix_length__reference,finals,10,7,2.164626191635867,0.10498045772648706,4.698515718439893,0.9976276550811041,2.801958342027391,-0.1316102934407346,-3.177608667579508,3.3572509174348943
prefix_length__reference,finals,10,8,3.060210405435686,1.0252418398399001,5.27033653792927,2.1660345784464394,3.4990671802952904,-0.1479678408024876,-3.01616528856655,3.067639711064399
prefix_length__reference,finals,10,9,3.1038858731073513,1.304988193865906,5.178569174256899,2.4595421548591094,3.6269542434505713,-0.11039289282394855,-2.6918164688544546,3.1713180019603358
prefix_length__reference,finals,10,10,3.144543473828435,1.2854118617330335,5.214263008071463,2.332555768165755,3.7417557375237442,-0.07830486639928944,-2.7894111013854994,3.0616464515780244
prefix_length__reference,finals,10,11,3.1676877511650705,1.4714521037576582,4.976018066892898,2.6656121381679716,3.651716788709812,-0.053121890801888005,-2.6524568188145565,2.6230568313178466
prefix_length__reference,finals,10,12,3.7128500983241017,1.6211892494106954,5.512244817683212,3.3811420238851495,4.10906814846429,-0.02139735099245841,-2.1858575769594166,2.6970156930761804
prefix_length__reference,finals,10,13,4.176501958222456,2.644687350255625,5.695249334545337,3.9978538381086737,4.554159365365195,0.06492712822006838,-1.9812687901827946,2.4155017773722904
prefix_length__reference,finals,10,14,4.534050117728666,3.02478835275267,5.9569064299554935,4.3135626386884685,4.822794155378365,0.15958532931607977,-1.9568738848981855,2.8628752018118613
prefix_length__reference,finals,10,15,4.612906603813996,2.8001895435816935,6.2586657635599545,4.392022907717094,4.976159298655818,0.12211286946289315,-2.0545729317426438,2.5698120307488317
prefix_length__reference,finals,10,16,5.059656132943415,3.274274218185873,6.761283352584729,4.879835594751007,5.346322925598882,0.08279130065626031,-2.1442285537362498,2.5931263247970207
prefix_length__reference,finals,10,17,5.120947090442249,3.3275191142003124,6.673754966377126,4.907539598749895,5.373240836979519,0.05449982138809517,-2.224221745006735,2.5622574522269734
prefix_length__reference,finals,10,18,5.161900672659621,3.4966243569905746,6.820638524763308,4.971403113066657,5.48741170376836,0.05462821413561829,-2.2694681363601013,2.5714630004771926
prefix_length__reference,finals,10,19,5.120129838970687,3.5364740274349145,6.7884023239740525,4.9558872239978,5.453968417722373,0.03775380039079734,-2.2003227870081625,2.348221322369447
prefix_length__reference,finals,10,20,5.120580319616783,3.4528738268829255,6.815676629103367,4.860236316737912,5.432342942365769,0.08015876995159185,-1.9273858038563618,2.4219750715624917
prefix_length__reference,finals,10,21,5.245094834998071,3.6728205626389334,6.867423590777644,4.990159441703591,5.557667945294852,0.0016051662787836206,-1.8493483873523062,2.077119757359109
prefix_length__reference,finals,10,22,5.217164995888745,3.437160486319022,6.84348886958949,5.050507172889507,5.5393966357055415,0.028990727282504247,-2.0717034562115137,1.9425327202170635
prefix_length__reference,finals,10,23,5.355211866667123,3.7310290532225707,7.077919789727685,5.114423140025361,5.6749555982416,-0.0006797225236621518,-2.4855095388996578,1.8498465238204993
prefix_length__reference,finals,10,24,5.5465155582225885,3.914588267941897,7.24512901358033,5.259718535340394,5.925169077614026,0.006209938385130264,-2.746235238660152,2.234899026174006
prefix_length__reference,finals,10,25,5.5212831360978365,3.7320404274985686,7.3679400866285505,4.995368888609046,6.124050086804604,0.04019144030349806,-2.7118663961976535,2.199251263490982
prefix_length__reference,finals,10,26,5.524580026720636,3.7828872206205926,7.085732954145495,5.265084794262953,5.955643572649586,0.06652081065496289,-2.781494550335653,2.3412741649278326
prefix_length__reference,finals,10,27,5.6997703604163945,3.727365182597966,7.210611582707028,5.1831373734568125,6.227106852504321,0.07896709046310017,-2.502103192251739,2.5971508155463283
prefix_length__reference,finals,10,28,7.249198148133356,5.787438002315491,8.664807077514661,6.903958836668336,7.602408433448499,0.01995837270381373,-2.156189539470784,2.2717191342468634
prefix_length__reference,finals,10,29,6.327506257361715,4.791388594396807,7.941585840951494,6.0634789967285565,6.655882255997852,0.08805166661629378,-2.2264099462613753,1.7703431599828139
prefix_length__reference,finals,10,30,6.999917839723062,4.9505657730923796,8.551501032817708,6.63241960601975,7.419036395329963,0.003228505033396045,-2.8348628641928775,3.037457147339746
prefix_length__reference,finals,10,31,6.539009758914066,4.66855029578117,8.230591952694587,6.12730338849333,6.986245301650589,-0.13773122559003217,-3.8916301142693928,3.155841599839186
prefix_length__reference,finals,20,0,1.566383522599025,-0.33855446823448615,3.965260385433192,0.6551811218312239,1.922764369324977,-0.0866586908610584,-3.2572775889028285,3.22768094102172
prefix_length__reference,finals,20,1,0.7945597143584692,-1.0038746580249982,2.8621277062427546,0.3810710028788505,1.4925019259921937,-0.07757189641573219,-4.43120707071437,4.3750804788579405
prefix_length__reference,finals,20,2,0.9779643645429381,-1.0636959298590907,3.02365399880269,0.5176676395672462,1.6730502872386117,-0.28454500214818423,-3.5825652507787455,3.123122863367249
prefix_length__reference,finals,20,3,0.6520319708776702,-1.3183949460711522,2.7182335289429322,-0.557545247592218,1.7338818659160387,-0.2800258340680607,-4.5892951572359735,3.535113245838221
prefix_length__reference,finals,20,4,1.5967239591779296,-0.09299348701533061,3.5712880124771758,1.3190852751311068,2.0434012968889936,-0.252376784023397,-3.833146887780366,3.061471292364995
prefix_length__reference,finals,20,5,1.6352905478376123,0.034117897630609045,3.515887240998481,1.3107406721062118,2.0628752221029694,-0.16461865663237152,-3.304037632892444,3.0257420811647875
prefix_length__reference,finals,20,6,2.091604256045486,0.5409793935280314,3.62653495755375,1.2219604319683866,2.3955773287915823,-0.17162978677837853,-3.140661186465718,2.9111123581653704
prefix_length__reference,finals,20,7,2.9274644510090764,1.476822028833487,4.650351097120884,2.305185512515757,3.1793934440659424,-0.1828891629768163,-2.538185263837853,2.5135021287120334
prefix_length__reference,finals,20,8,3.4501881597632,1.9664767761204713,5.099730283803117,3.130250111003654,3.715955935908338,-0.19735620035335205,-2.374224990273286,2.2981296408478427
prefix_length__reference,finals,20,9,3.5231123152580506,1.9950959138211135,5.0746929830847085,3.271629240743443,3.8460614558766153,-0.1066558129057229,-2.359859246776002,2.5306929017446382
prefix_length__reference,finals,20,10,3.7206640640207715,2.21914156468111,5.254922413999421,3.419020935870021,4.009340979432352,-0.03160475989254245,-2.293056611804178,2.476235388033433
prefix_length__reference,finals,20,11,4.124454984474328,2.6500316936524495,5.877633040990618,3.9070700672342498,4.477443704833932,-0.03260686866563907,-2.1982460987621124,2.3349506863478644
prefix_length__reference,finals,20,12,4.485120919451267,3.0794803429279756,6.076361214735457,4.259985807266844,4.786931600402735,-0.06813250868603901,-1.8324751531077,2.328347767913104
prefix_length__reference,finals,20,13,4.953642222810686,3.5043129879690738,6.556713864315312,4.735106613419436,5.270011966040164,-0.05051760054942842,-1.9665311095801716,2.024843556033581
prefix_length__reference,finals,20,14,5.004594908428621,3.703864528532319,6.499315337167762,4.799495284597075,5.3652416997749866,-0.02969249171180035,-2.0141484840037496,2.165456284039393
prefix_length__reference,finals,20,15,5.2868575372681255,4.011252110805816,6.764496368127379,5.0905506108068135,5.689612133624643,-0.039790045035939504,-2.0793971060357994,2.146472414070685
prefix_length__reference,finals,20,16,5.68180459840316,4.279972963248443,7.067448481779543,5.466011387991277,6.0636277304357815,-0.017317125490842945,-2.204906524104056,2.163653499499309
prefix_length__reference,finals,20,17,5.9000953233125,4.628487293618029,7.418259330109821,5.7159781382120185,6.207356008583768,0.013268973845430087,-1.987482568446305,2.075371392043839
prefix_length__reference,finals,20,18,5.773523165447906,4.5371965797431795,7.177166065458096,5.608798951163256,6.129748083582655,0.01843454842530461,-1.8409147554739385,1.8678120070595656
prefix_length__reference,finals,20,19,5.894241115855239,4.50918049536531,7.347638205871326,5.752564117059718,6.181092057702639,0.013164971663983139,-2.0826071610185175,2.0753582639996075
prefix_length__reference,finals,20,20,5.923791510837343,4.549552017693476,7.278665978325576,5.765515565866385,6.224592866876899,0.014735011984352963,-1.9898576400065813,1.8408510247045704
prefix_length__reference,finals,20,21,5.958125451637381,4.763981386256916,7.23701977979298,5.787320186660056,6.254193015156257,0.013851800052477348,-1.8924548273803066,1.9363348535473717
prefix_length__reference,finals,20,22,6.364155474055343,5.029970834534708,7.855789139459883,6.174185660792753,6.669410802016946,-0.04408595640423192,-1.8340707083627052,1.6795479128360347
prefix_length__reference,finals,20,23,6.241383817461628,4.861655715726944,7.510004511108778,6.048393193840778,6.524378189615691,-0.053496076012823315,-1.950153420717677,1.4737214307263722
prefix_length__reference,finals,20,24,6.65741714666527,5.298093230124724,8.00028920813865,6.440057398336478,6.930930222453081,-0.020589190058352712,-1.9369933337788794,1.6339406582600537
prefix_length__reference,finals,20,25,6.533921683880602,5.0603856462073935,7.863525511686413,6.29363748087768,6.860520446399979,0.008363530768700844,-2.233569094423635,1.888745938216947
prefix_length__reference,finals,20,26,6.266203787598233,4.773611790685782,7.567422001385236,6.066985030627186,6.5918267880295796,0.0028393642970550915,-2.268049284284132,1.9484059435277206
prefix_length__reference,finals,20,27,6.309563977297097,4.894331121639887,7.7014907910121435,5.968268605277606,6.5741929343655,0.0011239730688964223,-2.3370146216913605,1.9485286912584496
prefix_length__reference,finals,20,28,5.6960860658758845,4.594911995295882,6.837749677837722,5.400814158248172,5.959685657688319,0.007633052303910514,-1.7289325630685917,1.6063294015512106
prefix_length__reference,finals,20,29,5.854224293557932,4.682819583427478,7.00909354442654,5.572868331662979,6.106555484084194,0.06262691188598093,-1.6916528264509898,1.7073953414666205
prefix_length__reference,finals,20,30,7.06108479724123,5.782549086274851,8.309509193583104,6.660680733126606,7.302976765396715,-0.020422440667278385,-2.5494091865302697,2.137486010591675
prefix_length__reference,finals,20,31,6.097963653695144,4.6189059280545575,7.250096339640388,5.692034214753642,6.4589315889476495,-0.16563045503882692,-2.8857543158170538,2.2937926355053424
prefix_length__reference,means,10,0,1.3128186165149516,0.7263935048787454,1.974422527411211,1.0453144095565687,1.5764730833551845,0.038454125596244004,-1.1027882674145026,0.8402996326759833
prefix_length__reference,means,10,1,1.621974417538031,0.9932559893941568,2.299512367407374,1.4502360614918224,1.7036951325145013,0.020430256427726223,-1.0133917136233566,0.9717539251544279
prefix_length__reference,means,10,2,1.5505568292022942,0.8744738246059695,2.234115141825678,1.336443376018717,1.6547303037147334,-0.03680379576600938,-1.1854380222677905,0.8967021900236052
prefix_length__reference,means,10,3,1.4546472150016654,0.8063615661569763,2.102539811855326,1.2968661790476115,1.5407182648452988,0.011334128383849063,-0.9375142670943456,0.7966860697528915
prefix_length__reference,means,10,4,1.1581854908311575,0.6083474248412557,1.8395912238899284,1.0099910414797335,1.2875871691355472,-0.013355612890209766,-0.8137243976242939,0.7480770145492928
prefix_length__reference,means,10,5,1.0810022285839547,0.5158252397115978,1.767400012259962,0.8159399711365225,1.2254680974823637,-0.005662257616726074,-1.042995682101853,0.8440135001250492
prefix_length__reference,means,10,6,1.1022751580844026,0.5227318704613886,1.739520363946517,0.9196970435604113,1.2022763636720202,0.02641198634155708,-1.1311521128149273,0.7772782160906767
prefix_length__reference,means,10,7,1.1044359509820283,0.5118105309051444,1.7418970081678762,0.880651212346471,1.2305994725757838,0.02843878714278405,-1.0604757716899154,0.7157625158319136
prefix_length__reference,means,10,8,1.0824189929695482,0.4954896232674952,1.739561977997223,0.7633388997596039,1.1953851159651605,0.04493979228888036,-1.0697066356037777,0.8445697349697459
prefix_length__reference,means,10,9,1.2384703077001642,0.5607162282583459,1.8709164705444514,0.9791207099263233,1.3870210746104308,0.016488673105624695,-1.2368090047702234,1.1494671465037558
prefix_length__reference,means,10,10,1.2520690154139336,0.5704257891783056,1.8228077130352807,1.0462801993515511,1.3838594057680738,0.012335587010702009,-1.3952053220010172,1.1266075502133581
prefix_length__reference,means,10,11,1.2852424433167675,0.6195684975271771,2.0561477328087885,1.1398455320512633,1.4166632517747866,0.024551692969238224,-1.3978363838070473,1.2814561358485037
prefix_length__reference,means,10,12,1.5470078870988613,0.9169073996688986,2.249773646142472,1.327043966527452,1.637250032260397,0.0312944957523519,-1.4661753028323348,1.1359282996207587
prefix_length__reference,means,10,13,1.6686153404741153,0.9948666942189386,2.4302839499791595,1.496457830327473,1.7784693976653065,0.04491818857930523,-1.0725481783613615,0.9705014816148513
prefix_length__reference,means,10,14,1.7974036123749002,1.1682779233149954,2.6257661651823154,1.6562412764474013,2.005694494974903,0.057628088357723685,-1.227763599202221,1.028596250229616
prefix_length__reference,means,10,15,1.9868301050976753,1.3387939877875825,2.748064460453645,1.8626924608623219,2.074054993317953,0.047193186916669426,-1.1091045730495108,1.1131461081683887
prefix_length__reference,means,10,16,2.108763405093889,1.3774843961079104,2.930131849647767,1.9595432924380942,2.2160438534513975,0.029437375731866312,-1.0006304437987579,0.9366164394816308
prefix_length__reference,means,10,17,2.1042309468188316,1.4445924532582957,2.9046739693304144,1.9225109144236432,2.210199043387859,0.029330650020176142,-1.0755206594363536,0.8614890091494141
prefix_length__reference,means,10,18,1.9518454076963196,1.157148580134204,2.6621682693412585,1.79752659618475,2.076479109407986,0.011861550914346975,-1.0673882457765536,0.9361669908952455
prefix_length__reference,means,10,19,2.023807237179966,1.4273982143761295,2.814149209893434,1.897852058162972,2.12019228885624,0.011594225611060605,-1.148284467457071,1.0211557473055377
prefix_length__reference,means,10,20,1.9037467981846903,1.3097120487216043,2.6605526203987724,1.7681001911111163,2.018880697224413,0.010607480693390547,-0.8503376388077316,0.7552902603868148
prefix_length__reference,means,10,21,1.7335143687046335,1.0881765261483578,2.5077874355652936,1.6119990243708517,1.8428320898675787,0.026788524475540178,-0.9808050589257934,0.8246142914711913
prefix_length__reference,means,10,22,1.7487787367982184,1.1035729353185049,2.493857968465882,1.6161537045619054,1.8276567678187268,0.03185513066063693,-0.8573804933226149,0.9145169533938843
prefix_length__reference,means,10,23,1.743801712163633,1.1736071842295996,2.4533112412299656,1.58933306738408,1.822435565854331,0.017803249909563123,-0.8214213816045453,0.9798782464908565
prefix_length__reference,means,10,24,1.5833408537352758,0.9554562053623752,2.194213165749725,1.4021588011708352,1.6577596684613765,0.017611350383203384,-0.7716781702094094,0.9868733850386587
prefix_length__reference,means,10,25,1.5940227447083355,1.0391534624323482,2.230300931577536,1.4597421942983313,1.684320766410219,0.046112581081034866,-0.7323345693393924,0.9491947669006471
prefix_length__reference,means,10,26,1.5977141671045245,1.052976967166124,2.246038057028634,1.4287541988837569,1.6799471152514842,0.04388922891574115,-0.8651246743244922,0.8080063644068568
prefix_length__reference,means,10,27,1.2550963134114719,0.7356937330784381,1.94950962992884,0.96550612599289,1.4742965679113371,0.05608497233808914,-0.853464791601659,1.0445377313698958
prefix_length__reference,means,10,28,1.3786988308128436,0.7330547955964638,2.09681388828556,1.247716478694849,1.4903865261703373,0.04044507879648401,-0.7521034678085331,0.9395978580619869
prefix_length__reference,means,10,29,1.2567440449085123,0.6188155301844485,1.9086677806234928,1.0687327057477398,1.4119718814081945,0.0803340711277579,-0.7841567938752956,0.8345328835947148
prefix_length__reference,means,10,30,1.1224377698121724,0.5841944433816719,1.7184681297477198,0.9692358930096058,1.2518588239833854,0.01177712683274521,-0.8284528339067201,0.90990861080818
prefix_length__reference,means,10,31,1.4188206646359984,0.6820574486452603,2.0528187767450325,1.1676203837634944,1.5320771746069102,0.035057853659965096,-0.9587127509938406,0.7387841371755899
prefix_length__reference,means,20,0,1.3320946288131716,0.9599289052218303,1.84391033207842,1.2012585472045625,1.4160634987339646,0.0532345419944259,-0.7309357059925601,0.6876563202943972
prefix_length__reference,means,20,1,1.2536411442678836,0.8291566265992134,1.7230879532049335,1.1149552964137102,1.3445773398779295,0.04181436880911269,-0.6986430394629953,0.6724093939353818
prefix_length__reference,means,20,2,1.2177164684678035,0.7607646113273963,1.7430737584297005,1.0907037371612907,1.2778377535370908,-0.0045736160875842645,-1.0458958318350713,0.5958151040608204
prefix_length__reference,means,20,3,0.9891681447750692,0.5621375352585619,1.5298086633644112,0.8920121316007429,1.0468974981199382,0.01163618037194114,-0.8440509440633575,0.6003384568329018
prefix_length__reference,means,20,4,1.0757625009542402,0.5999076272060001,1.5789110961703985,0.9697119544723136,1.1344052430723077,0.008986729239044889,-0.7831125997121183,0.5035709395832813
prefix_length__reference,means,20,5,0.9340386767485059,0.48456153594341045,1.4008774277044542,0.8279034259525131,1.018732903731614,0.009749812201561524,-0.7891868701518039,0.58454642799634
prefix_length__reference,means,20,6,1.0617673512704833,0.5313000342230378,1.5315801794094441,0.9453420393710872,1.1713874997458402,0.029411125934598693,-0.7298604518626004,0.6182466493908767
prefix_length__reference,means,20,7,1.023362806171132,0.5016980266670752,1.4578063031948365,0.9347301506036468,1.1053820645038654,0.05123227392923289,-0.6902097390765936,0.684328749863213
prefix_length__reference,means,20,8,1.0768730509575213,0.6242667953997185,1.5537233422710806,0.990177407171579,1.1431760849763744,0.07388209770436627,-0.7151223778084739,0.6341153393155029
prefix_length__reference,means,20,9,1.067299290783637,0.5892787520912323,1.57494859795624,0.9581611463355786,1.1546645144009797,0.054254291896771514,-0.7510943701407804,0.7088642646401595
prefix_length__reference,means,20,10,1.1480498131908703,0.666110101761028,1.718224142852383,1.0482464547780652,1.2195803235191172,0.03968946594215943,-0.6907982385758419,0.774900359304547
prefix_length__reference,means,20,11,1.1711977192645617,0.6865148055519426,1.734079197074373,1.057725071186692,1.2330463416945154,0.01046856244625236,-0.7357485039965228,0.7760804890526267
prefix_length__reference,means,20,12,1.2270735347016943,0.7701082938249777,1.7625773158306284,1.092582922197504,1.3053539916551267,0.02682450252822577,-0.6523802025409227,0.7162548070416586
prefix_length__reference,means,20,13,1.302176393855746,0.7842703597555662,1.8527861432281967,1.1738603073258278,1.4120964861632104,0.022815734266332634,-0.6924996835306398,0.7788499693110499
prefix_length__reference,means,20,14,1.5463133419592552,1.0598945552074552,2.0910088645440363,1.414295499165232,1.6793164591968746,0.015103552389878682,-0.7662809906952177,0.7147757544430874
prefix_length__reference,means,20,15,1.564541250966297,1.0174988211388751,2.073660530847592,1.4430871820159132,1.6813452847909596,0.0005592355843765606,-0.782980230530902,0.7006455602567081
prefix_length__reference,means,20,16,1.7283335309437708,1.2175909348468748,2.242087794256371,1.5890269358008633,1.8441056172883528,0.015098577223611654,-0.8578846234857233,0.7424114514890061
prefix_length__reference,means,20,17,1.7625577969235526,1.260136917677703,2.228174020665278,1.6056401396587205,1.8359852821687825,0.018014910918847927,-0.7670590186403093,0.6982172426398705
prefix_length__reference,means,20,18,1.6635087368764587,1.1275120404753751,2.1146929279849593,1.5331815160724902,1.747298841658839,0.016094382637837534,-0.8170681806848205,0.7241477204311937
prefix_length__reference,means,20,19,1.6144836524486357,1.1726314235957571,2.048786890768463,1.4733831364107144,1.6738073823768558,0.010704149745630387,-0.6695319652877586,0.6406082101794223
prefix_length__reference,means,20,20,1.553389073098963,1.0834357918544808,2.0430173880876397,1.3982044767597503,1.617865345579435,0.012290713086743676,-0.6344242028693426,0.7012577895875465
prefix_length__reference,means,20,21,1.5325598527024196,1.040673470274416,2.008958023237211,1.414862024446119,1.5911456876105026,0.01686834566344737,-0.5466242325818524,0.6508169058451309
prefix_length__reference,means,20,22,1.3622146190771336,0.9061057365143825,1.8376022512838597,1.2665202404866345,1.4303120910497298,0.00886671861775865,-0.6431130355545129,0.698996910822054
prefix_length__reference,means,20,23,1.349099518677408,0.8528078393416946,1.801906452436852,1.245785063255838,1.4166226301421774,0.005419727074293191,-0.6377957401662221,0.6844196647780654
prefix_length__reference,means,20,24,1.3629721776649653,0.8578357167173144,1.8525441964201694,1.2715379438513175,1.4175083084841593,0.007209895184431425,-0.6795876277763255,0.6102148758424458
prefix_length__reference,means,20,25,1.3907129471786146,0.9242987831039979,1.8869624911404883,1.3090218277041816,1.4485136770345366,0.025194251002066605,-0.6592357240255837,0.6637092226660702
prefix_length__reference,means,20,26,1.2948831694699812,0.8495379729784789,1.742860138216101,1.212597115088477,1.380621036745538,0.027891577036033798,-0.7221573676672105,0.5793789786023917
prefix_length__reference,means,20,27,1.1983749986888983,0.7305901780384964,1.6247417870104035,1.113966642425011,1.2857335153686884,0.01781749325016535,-0.5681664298709489,0.5627159376500324
prefix_length__reference,means,20,28,0.9437643039707913,0.3908823325900762,1.367140199085757,0.8239624708864123,1.0519889282032315,0.01860116819659734,-0.913557793314111,0.7074982645704672
prefix_length__reference,means,20,29,1.0899716879532693,0.6594691055416557,1.5420722443336035,0.977463583340437,1.162169351149601,0.06374160657429495,-0.6946009016856887,0.6498304069262179
prefix_length__reference,means,20,30,1.1332629892511323,0.7090189311719661,1.525588783579253,1.0128184477014,1.192570324597891,0.029556690769435966,-0.7385283232918725,0.5844146602844442
prefix_length__reference,means,20,31,0.9690678775823365,0.4538680490247462,1.4250807125489964,0.8581263425492207,1.0401744520426495,0.012781112347657442,-0.7105016453665606,0.5808954760855872
prefix_length__reference,pre_last,10,0,1.8773739176068567,-0.5248192845316747,4.472515583038603,1.313267233427818,2.684138720591842,-0.016764966040136865,-3.993904839628448,3.1734968906025127
prefix_length__reference,pre_last,10,1,1.7957502383678905,-0.2159193961816562,4.292740761893692,1.296057461075312,2.340689083271456,-0.13625829901101855,-3.2482338016313093,2.690146791228506
prefix_length__reference,pre_last,10,2,1.8161394448245636,-0.007814571670577305,4.095220575055935,1.4047844522575812,2.1541635346249146,-0.029849655226790683,-3.0615921572008364,2.2510982288757866
prefix_length__reference,pre_last,10,3,2.1415799311017993,0.571645255799006,4.306494736648251,1.8187947450319755,2.745084727346095,-0.004220808608513815,-2.4664593028737043,2.6241981909790875
prefix_length__reference,pre_last,10,4,2.6018059121824746,0.9958939983785563,4.729338436071695,2.3318115318061183,3.1110166505041437,0.053175963337023256,-2.636030146227369,2.534184454183292
prefix_length__reference,pre_last,10,5,2.2585339352551963,0.7988663273780864,3.7256882193172207,2.069156751011503,2.824470337086701,0.11599997239682017,-2.2181262821639947,2.0578640391670167
prefix_length__reference,pre_last,10,6,2.2925594946811247,0.8946184076723043,3.7386177434627417,1.9545783783952946,2.813305603964492,0.048483678204231606,-2.0211703771695237,1.9729264599856176
prefix_length__reference,pre_last,10,7,2.7511302815994374,1.3869013078955081,3.919103796986327,2.4360924447845367,3.28327851926071,0.016846718885591794,-2.2743448110267783,1.69445826551267
prefix_length__reference,pre_last,10,8,2.9707543046580533,1.4246864082798205,4.1333999843189035,2.584671329989613,3.423293925744677,-0.09712667551269016,-2.769652847935162,1.901762224051636
prefix_length__reference,pre_last,10,9,3.5893482395635403,2.090204551940552,4.8120344986183134,3.1336019159573407,3.9477879821287685,-0.04055472900805683,-2.440790456018237,1.7460113543184794
prefix_length__reference,pre_last,10,10,3.8954572466912127,2.351076754045091,5.2368841729261355,3.6034382157855944,4.206293436065286,-0.018364857057735294,-2.5123154780992425,2.011490518786613
prefix_length__reference,pre_last,10,11,3.8606649321407542,2.279892996995141,5.112678570063996,3.5715601697902626,4.32812797041503,-0.059088806577781504,-2.5557929231080463,2.2190376316765543
prefix_length__reference,pre_last,10,12,4.077856445649685,2.619602566106798,5.611569698938303,3.703789892658965,4.422137493670433,-0.08595490197700903,-2.433336740811224,1.8284168133312642
prefix_length__reference,pre_last,10,13,4.151699482434143,2.5798862406991256,5.721954884868901,3.823722923357964,4.535844476722343,-0.05476670512596373,-2.4860279366467286,1.9307302035744254
prefix_length__reference,pre_last,10,14,4.596533923026488,3.0750296913758777,6.28534636224823,4.31770705044148,4.842613697928343,-0.03644245838096856,-2.3331221370466375,1.8769389703558217
prefix_length__reference,pre_last,10,15,4.611335223261286,3.2654412860824458,6.077910223630544,4.179126765551735,4.90866813813719,0.015826077462349698,-2.2921606124080176,2.287913391884043
prefix_length__reference,pre_last,10,16,4.490861950563586,3.16586774230106,5.86743139912271,4.157615522530568,4.892083625628286,0.10360565411712871,-1.8930096311024898,2.122636497219223
prefix_length__reference,pre_last,10,17,4.568877543689573,3.2679382964358505,6.125194767307099,4.309010577975973,4.97784523550734,0.0819923388614248,-1.984980879169333,1.9377090469556775
prefix_length__reference,pre_last,10,18,4.611401818489727,3.4378245241478673,5.820143133406241,4.391354650121082,4.964800690347244,0.056435978223563964,-1.7781933890214976,1.7117349920324978
prefix_length__reference,pre_last,10,19,4.959609496269845,3.5534919446511,6.334036056119537,4.711562910612951,5.360560076725333,0.06334856909646806,-1.7459966259634678,1.820971192274163
prefix_length__reference,pre_last,10,20,4.939838968008969,3.6828961477042936,6.555312279495122,4.664164031525141,5.368519326710473,-0.01820363896483441,-2.057030577809356,1.8915743597636627
prefix_length__reference,pre_last,10,21,5.262301362842709,3.915747501882315,6.34681312829887,5.0613374909385165,5.674649130754548,-0.01840595397321565,-2.0581074415761482,1.726799789243809
prefix_length__reference,pre_last,10,22,5.8154508244584635,4.470601732487977,7.117351131134234,5.517469136424594,6.181437425373963,0.014552775687778708,-1.9398742903882555,1.8067401274940007
prefix_length__reference,pre_last,10,23,6.0934807544681595,4.865475530911035,7.400437844417428,5.770244016058526,6.301228701861629,0.00047732204053816394,-2.0173326121903843,1.7864207597224082
prefix_length__reference,pre_last,10,24,6.7231718663177125,5.526320214183347,7.896192115682878,6.513371774862761,6.892012049722351,0.06182708273397841,-1.9264349894302646,1.8257174893066688
prefix_length__reference,pre_last,10,25,6.703528505910385,5.403294446665806,8.058377445397818,6.423764168040935,6.940043652978252,0.09964700628228222,-2.0514947162390924,1.78134337408103
prefix_length__reference,pre_last,10,26,6.722235034426503,5.50106020408674,7.887386390647784,6.304582496009687,6.990972130175745,0.1398037361086336,-2.093378952530246,1.9414995075481112
prefix_length__reference,pre_last,10,27,6.767262407785783,5.681638806345026,8.126098053974038,6.483256639689623,7.037596337944192,0.13143355537418067,-2.0598161366763774,1.9140761323445066
prefix_length__reference,pre_last,10,28,5.8880614521828045,4.553862886508355,7.131699660000345,5.504458710147138,6.08505710590619,0.0701601760445663,-1.6658920393216667,1.709358142489085
prefix_length__reference,pre_last,10,29,6.1180618959328665,5.026146895973636,7.294056929659522,5.864973133308061,6.295339949217068,0.049426246941810234,-1.5092649930994586,1.888818270618295
prefix_length__reference,pre_last,10,30,6.293665643586932,5.1428960174538965,7.651376527910425,6.040688254852441,6.4778634289619585,0.07441836738998386,-1.8288454501080744,2.00285088132566
prefix_length__reference,pre_last,10,31,7.62252112382436,6.533155303266027,8.856571914007805,7.370071367215996,7.847790548062791,0.09536914046752223,-2.059948091322439,1.8859773798124015
prefix_length__reference,pre_last,20,0,0.7381461133697843,-0.9139791190784419,2.420507627546377,0.49646948494561366,1.359163168426346,-0.09931553711153115,-2.555547052895604,2.1983240871675176
prefix_length__reference,pre_last,20,1,0.9822484407790654,-0.39628610732465464,2.7814656385047685,0.5942046071485051,1.469216577634912,-0.03684069819581719,-2.113263564496182,2.2416546114957265
prefix_length__reference,pre_last,20,2,1.1511710613540933,-0.11509609364726123,2.931408623651447,0.9109874099739277,1.5448258904205008,-0.0019871791026387477,-1.9008404956671996,1.7796772153359193
prefix_length__reference,pre_last,20,3,1.5514104099411228,0.44776638891447224,3.0849786039506353,1.4032044123642253,1.931656277828853,-0.007067795205702265,-1.7965456247077047,1.8838696688541672
prefix_length__reference,pre_last,20,4,1.9666911111421101,0.8989146407827,3.410244044000821,1.7760842382432607,2.356874813726427,0.00782456334783117,-1.781301669456609,1.7250636584371009
prefix_length__reference,pre_last,20,5,1.7953442426073896,0.7605752791663256,3.1262584162896037,1.5883614076768209,2.116054018107377,0.03599437222362323,-1.5710003509985238,1.6187768681218386
prefix_length__reference,pre_last,20,6,1.956788315167355,0.9366537778301023,3.187485445726129,1.7356729634558625,2.2139076737422343,0.01356425017804761,-1.5212894287612417,1.5083003794505587
prefix_length__reference,pre_last,20,7,2.3381827664514865,1.2713868629839582,3.5404210012846713,2.106655280381669,2.636162149803148,0.04281717975176187,-1.4341847097308862,1.5720609969166588
prefix_length__reference,pre_last,20,8,2.7239919978561518,1.6568428321656141,3.747977294228499,2.4858353473662245,2.9540585579744962,-0.012316226480596692,-1.4654257773079842,1.5390521755431013
prefix_length__reference,pre_last,20,9,3.076409716928478,2.0786371949563667,4.223388380322994,2.8283598548111817,3.345427720868237,-0.01266161460922377,-1.3627801873582432,1.3972811142322363
prefix_length__reference,pre_last,20,10,3.2721382897357767,2.2359840161807383,4.382396830791515,3.0089003711258497,3.5448038945427753,0.0049423609063269595,-1.5134760172392485,1.4313884187958215
prefix_length__reference,pre_last,20,11,3.268461483299391,2.153319794901578,4.391260920956219,3.007523505260138,3.578121532113285,0.0025016967068455243,-2.0341559558931555,1.4242133821257736
prefix_length__reference,pre_last,20,12,3.337712016180442,2.348275723778027,4.498722506695311,3.0966958585186317,3.625716783623792,-0.004733221547689048,-1.970510401296603,1.5175945287711796
prefix_length__reference,pre_last,20,13,3.5653011675346447,2.398539295549398,4.727853662784545,3.3078221637067746,3.847770122580508,0.016726151444277117,-1.7025322926426694,1.6243694028378401
prefix_length__reference,pre_last,20,14,3.704354437433666,2.6899179151272765,4.860583455375324,3.4574028674825468,3.946656697771924,0.004897780335648916,-1.6331689862769507,1.6846943932522946
prefix_length__reference,pre_last,20,15,3.7328251169264943,2.799331593499405,4.765565414849175,3.483928364607822,3.9294981316668283,0.04707972659711588,-1.674377058455191,1.8462667014592815
prefix_length__reference,pre_last,20,16,3.8333645314773483,2.847021651089921,4.839264716642232,3.5293326027628025,4.127937882907548,0.044509065533615264,-1.5087764830474921,1.738974134213819
prefix_length__reference,pre_last,20,17,4.1142819094492085,3.248252492520845,5.1031567404827705,3.8605804949233997,4.359516655583891,0.02217543981799346,-1.5727838895600579,1.6942497837302868
prefix_length__reference,pre_last,20,18,4.239044876724893,3.2342401843729234,5.226104034281505,4.036577597109162,4.472312211791796,0.04206628774633834,-1.457137651380544,1.77543118583734
prefix_length__reference,pre_last,20,19,4.399745864691586,3.38470473703837,5.43424614346843,4.199686366263573,4.569464536177118,0.027814452303891835,-1.37689177584748,1.6162929489897682
prefix_length__reference,pre_last,20,20,4.537755072119743,3.507419167383565,5.4040908726835815,4.341681874312201,4.712089532377494,0.045112247560250986,-1.3395466840059405,1.5081083205338446
prefix_length__reference,pre_last,20,21,4.62869165921172,3.6034077414382395,5.617410021846947,4.447390776865005,4.818120885141005,0.07145304267724799,-1.5397476587057743,1.5860522988890124
prefix_length__reference,pre_last,20,22,4.591299753519945,3.5168476266212583,5.632153813479147,4.3684148526433,4.729215599494836,0.055189209793880575,-1.371271164709022,1.3819528624098656
prefix_length__reference,pre_last,20,23,4.658126651732103,3.6027303117709497,5.546170674979535,4.440064766583547,4.798987578111607,0.05562885119450851,-1.7319254461932878,1.5371939395230512
prefix_length__reference,pre_last,20,24,4.802637608438704,3.9003731407131386,5.727966985721182,4.594851584789891,4.976048501742841,0.10160259852262377,-1.5123947076836153,1.5414404212079513
prefix_length__reference,pre_last,20,25,5.07798939246691,4.160205037522211,6.083174002705241,4.866922554979004,5.247849090671898,0.1459107178130719,-1.4112830411282848,1.3675630761914053
prefix_length__reference,pre_last,20,26,5.435538597449745,4.52411119680779,6.58552277592387,5.213413988458997,5.612881988416446,0.1474847556381551,-1.4619221662064328,1.4825436001595491
prefix_length__reference,pre_last,20,27,5.4790795274298,4.523760233934516,6.409639263700751,5.291584171232003,5.693605919318171,0.13541015479838842,-1.4943193757843711,1.4031936769818023
prefix_length__reference,pre_last,20,28,4.0208945727058145,3.1081732127036625,4.717913888087787,3.8183811695777568,4.196636238773724,0.161529899360835,-1.1940567608581814,1.6311699585011863
prefix_length__reference,pre_last,20,29,4.103036848315266,3.228233634484182,4.925422012125202,3.9298164883896076,4.3249126525137545,0.08962225062945448,-0.983469898058122,1.4563937811976257
prefix_length__reference,pre_last,20,30,4.072895660623058,3.2637207733677194,4.813886090342066,3.829894647819785,4.218821947335195,0.08030742980689873,-1.1846376671827454,1.2643496428165013
prefix_length__reference,pre_last,20,31,5.249631594515707,4.350564127573581,6.082575608163385,5.053161061482295,5.412206017156852,0.09810308512263506,-1.1359791777117998,1.4749156381375235
prefix_length__reference,pre_mean,10,0,0.8003422740807669,0.1395588953311032,1.4688547687349351,0.507359626176245,1.0021923099933028,0.06323048088583959,-0.9159659954290232,0.9541116381373748
prefix_length__reference,pre_mean,10,1,1.347239574039699,0.7784793241043806,2.07470587929683,1.041849723758303,1.4399464558838095,-0.02402371513021969,-1.0949659540859495,1.1070051842370783
prefix_length__reference,pre_mean,10,2,1.3002783369296538,0.7376371895820389,1.8697360733166992,1.0560804783954285,1.387633154040155,0.011067538581196978,-0.9628135681114224,0.7849677789014365
prefix_length__reference,pre_mean,10,3,1.2305419523166388,0.6232702686840125,1.800459503406469,1.0482036591178094,1.322228499870415,-0.007407904881683258,-0.9798194280269199,0.8297928142577758
prefix_length__reference,pre_mean,10,4,0.990983170608434,0.39871754263306125,1.5304593711395074,0.8531626378961455,1.1269993589598633,-0.023140480119517526,-0.9431211375711384,0.7292291321235123
prefix_length__reference,pre_mean,10,5,1.1580775440120954,0.6060622931810913,1.7932464639369499,0.9663198895152861,1.2516469114433226,-0.03836989625440712,-1.0233659177274625,0.8619744252257785
prefix_length__reference,pre_mean,10,6,1.0035901670846343,0.3483521102113888,1.6751955713685356,0.8430972103794789,1.1532882742784074,-0.00730929038178203,-0.8975657604145337,1.0065597136991156
prefix_length__reference,pre_mean,10,7,0.9655858972856957,0.30333461263137546,1.653293800285272,0.5985760163468723,1.0657299702144143,0.002882059653439928,-0.8693380325545231,0.834578828427442
prefix_length__reference,pre_mean,10,8,1.1996970937507763,0.5291237239905366,1.844052249755018,1.00782719539953,1.2719672597373202,-0.0061081696245553815,-1.0039387528271104,0.831914814443529
prefix_length__reference,pre_mean,10,9,1.2288953660356867,0.5115849557554639,2.056444506109721,1.023996965963711,1.3401145593927217,0.005799179573943647,-1.055886023051653,1.062845421089073
prefix_length__reference,pre_mean,10,10,1.177468520289427,0.4776034187228722,1.855538030894858,0.9807352093904783,1.2824091607905153,0.011556811982148241,-1.059398048044241,1.114388701726296
prefix_length__reference,pre_mean,10,11,1.224250146105996,0.589409143170646,1.9737996088637693,1.0726398569965958,1.435450190938416,-0.0013167994680216566,-1.2794294111348363,1.0834569573997699
prefix_length__reference,pre_mean,10,12,1.425460254748928,0.7681948040393234,2.1626905473579363,1.2317196701213602,1.557166339536711,-0.005809427319139382,-1.4107665762484802,1.1682659972472873
prefix_length__reference,pre_mean,10,13,1.429866241669671,0.7560199224020997,2.249878586006928,1.2495908184920637,1.6140797543499197,0.01919577598787603,-1.202387514259951,1.0941866491272791
prefix_length__reference,pre_mean,10,14,1.912906320831373,1.234263618103005,2.882588839356505,1.7600058810513066,2.0257616193268855,-0.0010344741242492405,-1.2570437228362814,1.0038083264510924
prefix_length__reference,pre_mean,10,15,2.130227239922419,1.4545482468774342,3.0349327982792365,1.9470407211783445,2.2366292368398946,0.03467950933959527,-1.0782189466450693,1.048913817635158
prefix_length__reference,pre_mean,10,16,2.133352148534899,1.4353350627906383,3.059237541912459,2.0105544641799713,2.2729444503040965,0.028689911294230576,-0.9379979673886918,0.8949700410430272
prefix_length__reference,pre_mean,10,17,2.1494246976942617,1.3712744316731968,3.061511210580898,1.9953919369755089,2.2402382613642886,0.02849561885762377,-0.9781060635197844,0.8006282470630434
prefix_length__reference,pre_mean,10,18,2.0022723559860913,1.204233789974261,2.702911476209075,1.829938156733513,2.1260574729395545,0.01388453173080637,-0.9143758556695225,0.8811805530377398
prefix_length__reference,pre_mean,10,19,1.8731952072846005,1.1018211365723036,2.6588784317782093,1.7658442203006903,1.9817551762028054,0.009327667217638414,-0.8914829556110068,0.8654909741566865
prefix_length__reference,pre_mean,10,20,1.7969432971930923,1.089614859025955,2.531496692086836,1.6433129259653143,1.8888336334786164,0.007943343844752504,-0.7803189508169022,0.7430961746163405
prefix_length__reference,pre_mean,10,21,1.6571330600325525,0.9563716823393617,2.442152426619324,1.4439110971368876,1.755558824070975,0.00495125869320342,-0.7827987572512823,0.8205736279027007
prefix_length__reference,pre_mean,10,22,1.6845194460669186,1.0510657567356652,2.402828798848086,1.4979609811662347,1.783656962269468,0.016482144098991715,-0.7528471831373054,0.8143235458029496
prefix_length__reference,pre_mean,10,23,1.7493383017481472,1.0643845197852002,2.47771999271132,1.6084127028234776,1.828352656332063,-0.005528278837717571,-0.773156791075568,0.7959037640203519
prefix_length__reference,pre_mean,10,24,1.6635626346426118,0.9609657635351028,2.3595574758737143,1.4623241190617415,1.7599228776507216,0.002633898717079286,-0.7206226607630232,0.8468093080826278
prefix_length__reference,pre_mean,10,25,1.5287793722712804,0.8781913906131803,2.293525649598131,1.4068713501852097,1.6933533734969823,0.05778727064965594,-0.7271711939555263,0.8483048582490885
prefix_length__reference,pre_mean,10,26,1.5133422949511441,0.9624179468999116,2.0892462652525454,1.3974148948245118,1.769984216410139,0.062405623912999794,-0.8124549091820169,0.8497235563993458
prefix_length__reference,pre_mean,10,27,1.4828043416577992,0.9274950901192308,2.138743469366369,1.2689999341228022,1.5868522097654094,0.04387693227063079,-0.9094194862141193,0.901314497791139
prefix_length__reference,pre_mean,10,28,1.0456161477282213,0.46443255591114846,1.7033384040965949,0.8448531128628868,1.2252166810025997,0.029678899891768896,-0.9368257583078436,0.9604679289904507
prefix_length__reference,pre_mean,10,29,1.3069107464459127,0.7286398506415948,2.0416690054618347,1.0168027911105189,1.4686347837493812,0.08042863435375128,-0.7532118372036997,0.698076923854986
prefix_length__reference,pre_mean,10,30,1.1297593266620334,0.5226243271314568,1.8956746231546735,0.9437952971952431,1.259457530854063,0.03015913006601979,-0.746725251434844,0.6840196493640363
prefix_length__reference,pre_mean,10,31,1.268113733587226,0.5820943436241568,1.9371932145713733,0.9190088078185382,1.4163267530858117,0.015445705617319293,-0.9497303648441463,0.9297652661923738
prefix_length__reference,pre_mean,20,0,1.0767799628948538,0.6057771204451186,1.5348505636655094,0.95915895483508,1.1709270945797663,0.07167656820843253,-0.5942633982044084,0.6549224197691471
prefix_length__reference,pre_mean,20,1,1.0243613236244602,0.629313070304788,1.4392199728407005,0.879344568034229,1.0874312950998979,0.014728692547322186,-0.7528854910896297,0.6806286145011441
prefix_length__reference,pre_mean,20,2,1.0274140976039858,0.5112759894323585,1.5720213886029388,0.8932022066355843,1.0838132847137227,-0.01452853261254643,-0.837894154226922,0.5644694184067203
prefix_length__reference,pre_mean,20,3,0.8675426433052081,0.45540044313736705,1.3845075915609146,0.7474245036011286,0.9272651457663437,-0.0081007945708526,-0.7892083596055742,0.7041050701028858
prefix_length__reference,pre_mean,20,4,0.9880808433354095,0.5272884771224291,1.4713717472945882,0.8730661577120862,1.052079726789273,-0.015055399849735761,-0.7381430844079281,0.6757745230067681
prefix_length__reference,pre_mean,20,5,0.957967011811586,0.4690599645827843,1.4501556248911682,0.7925373502719426,1.0405208983485472,-0.013733897680591212,-0.7009481296993096,0.6603854630566305
prefix_length__reference,pre_mean,20,6,1.0065019075041044,0.5741562061097842,1.496690236343461,0.9267915483401138,1.0709618506726837,0.005399692585305061,-0.6578548671102841,0.7382608079728172
prefix_length__reference,pre_mean,20,7,0.9742708600017982,0.5035917691165275,1.4097791155054695,0.8920593723640277,1.0484928013009482,0.008351367802807852,-0.653217622581715,0.6881806995629841
prefix_length__reference,pre_mean,20,8,0.986302655937404,0.5194951208741617,1.4891137244523216,0.853904865544908,1.0598939967522159,0.02645691901684848,-0.6931848297743626,0.6797451972613718
prefix_length__reference,pre_mean,20,9,1.0712526642083369,0.613616363878999,1.5573235730832817,0.9862149054292995,1.1624050289945396,0.005839033329738253,-0.7089206837771902,0.7163052239409619
prefix_length__reference,pre_mean,20,10,1.1474162056358181,0.6283862575370371,1.7315836320230353,1.0354148900582414,1.2280093599403903,-0.01615999876604024,-0.7866104012782824,0.8100558574723797
prefix_length__reference,pre_mean,20,11,1.1546231809813918,0.6650496132446992,1.7480601604411594,1.030849050293109,1.242819366403245,-0.008497376869669249,-0.7354788930758088,0.8313389332181859
prefix_length__reference,pre_mean,20,12,1.357203730161973,0.8674376950971605,1.9720199756482573,1.2413030761949604,1.4345660538779998,0.006965297368269718,-0.792265109385849,0.7579333920765163
prefix_length__reference,pre_mean,20,13,1.4473561834416786,0.9593263840363118,2.0177608780653853,1.3432358997626828,1.5490438429374722,-0.00018113793653118382,-0.7187754837120207,0.6811335490893355
prefix_length__reference,pre_mean,20,14,1.713331458063953,1.232873185459239,2.2379235312322145,1.6021642952793502,1.794443384809341,0.020243305157073177,-0.7297342508911532,0.6849479910554687
prefix_length__reference,pre_mean,20,15,1.7709951166498243,1.257125346215275,2.324476146129932,1.63626441694334,1.848445516665074,0.01255954565527444,-0.7905103065901455,0.6737120637308531
prefix_length__reference,pre_mean,20,16,1.843227848606605,1.2966072882497786,2.398374278441757,1.6497911219221288,1.9144513228600282,0.0022443153134494185,-0.8236223083562045,0.5518799070822391
prefix_length__reference,pre_mean,20,17,1.8433445675693567,1.3047924085559748,2.393241293107378,1.639081018667952,1.924005407757469,0.0067805590956538046,-0.8364231749346112,0.6399640960993567
prefix_length__reference,pre_mean,20,18,1.7249983825789357,1.1802205404820327,2.220268641517947,1.5752249122547837,1.8206488528357516,0.015514663181048837,-0.7694503403328681,0.7553147409872237
prefix_length__reference,pre_mean,20,19,1.6638445293058688,1.1509254426295124,2.153872605828105,1.5530080753329334,1.7456683912647455,0.006888009384976579,-0.6611787467953423,0.7186663629563582
prefix_length__reference,pre_mean,20,20,1.6136484525685346,1.1320045168749315,2.149137520199467,1.4994379553439972,1.6909046236303773,0.009270344603588576,-0.6800722842952339,0.6116843953720623
prefix_length__reference,pre_mean,20,21,1.5472561841273038,1.0803604805506224,2.1119489949185075,1.4551702098200932,1.6255400016455541,-0.0020141970628869245,-0.6147948782725191,0.6690081265031673
prefix_length__reference,pre_mean,20,22,1.4105059775655022,0.9581471284311611,1.921431049619217,1.3343616964226257,1.4874111233279927,-0.008968356618624518,-0.6097431165747114,0.6135220906958593
prefix_length__reference,pre_mean,20,23,1.375539986813556,0.900413867580558,1.9258164290623012,1.2847145810280698,1.4640592157822547,-0.011225465563004366,-0.6477485380617461,0.6377640087809485
prefix_length__reference,pre_mean,20,24,1.3543254363559545,0.9145305268728773,1.8818822111186415,1.2747842814491368,1.4108667537990451,-0.012941161275957059,-0.6546258872975628,0.5813996820392416
prefix_length__reference,pre_mean,20,25,1.3814826687687147,0.9622974144257858,1.9422462829009945,1.2919264884601591,1.4402750335636092,0.004289928623122807,-0.6550503843243907,0.599144148958772
prefix_length__reference,pre_mean,20,26,1.2416178281524173,0.8026224129440618,1.8094331331154594,1.1597485566339971,1.32536861296436,0.014003079410310159,-0.686743874680537,0.6530348218029919
prefix_length__reference,pre_mean,20,27,1.194114730570944,0.7462566436997342,1.7482747783708732,1.1036865915815222,1.2533547058837369,0.005621745092879738,-0.7050633104549849,0.5549886574133489
prefix_length__reference,pre_mean,20,28,0.9706803525924701,0.5179561425201468,1.5223783182735988,0.863863879441588,1.0498173480868205,0.021469841168330284,-0.7733798679830989,0.7306886182845629
prefix_length__reference,pre_mean,20,29,1.1605706492656933,0.7625052762379292,1.6896014504837125,1.0414396534119503,1.2271340536697573,0.04142281353374901,-0.7140068836864839,0.5765361044129808
prefix_length__reference,pre_mean,20,30,1.1456075354569895,0.725394619406777,1.5778506683983133,1.035228400138604,1.209926199269139,0.016884437143716104,-0.7327424734694064,0.4938236140263515
prefix_length__reference,pre_mean,20,31,0.9427871567678435,0.5015645588146785,1.3591182048173027,0.8214348378827097,1.0264323286723134,-0.003975775891533107,-0.7017085892492199,0.5744009111804287
prefix_length_format__adjusted,finals,10,0,-0.4216023047074248,-2.841434347123853,2.0498492556725174,-2.5830920084110294,1.4826439094396386,0.0983918561437441,-3.298228397299193,5.264101869010933
prefix_length_format__adjusted,finals,10,1,-1.592650375224107,-4.070885135851555,0.8140035410767158,-2.8058758875551217,-0.8889930129546708,-0.05720830704385436,-4.1089308041161825,6.894748407958504
prefix_length_format__adjusted,finals,10,2,-1.0658024073900136,-3.5929434946121965,0.9681419876757438,-1.7135139383302345,-0.1407129901751089,-0.0491196992593121,-5.482224247407189,5.397316152103841
prefix_length_format__adjusted,finals,10,3,-1.5064827065153437,-3.751091019754013,0.8200939327044753,-3.169590390622172,-0.32641921710216726,0.15030021025171791,-4.305054419548507,5.185291311044227
prefix_length_format__adjusted,finals,10,4,0.6545749730395485,-1.2793953493153751,2.443630602553649,0.22542983757606674,1.1746659894270743,-0.06965228458169945,-3.4414513846103056,4.203261819562388
prefix_length_format__adjusted,finals,10,5,0.3947481351141545,-1.5403098388672072,2.185822087253646,0.010011325280277105,0.8752687146975887,-0.1606945534570484,-3.2687498058304456,2.8305841760226906
prefix_length_format__adjusted,finals,10,6,1.0441112441920084,-0.6397271255864125,2.9431081490031894,-0.24006842912485174,1.5017964791665033,0.05047061463202316,-3.135380387938679,3.3818165621717253
prefix_length_format__adjusted,finals,10,7,1.2769130528918866,-0.3487093119600139,2.9399780336714176,0.14734267364904466,2.057363263746635,0.13257964158247657,-2.7152701068124654,3.2618065949873083
prefix_length_format__adjusted,finals,10,8,2.450918325601479,0.834018132026179,4.057975500911692,2.00785649719693,2.932489356662716,-0.007194115068086449,-2.81978149004468,3.1608248743285743
prefix_length_format__adjusted,finals,10,9,2.376167858347701,0.7210803375931294,3.818663431191373,1.85434578542806,2.8454330935099343,-0.061712414758887536,-2.6187837005582235,2.8010979115108694
prefix_length_format__adjusted,finals,10,10,2.478591461797092,0.7167010100052822,4.414974274271549,1.884927076815136,3.1266774936127657,-0.019261829778516582,-2.8196065984269123,2.5508237526155395
prefix_length_format__adjusted,finals,10,11,2.4506048321971883,0.8832350266242092,4.214979432015162,2.043638211847859,3.0327073473545507,-0.05239644498380436,-2.5295378146282683,2.304470204381521
prefix_length_format__adjusted,finals,10,12,3.106860912865581,1.5461555045072501,4.611915007885606,2.7695850870523997,3.5858175732772897,-0.13717864746543929,-2.3762897144117314,2.2933770619427327
prefix_length_format__adjusted,finals,10,13,3.513505713386873,1.9890946601846229,4.993928060847524,3.2111290079577652,3.930433830455301,-0.23151616447878198,-2.4538985376635387,2.5252151917108283
prefix_length_format__adjusted,finals,10,14,3.709450595557023,2.2259025774891703,5.225899305497574,3.304179086316594,4.098017972249338,-0.1922112026414097,-2.584412454589835,2.2247326314096005
prefix_length_format__adjusted,finals,10,15,3.71364730730943,2.2884546505641246,5.079503312133207,3.4650486637454985,4.2387553747330635,-0.10936978617334381,-2.3643824695864453,2.1159647046648318
prefix_length_format__adjusted,finals,10,16,4.15529128010115,2.7193424724314426,5.676263821504385,3.9269617445684215,4.584858848082347,-0.03283838643513089,-2.048256712505478,2.2256082554865104
prefix_length_format__adjusted,finals,10,17,4.252455265397282,2.910682174096886,5.746808284856116,3.9809223740321094,4.633927640023417,0.020584020785077196,-1.8995750854005025,2.080978015527817
prefix_length_format__adjusted,finals,10,18,4.629097188974508,3.491341530231903,6.091358902218849,4.362302311023795,5.108705369946926,-0.008009546318193728,-1.964972913490721,2.551923958927484
prefix_length_format__adjusted,finals,10,19,4.401482771875165,3.1388253463379616,5.893817530150073,4.122427413158494,5.031336918326289,-0.021983751618114722,-2.1374735714255935,2.6836482812293228
prefix_length_format__adjusted,finals,10,20,4.6866241007071245,3.579501591833881,6.324201831497362,4.316462046447729,5.184067971758639,0.01696343656885251,-1.9349759979401775,2.7480530262412235
prefix_length_format__adjusted,finals,10,21,4.579729153382712,3.2004538437910446,6.10860485134661,4.32617568549827,5.054242927554796,-0.013139960907540082,-2.524649223849133,2.6111118638468773
prefix_length_format__adjusted,finals,10,22,4.76274187420226,3.1950175924495365,6.379186554831064,4.3929691628420935,5.188267861301,0.05441040256706744,-2.436549745674829,2.4820562070661714
prefix_length_format__adjusted,finals,10,23,4.969875030330926,3.3741357761008466,6.606098087575072,4.640786422193196,5.410790759012341,0.016197134622870736,-2.460848975054076,2.447980599832702
prefix_length_format__adjusted,finals,10,24,5.260083649098959,3.7385776720733417,7.471465284200769,4.944352074646614,5.829925018451091,0.03598420849568469,-2.86510459156785,2.5970468677113856
prefix_length_format__adjusted,finals,10,25,5.368341061209644,3.9133246394070054,7.442791058586683,4.602945708511005,6.116414665296517,0.04404363780803946,-2.452422166588417,2.606559107066954
prefix_length_format__adjusted,finals,10,26,5.363466031632602,3.550021624910159,6.985683321835002,5.097962901370982,6.112368107444075,0.0496999288965045,-2.4567025157043805,2.4743460051492883
prefix_length_format__adjusted,finals,10,27,5.786967968485713,3.9314207844075026,7.4642793839935315,5.522390462613353,6.446306971643228,0.10071872576802576,-3.237754764773751,2.743009152771036
prefix_length_format__adjusted,finals,10,28,5.548734323520487,4.386998198740667,7.04210165059807,4.838998712573325,6.004449686607588,0.14908502391292128,-2.181545960544708,2.7688055086594057
prefix_length_format__adjusted,finals,10,29,5.763978421585059,4.572358792452392,7.170361841855996,5.100955399046641,6.160487400063881,-0.016124091127709093,-2.4118689136422544,2.9843945473207576
prefix_length_format__adjusted,finals,10,30,6.243591304575422,4.638647990407499,7.841285630551662,5.888444708704681,6.784666244086176,0.02013991548711038,-2.5211296358043325,3.0885414118047163
prefix_length_format__adjusted,finals,10,31,6.977095515730194,5.037253740342741,8.673216171181615,6.54088240671213,7.487121418732681,0.06203851690693858,-3.2807639153469537,3.4422757427857036
prefix_length_format__adjusted,finals,20,0,-0.8189583361958023,-2.7388262711220746,1.2150690226711465,-2.1093558605887868,0.5442620224709845,0.12038966463603348,-3.298063060574354,4.007594610214638
prefix_length_format__adjusted,finals,20,1,-1.1046644606822393,-2.8874944382779653,0.6243725362011832,-1.7125917639791508,-0.20991444524302208,-0.04457982806474092,-3.956807986292449,4.560070867549012
prefix_length_format__adjusted,finals,20,2,-0.8425722062621889,-2.5267634162340435,1.0823104199567117,-1.4244427071701702,0.33942180012002654,-0.015116055292385511,-4.699433312548297,3.996362404622949
prefix_length_format__adjusted,finals,20,3,-0.9163260623323293,-2.474438736042479,0.8274233576285903,-2.166829434717242,0.5605701061175158,0.03859824310562447,-4.250629987361927,4.103001351160372
prefix_length_format__adjusted,finals,20,4,0.7094277035519456,-0.72727318145656,2.2354624086306947,0.3266047638346045,1.2477943869580015,-0.09159356458647476,-2.7894383270045933,3.19850296319024
prefix_length_format__adjusted,finals,20,5,1.023321184677544,-0.3615678050124149,2.357100697361825,0.6297176560105094,1.5350019416386012,0.0029586414004783013,-2.535068018993645,2.5185267104727562
prefix_length_format__adjusted,finals,20,6,1.424655254483344,0.1557857963826229,2.621310799626369,0.7088983348704959,1.8716061335669243,0.10701781432661286,-2.092739206229673,2.394498828730795
prefix_length_format__adjusted,finals,20,7,2.1770369971754233,1.092112461646269,3.335509766875255,1.4982874365895609,2.5355457727920783,0.10875779897051951,-1.9250459393013133,2.3808057449218505
prefix_length_format__adjusted,finals,20,8,2.809651626370592,1.5958621085546398,3.876815249911413,2.4233390424809467,3.161639916013371,0.12401061558579377,-1.682202488094425,2.2790087215927044
prefix_length_format__adjusted,finals,20,9,3.145944725024828,1.9644008414103267,4.120842582094261,2.86843569565745,3.5580058398470142,0.07091290012488831,-2.027856208765446,2.366620952187102
prefix_length_format__adjusted,finals,20,10,3.1476405804825034,1.9861278374442488,4.073250435216849,2.894088861847909,3.59274418590179,0.045312980971790665,-2.199280727038883,2.6240367262730864
prefix_length_format__adjusted,finals,20,11,3.75008926078344,2.4901127299075094,4.702924100405063,3.4639251054702824,4.108053686543297,0.04286319517170356,-2.2198853953856963,2.5500028531618297
prefix_length_format__adjusted,finals,20,12,4.066975033408929,2.893262597798865,5.173061101515758,3.8358005828939534,4.422663230247505,0.0341442613787875,-2.2083869362012587,2.4105007422643947
prefix_length_format__adjusted,finals,20,13,4.238316525096194,3.014704724158654,5.236424521603121,4.00622460117491,4.604310618983561,0.018274370413867348,-2.186479356416439,2.1782949939031813
prefix_length_format__adjusted,finals,20,14,4.461923569447327,3.342174773646914,5.484396459813252,4.177710182854782,4.753385580453432,0.006513801831274257,-2.030960141687357,2.2287037030456807
prefix_length_format__adjusted,finals,20,15,4.74936645911362,3.6714017186698515,5.7723979715970675,4.505218463265324,5.099915681466512,0.051680490278577816,-2.352529848023771,2.4772866664080833
prefix_length_format__adjusted,finals,20,16,5.1171981137524405,4.075267221030065,5.96598757098443,4.906598489563736,5.450392242248293,0.0964438344019722,-2.1786073605108283,2.348496772351177
prefix_length_format__adjusted,finals,20,17,5.488379932474868,4.426866820629693,6.40165607965905,5.252181062831732,5.761003666759215,0.09088887817811239,-2.0422700665770903,2.3874165059850863
prefix_length_format__adjusted,finals,20,18,5.557586847651447,4.606111798602542,6.451985623238285,5.321844778552598,5.884210927162373,0.11345970714220326,-1.854064244334079,2.4668171655643096
prefix_length_format__adjusted,finals,20,19,5.475131216884448,4.522683079161046,6.428929349862865,5.234482290504496,5.82658303305257,0.04938405041506333,-1.7691809062971555,2.248145484342043
prefix_length_format__adjusted,finals,20,20,5.6060099682210875,4.698858107604703,6.734662337477501,5.364760566410546,5.971486138202589,0.03970668402712816,-1.8336608511030392,1.8729217104342284
prefix_length_format__adjusted,finals,20,21,5.675609284456752,4.777358517310374,6.843036288172871,5.416466654389156,5.9922077278155275,0.01277103942200104,-1.8866335545001987,1.9938682768486948
prefix_length_format__adjusted,finals,20,22,6.034051474692942,4.94425207456098,7.273757342668163,5.788264487740993,6.38411918776734,0.02012096193476922,-2.1345585249067995,2.0607558337263048
prefix_length_format__adjusted,finals,20,23,5.952401456504115,4.913790934667243,7.273159173433451,5.706216475906923,6.277974635125257,0.015652488570838362,-1.7836511638934784,2.2949997614624666
prefix_length_format__adjusted,finals,20,24,6.431311851131409,5.178018112921529,7.818224148244347,6.186139906659839,6.7957277133058644,0.0004425115042919092,-2.003438247760191,2.178991485522505
prefix_length_format__adjusted,finals,20,25,6.481642668188924,5.278809812624391,7.809979511106866,6.229616646855676,6.871947578054363,0.02908573199204927,-1.9626111944883442,2.4002311553305393
prefix_length_format__adjusted,finals,20,26,6.363253594850081,5.163645235475641,7.774219937226106,6.065404452220573,6.731858945307175,0.07978291415590255,-2.3695645125025786,2.277346386261341
prefix_length_format__adjusted,finals,20,27,6.466769107339776,5.2375975389422385,7.767732944396598,6.157170484691361,6.893384713462419,0.11736439906704366,-2.3690796223413537,2.2328722860991377
prefix_length_format__adjusted,finals,20,28,4.552548470779695,3.8083556544720283,5.4472953410948,4.080698567588198,4.903072388550198,0.07547912074458848,-1.4837723891001078,1.5509906913058276
prefix_length_format__adjusted,finals,20,29,5.177736690105077,4.28996127723308,6.208249428689208,4.8319447539004,5.474832781581728,0.0028930552693212652,-1.6620036786674433,1.811769764906942
prefix_length_format__adjusted,finals,20,30,6.0893534473884285,5.023625711183037,7.291537342288216,5.7155893917781535,6.326962051490556,0.03508570867676593,-2.016295315276702,2.3679799605784306
prefix_length_format__adjusted,finals,20,31,5.915786875674032,4.400256171613033,7.226494127631721,5.566460572852771,6.3755364835185,0.1366708271818097,-1.9535186157591817,2.7223626796360665
prefix_length_format__adjusted,means,10,0,1.2450656218903504,0.4795724763612287,2.041681668922377,0.9704736606811368,1.3890632672991776,-0.016729933342358505,-1.0663984219135088,1.1355551116199691
prefix_length_format__adjusted,means,10,1,1.209286329652121,0.7244419994959066,1.8216585901848532,0.9748469652513935,1.343281318277949,0.013096549286680647,-0.8592601877376942,0.9406259771968772
prefix_length_format__adjusted,means,10,2,0.940502988491712,0.34588776880596633,1.5941322060231033,0.6773617396584,1.1179621112915212,0.018271365622274226,-0.8889750177655424,0.7936306902724238
prefix_length_format__adjusted,means,10,3,0.7726934184085933,0.26526506554701046,1.211127167038904,0.5606003054546562,0.897843374661139,-0.02993571422215364,-1.0150774603402077,1.0155075639937614
prefix_length_format__adjusted,means,10,4,0.8430086814513233,0.2512221766553078,1.3817517912179187,0.5855783563579997,1.0082394243160848,-0.048582003332760484,-1.0142346238902276,1.085962295264394
prefix_length_format__adjusted,means,10,5,0.7677242935338486,0.15894855995346197,1.252370321686366,0.5969348878889794,0.9684399120581121,0.010515282263705506,-0.8027556346279453,1.1120502483616306
prefix_length_format__adjusted,means,10,6,0.7203380705355937,0.20675484731649885,1.2361481933300655,0.4678044373595516,0.9366643974712879,0.0004283565251117727,-0.6595795866734318,1.0869848185743487
prefix_length_format__adjusted,means,10,7,0.5835861246253927,-0.04125334412064827,1.1161990071680112,0.31584657104354397,0.8158759525668319,0.021609762054451243,-0.6317326923285951,1.1309931605634458
prefix_length_format__adjusted,means,10,8,0.5981514670686823,0.07384052162952606,1.1664701896216612,0.2861188876157756,0.7078032042920898,0.004763810991535511,-0.7215677623520498,0.9402814629981308
prefix_length_format__adjusted,means,10,9,0.47591852399013435,-0.02745858853678018,1.2822551612905246,0.24910389097236355,0.6966972780494495,-0.014126384552481542,-0.9011085159558657,1.137904641394749
prefix_length_format__adjusted,means,10,10,0.34148610162292276,-0.24159237849768495,0.9614505562306037,0.05328645645799502,0.5184799871365378,0.000640355988654262,-0.9060095153944272,1.1743988985704537
prefix_length_format__adjusted,means,10,11,0.5491451035483496,0.025236177614651245,1.1989079159626093,0.3486277022763884,0.7046277162103067,0.009543909180369337,-0.8215242389631602,1.1359677410193971
prefix_length_format__adjusted,means,10,12,0.6059268243141983,0.12225682246382767,1.1900121659789598,0.2519889855636213,0.7783397003839129,0.01770173213599211,-0.9156659822378804,1.186600102505366
prefix_length_format__adjusted,means,10,13,0.48456245111790786,-0.027059450407627937,1.108652149152234,0.2871439938373401,0.7155485520410901,-0.001750936397830727,-1.0213442946740694,0.9660716245156801
prefix_length_format__adjusted,means,10,14,0.9746789062181478,0.40034351044373007,1.5110029365743853,0.7272579278322427,1.1672241142075164,-0.019158201556213127,-0.975582621214972,1.0540666307109747
prefix_length_format__adjusted,means,10,15,0.831544792074857,0.20345390703972283,1.419301502215639,0.5558097559762855,1.0444127637220817,0.005628632061837191,-0.9461725302213767,1.0288614778121097
prefix_length_format__adjusted,means,10,16,1.1187085541219595,0.4155082734832124,1.8067860526968689,0.8679688363763293,1.3477420535120856,-0.0013059025605481223,-0.9635292715296824,1.018204665034525
prefix_length_format__adjusted,means,10,17,1.1912393826408745,0.5632861851857882,1.8361183660302534,0.8101330310848643,1.4343063212057994,-0.012015237067648666,-0.9446762330711586,0.9194920799636013
prefix_length_format__adjusted,means,10,18,0.9229578776190095,0.4153611248052991,1.4780601496257844,0.7726754961556342,1.304778934813674,-0.004324242382804422,-1.0294403165492012,1.05924053300141
prefix_length_format__adjusted,means,10,19,0.9924526578794144,0.4940299077281477,1.529743992114148,0.8378757648121946,1.2318557781623904,-0.016067265637997007,-0.9100082660289733,0.9031883439256426
prefix_length_format__adjusted,means,10,20,1.0405839771441554,0.48085712526042224,1.5801110095179582,0.8904347977767237,1.1935539140194003,-0.05147264198788246,-0.819658860846675,0.7854931987265581
prefix_length_format__adjusted,means,10,21,0.9069653422232858,0.3834702658527438,1.4617160205588922,0.6945217355895323,1.065479763166054,-0.045632998552568214,-0.961907796131642,0.8816137150671954
prefix_length_format__adjusted,means,10,22,0.8362539956870516,0.409210251143784,1.4512131342221193,0.6109917155656553,1.0208565931621665,-0.05926263232608868,-0.9137831487729141,0.8468435225643434
prefix_length_format__adjusted,means,10,23,0.7283804449549323,0.2970109160083024,1.2369634169258346,0.5694573061198003,0.9822889004015191,-0.04596602511296581,-0.8588762865397156,0.907685729658155
prefix_length_format__adjusted,means,10,24,0.7430039759062385,0.34294710572221454,1.2503180815827026,0.4695791957056982,0.8649982687468604,-0.011621330704769717,-0.9026516849982633,0.971683269415411
prefix_length_format__adjusted,means,10,25,1.0359110149673252,0.624035249915019,1.5671983724896854,0.8920198542280209,1.1277169341106317,-0.009765602443604781,-0.8726000906667921,0.9319425768954521
prefix_length_format__adjusted,means,10,26,1.0708446187931135,0.5892758073751732,1.624718510183423,0.9165681526864284,1.14735497488971,-0.007110132549754011,-0.8053054504628718,0.8333938575663687
prefix_length_format__adjusted,means,10,27,0.874135080979007,0.41067531622352976,1.3347282708798192,0.44811097755517354,1.0687901088231624,-0.021904315410299004,-0.787691878202712,0.6383862155353549
prefix_length_format__adjusted,means,10,28,0.6314002702021589,0.13663204316776628,1.1847519374739095,0.46773909912587175,0.861523150559406,0.006325669804773115,-0.8098717844068773,0.877649906473301
prefix_length_format__adjusted,means,10,29,1.1974322703479154,0.7032016782179581,1.6741119776764373,1.0575466696478424,1.3136360019746638,0.0013422468612180217,-0.7250912184728395,0.9743796572744434
prefix_length_format__adjusted,means,10,30,0.9822532723807545,0.43114161978136645,1.5095605177214073,0.8588417495699386,1.2029988843707753,-0.017148257328895467,-0.7517847264554778,0.7305097858469733
prefix_length_format__adjusted,means,10,31,1.1203355396573889,0.562434415837212,1.6522176925785295,0.9146823617875158,1.2657019867609354,0.018726177669783538,-0.876337365558132,0.8777086503676034
prefix_length_format__adjusted,means,20,0,1.1138244072179977,0.7148314551080132,1.4941164503710962,0.964052852913866,1.1919212331861038,0.009855482533547266,-0.7080599587595733,0.7782236748722403
prefix_length_format__adjusted,means,20,1,1.0314331824669594,0.6988748864517031,1.4148752451833628,0.9057149260872444,1.118436102533299,-0.027118074640049294,-0.6562389378200315,0.6272995516622029
prefix_length_format__adjusted,means,20,2,1.0706076752369216,0.7078903691778313,1.454158518156418,0.9455148691031745,1.1422956103730235,-0.013649810021570374,-0.488360961940924,0.4567577729288932
prefix_length_format__adjusted,means,20,3,0.8069735569306471,0.48115891593154025,1.1691339296633596,0.7266908857066203,0.8982680630720277,0.016144831998442077,-0.5471328074365993,0.5531780185888668
prefix_length_format__adjusted,means,20,4,0.8083074508226403,0.44082069919718175,1.1608642185388784,0.69505505638512,0.8856332388236743,0.015280580652197683,-0.533747960321201,0.5924893595882547
prefix_length_format__adjusted,means,20,5,0.5944866776971796,0.22002800500008485,0.9422848321551276,0.4805050627655825,0.6901632277953614,0.019068581662431038,-0.46805520632685976,0.6436074132940836
prefix_length_format__adjusted,means,20,6,0.5899632653498394,0.18916148368796773,0.9719491344345151,0.5056341862675995,0.6965973648473429,0.007566173667658394,-0.5137918311361415,0.6365973229538963
prefix_length_format__adjusted,means,20,7,0.5271923117909807,0.13191621285489835,0.8816165451237165,0.4662756506172717,0.6804217744681875,-0.00037134518326535914,-0.4950396222486214,0.6681049593081695
prefix_length_format__adjusted,means,20,8,0.8323127810395105,0.4536800340752782,1.2038916822402406,0.710888427401748,0.9175497610389168,-0.002673968640815483,-0.4912402713240723,0.6707655220559366
prefix_length_format__adjusted,means,20,9,0.7543781935886587,0.37390590853501343,1.106053442339023,0.670668096851441,0.8671524341544024,0.004915829346652934,-0.5188081660865962,0.6168209805572824
prefix_length_format__adjusted,means,20,10,0.787357867941446,0.41819580600280654,1.1863020048762785,0.665882541198666,0.8741798760370971,0.007638012114839521,-0.5826318131282073,0.7907618250277417
prefix_length_format__adjusted,means,20,11,0.657987454793327,0.2616419080267093,1.0642416453007852,0.5287054247234099,0.7577920446860442,0.008252007180033294,-0.5684382913217404,0.8463628488811858
prefix_length_format__adjusted,means,20,12,0.6867314287151518,0.2562417208290798,1.0547816182179754,0.5630481636824406,0.8156357046061494,0.015192048335636388,-0.6997149519274122,0.7360192945391921
prefix_length_format__adjusted,means,20,13,0.66354549024697,0.18022650492105868,0.9751956604706531,0.5245140779412728,0.8900798799887355,0.0018275283948023357,-0.779887680289791,0.7213889340054207
prefix_length_format__adjusted,means,20,14,0.8960236688623584,0.481750368628432,1.2200396394616777,0.7322956847994727,1.0894072764947669,-0.004770799114516722,-0.7198957607556326,0.7806308990939071
prefix_length_format__adjusted,means,20,15,0.8952541440397778,0.45600571963782927,1.2012687267690503,0.7746159686958701,1.063772661075826,-0.005366043149476485,-0.7441032260507823,0.6458299271296483
prefix_length_format__adjusted,means,20,16,1.1401997710081535,0.6829234737609371,1.465194805080845,1.0138975247491193,1.2830771150813993,0.009572347616258293,-0.6377453916483843,0.6547354355655246
prefix_length_format__adjusted,means,20,17,1.221252249557969,0.78401628515842,1.573767846406901,1.0910157124494675,1.3955647271404368,0.003348351538176497,-0.7611786340718129,0.6592196990301747
prefix_length_format__adjusted,means,20,18,1.1196548260901966,0.7088251087645354,1.4777653023113726,0.9981326444316733,1.3638210428333024,-0.013579579735073798,-0.7843765220331885,0.4933778241614869
prefix_length_format__adjusted,means,20,19,1.0728887534265776,0.7017869829572936,1.4205762065542797,0.9740962803604134,1.2283948011513734,-0.0028584474305844987,-0.6523225057965523,0.5007150535228375
prefix_length_format__adjusted,means,20,20,1.0122371724833248,0.658168514448648,1.3854901294230244,0.9182420325847627,1.141734030620143,-0.006670876801963122,-0.6123034582552609,0.5724710021795847
prefix_length_format__adjusted,means,20,21,1.049987078379916,0.6926710651159083,1.3916275951888908,0.9528227089238208,1.1436521021074009,-0.018350237029078075,-0.7787396212548334,0.5820557264783417
prefix_length_format__adjusted,means,20,22,1.0700818009712947,0.7382784128207874,1.4702126605205534,0.9665007105223934,1.153780089493723,-0.015597646115944164,-0.6496741872847722,0.6230057385113519
prefix_length_format__adjusted,means,20,23,1.1273468358666754,0.8277068824900977,1.4623558068189006,1.037110651861556,1.1987072575575206,-0.02466520719954395,-0.7615778892277796,0.602874955722142
prefix_length_format__adjusted,means,20,24,1.0980592383487826,0.7354759553775267,1.456631471083912,1.0082580733186377,1.181426119345674,-0.023010514833431528,-0.7082437993680275,0.5698141024616344
prefix_length_format__adjusted,means,20,25,1.0572082185739646,0.7699952047536673,1.4005074474569732,0.9703954948265107,1.131109356566389,-0.03260062306047358,-0.680401834179447,0.521256129171099
prefix_length_format__adjusted,means,20,26,0.9606845615593173,0.6035811670309227,1.3073257839213235,0.8339729365293901,1.0531275057736698,-0.022255558012731647,-0.6548235850435684,0.612053108794975
prefix_length_format__adjusted,means,20,27,0.8159623662924519,0.4909258263698063,1.2041351731275503,0.7078861219168257,0.9050924204542411,-0.011952389087129678,-0.6185300217028479,0.6308068548468964
prefix_length_format__adjusted,means,20,28,0.5894729340485155,0.22787966878042906,0.9583341062799209,0.5121273895048967,0.6849484214273107,0.0290197221434656,-0.5926409553356722,0.5674041412271594
prefix_length_format__adjusted,means,20,29,0.7019095740956092,0.3432973501589712,1.1211538903631961,0.577132485713914,0.8082654989939965,0.00025775189823402657,-0.5872535718974896,0.6007486017694927
prefix_length_format__adjusted,means,20,30,0.8269719772100153,0.3987796497597113,1.217101423318662,0.7175348638961772,0.8978198493935793,0.009637416980961077,-0.6172152904862876,0.5898113379081898
prefix_length_format__adjusted,means,20,31,0.7590340843568438,0.44309299376869316,1.0862000063489077,0.6568921135413779,0.8425312221341523,0.023748017665395048,-0.6222120827204044,0.7177223072781822
prefix_length_format__adjusted,pre_last,10,0,2.163686669165615,0.025849936544500695,4.507841774224714,1.5814493527298055,3.3570675066420366,0.003601276267485254,-3.368918185249043,3.589778912008539
prefix_length_format__adjusted,pre_last,10,1,1.8729583015415998,0.39767271807911525,3.222131520481444,0.6755401526089343,2.374044382970906,0.08617551740999754,-2.6133638341490397,2.68156126634322
prefix_length_format__adjusted,pre_last,10,2,1.8201922479938486,0.552950531057961,3.0632527422213824,1.2388703499476952,2.5117405201791585,0.01499641966232268,-3.281901416475016,2.4854222406924205
prefix_length_format__adjusted,pre_last,10,3,2.3295001419798216,1.0729413461250212,3.631097529148673,1.977799505393917,2.934483344885502,-0.10974568187587772,-2.949631821801383,2.012030877681994
prefix_length_format__adjusted,pre_last,10,4,2.9886020182071595,1.8631058899532194,4.615688674989939,2.707386445305332,3.4003525974697757,-0.10038876781214054,-2.6808686373578094,2.2466787661521406
prefix_length_format__adjusted,pre_last,10,5,2.5929662850530404,1.518147894708918,3.8109766192238355,2.3451599720006397,3.0492031880554906,-0.11248198442928739,-2.2640144166688185,1.8208027862320277
prefix_length_format__adjusted,pre_last,10,6,2.4483223297306513,1.3269773224103794,3.663622342098693,2.194210374629162,2.801688883798344,-0.13108396032796055,-2.122867260147751,2.1660051569616665
prefix_length_format__adjusted,pre_last,10,7,2.952494836088806,1.8280500831047883,4.058055340875856,2.716357858668395,3.2385966925993674,-0.07813093320216982,-1.703573696747329,1.7021566735118614
prefix_length_format__adjusted,pre_last,10,8,3.409259984885773,2.157356248813364,4.748948860223378,3.129574576648623,3.7996504003529483,-0.1318680735777993,-2.1292243736792726,1.7588811524813073
prefix_length_format__adjusted,pre_last,10,9,3.5589323595898708,2.3078099489554145,4.672437666705352,3.2422944348487164,3.9769684262472804,-0.15109217989095217,-2.037472985917616,1.651277072705352
prefix_length_format__adjusted,pre_last,10,10,4.083370944633033,2.9016391342364605,5.446017216544729,3.6757135132469037,4.324053807627474,-0.13230672655681436,-1.968203116779773,1.5892715083665694
prefix_length_format__adjusted,pre_last,10,11,4.037644202207917,2.643694176011963,5.497869480536859,3.4375650606011896,4.38007516051691,-0.1333438211149949,-2.511549273593404,2.230526575743115
prefix_length_format__adjusted,pre_last,10,12,4.040640002508559,2.7606178017814167,5.390182427494262,3.49108060287579,4.4206304478113285,-0.08369379977454319,-2.378409794545091,2.3590283548651447
prefix_length_format__adjusted,pre_last,10,13,4.2371040189045175,2.8549176058580494,5.54348906661466,3.6472786026125426,4.750028972301295,-0.06089753780294194,-1.9520401914007846,2.064969853371716
prefix_length_format__adjusted,pre_last,10,14,4.465842105265777,3.469120943008757,5.81618631150074,4.130136298490685,4.752965871039234,-0.06720438021668973,-2.04156436219872,2.17870496455611
prefix_length_format__adjusted,pre_last,10,15,4.58386563416066,3.6507506398216134,5.737763353501878,4.257270829900737,4.878714957632778,-0.04788185890404906,-2.169481281194583,2.4929792065189376
prefix_length_format__adjusted,pre_last,10,16,4.329332317618724,3.320240196649732,5.5804961890558715,3.876188762944823,4.616120894812941,-0.06925627807399588,-1.942329895352248,2.046119003816766
prefix_length_format__adjusted,pre_last,10,17,4.320308860390315,3.4057074167153605,5.570423038239302,4.013403220568874,4.671259098689977,-0.038526608332132374,-2.0990224274272906,2.2440008195657914
prefix_length_format__adjusted,pre_last,10,18,4.031622526460112,3.0533886604027387,5.236865274119137,3.7329616916818695,4.375078250504752,-0.08920463764332254,-2.480138613733281,2.1216995272149473
prefix_length_format__adjusted,pre_last,10,19,4.1562204895529655,3.1368117898161207,5.278174233822502,3.857505656447489,4.425225339260259,-0.02681137514718348,-2.021731584907425,2.6372792465495896
prefix_length_format__adjusted,pre_last,10,20,4.157897181710862,3.2537415140314607,5.2488219113108885,3.7659942923640246,4.54459420933321,-0.051558942716888455,-2.323098613323137,2.8285548016421185
prefix_length_format__adjusted,pre_last,10,21,4.4740161419706705,3.5533159242318604,5.438236165911302,4.1741178430560915,4.751424943328965,-0.07058226149687234,-2.454562076566999,2.687888741730155
prefix_length_format__adjusted,pre_last,10,22,4.885276120809391,3.9256867517780387,5.871888807683768,4.54842617180396,5.157861023298966,-0.17154757203268392,-2.2831754930112766,2.0652124910920064
prefix_length_format__adjusted,pre_last,10,23,5.154806515159053,4.221645378636415,6.0906572844489455,4.624437998967797,5.373745454404608,-0.20015884968200653,-2.240815144555553,2.3263328753743897
prefix_length_format__adjusted,pre_last,10,24,5.842697028857035,4.652714581489197,6.972612918100577,5.521975871967203,6.1256121875131235,-0.134300366999829,-2.275586359139417,2.148073911843284
prefix_length_format__adjusted,pre_last,10,25,5.914236017698673,4.5852326595349115,6.957652877412689,5.616642799946262,6.1270727209294815,-0.12775310001507315,-2.0204853811164423,1.837930240185613
prefix_length_format__adjusted,pre_last,10,26,6.1199743487780625,4.889111130904109,7.401936837308557,5.773432201114043,6.37851817100746,-0.145828348019669,-2.103022583737115,2.1661793213645195
prefix_length_format__adjusted,pre_last,10,27,5.4001641843068136,4.325817777063083,6.488324100832086,5.0631830215901,5.651031339069657,-0.13727748533521691,-2.262390451295365,1.7482178052757413
prefix_length_format__adjusted,pre_last,10,28,3.8456499461080176,2.8147343876654536,4.84097169098999,3.3345972375629516,4.139369310876388,-0.09633658087977441,-2.147654806147724,1.7365849688008423
prefix_length_format__adjusted,pre_last,10,29,4.6462735292122455,3.7919982909803425,5.589959335258205,4.083573643624672,4.886021740369906,-0.06398705749572206,-1.994028309227205,1.9987015848625045
prefix_length_format__adjusted,pre_last,10,30,5.4617736964503605,4.535957234272529,6.384368229482596,5.105540788180999,5.686568341335108,0.044074858400198424,-1.5157212085187968,2.3181884806558797
prefix_length_format__adjusted,pre_last,10,31,6.451795586429574,5.35097813548229,7.644308730549906,6.080206575344663,6.654775207682508,-0.03451404209447599,-1.8840300763365738,1.984315154176559
prefix_length_format__adjusted,pre_last,20,0,1.201166344245892,-0.22688890655309585,2.803066998353926,0.8459059030052752,1.8661438300903308,0.01402707655901012,-2.412547278622692,1.9027307776173958
prefix_length_format__adjusted,pre_last,20,1,1.2122599694659215,0.06282547249406982,2.3907257957803583,0.5681899004652274,1.8628455384300466,0.06577899766433803,-1.5696437377130916,1.9664984375300294
prefix_length_format__adjusted,pre_last,20,2,1.2697769880387493,0.30672678108710183,2.3905414298948204,0.8445375476276784,1.6165744312293933,0.025614761207463997,-1.4988634165257961,1.8073901426895713
prefix_length_format__adjusted,pre_last,20,3,1.519609407511617,0.4928661515898578,2.582839743984202,1.3542413649196348,1.909202718051136,0.008628254682055702,-1.6847278320348378,1.5978096574433456
prefix_length_format__adjusted,pre_last,20,4,1.9881572251563113,1.1372301198140116,3.035501748394513,1.7624511841077384,2.1601353490688706,-0.008656811637851503,-1.4387089107241942,1.5895416476440691
prefix_length_format__adjusted,pre_last,20,5,1.9675565796033048,1.1687822846175584,2.9389876077716455,1.7236412546168547,2.1478991809366152,-0.05000369751138141,-1.3692564091801132,1.3607228418276405
prefix_length_format__adjusted,pre_last,20,6,2.0071472534079176,1.1736325449579856,2.8891202799975955,1.7913638383036927,2.183071861105423,-0.06683563925302556,-1.5316034305193589,1.2392014896966643
prefix_length_format__adjusted,pre_last,20,7,2.2963717266605914,1.457270948540846,3.1950852754980454,2.0808659603745263,2.506383199411851,-0.014069978800104388,-1.4964199106970328,1.437251853071013
prefix_length_format__adjusted,pre_last,20,8,2.648132248469804,1.8264020710542053,3.5837578994502293,2.4158299581929286,2.9048044884513953,-0.029468907457733052,-1.4143965015447817,1.5923254000402918
prefix_length_format__adjusted,pre_last,20,9,2.846103164627005,2.017552135324689,3.73574680861182,2.5982545937164683,3.0675866692492018,-0.021584725548920946,-1.485537304241806,1.215192575420638
prefix_length_format__adjusted,pre_last,20,10,2.9784205024824284,2.151935519908107,3.9985516773956675,2.7085247754553055,3.2348785555089083,-0.007805173422918888,-1.5559417962109439,1.5550492570629517
prefix_length_format__adjusted,pre_last,20,11,2.9618777286695215,2.1176962481498633,3.9786974058515723,2.6970256188121495,3.2379308017519164,0.002082060060410074,-1.6539672751792545,1.4597195043103681
prefix_length_format__adjusted,pre_last,20,12,3.138756028039864,2.265288716353717,4.1322997767521406,2.8642853813045632,3.4094993822411435,-0.02215799205031834,-1.6517514940065263,1.3602608074853053
prefix_length_format__adjusted,pre_last,20,13,3.140481566618411,2.2074208352076536,4.072882349411518,2.8506246807343385,3.482868362130392,-0.043951739237663046,-1.6468802535547322,1.5893195296532754
prefix_length_format__adjusted,pre_last,20,14,3.09516172610662,2.1303146079195434,3.8994701849939464,2.8229736121492235,3.3447316131017053,-0.020644517264452978,-1.6296472296841436,1.487055161202981
prefix_length_format__adjusted,pre_last,20,15,3.1541048673878,2.3346264975907842,4.022617947087134,2.860302034679418,3.3517629197116308,-0.02738972432460529,-1.5379200678252125,1.7557065630734605
prefix_length_format__adjusted,pre_last,20,16,3.052823945628012,2.1651306478219707,3.9162551716907457,2.6970628293376055,3.2575034005390813,-0.08023482436960712,-1.6127162046734078,1.5476562356596375
prefix_length_format__adjusted,pre_last,20,17,3.219971341642138,2.444987528062666,4.168192941313979,2.936180089418412,3.3634146877768334,-0.1049963204373912,-1.377510122267815,1.784768916983651
prefix_length_format__adjusted,pre_last,20,18,3.351088566561555,2.6136469611685613,4.254041132608932,3.0675053870183695,3.520195559082962,-0.1328322340325967,-1.5465782675263988,1.9388250979942871
prefix_length_format__adjusted,pre_last,20,19,3.453401301934482,2.7227741498042657,4.273050766749133,3.147566844594832,3.6157419282677017,-0.13016852637832962,-1.6755708897597603,1.8949115289879956
prefix_length_format__adjusted,pre_last,20,20,3.4073373843320436,2.6807016478581804,4.1229736254226825,3.101234139316549,3.6114422271371964,-0.1354468805015015,-1.5052300716616358,1.8328598194707157
prefix_length_format__adjusted,pre_last,20,21,3.399371168686086,2.6952309186535595,4.133372624407768,3.105128609141735,3.5707055869591993,-0.14231554044972602,-1.4976585998585008,1.8138908647487255
prefix_length_format__adjusted,pre_last,20,22,3.332113052342599,2.569729651012401,4.189907870945676,3.0411790091283963,3.4985121068770284,-0.15672685971547665,-1.464702516724683,1.8335931408099875
prefix_length_format__adjusted,pre_last,20,23,3.403789049467225,2.569892502565075,4.3274939250234645,3.079978207565451,3.5672705863783833,-0.17335205941932613,-1.6357428939080794,1.732659705118769
prefix_length_format__adjusted,pre_last,20,24,3.8706957261026615,3.0349454817366173,4.900224062852901,3.5498746805623336,4.0266642411459825,-0.14377432183953961,-1.745964073581052,1.6243810219652357
prefix_length_format__adjusted,pre_last,20,25,3.8369235614440336,2.920337940256747,4.793101013267074,3.5045130359836434,4.053217274839619,-0.14913653848425984,-1.663451568261583,1.6954317310653304
prefix_length_format__adjusted,pre_last,20,26,4.214750144505255,3.358967011416977,5.383093997203374,3.88171178718937,4.369813345358294,-0.1324613580722766,-1.6130871570880378,1.2153627155683846
prefix_length_format__adjusted,pre_last,20,27,4.20856132942936,3.4383749520647053,5.2224977903037875,3.8893425456093085,4.4433362170913195,-0.08174838005895786,-1.7262159796695282,1.5550107842536147
prefix_length_format__adjusted,pre_last,20,28,2.55923087136114,1.7893562954459208,3.2388600836170762,2.2369822226147758,2.779486895665903,-0.059183344565412764,-1.760403757811503,1.4154179927986392
prefix_length_format__adjusted,pre_last,20,29,2.774867165091387,2.103482125161927,3.4056825694168538,2.535005224623687,3.0289044791686663,-0.08483266148703941,-1.5688910751423784,1.3118176729283542
prefix_length_format__adjusted,pre_last,20,30,3.231793452103655,2.501177237024855,3.990942023165548,2.9743449108727305,3.3869185438607,-0.0377025652352619,-1.4633540702061063,1.498110324691616
prefix_length_format__adjusted,pre_last,20,31,4.071041451155804,3.358180834350653,4.899813930161921,3.828595206252946,4.251609353090685,-0.09156948311103627,-1.5580814108291317,1.5314234722031814
prefix_length_format__adjusted,pre_mean,10,0,1.0781202967262116,0.4885781364294525,1.8150377437957663,0.7260067483985749,1.1911153404554484,0.01413938429212489,-1.022604147254045,0.9929865349588161
prefix_length_format__adjusted,pre_mean,10,1,1.0857866427901919,0.5252477695154848,1.8626766986372347,0.8179311927122173,1.2146271192858504,0.03475221533621475,-0.8879198527540583,0.9525031780209341
prefix_length_format__adjusted,pre_mean,10,2,0.9150771893148038,0.3241984541662245,1.5855945634522899,0.5265536451932868,1.0085113066187978,0.008539077987231946,-0.8777275883823235,0.8171397426770102
prefix_length_format__adjusted,pre_mean,10,3,0.738920314938093,0.24678883352287212,1.222681874863408,0.56787189605166,0.8442440969911875,-0.05654886758432627,-0.8425519530802413,0.8007597144739855
prefix_length_format__adjusted,pre_mean,10,4,0.7688104965979493,0.24125079555478202,1.4282125109499888,0.48574507548981705,0.9343513039930117,-0.013205832417769537,-0.9067625786049376,1.0930236930933626
prefix_length_format__adjusted,pre_mean,10,5,0.8102241580796885,0.33228795987833615,1.3586138594974788,0.5694174000732773,0.9116899438897739,-0.0073671619346115545,-0.9299857332832361,0.8910668681715326
prefix_length_format__adjusted,pre_mean,10,6,0.6094080456151545,0.1012971528593016,1.0581698554370624,0.3711576972045017,0.8015404715962728,-0.021635839181730974,-0.732758223078717,1.0164427362293682
prefix_length_format__adjusted,pre_mean,10,7,0.7411715086235302,0.13725544682695695,1.401406845227751,0.49378883459365247,0.8988363236906749,0.013004262140837119,-0.7014694826811683,0.9549762569308263
prefix_length_format__adjusted,pre_mean,10,8,0.503937344774132,-0.02864277469562184,1.0499738301393893,0.1897077396436119,0.6576183444930713,0.03548210399578851,-0.7883137636093107,1.2147389750830313
prefix_length_format__adjusted,pre_mean,10,9,0.46631098168414753,-0.05667709660925117,1.138444389821875,0.27533118704975507,0.6652151372068146,0.03368800141161645,-0.799415440111977,1.2170022871726516
prefix_length_format__adjusted,pre_mean,10,10,0.4124341133480696,-0.1685626145070917,0.9873371730217401,0.14454275191787286,0.5562848031064076,0.02565312156811539,-0.8378860329145315,0.9760729937264162
prefix_length_format__adjusted,pre_mean,10,11,0.6056055733096879,0.06859770130254443,1.2710664411438921,0.2040211810916271,0.8308338981258631,0.08291565383447727,-0.9008416705000519,1.0988362914164957
prefix_length_format__adjusted,pre_mean,10,12,0.6702463856021074,0.12159345043290375,1.213972598235193,0.3932611526426476,0.8350422937676771,0.05733465065333328,-0.8220620237352902,1.019665189807739
prefix_length_format__adjusted,pre_mean,10,13,0.4409438267580853,-0.1279203763672227,0.9867164954739209,0.18415197623511906,0.7279298864345769,0.0008635849013344688,-0.855073914059147,1.014341331429791
prefix_length_format__adjusted,pre_mean,10,14,0.9249351654065847,0.39209628343536335,1.4369889695351772,0.6557960199811413,1.1545944840985787,0.007464526154614459,-0.7784152626781567,1.2588878282253309
prefix_length_format__adjusted,pre_mean,10,15,0.9561070985384668,0.4154210421125546,1.4624866619828953,0.7847002806724377,1.0990802831924522,0.024648001554828623,-0.8755436324293618,1.1518162207423401
prefix_length_format__adjusted,pre_mean,10,16,1.1240908782507857,0.5357510603133575,1.7640531904705514,0.9489277811780491,1.276959760339903,0.021510789781410168,-0.8972224770398566,1.0463248115380068
prefix_length_format__adjusted,pre_mean,10,17,1.1840515460068626,0.6747595129340509,1.6889017131598438,0.9624872644468853,1.3728431219403254,0.024543926360326117,-0.8187752980970993,1.0677244669756285
prefix_length_format__adjusted,pre_mean,10,18,0.94353931094186,0.46767489385066396,1.4621667352287173,0.6565001341684126,1.167004828608742,-0.014741978085255836,-0.9179618714427169,0.9387435825511337
prefix_length_format__adjusted,pre_mean,10,19,0.9673977963913615,0.5383851929271949,1.6107228749249325,0.8422260176214558,1.1426817503781335,-0.041854847729758185,-0.9730148098433213,0.8257817847624055
prefix_length_format__adjusted,pre_mean,10,20,1.030986299889626,0.5398792188873625,1.556083348102534,0.8755176136702044,1.1454823973612156,-0.03785534555225012,-0.7536073569772889,0.6970913637424534
prefix_length_format__adjusted,pre_mean,10,21,0.7405704527937689,0.25210138184637865,1.2975757172964488,0.35295365299251935,0.8813889946948682,-0.035754097396389704,-0.8566939128312665,0.8024047056858497
prefix_length_format__adjusted,pre_mean,10,22,0.8099229076326465,0.3494714186995428,1.2948458560819136,0.6248735959153447,0.9610117437520311,-0.07459129218330969,-0.9460692436492334,0.7066919700351797
prefix_length_format__adjusted,pre_mean,10,23,0.7818826260442336,0.27595815919401084,1.3184062302815664,0.6427091411484755,0.8925405012312315,-0.06390575697550109,-0.8866372469960025,0.9960205444674273
prefix_length_format__adjusted,pre_mean,10,24,0.8854744016222472,0.4313640965178313,1.3693475613246975,0.6893153114746853,1.041952544580729,-0.052218869191206066,-0.8668535962456417,0.7642601883127886
prefix_length_format__adjusted,pre_mean,10,25,0.9203267377419856,0.4386115094126739,1.4203816457145506,0.7389560161534087,1.0717893216879903,-0.05394479011408317,-0.8826733620754503,0.7763428832944934
prefix_length_format__adjusted,pre_mean,10,26,0.8227973729243446,0.37961337606492596,1.3238829067934983,0.6949420135533615,1.0994087778494126,-0.01766836232137159,-0.8533619788220218,0.8394320575814536
prefix_length_format__adjusted,pre_mean,10,27,1.0040221557016364,0.5728748285983495,1.4565304868597186,0.8039689965600292,1.151600736305347,-0.005550618128179807,-0.6615721415616896,0.8734436319000844
prefix_length_format__adjusted,pre_mean,10,28,0.5659869325992545,0.10219423331553182,1.0844397903396241,0.3833673672133686,0.7936879591316116,0.026235150916424144,-0.9911848896500499,1.0954984830345755
prefix_length_format__adjusted,pre_mean,10,29,1.1074795976350325,0.6453607326340949,1.5809976163688688,0.9038909883376306,1.2086800592458815,-0.02054777019642349,-0.7550473592370303,0.7415028223667236
prefix_length_format__adjusted,pre_mean,10,30,0.7688511415761513,0.2329666497412335,1.313007876856443,0.6525173492282693,0.919739162080198,-0.07740450742879598,-0.8990355976256483,0.7239722332515002
prefix_length_format__adjusted,pre_mean,10,31,0.8298071191572405,0.3147597299795734,1.5092033258445072,0.5952417430041559,1.008394176071928,0.006188700049332263,-0.9909855721749152,0.9218624934692926
prefix_length_format__adjusted,pre_mean,20,0,0.9269802799903876,0.5476335835328286,1.3941185398051992,0.7726269808955855,1.0228330599698554,0.027822830353518003,-0.6834573810907822,0.7746260557405295
prefix_length_format__adjusted,pre_mean,20,1,0.8727784541937667,0.4615921785587903,1.2709435419984567,0.7693312865735423,0.932700385314664,-0.005941109565303249,-0.7236084138869946,0.5850551254253763
prefix_length_format__adjusted,pre_mean,20,2,1.0115903671319377,0.6318154927542489,1.3886120719716812,0.8845149731449943,1.068791590723462,-0.01975521099152926,-0.6601222834918175,0.44259557087985174
prefix_length_format__adjusted,pre_mean,20,3,0.724178476117544,0.3847296876004215,1.0588036714248683,0.6396868156757224,0.8090661423727172,-0.0037219106356068954,-0.5731120527961124,0.5311519815254183
prefix_length_format__adjusted,pre_mean,20,4,0.7102317041084142,0.3602430601286729,1.092906984993906,0.5786610179802205,0.7847005245577755,0.02541650923857506,-0.631135398973464,0.5828012318900296
prefix_length_format__adjusted,pre_mean,20,5,0.6232389271398745,0.2046237211706375,0.9224207556516403,0.48198028503253104,0.7070009969284644,0.020373653831461704,-0.5135335700560788,0.575815378729333
prefix_length_format__adjusted,pre_mean,20,6,0.6161222813865738,0.2306531525211867,0.9996614946618443,0.542127779197004,0.6896876840713339,-0.008793117011763395,-0.5736079566657996,0.6713309363389753
prefix_length_format__adjusted,pre_mean,20,7,0.5351417123274672,0.12623779388442466,0.879956092381565,0.45324419461910825,0.6200297617892677,-0.020885510115983896,-0.4596701403027686,0.6297985116318443
prefix_length_format__adjusted,pre_mean,20,8,0.7020674393537585,0.3185558485490363,1.0030780662965908,0.6248367874588713,0.7875108793321403,-0.02419363712696505,-0.5690855781320721,0.6753532708715351
prefix_length_format__adjusted,pre_mean,20,9,0.8505232040759508,0.543298182062619,1.2332244881191223,0.7786259128469404,0.9540341495207066,-0.0094368328002159,-0.5681178002722569,0.7473031766322329
prefix_length_format__adjusted,pre_mean,20,10,0.8098728309212343,0.39655599720965234,1.2674968208046704,0.637578699453018,0.8946616223543209,-0.008342147921104636,-0.5836867860693357,0.7454954470744364
prefix_length_format__adjusted,pre_mean,20,11,0.5794991643583552,0.20106578588629942,0.9328847377466108,0.44234266444846665,0.7503640044488691,-0.01436502769732464,-0.5547856198564078,0.7616505978231404
prefix_length_format__adjusted,pre_mean,20,12,0.8106910946946866,0.42832250021257284,1.235676245412942,0.6969013645861261,0.9382442282191874,-0.00915931219564876,-0.648350374946791,0.7149577206412769
prefix_length_format__adjusted,pre_mean,20,13,0.8739708092266246,0.4628152583249402,1.256667257009626,0.7606151044274398,0.9738476498425256,-0.0015430402716845038,-0.6034953882423115,0.8462941890066571
prefix_length_format__adjusted,pre_mean,20,14,1.1950607272614149,0.7857469107298839,1.5435034323764167,1.0746922542292205,1.2659054873875961,-0.007001085042820887,-0.6359306179864208,0.8030113283381718
prefix_length_format__adjusted,pre_mean,20,15,1.1609911962155621,0.7450073922992475,1.5009694116095316,1.0454759573453833,1.2443931852995145,-0.032344335784704505,-0.679221088824166,0.6858128102539399
prefix_length_format__adjusted,pre_mean,20,16,1.226993990182574,0.8825576685832253,1.5197152424997564,1.0914478655904887,1.3574065315595965,-0.024482581681639814,-0.7628653139803921,0.7108798842075698
prefix_length_format__adjusted,pre_mean,20,17,1.229487309124785,0.8806990371419199,1.5634622770327768,1.0955318180214835,1.3930116996955564,-0.01654439623516133,-0.6762234238859861,0.648068447937203
prefix_length_format__adjusted,pre_mean,20,18,1.096707919322984,0.727159193911628,1.4079551989200565,0.9523298270480093,1.235622211662354,-0.024246332918416824,-0.6822751410578254,0.6015438305599287
prefix_length_format__adjusted,pre_mean,20,19,1.07053172670937,0.7230259186217409,1.4181543779412367,0.9480956456210842,1.1749552815139943,-0.010418125823868607,-0.600335512344375,0.5201347640003212
prefix_length_format__adjusted,pre_mean,20,20,1.001365706113733,0.6256984109858316,1.3522245503365216,0.8543207885594438,1.1238597729790671,-0.017660560359258382,-0.6161567375347232,0.5477694838957667
prefix_length_format__adjusted,pre_mean,20,21,0.9693121417433476,0.6304453869608638,1.3442982655308506,0.8705767659350259,1.0586146566549566,-0.013214567080700169,-0.6223050106456951,0.5152274473395146
prefix_length_format__adjusted,pre_mean,20,22,0.9553134388163304,0.6359914502437561,1.3482615088000045,0.870681381108528,1.0431557238244769,-0.0011900739593800446,-0.5925319911055281,0.5024039355535632
prefix_length_format__adjusted,pre_mean,20,23,1.008733494425741,0.690590414594284,1.3306148173579786,0.8983842708904786,1.0939069885828332,-0.018147319559458273,-0.5568985176528037,0.5669385011065895
prefix_length_format__adjusted,pre_mean,20,24,0.8999418513788948,0.5851461406521866,1.2791434470663514,0.8241308394050607,0.969985708025133,-0.021590979961262934,-0.5793745932550292,0.5688608607985491
prefix_length_format__adjusted,pre_mean,20,25,0.8591629321094632,0.5366506948429528,1.236939093925651,0.7579903615061377,0.9224686355270371,-0.045395176833239216,-0.5610273724237979,0.5263308999939873
prefix_length_format__adjusted,pre_mean,20,26,0.7350919288314356,0.41872896827075373,1.098743000931298,0.6010188856813093,0.8145957515629187,-0.027044002314878003,-0.5478924839443354,0.617598079101015
prefix_length_format__adjusted,pre_mean,20,27,0.7196645118980115,0.3600311126862089,1.1139734534901031,0.6279056810083925,0.8078139409743427,-0.023633312201713517,-0.5802341830550714,0.6054185348675364
prefix_length_format__adjusted,pre_mean,20,28,0.6494739341292993,0.27265897127432603,0.9929393373151189,0.5654346036396531,0.7335591018494225,0.001176470150331199,-0.6143872029681396,0.5524292965757801
prefix_length_format__adjusted,pre_mean,20,29,0.6969234501509064,0.3636074345150058,1.1093226437702775,0.5589256619636989,0.8004482081859386,-0.005640722381232166,-0.6064938466565712,0.7020284035077898
prefix_length_format__adjusted,pre_mean,20,30,0.7427367366095793,0.37550958430054365,1.0879048859458422,0.6427067504122164,0.7989820588721447,-0.005639102007130159,-0.5738002205519201,0.5746487334802366
prefix_length_format__adjusted,pre_mean,20,31,0.6647135309123742,0.30735993235724346,1.0104394208730059,0.5314160678105581,0.7396172630068337,0.007706636592406358,-0.6069591186511678,0.5443207485071788
prefix_length_format__reference,finals,10,0,1.0443162305211382,-2.303726011082466,4.018173848533438,-0.3743229670018902,1.6892908864735234,0.25222328979021785,-3.4401482918059028,5.452931118143633
prefix_length_format__reference,finals,10,1,-0.4125494418344591,-3.4625781736031556,2.9677298181110103,-1.339480698847512,0.35896404297646506,0.13842249452246153,-4.9640762450317055,4.94297233176778
prefix_length_format__reference,finals,10,2,-0.07906167983381245,-2.7861122825739377,2.284073859724722,-0.7276019020741965,0.8114396845455177,-0.02617562321194078,-3.710883116468923,4.334979629307305
prefix_length_format__reference,finals,10,3,-0.04878001028692784,-3.154790180722163,3.0131868066227603,-0.7981494931635372,0.767798011478377,-0.029895408693566196,-5.060418959232302,5.229491848035565
prefix_length_format__reference,finals,10,4,1.056352536166297,-1.221125188117881,3.815178812786592,0.5901584047329163,1.5298443804213007,0.13975377898847316,-3.2863332348517456,3.83184782000201
prefix_length_format__reference,finals,10,5,1.2641118905851567,-1.4631597981322129,3.7876201720040834,0.7193060590883988,1.6973495155866447,0.1458986584529352,-3.362854742336819,3.8538248796045007
prefix_length_format__reference,finals,10,6,1.9061719329244902,-0.5894652105468378,4.111937469305703,0.7371003675153474,2.288942213815799,0.11587899879819061,-3.6561818067427403,3.375450781971426
prefix_length_format__reference,finals,10,7,2.242475539817963,0.07985236285487321,4.377029568521507,1.2824453527822446,2.7415861668405404,0.1616180112095788,-3.4384971799476554,3.800667859219677
prefix_length_format__reference,finals,10,8,3.061547069597614,0.7527555361727234,5.112712460521674,2.6036946288834093,3.439518131588086,0.05888301955472382,-3.314867727632851,3.1533008150636324
prefix_length_format__reference,finals,10,9,3.222889657668666,1.4440733656813964,5.340208425132767,2.7784394855713614,3.7035418404821216,0.02851139347910303,-2.8707402255935417,3.0173220946442063
prefix_length_format__reference,finals,10,10,3.142455781407305,1.309307127558696,5.375981821042903,2.5735806280527553,3.7223987957623645,-0.06458543392917773,-3.0525385253644495,2.8663298425358907
prefix_length_format__reference,finals,10,11,3.2650683378039678,1.55426363307324,5.250692426691865,2.805063269325532,3.7629146493011305,-0.1232739781998188,-3.300569493943444,3.1641109896514807
prefix_length_format__reference,finals,10,12,3.7416920091184576,1.798960562633774,5.951222015897116,3.5143005016104376,4.2019691044530605,-0.0644161047230837,-2.9450628663336302,2.194395461003523
prefix_length_format__reference,finals,10,13,4.254783771648358,2.240932807571867,6.102245041119805,4.06040071502208,4.650689882922809,-0.00013853117751874144,-2.704567373732563,2.4002145671311497
prefix_length_format__reference,finals,10,14,4.458791489768021,2.322495285531496,6.146939283057106,4.217531434874521,4.847657190528377,0.0010817668468522169,-2.58986630483645,2.533867121871353
prefix_length_format__reference,finals,10,15,4.59946372907027,2.8403968426081767,6.3699811507004345,4.371708273471379,5.038405491979225,-0.031242331666008427,-2.2386448073093708,2.098719545900316
prefix_length_format__reference,finals,10,16,4.972392622628932,2.871977489279534,6.9665860886805495,4.746718478030382,5.318363031607973,-0.002976575074337173,-2.4114639250010184,2.0042934183727033
prefix_length_format__reference,finals,10,17,5.054102795347545,3.2279526319884524,7.215703304276571,4.7927733748802925,5.414867942807999,-0.022458868659714738,-2.315823233837041,2.3293564759739867
prefix_length_format__reference,finals,10,18,5.016980348309196,3.1914818440400294,7.162844450065748,4.859687107622,5.451357941965491,0.003299769957432064,-2.168067736730896,2.1480227745184153
prefix_length_format__reference,finals,10,19,5.053610585535285,3.3772320310265282,7.354219657931443,4.912226215252446,5.51567050154829,0.028563836709386246,-2.3826411892872184,1.883756403913955
prefix_length_format__reference,finals,10,20,5.091840992072362,3.3020689022411034,7.396881811734535,4.860507968499397,5.536778321567122,0.033335312133554805,-2.5317988173688684,2.100359563305659
prefix_length_format__reference,finals,10,21,5.192316060902156,3.3568912356645595,7.833935635235378,5.018995238515097,5.577858122349098,0.03165895276074826,-3.193611767007201,2.5836988314974856
prefix_length_format__reference,finals,10,22,5.226510893477201,3.554902358943906,7.742670607042747,5.028121714517863,5.586122829971511,0.14130477505578729,-2.880072314110611,3.0487718995485915
prefix_length_format__reference,finals,10,23,5.360130656216076,3.3437969527663016,7.863874262565472,5.159345663014962,5.7471515680364,0.15662765068201093,-3.001702351592789,2.864275644538981
prefix_length_format__reference,finals,10,24,5.594405307945769,3.6933159699176623,7.991723230150927,5.356440475378983,6.013354493792986,0.1618966438992712,-2.981377890059402,3.698124566152708
prefix_length_format__reference,finals,10,25,5.495713998810544,3.4668389661765393,7.889425218862634,5.055674793047032,6.293066982548905,0.18821864450590092,-2.989281691792504,3.8654445127042956
prefix_length_format__reference,finals,10,26,5.5635193073930935,3.2500007476534085,8.091793155481726,5.2466746244894855,6.044642792966788,0.23729728685182278,-2.9312684229304504,3.832123615649801
prefix_length_format__reference,finals,10,27,5.8590573724082695,3.643988868071048,8.327536853568123,5.579019695171172,6.390095039205991,0.3556791862164018,-2.3164305197278763,3.366662410979338
prefix_length_format__reference,finals,10,28,6.90843592905786,5.019013351656083,8.334310780847831,6.463843187250907,7.291182611922982,0.21723504489012518,-2.0867712439947863,2.7191123404508803
prefix_length_format__reference,finals,10,29,6.518994493688766,4.797346680622294,8.095987120332639,6.2146200791424455,6.868317150670007,0.19320159856319014,-2.3743700358847155,2.723112772866547
prefix_length_format__reference,finals,10,30,7.148272202898695,5.058280308876295,9.087791097884622,6.726458140612347,7.554934113029921,0.013317590890471687,-2.999281519346465,3.045981537194328
prefix_length_format__reference,finals,10,31,6.425097343653468,4.215520727307178,8.449808419325818,5.880497807821988,6.963878068453983,0.019326619854010785,-3.3897605241462925,3.055824433745587
prefix_length_format__reference,finals,20,0,1.1737376353150226,-1.5509220800830132,3.6110086537710258,0.22580890734617767,1.5049906084535245,0.17288513289846624,-3.086414438833188,4.1430497325413835
prefix_length_format__reference,finals,20,1,0.3796169506581746,-1.9196812365732214,2.737356903633224,-0.09764911226094704,1.2383063122551965,0.058989009780175475,-3.6622376101030745,4.115528696903779
prefix_length_format__reference,finals,20,2,0.4393635849166339,-1.655524733914761,2.635237511715386,-0.09276594149491718,1.3245704361948578,-0.07168508351739566,-4.205097794681539,3.3210143652577786
prefix_length_format__reference,finals,20,3,0.17073401889279136,-2.2868857696298392,2.604639870148258,-0.6719681612896252,1.5163944239461127,0.041833885267136675,-4.886482581865021,3.849358197898178
prefix_length_format__reference,finals,20,4,1.2641812978912337,-1.2223649372117398,3.317893612757605,0.8789027714767494,1.8230580374083345,0.11313124054385679,-3.573164678387262,3.4789793460454077
prefix_length_format__reference,finals,20,5,1.5033333497645198,-0.7819198018144088,3.481323718956371,1.086427973872151,2.065605037553491,0.10550013507975024,-3.349321907229735,2.9887048675459096
prefix_length_format__reference,finals,20,6,2.085327473735678,0.15686218877019933,3.790964914934618,1.4914460112502443,2.4264319807992663,0.06904189443859883,-2.9403629249029724,2.2338728276187076
prefix_length_format__reference,finals,20,7,2.9334601803282756,1.0722076504441733,4.744462479599367,2.4252101914246933,3.244327247277439,0.0951520635368491,-2.5425841554400805,2.1967947939623618
prefix_length_format__reference,finals,20,8,3.432465141317952,1.7945753956790231,5.09753103065306,3.169207523552104,3.7500881926153506,-0.012405187969314158,-2.5614990255357952,2.291604615531425
prefix_length_format__reference,finals,20,9,3.8379809786109758,2.229781634122382,5.351905459050821,3.6062211704809353,4.194934196116691,-0.023986682470120035,-2.5800218330726845,2.1265248566614146
prefix_length_format__reference,finals,20,10,3.811835927800727,2.1368355969773556,5.487116575147572,3.580821843071594,4.157452141884382,-0.05783376869359262,-2.6860877576893096,2.0117108978433365
prefix_length_format__reference,finals,20,11,4.2038664547315445,2.656404261690749,5.9462736664734575,3.9346020839554816,4.529258779835124,-0.04437617543561743,-2.2751634001618974,1.915239436431714
prefix_length_format__reference,finals,20,12,4.538289954991266,2.9925366347019797,6.37867632616411,4.285254038327669,4.855808053367429,-0.06597009823593378,-2.2953324829265274,1.89797370759577
prefix_length_format__reference,finals,20,13,5.000250240621008,3.3245472578488253,6.544738079383903,4.739337800396958,5.331375091174205,-0.013524456626866143,-2.269396086159891,1.7436789105898656
prefix_length_format__reference,finals,20,14,5.107942323134312,3.735300981226226,6.645365202145367,4.902377446666218,5.433683070626658,-0.026148236700226545,-2.3031669621127073,1.6718576044653741
prefix_length_format__reference,finals,20,15,5.425234984436245,3.8714925078162437,6.790159845517615,5.224032420631326,5.787794939783022,0.0037357944989643067,-1.9136439675334214,1.7692274671893222
prefix_length_format__reference,finals,20,16,5.787403009100026,4.3319814063229884,7.090699470943174,5.577408445427115,6.12235382257438,-0.03385709900032796,-2.0342201835726845,1.6506058888025665
prefix_length_format__reference,finals,20,17,6.074453887855472,4.6379875772352985,7.324563129152325,5.886609573916769,6.360490619872718,-0.0071375158770389914,-2.058618449380518,1.978401907779584
prefix_length_format__reference,finals,20,18,6.061151594381699,4.77653653183548,7.4554235360081025,5.8953722178398955,6.3471664972615445,0.017541521607645903,-2.1169225822043036,1.9588697869169192
prefix_length_format__reference,finals,20,19,6.1369127728206205,4.815093531921195,7.650600691538044,5.980196660431686,6.428028863885108,0.011548523959527258,-2.140362811726779,2.1557719145909333
prefix_length_format__reference,finals,20,20,6.132124542938304,4.69193641062961,7.745819859000397,5.934936840733737,6.434165191483673,0.016590096664506327,-2.1195856821549457,2.10192804155452
prefix_length_format__reference,finals,20,21,6.189757161270095,4.6661205063001745,7.879506764036092,5.992830924935839,6.4633704078851135,0.01626344456561024,-2.3383349974039476,2.2967882715085137
prefix_length_format__reference,finals,20,22,6.443640506437599,4.903421367345878,8.230290832305103,6.249885531384805,6.718482602203628,0.04272700971622552,-2.5659371575952794,2.6304625822204377
prefix_length_format__reference,finals,20,23,6.235894720565421,4.693461220243654,8.034999896364722,6.025618178322109,6.538343623333505,0.08750257216641906,-2.498934820047119,2.6328055746622225
prefix_length_format__reference,finals,20,24,6.673618818315314,5.042916334232322,8.539020786033547,6.422771444483278,6.948805803139106,0.0806991458595463,-2.2628691525923403,2.589450485297854
prefix_length_format__reference,finals,20,25,6.52150857088499,4.819745134045719,8.345132678539521,6.319413602844019,6.865715392771934,0.12732357962289137,-2.04295889238553,2.8131945556000115
prefix_length_format__reference,finals,20,26,6.349220361601676,4.7747859831787025,8.183314599497407,6.139918964472859,6.670321074356644,0.19076772462546138,-2.0221767716712087,2.9914816719230792
prefix_length_format__reference,finals,20,27,6.365758730655552,4.498648146100095,8.084581302490042,6.149951931140578,6.706942239715195,0.26685162710485216,-2.2452873685258257,2.9410823143595697
prefix_length_format__reference,finals,20,28,5.382979472272283,4.410422513711293,6.759252300114254,5.0616057663540435,5.648172398443452,0.11622903342017285,-1.61805860031975,1.802631157424582
prefix_length_format__reference,finals,20,29,5.906352854663359,4.583410090015369,6.953225367144424,5.584587798077455,6.181118506352573,0.11389014796726186,-1.7477316414601254,2.0213977889353094
prefix_length_format__reference,finals,20,30,6.958680208330645,5.402278365705336,8.192717062573317,6.5392672801375245,7.264321559810564,0.035952656741065736,-2.158777216739843,2.2434060394183564
prefix_length_format__reference,finals,20,31,6.278292815728202,4.484664086420562,7.697063197453752,5.863865138464019,6.688856851495923,0.04237637879101075,-3.018582477931396,2.7503096756284613
prefix_length_format__reference,means,10,0,1.221412254908826,0.4947442809609318,2.049215699793897,0.9792367943409452,1.419033838971263,-0.019439556713221194,-1.197603139835838,1.0787684426073474
prefix_length_format__reference,means,10,1,1.3953784320929594,0.5714566458092163,2.174792814804821,1.142281027474789,1.484614899345456,-0.018251728619235276,-1.0402320495099995,0.9478460096355907
prefix_length_format__reference,means,10,2,1.3352041491877007,0.5374586270116919,2.2026229998520837,1.1766684567131949,1.4545313110098188,-0.10852364218473501,-1.0942306506551602,1.0904638738818666
prefix_length_format__reference,means,10,3,0.9714834738109743,0.2372270182059175,1.8533356537317496,0.8090879370018188,1.0615103827988217,-0.059305276938419874,-1.1395268310265005,1.0616437642012695
prefix_length_format__reference,means,10,4,0.9336956530106981,0.16596721151982177,1.964762609312731,0.7806834309800924,1.0819930416713823,-0.00964494308229269,-0.9226597156206706,0.9893843827347637
prefix_length_format__reference,means,10,5,0.8626090668497439,-0.006559460133907935,1.6969902613696366,0.7384781252413793,1.0932129316703798,-0.0047296658192880646,-1.0230048126767013,0.9805962826792818
prefix_length_format__reference,means,10,6,1.1414517577103624,0.3791536857069163,2.0523068068036183,0.9500034046357319,1.2441546835013666,-0.0013064025693210412,-0.7834551318040345,1.0285222121697888
prefix_length_format__reference,means,10,7,1.081930183666087,0.3852072209188378,1.9208890639022889,0.8883224917860691,1.2199249258354499,-0.03238040043148405,-0.9405083600670617,1.0061317499074158
prefix_length_format__reference,means,10,8,1.0222483198160384,0.2856644793213406,1.8723910217436912,0.6799920361825843,1.1254779446316003,-0.028711197844194312,-0.9389608881125253,0.8686419305116552
prefix_length_format__reference,means,10,9,0.983399509229886,0.2516542027075197,1.7918057509938605,0.7256345396867586,1.1495080560403796,0.03303223994717781,-0.9779395706468905,0.9322638718522628
prefix_length_format__reference,means,10,10,0.9853238010185533,0.3081995154422446,1.7107076984257195,0.7741169960629722,1.1036942085993315,0.013380500088300051,-1.1649463134070204,0.8913009580189243
prefix_length_format__reference,means,10,11,1.1407061374361318,0.4370095614451325,2.0484430112938465,0.9732520343496477,1.29465417666881,0.013000002532824318,-0.9514642964579113,1.2572448216032939
prefix_length_format__reference,means,10,12,1.1461049705327335,0.3250586161382626,2.0201618998782536,0.9117296634707376,1.2975595109182616,-0.020648673843598808,-1.0591737017427907,1.0415231602112587
prefix_length_format__reference,means,10,13,1.3419665328764014,0.6167352901216511,2.2375177913684707,1.1595988111676805,1.4481259985104444,-0.015587696641882153,-1.008407102706804,1.0474122377029325
prefix_length_format__reference,means,10,14,1.5369536893888498,0.8004173221677721,2.36643778315854,1.4061598770712105,1.662490935797567,-0.04197789520132311,-1.0277426924314677,1.0360749465072978
prefix_length_format__reference,means,10,15,1.5954066082323948,0.8246300869917107,2.475572812293909,1.4632628134453995,1.74125173804225,-0.0018765045624651977,-1.0688489649905466,1.130278237672294
prefix_length_format__reference,means,10,16,1.6844365431054038,0.800562062757776,2.6776291296346684,1.561793096187196,1.8401044685617594,-0.03442737203555266,-1.2765804764291635,1.064796127462087
prefix_length_format__reference,means,10,17,1.6380506306320939,0.7008263081784943,2.533707841817788,1.5003399115584213,1.823180682714086,-0.002718468862311374,-1.197451785004218,1.0968010172048526
prefix_length_format__reference,means,10,18,1.4877451161034057,0.5306718920321077,2.4274340071570495,1.36420947441692,1.7161739602273878,-0.011010121803695271,-1.5670464595706757,0.9671453029583683
prefix_length_format__reference,means,10,19,1.6339257889526018,0.8986076310826171,2.544003537063756,1.4621581047496615,1.7503997120530115,0.01720899373753022,-1.265628666091213,1.1737962720994395
prefix_length_format__reference,means,10,20,1.5622872155013352,0.8181298477855825,2.3648154061475295,1.4042375354366967,1.6456726171214606,0.0323346753502088,-1.0590817295860528,1.0119836779195246
prefix_length_format__reference,means,10,21,1.42534116567844,0.6530654057817806,2.188029238859672,1.2916001080993964,1.5253594023528505,0.014635321831548986,-1.10816967718482,0.9825677178601664
prefix_length_format__reference,means,10,22,1.3836352600688222,0.7434526315157445,2.109547094502805,1.2307233707636067,1.4947957822432292,0.014798170038840697,-1.0456103584475724,1.0991912459835245
prefix_length_format__reference,means,10,23,1.2869966457001434,0.6171019865702563,2.0361487369127564,1.111063918237646,1.4017178241436357,0.0028058198474659067,-0.9891259179898806,1.1933306447464151
prefix_length_format__reference,means,10,24,1.142994100175983,0.4375285370300901,1.8396599835865999,0.9447209957276904,1.254770619499975,0.018330844354155995,-0.9686792402824892,1.1961069389612735
prefix_length_format__reference,means,10,25,1.298495660616368,0.5944770992997437,2.073136661365988,1.158599845264962,1.394807976321631,0.010934106069900506,-0.9043446328809748,1.0131259262135037
prefix_length_format__reference,means,10,26,1.292996896739297,0.5754390343367285,2.0554465795643155,1.143128378558014,1.3883150690151083,-0.0401036167070679,-0.9480385095198409,0.9941473263164894
prefix_length_format__reference,means,10,27,1.1680345922968167,0.3529146654604632,2.0169592185497462,0.8384052522702934,1.404750826585994,0.039159202723858866,-0.7953382262137282,1.1382939904158842
prefix_length_format__reference,means,10,28,1.2821330475191601,0.5002247391091225,2.123917928492762,1.1090950381015,1.405141593973969,0.034731230908551014,-0.8363864822443643,1.094053973420987
prefix_length_format__reference,means,10,29,1.2908093470741022,0.6485809967014504,1.8451172109177452,1.1497507774914304,1.3635307036293016,0.017287134980505648,-1.0369944780212692,0.9189594094890386
prefix_length_format__reference,means,10,30,1.0384212305714198,0.12989101242442677,1.9132410849544335,0.8993282801280286,1.2075690807088966,0.023133486371244173,-1.1324941742768313,1.2902159323703422
prefix_length_format__reference,means,10,31,1.3667372874731993,0.5996567386264778,2.0448975048769613,1.1486108859217017,1.4511935785629595,-0.009002191975801188,-0.7687143680081489,0.8448087999114441
prefix_length_format__reference,means,20,0,1.1680625265223563,0.5555743838077927,1.594749626176317,1.019963577295022,1.2499939716362094,-0.0267777063194534,-0.799726485184435,0.6994819790194539
prefix_length_format__reference,means,20,1,1.0642074930438075,0.4730421354297395,1.548786362016436,0.9660703464470725,1.1772662412190824,0.00916289999797033,-0.7579012370126122,0.8140810706903923
prefix_length_format__reference,means,20,2,1.1557732386531023,0.6187171893439058,1.66418500404438,1.0184812701309138,1.2132095007077157,0.012296540127490752,-0.6244448211100905,0.8887542554581087
prefix_length_format__reference,means,20,3,0.9116653233419563,0.4528000827243177,1.3744981831693994,0.8264597349594769,0.9790947746409956,0.010130020288356922,-0.6947506984010126,0.6302397560049599
prefix_length_format__reference,means,20,4,0.9858714803375437,0.48769190568600795,1.577764813752374,0.8695445011398735,1.0476262383927135,0.01002157729674844,-0.6358956540700611,0.6908487261195638
prefix_length_format__reference,means,20,5,0.8979684801090279,0.3754923122724861,1.4716931483064954,0.785114418770327,0.9915819596794363,0.03988242808688762,-0.6711753216265233,0.6419828206955311
prefix_length_format__reference,means,20,6,0.9414795199759781,0.45264885335162913,1.479658447034053,0.8326242940321601,1.0390213899029341,0.018524329840889232,-0.6624406488119513,0.6239457395226985
prefix_length_format__reference,means,20,7,0.9700903303982197,0.5239772142891237,1.5420886201087902,0.9001221018271816,1.0539703265657299,0.006387516435947482,-0.6698600998550491,0.5936323554040173
prefix_length_format__reference,means,20,8,1.0422339952222042,0.5701287656224869,1.5583448649482166,0.9589408255254883,1.118468727891316,-0.011032752514717404,-0.518362740314001,0.6454818143448638
prefix_length_format__reference,means,20,9,1.0594779481432182,0.5284077368214106,1.6735956375177001,0.9613902433456651,1.151281232188593,-0.00366288547816509,-0.6295214421567518,0.7113198018050164
prefix_length_format__reference,means,20,10,1.0949416890783064,0.5809833357011643,1.6084166184474356,0.9781325812573478,1.160365933142012,-0.027906116898339172,-0.6383339661853568,0.6509448959267561
prefix_length_format__reference,means,20,11,0.9771788505586116,0.45567110846701425,1.5262695524200032,0.8698461595753193,1.0545847348356456,-0.024138239458912514,-0.6721981763568008,0.7251027605439733
prefix_length_format__reference,means,20,12,1.0171897532763963,0.44534333806180376,1.5907825029578597,0.9030058487632487,1.1076238460104446,-0.0400580165299325,-0.6844403272672548,0.7334749918465248
prefix_length_format__reference,means,20,13,1.076028668794631,0.4599860396022541,1.6772745346990772,0.9661051068828779,1.2062727347676545,-0.0009037119045704368,-0.6645452769090239,0.7114907399882527
prefix_length_format__reference,means,20,14,1.2862901980523,0.6932463452604193,1.959358363109601,1.1741573524217537,1.44514940212925,-0.030207610110837568,-0.8004424650166979,0.59657910490123
prefix_length_format__reference,means,20,15,1.3511975181820384,0.8069835979630192,1.9888880087851497,1.2375187257573745,1.4658485644585126,-0.03579505282129185,-0.6942271603424754,0.6531636789827818
prefix_length_format__reference,means,20,16,1.440300165514839,0.9040467312792381,2.0657292073807643,1.323468991410322,1.5657384790144029,-0.038626244270095714,-0.672573141185894,0.6616231856898664
prefix_length_format__reference,means,20,17,1.4511205790363542,0.9266958659137354,2.019535747996085,1.318690513773572,1.5509231458720725,-0.022358750611869694,-0.7016900097978339,0.6737847738625526
prefix_length_format__reference,means,20,18,1.3883380662829887,0.8078789701465731,1.954246906234473,1.2902132697398272,1.4931912775623624,-0.013431470013385271,-0.7113385291493437,0.6263583879402206
prefix_length_format__reference,means,20,19,1.3647072035788237,0.838062329915184,1.8713758779309095,1.2573716728182172,1.4431017246827749,0.00608565586127654,-0.6382630381577975,0.660546996224744
prefix_length_format__reference,means,20,20,1.2914765223406846,0.7151325635795179,1.7986111214776592,1.1693647282217328,1.3673285688842758,0.012560464745895828,-0.7188324673002476,0.7261024282783315
prefix_length_format__reference,means,20,21,1.308482512493005,0.82449909463704,1.7981604363069703,1.1643372432295422,1.3933053804939077,0.014665341357332596,-0.6859666406496427,0.8150237097979384
prefix_length_format__reference,means,20,22,1.2368300967679213,0.7666057352333197,1.6968374391623706,1.1163291764300085,1.3110681227441348,0.03124287969390549,-0.6532431124794615,0.8746734516731166
prefix_length_format__reference,means,20,23,1.2293877965664148,0.7632501703585699,1.6789583423302128,1.110457422371622,1.2955180252011842,0.02546028734994237,-0.6943348868574337,0.8796200573526444
prefix_length_format__reference,means,20,24,1.2180660556037557,0.670928566500722,1.719774859141389,1.0851996848648482,1.2758972403155509,0.029552295739350032,-0.6473241941560606,0.7825796222522776
prefix_length_format__reference,means,20,25,1.2954130439818694,0.7777296511525101,1.7934211601966292,1.1780509166253121,1.3489981472600834,0.04099505882430323,-0.6546091232121538,0.9264872231303523
prefix_length_format__reference,means,20,26,1.1026541770474976,0.570427375597918,1.591966689663617,0.9917743819632929,1.1928725838992862,0.04332822247981292,-0.6576770642370628,0.9774558323579357
prefix_length_format__reference,means,20,27,1.0588963392434472,0.5074203645577415,1.5537415368874652,0.9492741331330813,1.159806787420502,0.050667123736127515,-0.5388992844233654,0.9062927005431377
prefix_length_format__reference,means,20,28,0.7741847821908452,0.2551040964626631,1.3609481785310789,0.7007670028137893,0.9166234733239037,-0.0004984563525732399,-0.7297470600302532,0.8743909307226247
prefix_length_format__reference,means,20,29,0.806353201756117,0.32828890599191507,1.319259040832902,0.7016863247604658,0.8959850558207834,0.044215707268190886,-0.6687192762552081,0.673023998546369
prefix_length_format__reference,means,20,30,0.8959170632814665,0.3607351555246202,1.3821524035313988,0.8038248476355125,0.9607850312540717,0.07168077006547564,-0.5459575994359848,0.711615806050568
prefix_length_format__reference,means,20,31,0.9358191547368849,0.39522877515839977,1.4417916974465197,0.8042983025958267,1.0045381077586,0.038831851204509646,-0.5123768258281705,0.6195143287890021
prefix_length_format__reference,pre_last,10,0,1.583626607708392,-1.0073563573428623,4.598456679954326,0.9522795539434742,2.3650905289928423,-0.12816248825995835,-3.667466116167296,3.7511688234057763
prefix_length_format__reference,pre_last,10,1,1.1217792721790572,-1.3798725612286407,3.792836807357738,0.23528796563425525,1.7539250508033137,-0.004697073288255038,-3.3677663209851603,3.4573159465232344
prefix_length_format__reference,pre_last,10,2,1.3144589665581004,-1.0419352611491892,4.0963893315313324,0.9720053975427135,1.9177869036517916,0.007095787065095416,-3.473102159965221,3.0343035165577157
prefix_length_format__reference,pre_last,10,3,1.682365100980255,-0.6594209393739743,4.478750046810915,1.396976503849488,2.2897732108577737,0.12473513218096588,-3.094499967062269,3.1274625918008176
prefix_length_format__reference,pre_last,10,4,2.381807784577009,0.5882878426678514,4.855161480157674,2.128549466246326,2.8013690423705695,0.07338473367804647,-3.063153059463646,2.6668784792219737
prefix_length_format__reference,pre_last,10,5,2.0754373227313754,0.3508595680924696,4.395215204233074,1.8641660427831985,2.4938419401114773,-0.04077187673002001,-3.0523457188360816,2.557136656115297
prefix_length_format__reference,pre_last,10,6,2.1001495191317843,0.2959229624522219,3.920556701878066,1.85230646294623,2.4598332992128653,-0.040547727734580465,-2.74613528340787,2.1143556508584465
prefix_length_format__reference,pre_last,10,7,2.702861084666846,0.7433226862844856,5.09112311820124,2.500729783345851,2.9994725541257763,-0.08854337631982231,-2.5724290946939794,1.909243010913121
prefix_length_format__reference,pre_last,10,8,2.977455819951254,1.2288128522106807,5.244375631896618,2.7774457925879656,3.2742959656055444,-0.10351951428756492,-2.549233949696423,2.2845852790698613
prefix_length_format__reference,pre_last,10,9,3.3946012578021523,1.468160829325542,5.866439915373416,3.148547705302629,3.7391603851679585,-0.09060175389759247,-2.300825031169619,2.1795339073408653
prefix_length_format__reference,pre_last,10,10,3.856571342989054,2.2147609265353796,6.330369969423411,3.524847604557214,4.107594312046191,-0.02987492622750958,-2.216460524968458,2.01462221987635
prefix_length_format__reference,pre_last,10,11,3.835996913792331,2.1551069901533175,6.138320072480561,3.4935356186409905,4.2955696679566495,-0.11888021301510218,-2.6369151332931136,2.2394228975059516
prefix_length_format__reference,pre_last,10,12,3.8327334414625045,2.219569237662424,5.881001467289375,3.5044627423118766,4.225107810905516,-0.14628011162489052,-2.817989285548493,1.9721779983899692
prefix_length_format__reference,pre_last,10,13,4.044420815768339,2.403491589933156,6.147981627250667,3.7073272650542615,4.4737891451172125,-0.09883809528086311,-3.034661584593581,2.37366112477092
prefix_length_format__reference,pre_last,10,14,4.4561250757988216,2.852710454736158,6.332591828759523,4.2029498969098205,4.717038022201952,-0.10256643167901189,-2.9168320089856987,1.959950530052454
prefix_length_format__reference,pre_last,10,15,4.585688843266284,3.1117854707260824,6.503248754057629,4.249594388402083,4.852032292728156,-0.13921497345985873,-2.7377219365609524,2.249182374465288
prefix_length_format__reference,pre_last,10,16,4.545487816525512,3.070189513522603,6.449718919711066,4.202479902799529,4.886079470735975,-0.11280950247629065,-2.767946099695404,2.271920290261881
prefix_length_format__reference,pre_last,10,17,4.620758683735575,2.99367541217745,6.45043948059229,4.393730438454589,4.9808512575923825,-0.13240788592408065,-2.6408163891242924,2.4431722028558345
prefix_length_format__reference,pre_last,10,18,4.478215558434021,2.8550778534416734,6.331717755021503,4.215446031361987,4.799313014211893,-0.12078500246862596,-2.3861128026249063,2.121786486487706
prefix_length_format__reference,pre_last,10,19,4.688313984976605,3.144761463125112,6.756878905875653,4.443475202529025,4.9107912187068905,-0.08667113451561839,-2.4876980392845978,2.4399857148551676
prefix_length_format__reference,pre_last,10,20,4.573184114562541,3.2280322804130743,6.367461127148472,4.305042118301629,4.873723491126626,-0.08615880872421926,-2.1948088687687246,1.9841545117950237
prefix_length_format__reference,pre_last,10,21,4.91182532996966,3.704265432500625,6.499061179847212,4.6887324993942165,5.164256327454622,-0.004050559461931602,-1.9999553865607353,2.3777220424481342
prefix_length_format__reference,pre_last,10,22,5.290164258895628,3.7081498814536618,6.824706198581138,5.049129339788759,5.47534670358672,-0.08218125177477369,-2.2618035289647747,2.2560349359782386
prefix_length_format__reference,pre_last,10,23,5.3310191081353375,3.975155721246668,6.596466148076117,5.027575177034303,5.545031451758175,-0.1599742560130057,-2.5058925337639146,1.7348164753275483
prefix_length_format__reference,pre_last,10,24,5.832748928826525,4.526764069805512,6.905801445332287,5.583289222833871,6.033131436452012,-0.1849964514592589,-2.23446031971356,2.018157943340983
prefix_length_format__reference,pre_last,10,25,6.067599954181118,4.760097144636162,7.190386027339132,5.8641097044249495,6.229790704733157,-0.15795847314582312,-2.376042081990529,2.023106632493672
prefix_length_format__reference,pre_last,10,26,6.318475209510857,5.113729015075849,7.6254097349620675,5.968061697671235,6.557832410888904,-0.20852634370620252,-2.433163597269743,1.748061898123729
prefix_length_format__reference,pre_last,10,27,6.3394668441619775,4.872018625999202,7.812159885412769,6.052272156043096,6.529852237269741,-0.2857161336943623,-2.5210788090387934,1.6094648566908338
prefix_length_format__reference,pre_last,10,28,5.397787498326888,4.1830383792332135,6.666429660449272,5.023767712843057,5.587349295986778,-0.11487713902997743,-2.2128176712501286,1.6814047201461353
prefix_length_format__reference,pre_last,10,29,5.37611094352909,4.317199369320376,6.639753360368132,5.086665066374909,5.576617917202316,-0.17060136672379028,-2.4192380817378027,1.417867386060687
prefix_length_format__reference,pre_last,10,30,5.40325541481812,3.9968796233603294,6.515704020645357,5.136953808151295,5.616671351601593,-0.1720286618887787,-2.4497709937560317,1.2776773287663465
prefix_length_format__reference,pre_last,10,31,7.142085485217558,5.8678378492050465,8.679688419736399,6.905019385445003,7.333573527618712,-0.06286595551580003,-2.4710457329023465,1.9103721346863816
prefix_length_format__reference,pre_last,20,0,0.30269341065524025,-1.7203579178515167,2.3020565680861593,-0.00929206967464539,1.0664283982658165,-0.1772263819936474,-3.2310445532135144,3.5245217513923945
prefix_length_format__reference,pre_last,20,1,0.6503792242463854,-0.9322633731791198,2.3758556617849624,0.1757559637152243,1.305751192383196,-0.08156762472589307,-2.185505427752628,2.5447805989290826
prefix_length_format__reference,pre_last,20,2,0.9375957896402369,-0.6774444100996171,2.8760663086043694,0.7281941827153458,1.2511069041514664,0.022167502028695486,-2.645834421902295,2.0475412228738477
prefix_length_format__reference,pre_last,20,3,1.3180565505116912,-0.2008948965859586,3.353993314208682,1.152057208475408,1.6220522813840104,0.06312245238333045,-2.6748898174754743,2.236686998830627
prefix_length_format__reference,pre_last,20,4,1.7398302115878024,0.3695007812640063,3.5529624853433437,1.5847870178836883,1.9561277266102488,0.07256137802625448,-2.343658626418672,1.9106933104254584
prefix_length_format__reference,pre_last,20,5,1.6613091241531228,0.24069067048515516,3.2010324640988843,1.4896475822712891,1.8427275130761056,0.04925006349715164,-1.9131782376120945,1.6832184134016566
prefix_length_format__reference,pre_last,20,6,1.7930569379271415,0.3685907012374242,3.2183004410641503,1.6049364751619954,1.9762513518012563,0.0379844188904523,-1.524929140629966,1.5623879305138593
prefix_length_format__reference,pre_last,20,7,2.186773284879871,0.7964142059814199,3.679039958580458,1.991752863025116,2.400474353806637,-0.004680903817646409,-1.5817438353223605,1.4849501006449615
prefix_length_format__reference,pre_last,20,8,2.5837244673611646,1.1840576415862523,4.17884654551076,2.372706396327619,2.822051862433355,-0.032150421457640355,-1.7163350742215295,1.590814207135821
prefix_length_format__reference,pre_last,20,9,2.890851573529402,1.4346323940450734,4.432264410408088,2.6684275774512374,3.1382808749849427,-0.014575498100780094,-1.9051371455714134,1.6595385905458235
prefix_length_format__reference,pre_last,20,10,3.0946828743707107,1.7475913442630955,4.765144169399455,2.8485827489600553,3.33579242904328,-0.004501524952277114,-1.8052272733270598,1.762670108385989
prefix_length_format__reference,pre_last,20,11,3.176133276589881,1.6742851367756229,4.7877526218298465,2.9324840499911193,3.4323613812989877,-0.03047457553797106,-2.068841161892461,1.9461357190878557
prefix_length_format__reference,pre_last,20,12,3.2117134192299517,1.8545264843031917,4.5833736887402345,2.9805948472724575,3.4613885600385625,-0.051595282265338535,-2.2934712736073033,1.9803404842977443
prefix_length_format__reference,pre_last,20,13,3.3098217198608078,1.9950114753429353,4.904272631633857,3.0709564960894773,3.610148808609694,-0.021464942685458777,-2.13673188186201,2.090575221592183
prefix_length_format__reference,pre_last,20,14,3.3869048202189815,2.050522471203723,4.877079791499832,3.1507973569807315,3.596574878515751,-0.008935035520303414,-2.162997365943776,1.760849986862873
prefix_length_format__reference,pre_last,20,15,3.4965567820213037,2.307365192987468,4.68823725261933,3.273241582168964,3.7220591645377823,-0.01723180261540025,-2.1977962857393254,1.7933020425150106
prefix_length_format__reference,pre_last,20,16,3.485528856730605,2.4532022034435057,4.714335260813341,3.210249175094221,3.7307747281958856,0.0019905445088909566,-2.2118275840532555,1.8323185388657701
prefix_length_format__reference,pre_last,20,17,3.796006773464408,2.7760923463230323,5.1012681092591174,3.5669816590864354,4.002954868809374,-0.017534161648387635,-2.1655762785996786,1.8671651666743918
prefix_length_format__reference,pre_last,20,18,4.018146528305062,2.9990861045154285,5.3397493712147,3.814810775044932,4.190660776059146,0.0003707488682511251,-2.0068069457425954,1.9399754251039059
prefix_length_format__reference,pre_last,20,19,4.1193374114570185,3.170179043296428,5.364657925964022,3.91336612583725,4.270711913441514,-0.050553310340635836,-1.79822132888984,1.8794310349796346
prefix_length_format__reference,pre_last,20,20,4.059249662568087,3.023108206635972,5.111819845052667,3.8470807079211506,4.242657483623614,-0.012306662440001004,-1.7448244726111888,1.6403257152372264
prefix_length_format__reference,pre_last,20,21,4.108474833091705,3.079332505226084,5.178872221983556,3.9105804696006774,4.329328617270786,-0.05520644445968002,-1.8548095715674557,1.7422504088273716
prefix_length_format__reference,pre_last,20,22,3.985878730554217,2.809651111283861,4.976749718358291,3.807417700341034,4.166812103241379,-0.09567766116830431,-1.6423344940383353,1.7244072756197524
prefix_length_format__reference,pre_last,20,23,3.985136978426149,2.9587746815259703,4.898878819946997,3.782598719767314,4.1754615711164575,-0.14220937020635943,-1.5506310114837758,1.435107749821112
prefix_length_format__reference,pre_last,20,24,4.190742965848797,3.0150168040502123,5.139664231315128,3.9842551375223687,4.393979333143258,-0.1509527916801303,-1.6193039134127838,1.9791826145379208
prefix_length_format__reference,pre_last,20,25,4.299878002834534,3.241135345856938,5.210366206322547,4.091210650293841,4.493882578439197,-0.13831933109939298,-1.8141710868554946,1.7499271691843783
prefix_length_format__reference,pre_last,20,26,4.682285518524814,3.681522997036742,5.7509405705945245,4.453156393874922,4.87841292826432,-0.17416796995621855,-1.6062562631555526,1.6151325912390966
prefix_length_format__reference,pre_last,20,27,4.781579658012902,3.7738653902627304,5.76815866201396,4.553831609636974,4.996032058219269,-0.18692420603952672,-1.8285569618054525,1.2012014007822995
prefix_length_format__reference,pre_last,20,28,3.412026714929954,2.557783682769068,4.478201926095021,3.228027819889325,3.590432522593008,-0.09565276885930354,-1.5621209730674095,1.5613299896499764
prefix_length_format__reference,pre_last,20,29,3.3083463087723346,2.2910995686496904,4.386084726724205,3.1785815353068916,3.554748319742574,-0.14686302454737613,-1.911813474230175,1.241381080345831
prefix_length_format__reference,pre_last,20,30,3.2230964276351917,2.136112889115444,4.248698557208987,3.036873580490433,3.3915869824969964,-0.09684208135485488,-2.0521345737336976,1.1387193520641552
prefix_length_format__reference,pre_last,20,31,4.4509828331954795,3.376876361919181,5.532454366956635,4.253846679764277,4.634519742162203,-0.10869786203099172,-1.735352767990717,1.2721970445296757
prefix_length_format__reference,pre_mean,10,0,0.8000925849925228,-0.01640192521663235,1.4106852271649337,0.4553188209215005,0.92387819640996,-0.0554802583643085,-1.1911065901325384,1.0644519856654209
prefix_length_format__reference,pre_mean,10,1,1.2228138450713828,0.5536260229839409,2.023387239484307,0.9945230316561238,1.3253700189861009,-0.05523134684484969,-1.0729366393714515,0.7861689024299852
prefix_length_format__reference,pre_mean,10,2,1.219568074142074,0.2950560773593582,2.205835447633286,1.0501035172904278,1.3269021994724268,-0.07208617850196256,-1.1109515187241332,0.8099979077297679
prefix_length_format__reference,pre_mean,10,3,0.9269533620952318,0.1525788962220022,1.8633451477364396,0.774595575560882,1.0236104708486677,-0.09308107234343702,-1.0984602243423858,0.8817860171317915
prefix_length_format__reference,pre_mean,10,4,0.9339301016597155,0.05959547270181127,1.7816512343377886,0.7705417439877593,1.053016823622717,-0.06821332690518536,-0.9402915099578617,0.8434203203134112
prefix_length_format__reference,pre_mean,10,5,1.070096562801615,0.2740649290574787,1.903747734505512,0.8557571469382044,1.2113095722586331,-0.04089156763081294,-1.1129287640427614,0.9266613550180982
prefix_length_format__reference,pre_mean,10,6,1.0397967352774387,0.19253687584066778,1.821597997981351,0.8831297549409077,1.2043324841811693,-0.017058679976588165,-0.9076092641476627,0.8460186485793787
prefix_length_format__reference,pre_mean,10,7,1.1362204599013406,0.447519141283784,1.84152326133106,0.8815132676634069,1.2585723523799304,-0.042561429187755205,-0.9848849823905773,0.9027247612395355
prefix_length_format__reference,pre_mean,10,8,1.0785896730333586,0.42838183513198486,1.8392320268844538,0.8310883880965243,1.1536028394253675,-0.016842792242589576,-1.1175702946878694,0.8576641058130743
prefix_length_format__reference,pre_mean,10,9,1.0616347891055924,0.4298088117539204,1.787146851930977,0.867574335443812,1.158255577346682,-0.015516908121358908,-1.2947235207420975,1.025989474890885
prefix_length_format__reference,pre_mean,10,10,0.9320276794933267,0.09986993283446051,1.644311758856516,0.7345938718667054,1.0729284256711316,-0.005134027521031426,-1.1380823457599276,0.9283492479511489
prefix_length_format__reference,pre_mean,10,11,1.0364543887245818,0.30697475348440606,1.7252598183858083,0.8497911952755464,1.2555382610341905,0.01351808136359831,-1.1393472976768333,1.2208723122359073
prefix_length_format__reference,pre_mean,10,12,1.0893078339476068,0.358458024802331,1.8182962498987496,0.8980525373155495,1.2573054250740399,-0.05168287821387898,-1.0956156066640115,1.0276849954867968
prefix_length_format__reference,pre_mean,10,13,1.1735278854245859,0.4443410579261747,1.9865691252912165,1.0084272703195518,1.3413505721673076,-0.04810394138784864,-1.1566024929735212,1.054883786803107
prefix_length_format__reference,pre_mean,10,14,1.5940471992730219,0.8698638024290805,2.356119370442659,1.399290652352421,1.7634257982672588,-0.011333914494607477,-0.9916173361149271,1.2378364087486058
prefix_length_format__reference,pre_mean,10,15,1.779909508021191,1.0802371301960287,2.5175935301139907,1.5980236821061236,1.8884530219503965,0.0070796291405409665,-0.9035205157439716,1.3491235724323953
prefix_length_format__reference,pre_mean,10,16,1.8024101359985627,1.0220391078853026,2.568676683514875,1.6673422182227668,1.9407883040958367,0.005560417435153853,-1.0811249378094312,1.08240851723602
prefix_length_format__reference,pre_mean,10,17,1.868395578999484,1.1229882135039186,2.5427573820513745,1.6555113175469314,1.9867343454459752,-0.0005311167208601475,-1.070527937869854,1.0377280607798478
prefix_length_format__reference,pre_mean,10,18,1.6650808427265948,0.876418578939674,2.4918334065712435,1.4854644369739514,1.828346594644274,-0.02112074103310657,-0.9888068136526621,0.965834676881505
prefix_length_format__reference,pre_mean,10,19,1.6502141676068496,0.8460661373788897,2.4963742788060936,1.494493342546217,1.786576698701967,-0.01150661423156334,-1.0143226638245528,0.9565086145831091
prefix_length_format__reference,pre_mean,10,20,1.4886771067820221,0.7698059930511494,2.250181625291327,1.322764822413721,1.5983153749463455,-0.019397529016698646,-0.8904195740421906,0.9890589275051698
prefix_length_format__reference,pre_mean,10,21,1.3347386019083152,0.5885434684139828,2.066770165265861,1.176701204263215,1.4189098912602567,-0.0258052757910066,-1.2299515576561475,0.9978481529449846
prefix_length_format__reference,pre_mean,10,22,1.3699995135370187,0.7636963244543652,2.109772934019867,1.1654048320952943,1.4827867783998552,-0.0039851256886889175,-0.9228464156289933,1.179724473217823
prefix_length_format__reference,pre_mean,10,23,1.3207818023276545,0.6484733187138144,2.198652822019956,1.1686153448998386,1.41679911898512,-0.05860738991110119,-1.0383652375219703,0.9391626021340271
prefix_length_format__reference,pre_mean,10,24,1.3079792752835162,0.6482951086805833,2.0189875481753927,1.1049315285980077,1.4035210837995427,-0.016304846885737988,-0.9356093493099218,1.0056462030588913
prefix_length_format__reference,pre_mean,10,25,1.2972821563278896,0.6456755226463899,2.07780132970342,1.182928915782729,1.465729111116448,-0.032154003067722495,-0.9318689191224734,0.8894802622039564
prefix_length_format__reference,pre_mean,10,26,1.1869913270586536,0.5514652245322728,1.947307657826568,1.0644659310458062,1.4433056068991836,-0.0212912560168228,-0.9405980010210164,0.9525105712186047
prefix_length_format__reference,pre_mean,10,27,1.3528754551634774,0.5876354833585964,2.1931890270135392,1.1245941459653437,1.4213043333043143,0.01754808058476669,-0.8364133230085924,1.1309581579546761
prefix_length_format__reference,pre_mean,10,28,1.0739859776754954,0.40249688773953796,1.892530782866365,0.8460607627521398,1.2543727892452348,0.010085614414721689,-1.0797510201442242,1.109791165752386
prefix_length_format__reference,pre_mean,10,29,1.3801157840363918,0.6811236873722265,2.1568788618521606,1.231021604907155,1.468798391830666,0.024569290542699452,-1.0123585984809207,0.9854645267763497
prefix_length_format__reference,pre_mean,10,30,0.9843609103175803,0.20037736806331866,1.8250557279762296,0.8067805369958578,1.1490978467925543,-0.04669896457957638,-0.9973930057224413,1.0603618783496873
prefix_length_format__reference,pre_mean,10,31,1.2531904057043735,0.49949856584831803,2.004752111276094,1.0646781337305762,1.3631471214763584,-0.020764123199166186,-0.9203256902301017,0.9970027381529449
prefix_length_format__reference,pre_mean,20,0,1.040388901410121,0.46837559948764795,1.5282298783949275,0.8864279562364678,1.1465232879105074,0.033633886186243835,-0.6557252452995139,0.7480297180687757
prefix_length_format__reference,pre_mean,20,1,0.8762664839323331,0.34263059523448486,1.4056360000587658,0.7884663346701065,0.9492373912218945,0.0017165372637076627,-0.7275616234170258,0.771566942477129
prefix_length_format__reference,pre_mean,20,2,1.0585100510853895,0.5133373917584536,1.5545166966849726,0.9721921232577359,1.1170081617271077,-0.006261457765466804,-0.6711783530738151,0.624836799956266
prefix_length_format__reference,pre_mean,20,3,0.8565051546118219,0.3334946752025903,1.4600625137328613,0.7722355918483778,0.9381607323253068,-0.011249469546161305,-0.8006651005994185,0.5648106035789492
prefix_length_format__reference,pre_mean,20,4,0.9222958738693364,0.4102630879571192,1.3809538690575285,0.8286831818993854,0.9844051491622648,0.004423242965291774,-0.7547142298536745,0.6350879894192075
prefix_length_format__reference,pre_mean,20,5,0.8901838812734709,0.37587179891891004,1.471463117536434,0.7487386091235956,0.9765609763879124,0.005188057792190737,-0.7422183136934211,0.6196963225339169
prefix_length_format__reference,pre_mean,20,6,0.9664396669108707,0.479281155712424,1.5020787422462951,0.8971561882981545,1.0474493615877385,-0.005322528068742627,-0.6643630112543836,0.5867186267361262
prefix_length_format__reference,pre_mean,20,7,0.9547348330071377,0.42865600107834745,1.4630811139925084,0.8491883761926039,1.0473694802114604,-0.011517621867061466,-0.6724500644642524,0.5584201419719766
prefix_length_format__reference,pre_mean,20,8,1.0306495626019447,0.5331090009684495,1.5149555817173017,0.8901273424856444,1.1088329550771878,-0.018991931947047493,-0.6401296803861614,0.6083799132054419
prefix_length_format__reference,pre_mean,20,9,1.1660551735213862,0.650829570043197,1.7151177839815588,1.0751250943555635,1.2417196258065069,-0.016760773039017886,-0.6978589159431313,0.6310045332095408
prefix_length_format__reference,pre_mean,20,10,1.1764342269689554,0.7763118308936989,1.6805968871073784,1.0746944933009213,1.2626009439499153,-0.02751976188367038,-0.6182453612441653,0.5435192299837547
prefix_length_format__reference,pre_mean,20,11,1.095071291886849,0.6688350239812856,1.5580178936211653,0.9690264748950993,1.1987826089333184,-0.0374634607291646,-0.727179032265105,0.7400610426577171
prefix_length_format__reference,pre_mean,20,12,1.2066675810216987,0.7756084567947933,1.6734033490509044,1.1120879006603077,1.2807064842140197,-0.03448317839154924,-0.6797858010850074,0.6476487807835007
prefix_length_format__reference,pre_mean,20,13,1.302207352136627,0.8000595563764904,1.86239810792214,1.2137301958805913,1.4332591777212411,-0.0539715641253866,-0.7185276182335597,0.6064422845202823
prefix_length_format__reference,pre_mean,20,14,1.5602988630381176,1.051456251137344,2.0823917430581567,1.461595865545725,1.6632315197988174,-0.032527040380927755,-0.6856405456929178,0.6440855041993929
prefix_length_format__reference,pre_mean,20,15,1.6128972193776647,1.0535283299723615,2.076687926939487,1.4786106384385242,1.6968788942624295,-0.0561137567699884,-0.6299324864420698,0.6159414459324635
prefix_length_format__reference,pre_mean,20,16,1.6027126972459285,1.0321603388258798,2.214433494671289,1.473659336859336,1.6991267504011165,-0.06296982209770638,-0.6644341058736145,0.6258442247494177
prefix_length_format__reference,pre_mean,20,17,1.5757480073311398,1.003013433488305,2.1118799707401092,1.4229568668035462,1.699232313713104,-0.051552192024824264,-0.7305801865690154,0.6513168509208312
prefix_length_format__reference,pre_mean,20,18,1.5541589787874337,1.0469932285490933,2.160317200694466,1.4518262446995471,1.6805651587263972,-0.031555373030004816,-0.6912521014771936,0.6786059723594873
prefix_length_format__reference,pre_mean,20,19,1.5133187784041413,1.0166907492291652,2.097940832464586,1.417334437993268,1.6347310803934363,-0.007462904294987282,-0.640116157626532,0.6683899915769516
prefix_length_format__reference,pre_mean,20,20,1.4261900844195452,0.9259809400430317,1.9378927534737094,1.3186988309336125,1.505235598523542,0.006205235695872657,-0.6885711728403301,0.5749499314311841
prefix_length_format__reference,pre_mean,20,21,1.4061654026935066,0.9000471466700078,1.967588734702711,1.281018449287386,1.4943874883082058,0.003491848680124132,-0.7074279397407415,0.7323869893743151
prefix_length_format__reference,pre_mean,20,22,1.299910069700841,0.7757794076475636,1.7544697515884882,1.2014029708593212,1.3805638350612204,0.009215918970567305,-0.7143443408185818,0.833013822283605
prefix_length_format__reference,pre_mean,20,23,1.2743851656305631,0.7600730857892278,1.70646490510984,1.1603972004955614,1.3525067078854685,0.01883926909135829,-0.6232658756010085,0.8197454932861188
prefix_length_format__reference,pre_mean,20,24,1.2016725736708067,0.647639495709979,1.6512168355319379,1.0897064520926485,1.2599936330574482,0.01105867670965579,-0.714960841344194,0.8195926252052375
prefix_length_format__reference,pre_mean,20,25,1.2148746615649024,0.6598284340795287,1.663129731812196,1.0923905378908585,1.2782659528507365,0.0206732806183626,-0.719159874666524,0.8391528614737231
prefix_length_format__reference,pre_mean,20,26,1.0093108535424193,0.44687434899699247,1.4318773326617498,0.9067226990121171,1.1202371217583798,0.016867887639702484,-0.6910335643403744,0.7911547864705909
prefix_length_format__reference,pre_mean,20,27,1.0089860029266573,0.4137539624558852,1.5171237306073189,0.9137612649119037,1.0831041994268893,0.030172979154731827,-0.6405775257969012,0.814521722825782
prefix_length_format__reference,pre_mean,20,28,0.9494854151429979,0.44150331551379185,1.5091942483048406,0.8715908718721822,1.0472358990415678,0.006049606589906653,-0.5695977901613918,0.6360642362459394
prefix_length_format__reference,pre_mean,20,29,0.8991952990787222,0.3661654857550191,1.4039897051747268,0.7795266733220069,0.9852947226558513,0.0024027568645764497,-0.6918603903933319,0.7158434799209451
prefix_length_format__reference,pre_mean,20,30,0.969007773584272,0.39424956123859733,1.4004504795194361,0.8712558347200935,1.050150046865183,0.07180627304083256,-0.6120377754275858,0.759760676016346
prefix_length_format__reference,pre_mean,20,31,0.9236042672407303,0.38562458799323346,1.4270414557464624,0.7967927967879704,0.9799982566276156,0.013327073322152749,-0.5746736411689566,0.617850149321912
full_length_format__adjusted,finals,10,0,0.30451379819979635,-2.08938853344354,2.6518575922455265,-1.855044823319667,0.9580526811217648,-0.4603976715035449,-4.713432781961997,3.3101949454578445
full_length_format__adjusted,finals,10,1,-0.8963515713883763,-3.0758836717392857,1.4599391478419792,-1.9463342888447126,-0.18167190329498625,-0.26761435278393947,-3.5890209454191218,3.6740095292300152
full_length_format__adjusted,finals,10,2,-1.2670099847592504,-3.34817899001225,1.0239978088267274,-1.8593452081587352,-0.3927144338192105,-0.07077560837043406,-4.030391023288016,3.31556125211762
full_length_format__adjusted,finals,10,3,-0.6875824122649747,-2.950461100097759,1.8281444482456577,-1.516241968329712,0.12336967819305285,-0.20752315262865947,-4.55475418871402,3.3685121684488015
full_length_format__adjusted,finals,10,4,0.2343886943235898,-1.687627495117811,2.020922982411112,-0.16590383876200043,1.0425833483698432,-0.10967294633568865,-3.2847301283410983,2.297503900132116
full_length_format__adjusted,finals,10,5,0.3654963433650461,-1.4870304941637025,2.0897317746573467,-0.0891049792672612,0.839004355967294,-0.1673200216921349,-3.5178195811635007,2.5251421201403006
full_length_format__adjusted,finals,10,6,0.5517572607763842,-0.9062752024287868,1.8934615234930665,-0.8503436152265683,1.185448230048118,-0.26764776710758514,-3.096952819307131,2.6682094353580394
full_length_format__adjusted,finals,10,7,1.1485858198876284,-0.5205543519361363,2.6682971787308776,-0.0957256432631243,1.655308930812778,-0.17720133182182876,-2.6362144194620036,2.7737501248075938
full_length_format__adjusted,finals,10,8,2.2496640064120386,0.671976457471348,3.6758108777132166,1.4872396831650738,2.667176620170295,-0.16113770376958386,-2.8109943017541212,2.355572161947817
full_length_format__adjusted,finals,10,9,2.407201156411366,0.9101257616415649,3.9835986938627928,1.7886893059360092,2.837911057410823,-0.14938059349257768,-2.8096136870080826,2.563196716415945
full_length_format__adjusted,finals,10,10,2.303260228256319,0.5329574843321735,3.846169592462099,1.5864933470721243,2.7989747282098536,-0.12586241713496968,-2.7317101025382984,2.7619321632273723
full_length_format__adjusted,finals,10,11,2.6162638218937557,0.9146709940430774,3.9958198954357327,2.0466711257132535,3.022346497681744,-0.05755479604133575,-2.5403722734074368,2.465073604290893
full_length_format__adjusted,finals,10,12,3.1021339772416456,1.4774760476419082,4.641003701743839,2.7361312118033947,3.460104106623314,-0.021907373418264164,-2.3177218920152383,2.243716023109571
full_length_format__adjusted,finals,10,13,3.491437940592802,1.8966480164558996,5.123468604144234,3.1619642576441938,3.7720696476851807,-0.04016146867724557,-2.531326499765488,2.3902838254028946
full_length_format__adjusted,finals,10,14,3.815998913454384,2.275298836197948,5.384039923662338,3.4730727316741485,4.073545575272375,-0.07983580857455648,-2.9639152647199616,2.2501656434630077
full_length_format__adjusted,finals,10,15,3.8977239480428882,2.1814131430356345,5.653542600448806,3.6684000569505466,4.254683566182329,-0.022695417648164583,-2.1544473094776895,2.084314002416487
full_length_format__adjusted,finals,10,16,4.414813072757947,2.849430053525441,6.016487785489511,4.107924934337394,4.718431674388976,-0.07634058220879444,-2.4108090542264424,2.06746962499393
full_length_format__adjusted,finals,10,17,4.5334686927073795,3.040158841425221,6.166128127867025,4.253520795687717,4.861704619816223,-0.04723847278664848,-2.4040983002193013,2.093823101745196
full_length_format__adjusted,finals,10,18,4.633712223367263,2.942744729060089,6.3499267432368764,4.361993520650204,5.0342186293857045,-0.008210929700495839,-2.2335382310903205,2.3150682555501487
full_length_format__adjusted,finals,10,19,4.926003271798963,3.6125339406048607,6.547685574778657,4.6918368434235385,5.24549932343192,-0.0685464574771066,-2.408773000101651,2.311167219320294
full_length_format__adjusted,finals,10,20,5.008678255117101,3.396558165037324,6.576468752200431,4.680851966280101,5.366591026536231,-0.10713796577644356,-2.2184375608725153,2.3027339778390026
full_length_format__adjusted,finals,10,21,5.011169146932682,3.1902471603481573,6.662514730807671,4.728524411128537,5.408505727604082,-0.0008869534500284715,-2.198779691077788,2.756880844301838
full_length_format__adjusted,finals,10,22,5.09385513915537,3.4056966316683663,6.990852553984081,4.788446710180383,5.52714950071057,-0.009677392795640217,-2.32055579787172,2.6291715015995925
full_length_format__adjusted,finals,10,23,4.893543208290343,3.4580360229888725,6.797736399045838,4.550871529693703,5.273105902894538,-0.07915642182153322,-2.277504793597098,2.9924996542178484
full_length_format__adjusted,finals,10,24,4.781089954310795,3.220436816512497,6.414618712040281,4.489887343897015,5.207454288624381,-0.047636930466173545,-2.4082989164432833,3.045769415263955
full_length_format__adjusted,finals,10,25,4.247845651133092,2.52085895297245,6.292473563853455,3.389945986022776,5.437663666787791,-0.0907550222360618,-2.399079937615965,2.4330450853549688
full_length_format__adjusted,finals,10,26,5.13665141048279,3.4593234048772477,6.949488401873371,4.72682436043424,5.746040907428971,-0.14477791683616403,-2.7845494172153216,2.688651401591073
full_length_format__adjusted,finals,10,27,5.149059043163623,3.338314007234245,6.722664740208738,4.554178112284665,5.588347156869674,-0.06373113360122828,-2.8293011494820473,2.899946115923982
full_length_format__adjusted,finals,10,28,5.585787673037347,3.9702108960744207,7.118253816210065,5.295067446175597,6.129605935459547,0.062266067534774594,-2.403737182803295,2.0749086277544424
full_length_format__adjusted,finals,10,29,5.221368194208488,3.498251959263142,6.642951076748787,4.838920775769794,5.5811840283368594,0.031154594956700966,-2.2684690149693187,2.2746959539187173
full_length_format__adjusted,finals,10,30,5.6281528624348836,3.8103890926118513,7.348072204522397,5.226911903317753,6.071024804060804,0.014731719602177317,-2.8800405047320443,3.5530761414895196
full_length_format__adjusted,finals,10,31,5.622828920858139,3.7018382761657658,7.834040626989747,5.221052551464651,6.133233796373988,0.05595320212057664,-3.576202981757072,3.5540448877390505
full_length_format__adjusted,finals,20,0,0.981191122600622,-1.2591152235830931,2.9664073398292863,0.1240401501885156,1.3310054866055372,-0.38693141826952704,-3.445120853733988,3.3321671280333174
full_length_format__adjusted,finals,20,1,-0.2942756439501527,-2.241014654921591,1.4306558131229439,-0.7869685465270816,0.36539343639038846,-0.17419728277303603,-3.318928647062398,3.3475062955414776
full_length_format__adjusted,finals,20,2,-0.7721166034804336,-2.7054779171526633,1.0177051130973602,-1.2647847732329858,0.12402987879983618,-0.06476506655649535,-3.3355349282343587,2.9822937940175795
full_length_format__adjusted,finals,20,3,-0.6104218436247327,-2.2739722001124405,0.847961985396859,-1.8415001460775575,0.5400678523145844,-0.20311281329122516,-3.240186883484556,3.2531194881918157
full_length_format__adjusted,finals,20,4,0.7412132067917835,-0.6296099077885936,1.9898172071628037,0.3475520601828586,1.3440014742721127,-0.05746531031595805,-2.79977184627664,3.205758452521742
full_length_format__adjusted,finals,20,5,0.7897795072947822,-0.5537137467462345,2.0673775719512553,0.44892587793055044,1.261897245607264,-0.1849825432956004,-2.688224498856483,2.4102342376479293
full_length_format__adjusted,finals,20,6,1.5718611094046329,0.20630214712636227,2.867767503610862,0.9026680575415075,1.90355727013643,-0.2512241426803582,-2.678903574569577,1.9163086520143437
full_length_format__adjusted,finals,20,7,2.2905612995535116,0.9101412358881152,3.2526959418808317,1.6186194572305526,2.663943583323175,-0.16866828656635907,-2.28361852873825,2.0803378888664716
full_length_format__adjusted,finals,20,8,2.8829045064232353,1.472142873926058,4.084571155676718,2.50533936488698,3.289582574932619,-0.08509292255692089,-2.033624420254105,2.159044444952233
full_length_format__adjusted,finals,20,9,3.2355277570163143,1.794755424877752,4.316076630375904,2.9422415295796904,3.6426604769825084,-0.09750373341828929,-1.93162928539905,1.9790790133706695
full_length_format__adjusted,finals,20,10,3.501103277950103,2.376583393819009,4.505225378836758,3.1799864488563414,3.8606735239846537,-0.08299791530792207,-2.092352586264825,1.9351970785402648
full_length_format__adjusted,finals,20,11,3.7720815337128974,2.6201717850265966,4.837346627112973,3.522270037447836,4.222486568663693,-0.06360524170242302,-2.1162321813114766,2.3198906339198704
full_length_format__adjusted,finals,20,12,4.2362902214507665,2.938415314382472,5.506889650050372,3.924077745471307,4.582790705725375,-0.05751790686396121,-1.9742255664130606,2.395288886495522
full_length_format__adjusted,finals,20,13,4.481796444063951,2.9630048665399555,5.576633519963139,4.1599860200264684,4.860693429341126,-0.03719782582048561,-1.8808465525815556,1.881990409140415
full_length_format__adjusted,finals,20,14,4.5691256917641,3.1277778183108063,5.824376346778594,4.148491676909633,4.87802031254705,-0.007221607834075128,-1.8886333411431881,1.9415256034218062
full_length_format__adjusted,finals,20,15,5.017522411674781,3.7464141883237034,6.179240356065017,4.701314845686098,5.389808720444808,-0.008457554095940933,-1.7836749999291026,1.9908516492685226
full_length_format__adjusted,finals,20,16,5.389867244954275,3.997427003071796,6.5380811377496855,5.125644987942371,5.78491738745275,-0.016310611226355798,-1.8364686920698756,1.8317950765598816
full_length_format__adjusted,finals,20,17,5.689258824071085,4.425615895711718,6.899957298561234,5.426832132345904,6.047876719036087,-0.04312567321797145,-2.08577857921545,1.9942547800677513
full_length_format__adjusted,finals,20,18,5.637431529575986,4.388942483634662,6.62311791031957,5.443605753830582,5.942978944459199,-0.02334652985225989,-1.9539487336326453,1.9438113150178202
full_length_format__adjusted,finals,20,19,5.578847014985612,4.184455601463387,6.618580827131753,5.42985113818008,5.953229511812611,0.0035219467951875584,-1.8358178892886796,2.0903842767925433
full_length_format__adjusted,finals,20,20,5.3836222445119555,4.188351328802544,6.522201226614257,5.20565485960582,5.697503565988105,-0.03144781761586968,-1.5940962546803403,2.075109484878299
full_length_format__adjusted,finals,20,21,5.508061183974887,4.283049486223368,6.652062311881187,5.236652154390783,5.788145633768183,-0.032396850205026605,-1.6386489735345975,1.8683168735651956
full_length_format__adjusted,finals,20,22,5.7788128993841745,4.551282389137659,7.076031715714806,5.496571733828683,6.053907708360047,-0.05877952833881981,-1.905108058287956,2.0838180801649866
full_length_format__adjusted,finals,20,23,5.56019171506531,4.3391073546975525,6.860771044703124,5.2925036932837815,5.864211673172829,-0.06484786270287554,-2.141578868773315,2.0390617068548487
full_length_format__adjusted,finals,20,24,5.718139738221989,4.443696055715476,6.962721118194054,5.486205110513127,6.027654398326924,-0.07446861019023827,-2.144177172016599,2.6855220103506126
full_length_format__adjusted,finals,20,25,5.770439869499097,4.482498224792942,7.15260735507862,5.44240423563052,6.214983592224664,-0.028623861881794888,-2.7648839511125143,2.478258803375826
full_length_format__adjusted,finals,20,26,5.634583665533383,4.183049953713507,6.870933305016122,5.3398623144201,6.056153350219972,-0.07257468609733327,-2.7877397860007354,2.478889405654619
full_length_format__adjusted,finals,20,27,5.929553130876973,4.55375679992975,7.2673148304622055,5.520739440606895,6.222422610471942,-0.05606491615446045,-2.756393121487395,2.601746988298438
full_length_format__adjusted,finals,20,28,4.304948545854571,3.374490803628433,5.236244933054426,4.079025127474924,4.640664195581603,0.04797318902472025,-1.700980583387212,1.3318514430107042
full_length_format__adjusted,finals,20,29,4.556927033810348,3.580389892450425,5.421424365788507,4.324229011528678,4.849042060633238,-0.03374679042402344,-1.9611888807725828,1.7980707598933487
full_length_format__adjusted,finals,20,30,5.532644605095489,4.3543419901436655,6.676204758331304,5.212703033463854,5.80921082775202,-0.0782375522414374,-2.2896346456092407,2.325524504223967
full_length_format__adjusted,finals,20,31,5.038230951334283,3.548789841414758,6.624702253913953,4.718001598104038,5.451051916848813,-0.04266443847813837,-3.004079660049016,2.7895538417479178
full_length_format__adjusted,means,10,0,0.704567791083409,0.016440836252731652,1.4401721309121625,0.47382441423043326,1.019674737114962,-0.0631176962206619,-1.2125924436944318,1.3366999840742275
full_length_format__adjusted,means,10,1,0.9906518807453252,0.3563768186021256,1.6465869246769236,0.7848821933608937,1.1771112901854042,-0.08337660264024342,-1.060885447735181,0.6821248818866559
full_length_format__adjusted,means,10,2,0.8001378378283255,0.2534645156603562,1.3818308899316116,0.40977987719841635,1.0340951823276803,-0.043538757878343694,-0.9570279280898901,0.9787084218939016
full_length_format__adjusted,means,10,3,0.7878249493106331,0.10562510076997844,1.4907644869828547,0.5772606034614357,0.9155897792218178,0.009101132997162798,-1.035200435390096,1.145669254783755
full_length_format__adjusted,means,10,4,0.7415324099110362,0.18208464293815313,1.3821365543997195,0.42547345355378136,0.861850260389497,0.0008511769189411877,-0.8925532413169224,0.8204176884645894
full_length_format__adjusted,means,10,5,0.5709475204056418,0.12538083189318008,1.2096826122598385,0.23590835299549381,0.7962831215138788,0.034576592189225375,-0.8738310882968752,0.9090457691829786
full_length_format__adjusted,means,10,6,0.4608656120050755,-0.033526430660653125,1.0285856367959014,0.2400131741567223,0.7350477482552191,0.023636851292900628,-0.7511374482715528,0.7535606164465107
full_length_format__adjusted,means,10,7,0.40978493254087317,-0.055329071186471075,0.9698695986599086,0.11688907398970134,0.5798250621229489,0.027930407004116288,-0.7719835111395482,1.0857975273282081
full_length_format__adjusted,means,10,8,0.49828526709762777,-0.01835605792309267,1.0133779302596844,0.13709734075253543,0.6159478781698408,0.007420295783316289,-0.7676895591463615,0.9145293862669199
full_length_format__adjusted,means,10,9,0.3216965017027145,-0.15290086060600938,0.8854963826326752,0.11254462566868534,0.6024387321551888,-0.03255142643491722,-0.8688622595635928,0.9235260308547198
full_length_format__adjusted,means,10,10,0.42537992979847655,-0.037847561793447906,0.9913412179869415,0.12869210862678032,0.6498902566142715,0.01268953976155578,-0.9409395391040452,0.8966297441241845
full_length_format__adjusted,means,10,11,0.5726370848787666,0.09626787403371466,1.126225769290729,0.42774115776355226,0.7472624053612982,0.01362154714444832,-0.9572426840765882,0.9546329393206671
full_length_format__adjusted,means,10,12,0.5752247434762459,0.09514127958418853,1.2091189965470217,0.4171823175357288,0.7631800800789071,0.013505661536301884,-0.9605152126479358,1.2892529486855175
full_length_format__adjusted,means,10,13,0.8416378538183885,0.2476855618507671,1.5368428042694662,0.6276501343751648,1.0934767023336767,0.023589760437424844,-0.8880702158784537,1.1046108081809802
full_length_format__adjusted,means,10,14,0.8497026731129876,0.2739785536519108,1.463280591288199,0.6303803510010405,1.190065142721368,0.01318249788020085,-0.7804637382182655,0.7780974950154271
full_length_format__adjusted,means,10,15,1.1786150083177063,0.6112337781106834,1.8473784922528251,1.0355344447584154,1.3018057827118392,-0.029330862563407757,-0.821484353057517,0.9518172296744105
full_length_format__adjusted,means,10,16,1.30785522885613,0.7025720867229476,1.8686509198967194,1.1492121246330977,1.4380864928393278,-0.040284757227071186,-0.9068391651576194,0.8449702156297065
full_length_format__adjusted,means,10,17,1.4191096682718347,0.8275841734449028,2.077489951775104,1.19211945662241,1.5602316867940738,-0.03481648148602427,-1.0765214808705388,0.6966788355402962
full_length_format__adjusted,means,10,18,1.4552530898929612,0.899688716358774,2.073174051165501,1.2753860221585522,1.5881034111009904,-0.04257093698516663,-0.9438720533316972,0.8726752583548868
full_length_format__adjusted,means,10,19,1.4236052986646839,0.8673151060593355,2.062261602511816,1.2780670486859904,1.5821160941552157,0.00799134831511734,-0.8682730174507824,0.6990430289365089
full_length_format__adjusted,means,10,20,1.2341311100250134,0.7500841626862027,1.7438525485160514,1.0940306636271622,1.3566921520389603,0.015351665641252588,-0.8074782426253421,0.7280489614428798
full_length_format__adjusted,means,10,21,0.9672610533945142,0.4732525870063222,1.5362447137949475,0.8257301168415484,1.087505081709714,0.05291848006190105,-0.6138636670270554,0.8200639416446573
full_length_format__adjusted,means,10,22,0.999169475630342,0.47103439458099455,1.6547264666421464,0.848823473386791,1.1278553267063485,0.05442971458525314,-0.6462564827190872,0.723469245844396
full_length_format__adjusted,means,10,23,0.9006991956307812,0.4540295206250865,1.4570254546370316,0.7619200140980721,1.0592467243712396,0.06016672639015239,-0.6192672293737262,0.7952985733670257
full_length_format__adjusted,means,10,24,0.7633112067080582,0.3116425381679818,1.2761194160343612,0.5895232684872648,0.8863055232374415,0.061715906589173274,-0.6945636613137901,0.8330367257414582
full_length_format__adjusted,means,10,25,0.9275958932276411,0.4394647311146359,1.531049258888763,0.7601454052062753,1.0123169040027942,0.019759424504449518,-0.6489590934546848,0.7833268797732243
full_length_format__adjusted,means,10,26,1.014620812278636,0.5057323095422779,1.6156079401379995,0.792184239739251,1.1123480339916534,0.03332024170520416,-0.7500645398406741,0.8653169708454375
full_length_format__adjusted,means,10,27,0.729650466319637,0.21884675716444635,1.3374503539110039,0.5554798696206082,0.9592417569891357,0.015377338165038612,-0.7427414534956169,0.6839781115811224
full_length_format__adjusted,means,10,28,0.6269917625298137,0.10902121863550666,1.2498461221845958,0.49923571005142087,0.8633814480420614,0.047025536676395044,-0.9221329148169964,0.9883574189853602
full_length_format__adjusted,means,10,29,1.0374033919392267,0.37576256390092305,1.6577232779332909,0.7745748425228266,1.1422178201746511,-0.0020520101454974517,-1.0029299507728107,0.7573322508108131
full_length_format__adjusted,means,10,30,0.9999685896312168,0.31373225401866084,1.6312442946162036,0.8366439149500248,1.1754044682734157,0.027318059054276377,-0.6953897211028148,0.8656697549565096
full_length_format__adjusted,means,10,31,1.1459985650150821,0.6977402048981327,1.7276579609986222,0.9406978565340555,1.243262693712937,0.02047203310979604,-0.8707588253577775,1.0528064992681956
full_length_format__adjusted,means,20,0,0.8754212227280981,0.3828732581352682,1.3016846124753023,0.7375653479292763,0.9639474852895574,-0.04046026707193999,-1.109256038054216,0.719826729198602
full_length_format__adjusted,means,20,1,0.796936852822656,0.4189993641761689,1.2097675463829576,0.6920155484829524,0.906754359804758,0.023203567817816628,-0.8953760121067845,0.7317436337219708
full_length_format__adjusted,means,20,2,0.8510668217834905,0.42408684926886137,1.2433375435267302,0.7441033656825868,0.974285775425532,0.03282817235510249,-0.6262586007840913,0.736456641530209
full_length_format__adjusted,means,20,3,0.6900549445825488,0.35032659895745255,1.102133061097348,0.5977082008567559,0.8015688178477726,-0.0004046361199447901,-0.5918196444121547,0.5862231243579857
full_length_format__adjusted,means,20,4,0.7489303588187859,0.34479863638568786,1.1241369430502106,0.6099546815172303,0.8201773780373057,0.024286324688313397,-0.6137030377685662,0.6138127332881183
full_length_format__adjusted,means,20,5,0.6043591735472437,0.2111289681206043,0.9656488609965364,0.48917753796067714,0.6886879862642775,0.009400305292706811,-0.6545820294546378,0.4849360561774353
full_length_format__adjusted,means,20,6,0.6359376109177557,0.2178374236239416,1.016429307439482,0.5468500845066282,0.7601037394643483,0.016738761914303214,-0.49075005409002626,0.5738154661037
full_length_format__adjusted,means,20,7,0.63285770752991,0.29948840107390373,1.0175588934318316,0.5565457255961467,0.7369233456817649,0.019456829986326918,-0.548328161937271,0.5830211776213368
full_length_format__adjusted,means,20,8,0.8101206105697549,0.4757466257130469,1.1857258651354976,0.7086097138579215,0.8778607101451228,0.01722963979564669,-0.6357500852414287,0.5688747204372172
full_length_format__adjusted,means,20,9,0.7530796340901077,0.3959816833722125,1.143084029416445,0.6297000632645351,0.8454321441365723,0.0011834557898356968,-0.6430283647431341,0.49978379739885653
full_length_format__adjusted,means,20,10,0.8790136733833703,0.4826997875091047,1.3230408792936348,0.7230549689347183,0.9771195940734623,-0.02609692579666254,-0.7372149500811738,0.6403002509751511
full_length_format__adjusted,means,20,11,0.7759864372302433,0.38731075172720014,1.1707590091027726,0.6677441223211023,0.8766436831928394,-0.04627422493039759,-0.7615232074992709,0.6307892868146286
full_length_format__adjusted,means,20,12,0.8214004519299232,0.47794498307627414,1.2412301926094937,0.6867919352736,0.9385140425925859,-0.03968592603500911,-0.7232268977569003,0.6275797749606468
full_length_format__adjusted,means,20,13,0.8226353663995132,0.4783205981020632,1.2040588232607445,0.6876622330777731,0.98910794842702,-0.06378577920871453,-0.6772954200408994,0.6176065753946824
full_length_format__adjusted,means,20,14,0.9944797221470443,0.653951610815302,1.3896000076131518,0.8436975613872327,1.1314472455872746,-0.04259869680246671,-0.6621357399562313,0.6278564215292151
full_length_format__adjusted,means,20,15,1.1157379046169555,0.7149218675069539,1.4170075448676562,0.988644708397365,1.2267406662295521,-0.021538311172120194,-0.6286798192594678,0.6837852805970195
full_length_format__adjusted,means,20,16,1.2896601139202772,0.9416714283459948,1.6180210808745707,1.0812121374300148,1.4014721512258452,-0.02843201547081644,-0.6473153740977824,0.5875312323109801
full_length_format__adjusted,means,20,17,1.319726204587218,0.872431627610357,1.705298206806993,1.1544217922971147,1.4436145624148766,-0.03999075499901379,-0.6705026991291495,0.5898392635881238
full_length_format__adjusted,means,20,18,1.1969894779291634,0.7732962925529202,1.5801658967680539,1.0754813809297252,1.3138507518785834,-0.03978960139696357,-0.657782917224526,0.5123773493420437
full_length_format__adjusted,means,20,19,1.1689273407937688,0.7104925935995803,1.529852369860853,1.0666621642425935,1.2660273213851485,-0.02968808353940431,-0.661191571296152,0.6090209492860625
full_length_format__adjusted,means,20,20,1.077686931450477,0.6633026039139227,1.396245729726503,0.9775832974016677,1.1694405525817304,-0.0165512185135795,-0.5538722983283405,0.5126273561699216
full_length_format__adjusted,means,20,21,1.053274535069654,0.6530610362821607,1.3918070170678019,0.9717156651327312,1.1840621414892913,-0.015935931317365502,-0.5577624225643933,0.557148106811563
full_length_format__adjusted,means,20,22,1.0951335895163816,0.7854317600299059,1.4656414671124653,0.9947395547885376,1.1976345722806565,-0.006211198982191868,-0.5416021614267613,0.4914086260694365
full_length_format__adjusted,means,20,23,1.0495413581363435,0.7351728307947042,1.417121229278661,0.9706844964378697,1.12813162824178,0.006564031981442819,-0.4893538648745967,0.5278570776436684
full_length_format__adjusted,means,20,24,1.0351844180028251,0.7009344483612487,1.414456714021544,0.9425086557637755,1.128188746958698,-0.0054190305061937675,-0.5723435964978975,0.6657901647114903
full_length_format__adjusted,means,20,25,1.0984713656038319,0.7339579026127792,1.454220792961442,0.9896228778110865,1.1703420345733493,0.0023181907787720225,-0.5574012601031932,0.5686457437571143
full_length_format__adjusted,means,20,26,1.0095958115523556,0.7047519491051173,1.3742064022257996,0.8599012826324693,1.0774521581645418,0.004388737031157009,-0.5037988231617896,0.5228900048146946
full_length_format__adjusted,means,20,27,0.8363794145122772,0.45108004592432155,1.2606650897670828,0.7292612449259241,0.9427701496073727,0.03125912724974744,-0.5140205585571516,0.5392595118327576
full_length_format__adjusted,means,20,28,0.6223838656027749,0.20804830048067466,1.0230799286877563,0.5396928270672204,0.7197761242646233,0.016945352765975575,-0.5841482673777154,0.677220843947368
full_length_format__adjusted,means,20,29,0.6688190716820864,0.22573498247331125,1.131667203275763,0.5427985279751636,0.8137794325286918,0.017810319571075373,-0.5963866777311679,0.5636972938290999
full_length_format__adjusted,means,20,30,0.8183547002904471,0.32780152653106676,1.2839719390315132,0.702021526990881,0.875021986910687,0.0442699111845023,-0.5971567435342411,0.8491224729967137
full_length_format__adjusted,means,20,31,0.739109745993207,0.35431049593795627,1.1096500364971018,0.5892414847392542,0.8335443573347674,0.00316237431178914,-0.6927920584087546,0.7208085325925769
full_length_format__adjusted,pre_last,10,0,1.7543849874120774,-0.3065349465267726,4.160344481764321,1.2058776108821256,2.7521854044173506,-0.09152909139574283,-3.1181288706486843,3.3243365315536293
full_length_format__adjusted,pre_last,10,1,1.5816878081783612,-0.06759021520561594,3.9648051590862083,0.4546580809282116,1.9827667240759057,-0.051351080175182064,-2.6473562789144194,2.8380839917461826
full_length_format__adjusted,pre_last,10,2,2.085511049324247,0.8208740780247845,4.6175278784735045,1.412510194695362,2.4935286640254066,0.06994064708525108,-2.511113546804164,2.705383239874709
full_length_format__adjusted,pre_last,10,3,2.018625805304791,0.7369024990191384,4.568842759666366,1.5896634573559743,2.6582560648788247,0.07772679907161825,-2.362204451102581,2.8126095074549586
full_length_format__adjusted,pre_last,10,4,3.031801329430739,1.6048615985907964,4.718017811411738,2.761390275464232,3.358098305181113,0.012774013453617662,-2.150029240256049,2.5205556716155297
full_length_format__adjusted,pre_last,10,5,2.836698766026503,1.6655722956785648,4.4080784428251745,2.5260852028318057,3.283203218385156,0.00967901851221642,-1.775465022628272,2.249857363403883
full_length_format__adjusted,pre_last,10,6,2.6929495056703265,1.5138351181866383,4.164116977779728,2.246712464562672,3.0517736705372918,-0.06252103817203672,-1.6845017843677874,1.7813535072453188
full_length_format__adjusted,pre_last,10,7,3.2233745504655045,1.7980960930502887,4.521122967211666,2.830781432349581,3.552795234237346,-0.022170074741602198,-1.8702860305616926,1.8146030403056643
full_length_format__adjusted,pre_last,10,8,3.4848248866310314,2.216890353731034,4.816340246606148,3.174278431426988,3.7328513865162867,0.005881741124008255,-2.0390032703362495,1.8334216826876997
full_length_format__adjusted,pre_last,10,9,3.740787459300559,2.4609909452830245,5.132717897725938,3.427541900692611,4.033375001037068,0.021620066685220585,-1.8867265492237273,2.030266704688565
full_length_format__adjusted,pre_last,10,10,4.268088993879167,3.024406249322158,5.641921788762368,3.916498437542551,4.561846663239438,0.01413713042949909,-1.6214662715436396,2.1255449701989497
full_length_format__adjusted,pre_last,10,11,4.059670863377745,2.7974421866396058,5.361607809094672,3.7440216493612906,4.437235409971935,-0.008314004707166079,-1.920782958116045,2.320156735306815
full_length_format__adjusted,pre_last,10,12,4.292653397075203,3.084128386691146,5.7551021650349385,3.942378539550949,4.700079275408691,-0.06682010739996413,-2.191587140348766,2.208705070716148
full_length_format__adjusted,pre_last,10,13,4.619234234321665,3.244075652224214,6.209441619692603,4.2426486550630225,4.9084449608818606,-0.018507883223814046,-2.1738510168549765,2.179281673558936
full_length_format__adjusted,pre_last,10,14,4.633702648793546,3.133853255909235,6.071772578911247,4.301455684503996,4.907828007689352,0.004015145859760283,-1.9398383408910298,1.8677612164368238
full_length_format__adjusted,pre_last,10,15,4.819096513782231,3.2044953889207775,6.484156008454322,4.481677498031266,5.124216390047467,-0.06008073385389858,-2.4181366454844855,1.8176562301293293
full_length_format__adjusted,pre_last,10,16,4.3510233918716015,2.6684171683152047,5.980515589406966,3.998656542158427,4.776189188407102,0.03477190311081775,-2.1908413604857384,2.125429580078231
full_length_format__adjusted,pre_last,10,17,4.546941175934358,2.9164495302109943,6.238437414448753,4.192878314667962,4.824150193514738,0.005407323793489005,-2.252584554485532,2.1576383926756333
full_length_format__adjusted,pre_last,10,18,4.709847517439308,3.145383480051882,6.1462067299779655,4.337707219832777,5.025076066976893,0.02832390734664636,-2.4903226098304696,1.8376585373389491
full_length_format__adjusted,pre_last,10,19,4.417946366932851,3.1109650940000075,5.567830384323069,4.070527267841863,4.693497501173948,0.009986117048434573,-2.379722972793539,2.481839091517778
full_length_format__adjusted,pre_last,10,20,4.6190086765525775,3.298424012511748,6.836429710129802,4.273683348056315,4.862561136843573,0.08768078612450639,-2.0345198178680697,2.393337971631517
full_length_format__adjusted,pre_last,10,21,4.807013982482494,3.4493241354422883,6.545478754330832,4.45715695684936,5.231357582374924,0.04525909587283383,-2.1184971964459054,2.515289713264025
full_length_format__adjusted,pre_last,10,22,5.726651609165647,4.2770600860409775,7.942675939631632,5.317059127988473,5.913429778872681,0.06506579250688613,-2.3026250627545886,2.6151351000850522
full_length_format__adjusted,pre_last,10,23,5.8625445875755435,4.757339414698883,7.233453141107827,5.500457489084158,6.14516907794857,0.04956091783284013,-2.2864125881301214,2.307044915360458
full_length_format__adjusted,pre_last,10,24,6.4198877633662,5.077660613733951,7.588157859824282,6.069156884788559,6.662503985870403,-0.042306437581316116,-2.5490412929046964,2.1845870585660765
full_length_format__adjusted,pre_last,10,25,6.390643250515569,5.128150052084719,8.348678852864337,6.110159649687615,6.55995003284839,-0.026141803888532777,-2.4859881088798352,2.1759943138756523
full_length_format__adjusted,pre_last,10,26,6.449536363063141,5.224345986030695,8.044918021554576,6.123177183344087,6.793380681724929,-0.06622836627387026,-2.0509025282689897,1.714232571185513
full_length_format__adjusted,pre_last,10,27,5.8583425754725456,4.539851304581535,7.2069505319338,5.602587750379038,6.219369850142288,0.01469379251115759,-2.561600906194679,2.0832692393667718
full_length_format__adjusted,pre_last,10,28,5.1541882611693985,4.021006971351681,6.452834988599216,4.74562636264606,5.493847758210687,-0.03355499810074734,-2.131316142162925,2.1609448458649707
full_length_format__adjusted,pre_last,10,29,5.745519250651955,4.619202487404994,6.895529802697392,5.250318784992559,5.95288648975104,0.04982954571393776,-1.5777526859949653,2.243997252187146
full_length_format__adjusted,pre_last,10,30,5.996513302218063,4.997537216305954,7.173610444640197,5.637937761846106,6.313238006028595,-0.002358422727186937,-2.1577247766558423,2.0136278046064278
full_length_format__adjusted,pre_last,10,31,7.229668763962594,6.050914399338684,8.329475564076816,6.934007881262512,7.473079955143252,-0.03130815373223352,-2.2015355912141485,1.982901589972802
full_length_format__adjusted,pre_last,20,0,0.583656118357861,-1.0398430728320507,2.241195754531567,0.3153335829222495,1.2922877539892061,-0.11115708843207854,-2.1511896790963485,2.480799927533212
full_length_format__adjusted,pre_last,20,1,0.7868732515018044,-0.2730479451120316,2.4021075689819043,0.15835750025027337,1.4756313676844282,-0.08445100402345858,-1.9656731969948302,2.00304150921972
full_length_format__adjusted,pre_last,20,2,1.0223632988420455,0.0070693462065344135,2.539370676954801,0.5549692566204668,1.396114026561316,-0.03903317715946266,-1.9545403276840079,1.719298821783006
full_length_format__adjusted,pre_last,20,3,1.435138651656771,0.385277969241631,3.0170871895833518,1.2012262629222237,1.8192938643210284,-0.07554981754053755,-1.67047755408595,1.6946522078106068
full_length_format__adjusted,pre_last,20,4,1.8424268793778353,0.9447757839757482,3.132507807556482,1.5783996652951573,2.1488438400587606,-0.0951031534472461,-1.6692856444859188,1.6525557735144343
full_length_format__adjusted,pre_last,20,5,1.7973112872164974,0.9392831864354343,3.020476978691598,1.52453052421137,2.0328161522756543,-0.088140220610235,-1.6643273527812392,1.6379353918126724
full_length_format__adjusted,pre_last,20,6,1.9635802840243524,1.1356760108104749,2.9774454631890315,1.7153555854620681,2.1632222164596597,-0.06721802603344743,-1.4158068752979525,1.5610660745185667
full_length_format__adjusted,pre_last,20,7,2.2831338986999006,1.4421589259617376,3.449981502491239,2.0300021007006834,2.518698216568675,0.0006848836375425993,-1.407387519448113,1.4835344531393837
full_length_format__adjusted,pre_last,20,8,2.731713228145655,1.8941977985460672,4.024644021420267,2.4643712895972216,2.97536372842634,-0.01762343776692732,-1.5569367026301466,1.8215073496640777
full_length_format__adjusted,pre_last,20,9,2.9016125545347844,2.0606108081678336,4.035726956416215,2.622631744478844,3.1609042147466293,-0.020741766253039473,-1.6924696948066686,1.828377597977524
full_length_format__adjusted,pre_last,20,10,3.0501990744532734,2.1398055903367244,4.10660624001637,2.7745338788362304,3.3343471452585707,-0.029387685550848763,-1.8928362092027073,1.7791674133689261
full_length_format__adjusted,pre_last,20,11,3.126140398567644,2.068691681730393,4.271713535250143,2.8347323007762504,3.461106591701137,-0.02037149036336261,-1.8939408176528403,1.9739887696004375
full_length_format__adjusted,pre_last,20,12,3.156904093096619,2.0204628927519668,4.257551129612661,2.856864786396892,3.4778192506883037,-0.024577872792824328,-1.9814467341217121,1.8842153144168747
full_length_format__adjusted,pre_last,20,13,3.098046227045245,1.9372803318461467,4.292913509201294,2.7809732228287016,3.4598420503507987,0.002537481036918576,-1.6320072714684666,1.5735417341247073
full_length_format__adjusted,pre_last,20,14,3.162527894119096,2.05479476800241,4.399192912644197,2.8549299948696016,3.4031365197517798,0.028322175162227015,-1.5830408040531063,1.6379289603379907
full_length_format__adjusted,pre_last,20,15,3.2866064769927448,2.154178137922228,4.479797795649155,2.986175258779772,3.5188190540198203,0.055894096995179623,-1.57104424658758,1.6861982473299488
full_length_format__adjusted,pre_last,20,16,3.3378987425671727,2.1938094151355947,4.344736087544503,2.96768169789771,3.520557814952787,0.0662997952023782,-1.514332496101338,1.7336706746722963
full_length_format__adjusted,pre_last,20,17,3.554362745793328,2.57740249310947,4.584065224143178,3.254416956186428,3.7242107753789577,0.04270584946657054,-1.6016268983358024,1.8202730593691252
full_length_format__adjusted,pre_last,20,18,3.7103100055151943,2.5593051305515337,4.775535714577641,3.43396634085744,3.919957082583209,0.04207106867243497,-1.7841009789222466,1.708907234250232
full_length_format__adjusted,pre_last,20,19,3.8449238336973783,2.71073518737882,4.991626028194355,3.557248708716119,4.046452249026444,0.027137846365155215,-1.8471005019809599,1.6172158843897901
full_length_format__adjusted,pre_last,20,20,3.844263121605424,2.868364582953571,5.2352307551787245,3.5629745938299666,4.050863765605251,0.05295032548889307,-1.754686644562242,1.6836128421446033
full_length_format__adjusted,pre_last,20,21,4.150716769290583,3.2461045101971346,5.5794691050494984,3.877579867210937,4.307064290582272,0.052522629593093215,-1.7740443673717414,1.7060214351459608
full_length_format__adjusted,pre_last,20,22,4.08753438862769,3.0986421006306424,5.694332538279961,3.810603712639245,4.315262356960585,-0.02483222013166315,-1.8606814162257705,1.6856424503426641
full_length_format__adjusted,pre_last,20,23,4.169568002996721,3.210646047729043,5.625554067999328,3.895112897976624,4.38413740084449,-0.015192769436326992,-1.9726988720543264,1.5951219208339966
full_length_format__adjusted,pre_last,20,24,4.4594091769959485,3.3846547007234826,5.734304682222529,4.125597310547561,4.638480836027844,-0.043202051833035514,-2.146733350447191,1.5557138386817673
full_length_format__adjusted,pre_last,20,25,4.549018168129899,3.634926327291586,5.850216611291778,4.224084137982747,4.713307134230885,-0.06448019272746393,-1.6573307895451619,1.5488674338131534
full_length_format__adjusted,pre_last,20,26,4.997650375037294,4.030820139750406,6.647347843418289,4.73489430296401,5.176711612245469,-0.034786574526303585,-1.7833388986958745,1.5712120131334233
full_length_format__adjusted,pre_last,20,27,4.92532362365601,4.006349897920735,6.05423497356351,4.660518157292143,5.128612337323887,-0.01891189284942536,-1.7349770897021464,1.5321030956471036
full_length_format__adjusted,pre_last,20,28,3.4455211838873754,2.740313667634094,4.258918033559344,3.1093668946403143,3.6444967269790682,-0.06844922759728478,-1.751215849067592,1.2817506584644092
full_length_format__adjusted,pre_last,20,29,3.4880958799737427,2.555240693011449,4.2426334881093535,3.3237191914689377,3.7257901321738687,0.015370832406836654,-1.2569607568579504,1.4283218423288744
full_length_format__adjusted,pre_last,20,30,3.5862795149542137,2.782277742967874,4.445021327019976,3.3668078915289024,3.717866368061691,0.032562574365426936,-1.4848176255701213,1.3962087205114
full_length_format__adjusted,pre_last,20,31,4.658940360095289,3.801146590188129,5.52261016281302,4.425033102925543,4.819007419598681,-0.029896055857209048,-1.8366995874784402,1.4920939540362832
full_length_format__adjusted,pre_mean,10,0,0.7739681054447319,0.15922088391822706,1.5091118224207205,0.463206420218958,0.9686013242127322,-0.04653268795568795,-0.8993047972545968,1.0674810428641344
full_length_format__adjusted,pre_mean,10,1,0.8380586330415807,0.30633220654101617,1.6571126343725586,0.5249813035806448,1.0559061765772653,-0.09186670119067397,-0.9552920174731115,0.7862411191178742
full_length_format__adjusted,pre_mean,10,2,0.4238585137956566,-0.1220692183075501,0.9179905855868609,-0.003915941370987941,0.5843301539263118,-0.012297859830264745,-0.9186460382925178,0.9299929464018017
full_length_format__adjusted,pre_mean,10,3,0.442438283720549,-0.16614709098985952,0.9824408845520242,0.20878688913831922,0.5526402344603351,-0.0067284077748957175,-0.9469355483426107,0.9238818506528547
full_length_format__adjusted,pre_mean,10,4,0.12637989584470039,-0.3934640354613932,0.6816572820138553,-0.017087307924960018,0.3138672431511186,0.015290422682750004,-0.6300051088924954,0.8257853798987161
full_length_format__adjusted,pre_mean,10,5,0.4552081895131683,-0.021660731946380185,0.992940973881514,0.21966637780521392,0.6243998600085321,0.06901701592794654,-0.770462444524229,0.8072263363876958
full_length_format__adjusted,pre_mean,10,6,0.13098162292817944,-0.30253405154880364,0.6536775940667177,-0.1426577979868938,0.3530004793050739,-0.004637559361298482,-0.7936867095389755,0.8199476599381077
full_length_format__adjusted,pre_mean,10,7,0.503738001654171,0.08908287318069795,1.0163412659584345,0.25546313423109346,0.6298037788424071,-0.011329722064546077,-0.7826527360616267,0.8316535584236167
full_length_format__adjusted,pre_mean,10,8,0.4503738220957557,-0.06289720614476146,0.97052709054998,0.25290043202843976,0.6032935281913864,-0.031775601496222564,-0.8731748303704098,0.7519761234899922
full_length_format__adjusted,pre_mean,10,9,0.40094919088688763,-0.1290597279295505,1.0090850769922253,0.27280007594496797,0.5798203090017036,-0.009919647580254942,-0.8686171977510855,0.8918191365074809
full_length_format__adjusted,pre_mean,10,10,0.3653884895100366,-0.10584848287055024,0.9590233512694426,0.126118174675927,0.5643526757168237,0.009965482604637765,-0.981991897243257,0.7812736504825349
full_length_format__adjusted,pre_mean,10,11,0.5214493538602255,-0.026501480972772738,1.0868914182411864,0.2288844725006753,0.7201623854831332,-0.0073645419838404445,-0.9899997604147937,0.8927394554366762
full_length_format__adjusted,pre_mean,10,12,0.6222151685311154,0.21337530357097428,1.257042097909766,0.2832618172369106,0.829736252066652,0.003736944096679551,-0.858882853118566,0.7175146929224939
full_length_format__adjusted,pre_mean,10,13,0.7008779048542711,0.15201497106975662,1.2326759635572142,0.3948784487710944,1.0034855915639567,-0.011490201127325994,-0.9270604019589512,0.8476674621094512
full_length_format__adjusted,pre_mean,10,14,1.1644602326052202,0.6404214359297935,1.8640912118974295,0.966036527585391,1.3635118718989279,0.005927258429705096,-0.7551428741572777,0.8870074166527687
full_length_format__adjusted,pre_mean,10,15,1.3690041744804833,0.8044783887899645,1.970331643206949,1.1556512953599247,1.4735197395216795,-0.008350259499487511,-0.9843574309581529,0.8460781659499967
full_length_format__adjusted,pre_mean,10,16,1.483329090589766,0.8792630169332208,2.176915809022152,1.3238110365131626,1.6326091317887472,-0.028238865095767764,-0.9008601189559391,0.8898710388091976
full_length_format__adjusted,pre_mean,10,17,1.5665646419870893,1.0184419558128754,2.240616494229337,1.2799766382857076,1.7062561470528113,0.017617377512824838,-0.9321277865215681,0.7852791994433822
full_length_format__adjusted,pre_mean,10,18,1.5548822208380495,0.990815832685986,2.108378554559426,1.3375234933691174,1.646639624012028,0.00881532954945774,-1.0804370908109378,0.7908106649360594
full_length_format__adjusted,pre_mean,10,19,1.4708823187516364,1.0012235180135165,2.0710633500506885,1.3205818139637564,1.5758896722174471,0.0414993957956318,-0.925465498619032,0.7237639497256555
full_length_format__adjusted,pre_mean,10,20,1.1617275403988596,0.6377714735116965,1.628502696276325,0.9671008353852006,1.2992152138873407,0.04554579050845862,-0.8197245269156773,0.9255826064911337
full_length_format__adjusted,pre_mean,10,21,1.0142375161794743,0.49589882027927346,1.6079228616958752,0.6616714074985427,1.141127722984593,0.07493202306596788,-0.6626852830018911,1.0656637122248134
full_length_format__adjusted,pre_mean,10,22,1.0044716356065566,0.5161698699286917,1.5217579172697493,0.7840465242543089,1.1325051037143785,0.07677056719998118,-0.656327551443126,0.8531290975766185
full_length_format__adjusted,pre_mean,10,23,1.0131685271440294,0.5154668990085371,1.5902442864260025,0.858341615983104,1.126721814440783,0.1142419791994238,-0.6427231600770501,0.9142448986387391
full_length_format__adjusted,pre_mean,10,24,0.9128439975537047,0.4224655942824508,1.4730803790071718,0.681966414628079,1.0602141497112818,0.08372504789358493,-0.6276291460408726,0.7516096806070054
full_length_format__adjusted,pre_mean,10,25,0.904227344212001,0.44675173288744774,1.4852737505919011,0.7337856490935,1.0225598172071662,0.03504160250820789,-0.8058554169749714,0.7094510882885141
full_length_format__adjusted,pre_mean,10,26,0.988467475864254,0.5139067078138129,1.4786943899642289,0.7840682152174854,1.0839217284480662,0.03825442845676101,-0.7816556977598554,0.598000576943288
full_length_format__adjusted,pre_mean,10,27,1.113549586790233,0.6181564268031561,1.6546050756321704,0.9333099037970657,1.2227762294307156,0.021335107881733005,-0.7911587063834483,0.7087086468551199
full_length_format__adjusted,pre_mean,10,28,0.6147684497135327,-0.021505543476492448,1.0675090833310286,0.4740373389218155,0.83337770255547,0.08883643370100755,-0.7624007359607329,1.0883131980485201
full_length_format__adjusted,pre_mean,10,29,0.9078734201491613,0.32087984045665285,1.4871943036615276,0.7457094350862767,1.0072055575670749,0.03018046195713344,-0.9053536892925166,0.9547495700445537
full_length_format__adjusted,pre_mean,10,30,0.8248445468158666,0.16554071277598678,1.4408321382832237,0.6345262490979012,1.0059018078468056,0.06740205041618832,-0.7249743688939531,0.8238197976059944
full_length_format__adjusted,pre_mean,10,31,0.9934833283402317,0.4417003495020784,1.6206796464108224,0.7022610786919695,1.1681595180922335,0.012739633083035296,-0.7853879836019527,0.9583686692431151
full_length_format__adjusted,pre_mean,20,0,0.7077384956297105,0.3227779060222046,1.0706080360937569,0.5993736622428864,0.8548338464849223,-0.013958904162917053,-0.8769682202073875,0.8077783220873911
full_length_format__adjusted,pre_mean,20,1,0.6396778657362674,0.29215451348222793,1.0223429707013187,0.5380635605102869,0.8357175999322599,0.014474895121552844,-0.7118490872325134,0.7136592300455451
full_length_format__adjusted,pre_mean,20,2,0.6015255640189294,0.20038286788573828,0.9966236507782927,0.48181095717243244,0.6831958531612642,0.005533741062300157,-0.6073467964536701,0.6284018621656505
full_length_format__adjusted,pre_mean,20,3,0.45375429521445354,0.1108223771594619,0.7762764558708571,0.36117227019947834,0.5710970654425994,0.0024132800499468534,-0.611592756631857,0.45891327874787397
full_length_format__adjusted,pre_mean,20,4,0.5406851357250259,0.1844890523854124,0.838314512421784,0.42576284765269645,0.6231432481600191,0.029987406921731453,-0.6265293935076193,0.6036954365627126
full_length_format__adjusted,pre_mean,20,5,0.5788711300209107,0.20571282342554104,0.9063478219082933,0.4248628213233783,0.6689274354266127,0.02815336115471141,-0.5333143635812809,0.5118723959108263
full_length_format__adjusted,pre_mean,20,6,0.6108583875718968,0.26535534057501026,0.9650507002714157,0.5402867747400807,0.7065030369219627,0.02119751007858821,-0.5857220181295115,0.5919377454308684
full_length_format__adjusted,pre_mean,20,7,0.578704375815904,0.2548037034667663,0.8803258672942005,0.4784442541361219,0.6658091893681196,0.034457030949733604,-0.5088897639545787,0.6547610508802464
full_length_format__adjusted,pre_mean,20,8,0.6480069787604762,0.28794608401369237,0.9650368425140413,0.5775579002441098,0.7567307907978731,0.028107058515506943,-0.5502885178461501,0.6642551603005938
full_length_format__adjusted,pre_mean,20,9,0.8402875256335851,0.4748769327012605,1.1677076259843877,0.7657546127022773,0.9892291852550559,0.004377862332960514,-0.6186097204141409,0.49935106830943565
full_length_format__adjusted,pre_mean,20,10,0.7796767042475017,0.4052120257038613,1.272696714963498,0.6715605956422206,0.9400776138199036,-0.025025935080088036,-0.7046795239085988,0.6106501531494645
full_length_format__adjusted,pre_mean,20,11,0.722098988217435,0.3758977029431998,1.1813582781786922,0.6339701478555548,0.8632308204981682,-0.009921042114573186,-0.6379456415742101,0.7060140850152142
full_length_format__adjusted,pre_mean,20,12,0.880900812177879,0.5018199102693339,1.3105939015922567,0.7748214503391331,1.019743353139869,-0.035227272739032076,-0.6507224321445519,0.6182246552357923
full_length_format__adjusted,pre_mean,20,13,0.9878610577259436,0.590667171072278,1.3939719035946834,0.8682894287790898,1.1122570449722,-0.0301796062920473,-0.6404435020297581,0.6157460015916308
full_length_format__adjusted,pre_mean,20,14,1.3470759942218258,0.9861723135100712,1.7421570463635845,1.205175532333707,1.4051618918883453,-0.029156994268250736,-0.6415078259542267,0.565291159585735
full_length_format__adjusted,pre_mean,20,15,1.268818977548515,0.8860263716746162,1.6343943220176893,1.0972391747348988,1.336796705300369,-0.01044383071327648,-0.482899942789973,0.563719467150095
full_length_format__adjusted,pre_mean,20,16,1.4057621271107437,1.017282902446494,1.7730342773219607,1.1969920152146163,1.462250921647935,-0.011212373557806932,-0.639936322990635,0.5609337728982028
full_length_format__adjusted,pre_mean,20,17,1.4165948770283754,1.036574974968565,1.7575931907365867,1.2264601650660802,1.4725453030739337,-0.019595376162869216,-0.6213612893924246,0.5862221526532924
full_length_format__adjusted,pre_mean,20,18,1.244987912125642,0.8703732722473196,1.595622163514216,1.1071497916514315,1.3337065618132986,-0.014158904117201975,-0.5861033565668641,0.5823333783332666
full_length_format__adjusted,pre_mean,20,19,1.219529144542874,0.8374755805606564,1.5615258387135054,1.093538910675152,1.34005633401519,-0.006473800662805784,-0.5705499854803957,0.5446839941438981
full_length_format__adjusted,pre_mean,20,20,1.1094360712040605,0.7534199118003783,1.434539215069785,0.9680519827432856,1.221510671394124,-0.0003167759105546786,-0.5184296506739575,0.646047851879374
full_length_format__adjusted,pre_mean,20,21,1.1168329728607076,0.7457404097736189,1.4596270859349048,1.0043183987252493,1.228175399587731,-0.009442665639682546,-0.5612816977657133,0.6009500858306607
full_length_format__adjusted,pre_mean,20,22,1.084184838175154,0.7661497233853257,1.4054896289822856,0.9699379384895218,1.1552328587346101,-0.002181012172773178,-0.4845644263094711,0.5287240420679958
full_length_format__adjusted,pre_mean,20,23,1.0034248166340978,0.6391337480255683,1.3604412357459859,0.9202661944686479,1.099555216561793,0.009369566245284799,-0.5127691214225856,0.5756483339764925
full_length_format__adjusted,pre_mean,20,24,0.8723700747784561,0.49693615293116794,1.2156398986603565,0.7766053515964493,0.9578944949359423,0.01256436903216327,-0.5032611540043289,0.5577468823437707
full_length_format__adjusted,pre_mean,20,25,0.9072714506981704,0.5317073284712596,1.2949219262364609,0.8192518754100242,0.9927897477362911,0.0023314521385622957,-0.4390084015205747,0.5084757607819393
full_length_format__adjusted,pre_mean,20,26,0.6962864405817427,0.3185181336941533,1.0644205771350863,0.5762323773932525,0.8285822410580266,0.01079191999060769,-0.498626906846496,0.5591656034721592
full_length_format__adjusted,pre_mean,20,27,0.7646728622570049,0.412926578551397,1.1400250591086436,0.6556402596881505,0.8526564197766302,0.027280193084169936,-0.4821111725257475,0.5204369153464345
full_length_format__adjusted,pre_mean,20,28,0.7482138001976629,0.32424261723415354,1.150877164488716,0.6646219313948805,0.8500361062981727,0.02099635452034474,-0.6558270822883581,0.7630391337987237
full_length_format__adjusted,pre_mean,20,29,0.7293606228407401,0.27814250416150454,1.1294542975790838,0.583028100294608,0.8058022264070922,0.039023076746369914,-0.6178318402315154,0.57711688947918
full_length_format__adjusted,pre_mean,20,30,0.8757301754466001,0.4023867515755812,1.3199129562379766,0.7482666319228294,0.93183249750859,0.05045565416531923,-0.5768704441440677,0.613044008306105
full_length_format__adjusted,pre_mean,20,31,0.719618526060468,0.3504346444916941,1.1154135019292308,0.5596724723800925,0.8126689008033294,0.022101891587681544,-0.48916616134265145,0.658226533567636
full_length_format__reference,finals,10,0,-0.17260650733253807,-3.510368403814869,3.8246572235928067,-1.2232019960806066,0.3331329384307542,-0.11416407824866832,-4.856886553681291,4.490482188952469
full_length_format__reference,finals,10,1,-1.0164786534975703,-3.7848928146609215,2.1754462774212078,-1.7192345787024896,-0.37926246141966174,0.26200308845241016,-3.966048918420687,4.544546309879783
full_length_format__reference,finals,10,2,-0.958246385778663,-3.4393376383531593,2.024149251136885,-1.414089797790566,-0.15309643797479291,0.12192324265288326,-3.769196030695603,4.572937270416378
full_length_format__reference,finals,10,3,-1.0222286230905484,-4.024835941436001,2.476271161760451,-2.062093373810372,-0.2348629147202955,-0.0743948757316546,-5.360244478145866,4.880256435570792
full_length_format__reference,finals,10,4,-0.1691185973956273,-3.3422185856845346,2.483643555406385,-0.8848380626978247,0.4420756379471841,-0.06489732786652906,-3.630155645828824,3.487853479488976
full_length_format__reference,finals,10,5,0.04085497628389746,-2.2801174498353727,2.570850183355398,-0.3950877666903188,0.4703267444179718,-0.0977206802091684,-3.9802992213142434,3.217678074887146
full_length_format__reference,finals,10,6,0.7234623919800202,-1.5105731810635528,3.0561060823893746,-0.8170661829425113,1.3548752392782826,-0.19641292640190752,-3.313671555181372,3.360397065137602
full_length_format__reference,finals,10,7,1.3138696816844804,-0.7151338859952575,3.608110315050985,-0.061324438059417945,1.8192193216734611,-0.19354739259838386,-3.4667926616240954,2.8515696109926276
full_length_format__reference,finals,10,8,2.170329034486571,0.13781026070180621,4.69214793955693,1.1957125117153893,2.634471584774398,-0.08102417634589396,-3.443969073975305,2.866756980032559
full_length_format__reference,finals,10,9,2.4231908456794273,0.4409976908118618,4.7072966461693975,1.6847993485256592,2.895368324384477,0.023622415196591494,-3.119371223548206,2.8435995246031665
full_length_format__reference,finals,10,10,2.5158518120813755,0.5830566901349935,4.533202963484289,1.6922580125225843,3.0900174440453076,0.13748245102872264,-2.2722436411115314,3.192916059132514
full_length_format__reference,finals,10,11,2.879577310968451,1.223243882030314,4.876630594186045,2.2183355041799833,3.344923121727118,0.13643186595333828,-2.6266391513154628,2.901136977313954
full_length_format__reference,finals,10,12,3.3900173152190556,1.3818999825099934,5.538851059101899,3.122995914448121,3.746411984561874,0.07288960391327035,-2.61999873844459,2.8263760339210355
full_length_format__reference,finals,10,13,3.952609229200462,2.151234145365347,5.887728667093415,3.7154116197745006,4.287012965598401,0.13560144054641077,-2.3383321171339,2.351689848668157
full_length_format__reference,finals,10,14,4.119845500479539,2.0880346881169083,6.315032625413565,3.807012746402923,4.456550950199566,0.1464353786424002,-2.4355931371796853,2.8080029548185403
full_length_format__reference,finals,10,15,4.30366731548058,2.377198049994608,6.596678845500506,4.034045867357826,4.69032473626592,0.20035806644554532,-2.3990276804299135,2.4768518246347764
full_length_format__reference,finals,10,16,4.525739901919063,2.497304498339916,6.578687089730179,4.270041750630315,4.846447343183356,0.12206937870753923,-2.192908667365797,2.538777656158512
full_length_format__reference,finals,10,17,4.782734553931052,2.9429158719986703,7.058660712159535,4.479124513112246,5.075159674135515,0.1733021886472314,-2.2631875830085595,2.5043802867106777
full_length_format__reference,finals,10,18,4.654596796782185,2.750815230224931,6.832531255378899,4.4052279565513475,5.01219049723157,0.19119662233357754,-2.559232142051037,2.2197151974087066
full_length_format__reference,finals,10,19,4.678019016204477,2.8273766198436423,6.728171862071396,4.504983355511359,5.054406651372196,0.16438797663809476,-2.5861345178769075,2.268768689185576
full_length_format__reference,finals,10,20,4.635701298749821,2.878063111647802,6.821408317638737,4.410836483854694,5.002794930107764,0.11587142041217695,-2.457156877157837,2.124891564232524
full_length_format__reference,finals,10,21,4.772150922461261,2.991251919987116,6.899557245677926,4.581528175944132,5.137423947328882,0.0597301985860653,-2.2640844997380047,2.219512076296094
full_length_format__reference,finals,10,22,4.864853398724288,2.9691613101582752,7.058596958297151,4.675296458947921,5.212379137322738,0.1559149078831829,-2.208057885262787,2.753988640688768
full_length_format__reference,finals,10,23,4.896088198476982,2.8287256516766885,6.877998322249991,4.687508927373918,5.288741886642456,0.14760272280048028,-2.339458382644965,2.4684667295756153
full_length_format__reference,finals,10,24,4.998183679034924,3.0074218965296784,7.24879930783175,4.8530895979270605,5.424671414289516,0.027298644798637594,-2.556506011193204,2.8159635004113763
full_length_format__reference,finals,10,25,4.889827454813381,2.8133261496160356,7.014342713776499,4.4628531864008005,5.7119255223802305,-0.06696299262395349,-2.872379472512078,2.8063979023964896
full_length_format__reference,finals,10,26,4.92585041590147,2.8946288727048075,7.007095884245785,4.563683497359287,5.340609657511162,-0.019054163366087895,-2.6855194459468374,2.9056172674354506
full_length_format__reference,finals,10,27,4.659941954280923,2.324417281172946,6.53872654811576,4.426839788765361,5.170482981073465,0.07416612000629481,-2.1680857545630627,2.659034941446765
full_length_format__reference,finals,10,28,6.221915942512991,4.511296805342478,7.619287392765268,5.932871569979956,6.676774894566494,-0.18093109167477958,-2.229476862865601,1.8993824642880115
full_length_format__reference,finals,10,29,5.6866221958601635,3.9208199790458673,7.22131126137051,5.356733022715235,5.987797003713904,0.060084770640564236,-1.9268736504279644,2.209596794072589
full_length_format__reference,finals,10,30,6.276726510690279,4.420684194158969,7.818435484172811,5.907995625439503,6.778719265981108,-0.23781368350583026,-3.365944856572221,2.217270371516359
full_length_format__reference,finals,10,31,5.5007240082396756,3.586595626343297,7.657975035765387,4.945165517815523,5.991570292354884,-0.0007555793715473324,-3.263759993550058,2.6192422523811967
full_length_format__reference,finals,20,0,0.24797602272716474,-2.4836508617965967,2.95800269395623,-0.3860103661440677,0.6699706982584626,-0.3541103183771639,-4.2914512597564185,3.4334528375846705
full_length_format__reference,finals,20,1,-0.3028144177723787,-2.92035365488887,2.087761457293022,-0.7791947614494183,0.516409417843159,0.029536951253555,-3.9085421698246976,4.029615997938161
full_length_format__reference,finals,20,2,-0.4314210492844159,-2.6484516882416296,1.8501923060158558,-0.914166852566815,0.3678172337140452,0.13703676758961722,-3.7236699347084445,4.088345082693036
full_length_format__reference,finals,20,3,-0.8573504390265516,-2.9619453566607667,1.579339664324008,-2.0771819015782147,0.375613873353477,0.06260517323120104,-4.148194832017065,4.448045073584085
full_length_format__reference,finals,20,4,0.346179823116141,-1.2670740797790945,2.6969990418235845,-0.0842730588806031,0.8719165655366752,-0.0592020357520183,-3.376326754854577,3.570104143386878
full_length_format__reference,finals,20,5,0.4155208082300643,-1.2352045000751402,2.5575931175019218,0.029359543041607563,0.9637613208593205,-0.04498743968564121,-3.5077127785604634,2.7241814914552367
full_length_format__reference,finals,20,6,1.3243619754618432,-0.2661269688991738,3.435572682389441,0.5093179434275857,1.6928977834748589,-0.11239044042314865,-3.0528851696997013,2.404923487766392
full_length_format__reference,finals,20,7,2.4086869671467377,0.926251670907432,4.469362960492179,1.6969307939269151,2.7373340256478054,-0.08574698042809122,-2.7357921522624062,2.8065820608452565
full_length_format__reference,finals,20,8,2.9482732236662295,1.4261044911777603,4.85566471174586,2.5166813409863686,3.244674207454073,-0.008219646411626248,-3.069108035173898,2.6433053027929843
full_length_format__reference,finals,20,9,3.348043054472595,1.6109098755968827,5.196129955198691,3.029004189449002,3.6780937415822033,0.0693981049260854,-2.6638796103776987,2.4171127276233353
full_length_format__reference,finals,20,10,3.405395243849028,1.708644975014975,5.194778861802322,3.0685748899155287,3.7137594878899938,0.13284692928614036,-2.4133945850030374,2.5694299159715794
full_length_format__reference,finals,20,11,3.7783852322188234,2.0817355568799902,5.495402720383457,3.490534552328218,4.177989052062294,0.08279966686728298,-2.462222478167448,2.1546151619545326
full_length_format__reference,finals,20,12,4.209146454505384,2.595576981270291,6.005005128261953,3.9062079228304016,4.572798947821619,0.10910943918094466,-2.090053448923606,2.167367376577349
full_length_format__reference,finals,20,13,4.686975826288476,3.270247356793341,6.529648025899095,4.446577252201411,5.081567323566284,0.11866909590482541,-2.098043172810558,2.1611562078779785
full_length_format__reference,finals,20,14,4.757037281689492,3.2573449543097768,6.435179495570215,4.494946292207405,5.198994633038619,0.14414863824245455,-1.8847671925941816,2.2852050292298927
full_length_format__reference,finals,20,15,5.069910889810519,3.513660758690689,6.731614861840714,4.786599070603261,5.555738089704503,0.14598907130973973,-2.113022491845411,2.478086614437482
full_length_format__reference,finals,20,16,5.366231781029027,3.8317321143943777,6.997757075170389,5.085749564956782,5.812470673803556,0.1562795793867186,-1.8803887093966363,2.3448255004039753
full_length_format__reference,finals,20,17,5.715151876877527,4.309883426144691,7.325469382504655,5.459851373545723,6.078491485380239,0.11677486470196033,-1.73656724690049,2.157222439457796
full_length_format__reference,finals,20,18,5.662829535977402,4.205888623301375,7.193540715773448,5.456355820104618,6.035943071538657,0.13990117104589359,-1.7097997589651115,1.7985088142297512
full_length_format__reference,finals,20,19,5.787342950366942,4.453673085122383,7.5586409044271825,5.5745377071266775,6.084621108086793,0.141864708894957,-1.8640700689254004,1.897599821043118
full_length_format__reference,finals,20,20,5.746783983100403,4.371915407118181,7.440200828736189,5.581573719951169,6.0638698330827,0.11880291061747852,-1.856426821051617,2.2264692476172674
full_length_format__reference,finals,20,21,5.7543786902378296,4.339498015537672,7.374924849941094,5.582572703777514,6.064951752247558,0.10437158883967261,-1.7528681222158151,2.473145874044353
full_length_format__reference,finals,20,22,6.041046708402587,4.5170578090400175,7.553476404936719,5.886660243128039,6.312640298677806,0.1063398338939356,-1.9793351330498852,2.2030307585795645
full_length_format__reference,finals,20,23,5.7771359879632405,3.9045909500910723,7.268430439533086,5.57141416118414,6.0873447805531224,0.06610458686511289,-1.8771667875897415,1.9443671806533045
full_length_format__reference,finals,20,24,6.052437305974888,4.225049563931255,7.637086554977247,5.832057363339309,6.366338469030259,0.0219237440042769,-2.234226596131037,1.9526791824052303
full_length_format__reference,finals,20,25,5.874133322391035,3.7958999189203375,7.301946048699435,5.690793257182903,6.220406763430396,0.005232741244346029,-2.4497713227716695,1.972460172124154
full_length_format__reference,finals,20,26,5.598574548846855,3.9318367860696455,7.000287917048776,5.407956433382998,5.95394245030267,-0.03217271169338924,-2.6420019037060416,1.9737444205392791
full_length_format__reference,finals,20,27,5.504914484049398,3.881275954314392,6.78070083387737,5.286356044787672,5.819110797398159,-0.002573457744859331,-2.3526221546833135,2.043011743698892
full_length_format__reference,finals,20,28,4.906111948886571,3.426783177372838,6.098971194433394,4.667030001063251,5.210529464848751,-0.09722136163917972,-1.8644502604277096,1.15580642302475
full_length_format__reference,finals,20,29,5.095064577188038,3.7391096124119545,6.430626114213209,4.82165720289792,5.379098156525489,-0.10186156181247567,-1.7966363990083818,1.6121409046100608
full_length_format__reference,finals,20,30,6.353108198416769,4.820516450411327,7.568831223576541,6.008943048344149,6.64918860268526,-0.14891623713881322,-2.646895288993423,1.6911648924415976
full_length_format__reference,finals,20,31,5.532182385899884,3.984588620895333,6.983579507999395,5.129637553539634,5.941207647424005,-0.15362554537495363,-2.5764689840754134,1.5582432925061855
full_length_format__reference,means,10,0,1.099743382547029,0.2764443593131127,1.9436653768155236,0.9254993893702844,1.3353574262999737,0.01974534485610029,-1.0675889196979074,1.1546421219855665
full_length_format__reference,means,10,1,1.3818735083238238,0.631306709777721,2.172014007353356,1.1934643805541194,1.466638903228349,0.004106045548866599,-1.117964314081058,0.9415816645947076
full_length_format__reference,means,10,2,1.3502985847879008,0.5285088362613122,2.113366074340335,1.170908583032495,1.4216032465550854,0.011595046572368784,-0.9513819419048768,0.8682751135665119
full_length_format__reference,means,10,3,1.0295533745830323,0.38330674145342736,1.7240879097759432,0.8390748245400241,1.1301974126110796,-0.017607654463756495,-0.9153412594889151,0.9152809924224611
full_length_format__reference,means,10,4,0.9489877809062629,0.26170000916567776,1.5675649140894754,0.7817924358813044,1.0973444020168146,-0.014475333817940528,-1.0971488463230707,1.1487925987698815
full_length_format__reference,means,10,5,0.8158234579658993,-0.0017405368185543896,1.5607632002619158,0.7039757318729234,1.0373500974396395,0.02842809699294797,-0.7315075665952729,1.0452992000187482
full_length_format__reference,means,10,6,0.9857457258226755,0.12358633621728955,1.7902117368252681,0.8296251191693048,1.1076994876890425,0.056015476127552574,-0.7635002031086994,1.0093362187841701
full_length_format__reference,means,10,7,0.9725993696633108,0.2109971565999783,1.773993597397318,0.7498688577660595,1.1130819489322699,0.060169151536409136,-0.8258845411256645,1.0739124007224456
full_length_format__reference,means,10,8,0.9135418461930835,0.06938435681738415,1.5958441763162907,0.5693948227708474,1.0267383448452183,0.07632115535834152,-0.7516600691343956,1.10734761861594
full_length_format__reference,means,10,9,0.9430389221643445,0.11368265261027784,1.7306557128395512,0.6362744946876663,1.1141208059526144,0.056213452474724625,-1.0460468465697101,0.8434787530851319
full_length_format__reference,means,10,10,0.9116253035525754,0.07635698708048624,1.6370542816987523,0.7057052365846129,1.0276173165545228,0.07268196376245965,-1.0878220727497907,0.8893356150487871
full_length_format__reference,means,10,11,1.0806977699009244,0.24502600846453987,1.8312859811726634,0.9188763780763491,1.2211628974893989,0.07363420508052057,-0.7581507227144089,1.0145736597224213
full_length_format__reference,means,10,12,1.1678275740399253,0.29570688158032377,1.9944454934491787,0.8962037986139255,1.3107917633794968,0.08524708409061625,-0.8933937856216316,1.104748172897287
full_length_format__reference,means,10,13,1.4175451518900628,0.5781146180060881,2.22675586713118,1.1888962989804135,1.5551567251340555,0.05285959653846872,-0.9930175845947534,0.9601481436322865
full_length_format__reference,means,10,14,1.5703535380250635,0.8279346308868165,2.5530430826452606,1.3609348757485336,1.6907597452709746,0.06257355836046104,-0.9911509549286668,0.9129937049170653
full_length_format__reference,means,10,15,1.728747968182077,0.8894249271661946,2.6173164286024924,1.5499894933516682,1.842005353127053,0.07630572244043321,-0.9956317233483761,1.01200338089271
full_length_format__reference,means,10,16,1.766821091812076,0.9498492412071369,2.6628422533597824,1.6117393988804343,1.903337524483282,0.07604702843936015,-1.0924987229995426,1.0002998770365088
full_length_format__reference,means,10,17,1.7730296909148957,0.9115955727604778,2.6601562845223135,1.530434075827369,1.9061622406608731,0.07558179190829453,-0.9580910178801085,0.8837724095698894
full_length_format__reference,means,10,18,1.739747369107476,0.8182959290739009,2.6264775692966924,1.497145142759709,1.887296883207455,0.06695671013875418,-1.0234505525104232,0.9621473413698345
full_length_format__reference,means,10,19,1.7615827165712845,0.9351677364341875,2.552714554882573,1.5386913389676815,1.901785845567999,0.0578208793677508,-0.983569932005105,1.149681267659216
full_length_format__reference,means,10,20,1.6666184335097518,0.9292663571005967,2.4984865216421843,1.481284924758845,1.7818750637859064,0.08404716664742795,-0.9958324947114339,1.2586864335674415
full_length_format__reference,means,10,21,1.4331545280563012,0.6638761890302413,2.278130734411659,1.2618813202522694,1.5639223361561667,0.08398376017999876,-0.817785724492045,1.1661113669080396
full_length_format__reference,means,10,22,1.3504479603653219,0.6669510902868768,2.0576094724705687,1.223536382004604,1.4794899296811967,0.049914349398337984,-0.9839559252209686,0.9940284227106672
full_length_format__reference,means,10,23,1.235559032279239,0.5889080744767275,1.9146002538910778,1.0903987057002553,1.368763455948002,0.042990388122283466,-0.7443587633311972,0.8686213775423686
full_length_format__reference,means,10,24,1.1148398087044198,0.41840984130437364,1.8101062466297344,0.9856520808402974,1.2250107677240656,0.02573087193880961,-0.9870272893451882,1.1716500514418082
full_length_format__reference,means,10,25,1.2558220390157981,0.5174598918997414,2.0794596914086854,1.1201250885554166,1.3609513282144445,0.043378297188959844,-0.7143101697520406,1.1214274914043254
full_length_format__reference,means,10,26,1.1800970259013501,0.490715461340551,1.9301864091394414,1.0251627178330498,1.2814798204818294,0.02542290604592834,-0.8555513692798179,0.7867766239851574
full_length_format__reference,means,10,27,1.0026220222479842,0.25457692665508147,1.7933269847181446,0.814908733247497,1.2336066973405049,0.0056893220486308625,-0.9293756838752467,0.9323454453681387
full_length_format__reference,means,10,28,1.0425151131351815,0.1752602062933438,1.781544250992298,0.9180740748177278,1.1519146051100526,-0.0364524595910517,-0.8670305923239008,1.034466242223098
full_length_format__reference,means,10,29,1.2076707065582657,0.36757936686115766,2.008986139235812,1.0302265578983152,1.2889557674114092,0.028281131474888466,-0.7504228852015291,0.8732430609916543
full_length_format__reference,means,10,30,0.802446190159436,0.04587172016404662,1.543895827436501,0.6777039705968458,0.9183040960067645,0.013881615237333889,-0.9684923960910724,1.005777802128938
full_length_format__reference,means,10,31,1.324748135671812,0.5199179435652411,2.3764347194041635,1.1213462066107394,1.3985974286030354,-0.034969643431046735,-0.8050130743942642,0.7120880434640673
full_length_format__reference,means,20,0,1.037046910437365,0.40111529859762585,1.551160562134332,0.9150988076945828,1.1222871581275191,0.010339656560175391,-0.6315573196334788,0.7406547628410785
full_length_format__reference,means,20,1,0.9938321671178051,0.4576445951261095,1.4362923971771548,0.8315809862169081,1.1173458097312543,0.06808145668033674,-0.4485562461178473,0.7379753686859323
full_length_format__reference,means,20,2,1.0255729361115475,0.5546192652259195,1.515528089470481,0.88175816412293,1.083006246068165,0.06845836409277022,-0.5149102397464711,0.6531544411853799
full_length_format__reference,means,20,3,0.7567369675135829,0.28387661928284885,1.3171951508653574,0.6590777095178174,0.8189579056114561,0.04831636424764565,-0.5890486399740612,0.6368064391446412
full_length_format__reference,means,20,4,0.8596997182746772,0.37307515455177487,1.3272303519427393,0.7409134921313221,0.9172301211527,0.06806760506171698,-0.5177611444209931,0.7651345311437322
full_length_format__reference,means,20,5,0.8026998365799896,0.3340411284494614,1.2673225279253348,0.6970895725123426,0.8952189607207298,0.09395773068813709,-0.4657649723652759,0.8868729417302443
full_length_format__reference,means,20,6,0.8713103648152019,0.354128790326269,1.4419279102068503,0.7771615743483452,0.9774347411334248,0.10102144287734269,-0.41691987917488726,0.8326241201948411
full_length_format__reference,means,20,7,0.8535000876705183,0.3686955575322861,1.3841674976238978,0.7772110813839019,0.9385911898520286,0.07818349725756461,-0.4713488400644582,0.7991044128200929
full_length_format__reference,means,20,8,0.9598117697797491,0.4907397258764491,1.4423875476896992,0.8512655363958106,1.0242656989024428,0.08828814538809418,-0.40261817979142644,0.8557665864792185
full_length_format__reference,means,20,9,0.8726472711365644,0.31553792539698894,1.4211110859531793,0.7864285507166382,0.9435623554460566,0.08612290806248675,-0.4556234507468667,0.8732833730064922
full_length_format__reference,means,20,10,0.9345162721515694,0.39294373537693383,1.4764576979670347,0.8078519193889815,1.0049777978333292,0.08496039458187377,-0.5392831252643552,0.7109169129830082
full_length_format__reference,means,20,11,0.8939711551282282,0.38989508722161415,1.4033225205099,0.7709084982651028,0.969272657044334,0.07463619636890624,-0.5335654523315343,0.7030277276354708
full_length_format__reference,means,20,12,0.9339262484352925,0.38191268606438095,1.4221644308055559,0.7916880935034517,1.0331211869220513,0.08680573719614652,-0.526487824827898,0.7801102364235025
full_length_format__reference,means,20,13,1.0273675093022094,0.4397507125250626,1.5552274627432445,0.884932147788296,1.141739181409095,0.07834347697268666,-0.6290691203781341,0.7902341056838262
full_length_format__reference,means,20,14,1.1840608098051968,0.6210673860417995,1.6958042672869813,1.036785682606437,1.3318662797667693,0.08470384982274737,-0.702472527907361,0.8343081447906646
full_length_format__reference,means,20,15,1.2611416593585996,0.7073297381887785,1.7824652363514335,1.1327914884976154,1.36488807797394,0.06505182927745416,-0.6386706065446021,0.8296007472527211
full_length_format__reference,means,20,16,1.3628402445852568,0.8651143549099033,1.9078680115306497,1.220881794019403,1.4809652456147597,0.08933714644873703,-0.535532019679835,0.9295658480965537
full_length_format__reference,means,20,17,1.3559176949404266,0.8283251612946633,1.9480170242986903,1.2161290756201963,1.4736681356940962,0.08035435716885486,-0.6724881831891213,0.7368759723228092
full_length_format__reference,means,20,18,1.326454013750328,0.8469344738756726,1.843923885649596,1.2174101829942796,1.4302567531358639,0.08502877003025464,-0.5510018994897661,0.6956267892847725
full_length_format__reference,means,20,19,1.2571910633322045,0.7221855959635233,1.8237557735506196,1.1573479418454304,1.3583353325765837,0.08376810353303983,-0.5265461290300665,0.7433966439904668
full_length_format__reference,means,20,20,1.1993133749165457,0.6474825766989849,1.7504671917501604,1.105942746598982,1.295437197037812,0.07541978453966691,-0.474800421805357,0.7240877551529799
full_length_format__reference,means,20,21,1.1507411200463291,0.6796018619240181,1.7176865217914419,1.0431805667453862,1.241456302242683,0.06228416255323106,-0.4198499884769385,0.6742833419499114
full_length_format__reference,means,20,22,1.089371277932193,0.6382629933153064,1.6287516641567636,0.9969349421948813,1.1734167466440037,0.06735329253428897,-0.4119883843062462,0.5801550521434612
full_length_format__reference,means,20,23,1.0909363282174902,0.5752806772302462,1.6637286976896095,0.9863578924594688,1.1506631055199128,0.07817665149053557,-0.4671391629984795,0.6549732754053709
full_length_format__reference,means,20,24,1.0793502082942266,0.5488442464622995,1.6734859541951501,0.9849679596805271,1.1443923314005793,0.07141080943955498,-0.46918680024826065,0.6290262791763076
full_length_format__reference,means,20,25,1.1512561405723776,0.645413973010323,1.7688016072555015,1.0519253840475338,1.2173543371109714,0.0868920532044672,-0.5720928182966318,0.7627577917666378
full_length_format__reference,means,20,26,1.0018029102661334,0.44498538538094995,1.5588376556662094,0.9195013239165271,1.0769606870454618,0.0739909135707654,-0.5546647172254668,0.6695834770822666
full_length_format__reference,means,20,27,0.8976663593883596,0.2923927666384489,1.4967837426578705,0.8178376447862387,0.9926264887086665,0.07397674780695111,-0.6390149920242278,0.7442824739598465
full_length_format__reference,means,20,28,0.7374580950705352,0.20460386929534918,1.2361873324285013,0.6621727569843638,0.8642569308686472,0.047383698019917084,-0.5751080182292182,0.6994778403542781
full_length_format__reference,means,20,29,0.6902544888535658,0.14235833991247812,1.268170855508867,0.5674480201351811,0.7872242432602581,0.05720279447219667,-0.5026178612560743,0.9096486560403189
full_length_format__reference,means,20,30,0.7248635681569522,0.22705492513079656,1.221851855360591,0.6125361368224513,0.7869707725229682,0.05537938327845253,-0.654522543609672,0.9708514447377705
full_length_format__reference,means,20,31,0.8372877199435375,0.267493487016977,1.456898762299232,0.7084774016951394,0.9029540518589801,0.04457806852500963,-0.46534295630524847,0.8065377208899005
full_length_format__reference,pre_last,10,0,1.8058559330440924,-0.6334843275296969,4.700843268052527,1.268784806073973,2.652752546367366,-0.10339187279895048,-2.91332064676713,3.520791713749747
full_length_format__reference,pre_last,10,1,1.5977785570767093,-1.005947294019238,5.107625615299766,0.7541973597148068,1.9912573876625685,-0.08711067601329285,-2.4434848681631616,2.689233614820678
full_length_format__reference,pre_last,10,2,1.7927699380407396,-0.6081564252847295,4.268589992286617,1.5040470939513484,2.1173820333592293,-0.003435982964148443,-2.4519181348698957,3.1291304282960226
full_length_format__reference,pre_last,10,3,2.1421198239338155,-0.0849537562461724,4.571765540213125,1.8960775895655582,2.578056739949475,0.0374761227498621,-2.229415919741305,2.7516042576593236
full_length_format__reference,pre_last,10,4,2.6140961957670403,0.533518839395796,4.6336665580276915,2.363348028224268,2.9621609916841534,0.12592117158284996,-2.0441147700986,2.336609256497633
full_length_format__reference,pre_last,10,5,2.2534054622219344,0.3984882259567954,4.321053377289287,2.0599321531907906,2.623291874310006,0.020917136031017282,-2.0160863699007043,2.0502287169094493
full_length_format__reference,pre_last,10,6,2.1120328416370766,0.3816142578903809,4.181637021759567,1.8398645257587645,2.4825257362638906,0.04493481688304439,-1.746102726944876,1.8755866221095165
full_length_format__reference,pre_last,10,7,2.5837116604987926,0.9616650822459383,4.5246595339063465,2.2836213924885427,2.9613872088558297,0.03817632672032904,-1.842912504459782,2.1714305074568903
full_length_format__reference,pre_last,10,8,2.8944831487308664,1.3006153562840788,4.638870300582036,2.634539796975427,3.1919221533960016,-0.003952782709824932,-2.05332280573621,2.4093154013455305
full_length_format__reference,pre_last,10,9,3.206960528918278,1.6967771555476485,5.263684669986386,2.8785791746703535,3.570697791166522,-0.014315827653794511,-2.185475240009666,2.1635217440464793
full_length_format__reference,pre_last,10,10,3.617824161300057,2.1461139077357325,5.3149708382426715,3.2657518835122086,3.8723372919761423,0.004927040223248036,-2.070601732566794,2.5534249592957114
full_length_format__reference,pre_last,10,11,3.3912402754583306,1.86163128941602,5.094030666568415,3.0651343641604067,3.8602094677498746,-0.07194163204551088,-2.5383427890794823,2.522611403774151
full_length_format__reference,pre_last,10,12,3.6106753277229924,2.037965269390767,5.150868549068269,3.349344886936793,4.002650871366479,-0.14299563257999878,-2.268713189655334,2.421061416586711
full_length_format__reference,pre_last,10,13,3.8266889731584883,2.362576017433979,5.437764703173412,3.5517743231848753,4.280654572345346,-0.10592177275555677,-2.7271257869357797,2.748237066005817
full_length_format__reference,pre_last,10,14,4.290071125355922,2.7883102534597506,5.900712376857559,4.059865037664266,4.5569099657950165,-0.07700382657155588,-2.0351675798264526,2.4325212993492196
full_length_format__reference,pre_last,10,15,4.470358914195665,3.087210906114187,6.128001124419812,4.2255778461646365,4.734008618760807,-0.08069926241646044,-2.6377565983401277,2.7186404150674974
full_length_format__reference,pre_last,10,16,4.2474853376574755,2.964884929773921,6.22765868603521,3.9519397040753335,4.616455549350126,-0.08649893541792911,-2.73832969772879,3.003982451040629
full_length_format__reference,pre_last,10,17,4.340337638917096,3.00004999849639,6.0720115551087135,4.072500122350163,4.718327071417975,-0.03865873944254132,-2.655128874703476,2.7832729432365646
full_length_format__reference,pre_last,10,18,4.45387685909854,3.1078931468743236,6.0434977940594825,4.199058326093271,4.753193892621426,-0.05975855726821773,-2.4371339380425328,2.5374259112172095
full_length_format__reference,pre_last,10,19,4.505575606553147,3.3650876064620876,6.1606630577659045,4.239120761369233,4.815249406855928,-0.0722046885192155,-2.4311467389183026,2.3848777629512967
full_length_format__reference,pre_last,10,20,4.591277441769704,3.4143889062290027,6.363129699812971,4.333504086235719,4.919318197858465,-0.07100656240269565,-2.6061603279040564,2.4359607429445194
full_length_format__reference,pre_last,10,21,4.938121896684782,3.6431264522918276,6.362810125252754,4.738892710043176,5.290591157692418,-0.09646815255742007,-2.888720697372463,2.5084604457891904
full_length_format__reference,pre_last,10,22,5.465534602734233,4.147355533221529,7.135654580361016,5.224296912851368,5.638140763560733,-0.05861160199924775,-2.9659182858296904,2.4591897385731163
full_length_format__reference,pre_last,10,23,5.689437357201909,4.3710868783288594,7.288967760654379,5.422452407989139,5.8841978514060935,-0.011321103143715882,-2.5936112328094554,2.6202620750323242
full_length_format__reference,pre_last,10,24,6.254917442176642,4.849971688499039,7.735232440592013,6.027992961406428,6.413847173724931,-0.1818286516859196,-2.554527097343936,2.2075663349795027
full_length_format__reference,pre_last,10,25,6.423448015412276,4.989914033951851,8.146459967493627,6.179935258734901,6.588053869932234,-0.1483608475183197,-2.788852109446931,2.4239110220845426
full_length_format__reference,pre_last,10,26,6.4750792590837465,4.957846291721941,8.286608458819227,6.178495027503276,6.654534997850042,-0.22374563678165268,-2.6415610885870744,2.313159555207417
full_length_format__reference,pre_last,10,27,6.611539094618109,5.0164400108832155,8.119753892692302,6.352925104699816,6.811864520605315,-0.14265698372125585,-2.1113834905265505,1.9056111724818405
full_length_format__reference,pre_last,10,28,5.718527992555918,3.9828359104850093,7.087893904744375,5.363951975162248,5.929781061104226,-0.08261452786634846,-1.868534059743934,2.2303793918302524
full_length_format__reference,pre_last,10,29,5.781124564125161,4.401821305151653,7.182647788409879,5.510403912163804,5.962524815812187,-0.12647224327550485,-2.2654336262421273,1.8224328209396996
full_length_format__reference,pre_last,10,30,5.665730061108022,4.352508760756636,7.036562859506292,5.452854441468296,5.85971963786322,-0.1394933472848401,-2.499020638226614,1.9899674518320576
full_length_format__reference,pre_last,10,31,7.397611385137619,5.887149245148283,9.027878335541422,7.133699050675093,7.573586466956508,-0.061480370963690814,-2.378970802623859,1.9686619731006985
full_length_format__reference,pre_last,20,0,0.25289519359143264,-1.5223786919403757,2.3440802549348487,0.005542869138072796,1.0581647851001617,-0.24988178897876798,-2.5854739380103595,2.316961135965526
full_length_format__reference,pre_last,20,1,0.7347094446250679,-0.991096360153078,2.326585760004761,0.2885618582475298,1.356870353204547,-0.1996214479839637,-1.9851546149657857,2.1014893964137444
full_length_format__reference,pre_last,20,2,1.0854079792530655,-0.5161173802200324,2.5913132449729606,0.8699117566768882,1.4432219234964032,-0.06982086731585654,-1.8800686482294109,1.9995592348723976
full_length_format__reference,pre_last,20,3,1.46573673892361,0.0014006003462423901,2.9508710716840136,1.2642307556256658,1.8116933321933957,-0.04394820728676614,-1.5150615597281372,1.7219732517226032
full_length_format__reference,pre_last,20,4,1.9009694230620677,0.5602236474261604,3.2669367495162214,1.7072310148719814,2.1656571063001127,-0.0020707174979547995,-1.6367060164514837,1.8395104483489049
full_length_format__reference,pre_last,20,5,1.6716515362266173,0.3970191149983584,3.0178625552886733,1.457810403750588,1.911644591352203,-0.03302489738246657,-1.4303246180193703,1.7016251852489275
full_length_format__reference,pre_last,20,6,1.811154852777227,0.7693886645160773,3.038628631965888,1.5693710860590997,2.0062445494631556,-0.025399161230108835,-1.3249100258931097,1.6465186228045947
full_length_format__reference,pre_last,20,7,2.112715588776476,1.0445535488906708,3.3122413371009736,1.8603395191921677,2.3843192582147745,-0.04141689770419758,-1.4671835610817,1.7568391825210647
full_length_format__reference,pre_last,20,8,2.5000323342106943,1.4230660120289755,3.7837088334217657,2.2369209332125566,2.7684108542011603,-0.06572293096205868,-1.5562541202931746,1.804026513031437
full_length_format__reference,pre_last,20,9,2.807534925972374,1.6470020272346295,3.991424565347628,2.532736482893672,3.074461805550404,-0.0967229103741452,-1.7162277669429151,1.8175313316553163
full_length_format__reference,pre_last,20,10,3.006703481793226,1.9031219330244737,4.19500786325443,2.7003200496827495,3.269958786479927,-0.08785829482815206,-1.6723908466499777,1.7953523031367054
full_length_format__reference,pre_last,20,11,3.0364455658516345,1.8646919832659847,4.386911313079676,2.730992275572726,3.3235018065252415,-0.10584569465351579,-1.6748380171743362,1.6981509565824673
full_length_format__reference,pre_last,20,12,3.0959248493906197,2.023995089361119,4.408177259939564,2.8039602429128645,3.3684137205693565,-0.09537530167560844,-1.6992894910492793,2.193380450632993
full_length_format__reference,pre_last,20,13,3.1579493928175775,2.065605223416845,4.6194550630379165,2.854972588745878,3.4604046469654466,-0.08340307909816311,-1.797459554164246,2.006408712376813
full_length_format__reference,pre_last,20,14,3.320648095555044,2.205999545963264,4.591837758130262,3.0522543185766597,3.543315082249148,-0.08167512307964675,-1.7494745269444454,2.0457893679230383
full_length_format__reference,pre_last,20,15,3.4599498945994247,2.467048724763133,4.584906301453151,3.181955261509914,3.6944411196888582,-0.13420414953566534,-1.8495108084819751,1.9000131874580632
full_length_format__reference,pre_last,20,16,3.5161707858805085,2.340103694452714,4.5551472294231115,3.171440177948082,3.8037469122455447,-0.16970960243045116,-1.8705312966449719,2.0550712501599815
full_length_format__reference,pre_last,20,17,3.8302284944243143,2.792805889795127,4.864206970552965,3.54678769633618,4.078711190408219,-0.11987130815831952,-1.733155506034356,2.1245515758460796
full_length_format__reference,pre_last,20,18,3.985577745861614,2.9528929609796184,5.144790786257481,3.730850033857683,4.210586741111025,-0.15111823693596332,-1.8480988361044657,2.179548659016573
full_length_format__reference,pre_last,20,19,4.0547280102980965,2.9407751225202086,5.229806147530405,3.7908756845277263,4.199987975129863,-0.18180157411027026,-1.9579583122837005,2.104103179626467
full_length_format__reference,pre_last,20,20,4.045074548495232,2.980206389498142,5.465261533477303,3.7838480104988785,4.262112970753571,-0.1840451088992003,-1.9201529584532129,2.06802848697395
full_length_format__reference,pre_last,20,21,4.224063716213674,3.032828195280846,5.455987069262889,3.9805789044806072,4.4427361639546605,-0.15335140100397138,-2.0560019419829905,1.7623469412063024
full_length_format__reference,pre_last,20,22,4.090146126417831,3.0173835358340684,5.505132999633035,3.8496961686205817,4.3042297645780865,-0.11455727651965042,-1.7897904172153332,1.804981213165939
full_length_format__reference,pre_last,20,23,4.167109717176137,3.1115295743808473,5.553623175197704,3.9144182326800223,4.399654837627438,-0.12980130143898344,-1.790463806896589,1.7626426621902866
full_length_format__reference,pre_last,20,24,4.425082563426178,3.3534684903040963,5.747419513066701,4.167927786420426,4.65653488676797,-0.15983049150455428,-1.967617074555387,1.6589507103345007
full_length_format__reference,pre_last,20,25,4.537359792961666,3.4150311356283067,5.926754861177376,4.278080493985562,4.7493791027734344,-0.15961380658458152,-1.8902674123715364,1.5609969718178485
full_length_format__reference,pre_last,20,26,4.965549095941738,3.8430703283283143,6.340198226480968,4.686685484284426,5.173700511718766,-0.18164239721733091,-1.963963786821634,2.1198460668586856
full_length_format__reference,pre_last,20,27,5.001699555780861,3.84354749020029,6.324952860693784,4.758008040350108,5.240918782614276,-0.18720797956178187,-2.063643391995419,1.5043885271174429
full_length_format__reference,pre_last,20,28,3.6406266154074847,2.6403234513034146,4.482324878293797,3.4234544270161162,3.8242215683779133,-0.11942867000739447,-1.6285473351444024,1.1483668549396098
full_length_format__reference,pre_last,20,29,3.6101859545498787,2.608732270564112,4.588575341946535,3.4756539631712546,3.8645565576138163,-0.11842074691867463,-1.4854052893459426,1.0333535905406572
full_length_format__reference,pre_last,20,30,3.374829308656183,2.4817497481917563,4.370180837182681,3.1861191360945895,3.5233775971195858,-0.07443278678648695,-1.636246432568917,1.2929859873509681
full_length_format__reference,pre_last,20,31,4.65060651118936,3.589190967166382,5.933103305029309,4.400643104587266,4.8329026903816565,-0.0957826270069726,-2.038276525811156,1.440611157825434
full_length_format__reference,pre_mean,10,0,1.00052800272892,0.2656291886620017,1.7899499508840304,0.6952605851454887,1.1297488947246586,0.03503151124223021,-1.009118780937871,1.2835873448221997
full_length_format__reference,pre_mean,10,1,1.242305460525731,0.5565079948670423,1.9314447030128596,0.935055815513673,1.3245077963843095,0.0026376386453392355,-0.8282711744666744,0.8326938894550583
full_length_format__reference,pre_mean,10,2,1.12851589509176,0.33983878234086984,1.8307533189391612,0.9281990043239153,1.2463452207057049,0.039645752813973555,-0.8309381195707596,1.1607930682424759
full_length_format__reference,pre_mean,10,3,0.8627406843316252,0.1595565376555512,1.541262248070153,0.6765187665610018,0.9648608748910525,0.041249892274691224,-0.8022230580262302,1.0956490933966658
full_length_format__reference,pre_mean,10,4,0.9268649330306876,0.2231490886458131,1.5928725809756799,0.7499001517262359,1.040761330963133,0.006073570881784928,-0.8186127678293601,1.154531097357103
full_length_format__reference,pre_mean,10,5,1.010359854573067,0.23171942648083946,1.8174550545795198,0.8539551342986343,1.1716237211956433,0.014602953802143225,-0.884308230703104,1.2272814603793438
full_length_format__reference,pre_mean,10,6,1.0278729587607274,0.23061468076812314,1.740258701575663,0.8080095941778108,1.1591731507030376,0.05242715673962155,-0.8487339411943658,1.0721837799337646
full_length_format__reference,pre_mean,10,7,1.0787118414917714,0.19515363168297806,1.83763252738912,0.7771825381815675,1.200918255089629,0.0339066846413492,-0.8171296714359461,1.0499329763785683
full_length_format__reference,pre_mean,10,8,1.0996240790081941,0.3357429740754584,1.8141741786909416,0.9236790245816143,1.1876982325296814,0.05503359657707074,-0.76329288750239,0.9314900914773195
full_length_format__reference,pre_mean,10,9,1.0727589317213837,0.33748650057049184,1.7669395036544786,0.9085264569234993,1.1580864794750214,0.05205004688262234,-0.7426128627565112,0.9726638026600144
full_length_format__reference,pre_mean,10,10,0.9326480179413706,0.057207011148813436,1.6808167267592558,0.7335120198217832,1.0720068232891682,0.08863447274235473,-0.829238188587791,0.9582679938277596
full_length_format__reference,pre_mean,10,11,1.180748098649206,0.3388627380630935,1.942659624343673,0.9943202910445186,1.4175469380008212,0.10740829812989691,-0.7538902927579674,1.0346871794955985
full_length_format__reference,pre_mean,10,12,1.2374095818112423,0.40895014728277684,2.0470207695814797,1.0436231734975379,1.4037183141385832,0.07289139420430842,-0.7388750207572102,1.0302719989753029
full_length_format__reference,pre_mean,10,13,1.4045267746903307,0.6461621339289786,2.1913769314730356,1.1762779283087537,1.5363636721894252,0.09155585346264705,-0.8106188748985698,1.0662185749114328
full_length_format__reference,pre_mean,10,14,1.6864003098874876,0.8820099320080035,2.567676523054271,1.4569505947473373,1.8463929575369886,0.06906765944122013,-0.8212636950755109,1.1425502818968967
full_length_format__reference,pre_mean,10,15,1.8595264365117319,1.0177602469776097,2.799590291375471,1.6655781314547005,1.9763811923669532,0.0950176589249671,-0.9339533107514641,1.1339241271788705
full_length_format__reference,pre_mean,10,16,1.9401892254120887,1.1892878130270317,2.809657991250316,1.7990940488902893,2.0922706073749775,0.05830599426451755,-0.8519095722561246,1.1240166703544603
full_length_format__reference,pre_mean,10,17,1.9664187987207162,0.949169991719697,2.9201420893840067,1.7520086816951064,2.0573065151727454,0.092304477298949,-0.8431656531508986,1.103358343200456
full_length_format__reference,pre_mean,10,18,1.8369672337740743,0.9466803389960305,2.7594560779021684,1.6341484286573378,1.9479919055999424,0.09261012058307036,-0.963391536208408,1.1708394951679204
full_length_format__reference,pre_mean,10,19,1.7359781058981112,0.9216209084503512,2.631791971436699,1.5526726909172859,1.8582413622008833,0.08279721815813476,-0.9641570442547588,1.0532232294203097
full_length_format__reference,pre_mean,10,20,1.5888022988887012,0.752339399676431,2.4651833542603914,1.3668195855388463,1.6750390543757383,0.08899064037052055,-0.8663050801902265,1.0796776146419307
full_length_format__reference,pre_mean,10,21,1.350685287745488,0.5496698104760307,2.209589300388355,1.1825089190709936,1.4341368314530185,0.08337666543162561,-0.8637572562617326,0.9837886849274653
full_length_format__reference,pre_mean,10,22,1.3017089633604768,0.5441661758782748,2.031825805524662,1.143653208188354,1.4289959349917576,0.0597958303312792,-0.8991035888220782,0.9237428597369651
full_length_format__reference,pre_mean,10,23,1.294418389531529,0.5372034330673974,2.1125451483400637,1.1411160598975334,1.3913478440444238,0.05556773151303318,-0.8092092338640985,0.9364596355492047
full_length_format__reference,pre_mean,10,24,1.2190756661454258,0.4651642339878469,2.04178026932199,1.0700138206409606,1.328249215473718,0.04530942567146996,-0.8461143958082783,0.9048306041571486
full_length_format__reference,pre_mean,10,25,1.2368744692120672,0.501278501184905,2.1304487370426144,1.0954311394052703,1.3916915818235422,0.0554129693149449,-0.5765835790996953,1.0505550784643922
full_length_format__reference,pre_mean,10,26,1.2872551110614296,0.5366498195760484,2.1217538954211186,1.136073979187705,1.4500105309192526,0.044633798590660814,-0.6761898873319914,0.9625055606814995
full_length_format__reference,pre_mean,10,27,1.3833262294931636,0.5651808740988744,2.3641128720538322,1.23587036832038,1.4552051250557017,0.023022283990890437,-0.8062312997623872,0.8406362218532718
full_length_format__reference,pre_mean,10,28,1.1485666239232264,0.32913663752126954,1.889449147730644,0.9364940530732061,1.3395739224334358,-0.009411643144193316,-0.9780562254828394,0.9491422934536264
full_length_format__reference,pre_mean,10,29,1.4012171406400273,0.5579154785052987,2.238218790114483,1.2261190646927969,1.475351602215713,0.019494814485999146,-0.7617533239782485,0.7533603122660714
full_length_format__reference,pre_mean,10,30,0.799980276575144,-0.04818221480500702,1.707542214675101,0.6335870483543679,0.9636980190489782,0.014195788071152649,-0.9537253057655398,1.1208087804140099
full_length_format__reference,pre_mean,10,31,1.3274197124079485,0.5106599957036486,2.387726351673262,1.0915220928122007,1.4351143334556153,-0.019003547163746793,-0.9400987975576954,0.7964126481246662
full_length_format__reference,pre_mean,20,0,0.9766700877236663,0.3473187320070511,1.4707309889673492,0.8506832848182271,1.0946181824476002,0.05764065194069188,-0.5680816952757666,0.7595284679070723
full_length_format__reference,pre_mean,20,1,0.878491030795603,0.37280818609734717,1.3704306518685694,0.783218786530666,0.939071579640008,0.06850502825099483,-0.44640427673668903,0.7105699520077141
full_length_format__reference,pre_mean,20,2,0.9458452932980864,0.3978376293869458,1.4789143663372029,0.8255858065674005,1.0123410688980379,0.058251314620156425,-0.6060131578073322,0.6545566904204894
full_length_format__reference,pre_mean,20,3,0.7327518902625106,0.30409951464902285,1.1673200875303704,0.6187976240057836,0.8002862700129392,0.06759062321378351,-0.5050442949394413,0.6736248345737791
full_length_format__reference,pre_mean,20,4,0.899363322037,0.4689187756688443,1.3560919460754792,0.7965317502103607,0.9611402735505089,0.059101846648094127,-0.48197379909121896,0.780758674186748
full_length_format__reference,pre_mean,20,5,0.8768287059530102,0.35849883688473155,1.3118888108881264,0.6916834351251333,0.9631785960132165,0.06749979133841892,-0.4933527736446254,0.7811427528499887
full_length_format__reference,pre_mean,20,6,0.9381632807392954,0.49973142694441897,1.3762299738611297,0.8827657114180661,1.009050613638612,0.08783512260805333,-0.5271188938916047,0.8363632576147151
full_length_format__reference,pre_mean,20,7,0.9302818672960924,0.49605781003066496,1.3397841890717748,0.8502459776013416,1.0115578137597498,0.07169058513060382,-0.5993458826992707,0.7349484341621348
full_length_format__reference,pre_mean,20,8,0.959576383996252,0.4822872848752714,1.3962753295867514,0.8282009904099242,1.0370690594929826,0.08894382230780104,-0.5608033931168507,0.7852641059477359
full_length_format__reference,pre_mean,20,9,1.0608110550903644,0.5464967440969202,1.5704300836630243,0.9938461447602086,1.149260466620812,0.0812361807689044,-0.6010504367950841,0.6554248893744485
full_length_format__reference,pre_mean,20,10,1.0835160026136497,0.517474087841308,1.6010030321712634,0.9852601537272576,1.1703776395640426,0.09082969856526404,-0.6388536245098727,0.6732107194089192
full_length_format__reference,pre_mean,20,11,0.992790913313443,0.4435153954062875,1.5024350969059692,0.8988762523408116,1.0856078553348931,0.08568189153498962,-0.6374395446586641,0.6659308670386471
full_length_format__reference,pre_mean,20,12,1.1488935433533447,0.5955351951664976,1.6307560027940884,1.0330651808188676,1.2269509527389306,0.09330960005253972,-0.5898113002988666,0.7215728975236021
full_length_format__reference,pre_mean,20,13,1.2829636622363545,0.6526739264680402,1.7632783389925122,1.1706912895520272,1.3995249345025083,0.0766928160461194,-0.6354246487685171,0.7672046071282349
full_length_format__reference,pre_mean,20,14,1.5391326414780162,1.001033728350724,2.0621522858547725,1.4121891116386442,1.6443452668354508,0.07353657190080429,-0.6825717702412938,0.8460797758349302
full_length_format__reference,pre_mean,20,15,1.614886096655762,1.0542059636454109,2.163833208797423,1.4630777629009422,1.6843999772906508,0.06711045035021201,-0.6999034214320656,0.8273291598155482
full_length_format__reference,pre_mean,20,16,1.5901605146579625,0.9849601688022435,2.247792074073134,1.4430546358852239,1.683760449239558,0.07649554423819371,-0.7325383065783477,0.8749492543821247
full_length_format__reference,pre_mean,20,17,1.6403384829098324,1.0335243979328668,2.2591715594953286,1.4811733048664275,1.7228544894717952,0.07277280516229237,-0.6188478138218914,0.7950209162620557
full_length_format__reference,pre_mean,20,18,1.5655562006922754,1.0243623084108697,2.193399457280001,1.4531813476322661,1.6841850561101446,0.0714368641775934,-0.6420319363801519,0.7615434379375008
full_length_format__reference,pre_mean,20,19,1.5140718929597639,0.9968931714526876,2.1238950816593904,1.42307617419484,1.61971829774895,0.07544297593954723,-0.5041877547271446,0.7474857829244709
full_length_format__reference,pre_mean,20,20,1.3801194798070953,0.9084025426391713,1.919040480292448,1.2913529344676264,1.464716905792243,0.06640985488578746,-0.4662325896410742,0.8484375260023261
full_length_format__reference,pre_mean,20,21,1.370757470195074,0.8691521134735318,2.0149163056149897,1.2753393882813324,1.4615350158929596,0.07424155124840506,-0.40847915180853117,0.790007144373657
full_length_format__reference,pre_mean,20,22,1.278355941712365,0.7987247139040424,1.8774291191175267,1.1855940904455717,1.3565593120222532,0.08179488728256552,-0.5049924152543271,0.6740474444468783
full_length_format__reference,pre_mean,20,23,1.205436557178472,0.696236127395623,1.718740744760057,1.13401387148946,1.287743317324138,0.07024212129092056,-0.493006475769257,0.6723268596472007
full_length_format__reference,pre_mean,20,24,1.1044288521141972,0.5114330606931334,1.6736512898757392,1.0159722207862134,1.1642046375267598,0.06960010797323046,-0.5605637040536043,0.675893259576613
full_length_format__reference,pre_mean,20,25,1.1348331498962339,0.5435956545717109,1.8052177623392274,1.046875080300988,1.194951672749446,0.07648678569939056,-0.47199077617066826,0.670277434690478
full_length_format__reference,pre_mean,20,26,0.9256603169838206,0.3621189327253539,1.5685066092191808,0.8455832359292653,1.0375886939713195,0.07928821911719605,-0.45768372207100283,0.72926116756141
full_length_format__reference,pre_mean,20,27,0.9492468627416274,0.39908771301061596,1.4714015602001522,0.871344725373766,1.026450948123276,0.05609328847818118,-0.5468444361509789,0.6225628086787659
full_length_format__reference,pre_mean,20,28,0.9488088339657712,0.47499142426288654,1.3179840747970772,0.861380293027484,1.0368188026100735,0.03681507745506598,-0.6480046299694786,0.588655858487794
full_length_format__reference,pre_mean,20,29,0.9478180593968283,0.386244547723973,1.4898084680485881,0.8193615048895176,1.0299843668655193,0.05835415779166155,-0.5828276153296648,0.9708822897539093
full_length_format__reference,pre_mean,20,30,0.915105299425126,0.46967210236276424,1.4702506939589133,0.7973266203955435,0.9961744403527939,0.06109167842418337,-0.5540630696755556,0.9496275301998215
full_length_format__reference,pre_mean,20,31,0.9795771600792232,0.415497451978206,1.5134708783154376,0.8641242988009917,1.0400236112681494,0.04473633408229072,-0.5939720034199412,0.7031578957691367
